country,iso_alpha,continent,year,decade,temperature_anomaly,source_flag
Afghanistan,AFG,Asia,1961,1960,-0.098,E
Afghanistan,AFG,Asia,1962,1960,-0.149,E
Afghanistan,AFG,Asia,1963,1960,0.864,E
Afghanistan,AFG,Asia,1964,1960,-0.756,E
Afghanistan,AFG,Asia,1965,1960,-0.232,E
Afghanistan,AFG,Asia,1966,1960,0.254,E
Afghanistan,AFG,Asia,1967,1960,-0.339,E
Afghanistan,AFG,Asia,1968,1960,-0.393,E
Afghanistan,AFG,Asia,1969,1960,-0.533,E
Afghanistan,AFG,Asia,1970,1970,0.815,E
Afghanistan,AFG,Asia,1971,1970,0.61,E
Afghanistan,AFG,Asia,1972,1970,-1.131,E
Afghanistan,AFG,Asia,1973,1970,0.212,E
Afghanistan,AFG,Asia,1974,1970,-0.504,E
Afghanistan,AFG,Asia,1975,1970,-0.457,E
Afghanistan,AFG,Asia,1976,1970,-0.294,E
Afghanistan,AFG,Asia,1977,1970,0.516,E
Afghanistan,AFG,Asia,1978,1970,0.072,E
Afghanistan,AFG,Asia,1979,1970,0.319,E
Afghanistan,AFG,Asia,1980,1980,0.598,E
Afghanistan,AFG,Asia,1981,1980,0.5,E
Afghanistan,AFG,Asia,1982,1980,-0.322,E
Afghanistan,AFG,Asia,1983,1980,0.137,E
Afghanistan,AFG,Asia,1984,1980,0.15,E
Afghanistan,AFG,Asia,1985,1980,0.283,E
Afghanistan,AFG,Asia,1986,1980,-0.127,E
Afghanistan,AFG,Asia,1987,1980,0.385,E
Afghanistan,AFG,Asia,1988,1980,0.934,E
Afghanistan,AFG,Asia,1989,1980,-0.129,E
Afghanistan,AFG,Asia,1990,1990,0.778,E
Afghanistan,AFG,Asia,1991,1990,-0.176,E
Afghanistan,AFG,Asia,1992,1990,-0.32,E
Afghanistan,AFG,Asia,1993,1990,0.191,E
Afghanistan,AFG,Asia,1994,1990,0.444,E
Afghanistan,AFG,Asia,1995,1990,0.367,E
Afghanistan,AFG,Asia,1996,1990,-0.104,E
Afghanistan,AFG,Asia,1997,1990,0.467,E
Afghanistan,AFG,Asia,1998,1990,0.665,E
Afghanistan,AFG,Asia,1999,1990,1.203,E
Afghanistan,AFG,Asia,2000,2000,0.998,E
Afghanistan,AFG,Asia,2001,2000,1.292,E
Afghanistan,AFG,Asia,2002,2000,1.399,E
Afghanistan,AFG,Asia,2003,2000,0.593,E
Afghanistan,AFG,Asia,2004,2000,1.437,E
Afghanistan,AFG,Asia,2005,2000,0.454,E
Afghanistan,AFG,Asia,2006,2000,1.794,E
Afghanistan,AFG,Asia,2007,2000,0.669,E
Afghanistan,AFG,Asia,2008,2000,0.709,E
Afghanistan,AFG,Asia,2009,2000,0.92,E
Afghanistan,AFG,Asia,2010,2010,1.658,E
Afghanistan,AFG,Asia,2011,2010,1.402,E
Afghanistan,AFG,Asia,2012,2010,0.189,E
Afghanistan,AFG,Asia,2013,2010,1.265,E
Afghanistan,AFG,Asia,2014,2010,0.413,E
Afghanistan,AFG,Asia,2015,2010,1.076,E
Afghanistan,AFG,Asia,2016,2010,1.525,E
Afghanistan,AFG,Asia,2017,2010,1.554,E
Afghanistan,AFG,Asia,2018,2010,1.548,E
Afghanistan,AFG,Asia,2019,2010,0.892,E
Afghanistan,AFG,Asia,2020,2020,0.483,E
Afghanistan,AFG,Asia,2021,2020,1.311,E
Afghanistan,AFG,Asia,2022,2020,1.876,E
Afghanistan,AFG,Asia,2023,2020,1.667,E
Afghanistan,AFG,Asia,2024,2020,2.082,E
Afghanistan,AFG,Asia,2025,2020,1.961,E
Albania,ALB,Europe,1961,1960,0.627,E
Albania,ALB,Europe,1962,1960,0.34,E
Albania,ALB,Europe,1963,1960,0.088,E
Albania,ALB,Europe,1964,1960,-0.166,E
Albania,ALB,Europe,1965,1960,-0.386,E
Albania,ALB,Europe,1966,1960,0.557,E
Albania,ALB,Europe,1967,1960,-0.077,E
Albania,ALB,Europe,1968,1960,0.082,E
Albania,ALB,Europe,1969,1960,-0.012,E
Albania,ALB,Europe,1970,1970,-0.109,E
Albania,ALB,Europe,1971,1970,-0.196,E
Albania,ALB,Europe,1972,1970,-0.075,E
Albania,ALB,Europe,1973,1970,-0.3,E
Albania,ALB,Europe,1974,1970,-0.133,E
Albania,ALB,Europe,1975,1970,-0.208,E
Albania,ALB,Europe,1976,1970,-0.682,E
Albania,ALB,Europe,1977,1970,0.541,E
Albania,ALB,Europe,1978,1970,-0.808,E
Albania,ALB,Europe,1979,1970,0.217,E
Albania,ALB,Europe,1980,1980,-0.389,E
Albania,ALB,Europe,1981,1980,-0.296,E
Albania,ALB,Europe,1982,1980,0.231,E
Albania,ALB,Europe,1983,1980,-0.062,E
Albania,ALB,Europe,1984,1980,-0.21,E
Albania,ALB,Europe,1985,1980,-0.038,E
Albania,ALB,Europe,1986,1980,0.632,E
Albania,ALB,Europe,1987,1980,-0.045,E
Albania,ALB,Europe,1988,1980,0.432,E
Albania,ALB,Europe,1989,1980,-0.004,E
Albania,ALB,Europe,1990,1990,0.862,E
Albania,ALB,Europe,1991,1990,-0.24,E
Albania,ALB,Europe,1992,1990,0.12,E
Albania,ALB,Europe,1993,1990,0.125,E
Albania,ALB,Europe,1994,1990,1.402,E
Albania,ALB,Europe,1995,1990,-0.099,E
Albania,ALB,Europe,1996,1990,0.004,E
Albania,ALB,Europe,1997,1990,0.15,E
Albania,ALB,Europe,1998,1990,0.856,E
Albania,ALB,Europe,1999,1990,0.729,E
Albania,ALB,Europe,2000,2000,1.107,E
Albania,ALB,Europe,2001,2000,1.591,E
Albania,ALB,Europe,2002,2000,0.548,E
Albania,ALB,Europe,2003,2000,1.068,E
Albania,ALB,Europe,2004,2000,0.512,E
Albania,ALB,Europe,2005,2000,0.231,E
Albania,ALB,Europe,2006,2000,0.422,E
Albania,ALB,Europe,2007,2000,1.436,E
Albania,ALB,Europe,2008,2000,1.024,E
Albania,ALB,Europe,2009,2000,0.931,E
Albania,ALB,Europe,2010,2010,1.187,E
Albania,ALB,Europe,2011,2010,1.032,E
Albania,ALB,Europe,2012,2010,1.53,E
Albania,ALB,Europe,2013,2010,1.374,E
Albania,ALB,Europe,2014,2010,1.325,E
Albania,ALB,Europe,2015,2010,1.683,E
Albania,ALB,Europe,2016,2010,1.581,E
Albania,ALB,Europe,2017,2010,1.231,E
Albania,ALB,Europe,2018,2010,2.147,E
Albania,ALB,Europe,2019,2010,1.787,E
Albania,ALB,Europe,2020,2020,1.607,E
Albania,ALB,Europe,2021,2020,1.691,E
Albania,ALB,Europe,2022,2020,1.641,E
Albania,ALB,Europe,2023,2020,2.251,E
Albania,ALB,Europe,2024,2020,2.861,E
Albania,ALB,Europe,2025,2020,2.152,E
Algeria,DZA,Africa,1961,1960,0.231,E
Algeria,DZA,Africa,1962,1960,0.183,E
Algeria,DZA,Africa,1963,1960,0.133,E
Algeria,DZA,Africa,1964,1960,0.295,E
Algeria,DZA,Africa,1965,1960,-0.073,E
Algeria,DZA,Africa,1966,1960,0.415,E
Algeria,DZA,Africa,1967,1960,-0.001,E
Algeria,DZA,Africa,1968,1960,-0.065,E
Algeria,DZA,Africa,1969,1960,0.24,E
Algeria,DZA,Africa,1970,1970,0.063,E
Algeria,DZA,Africa,1971,1970,-0.438,E
Algeria,DZA,Africa,1972,1970,-0.395,E
Algeria,DZA,Africa,1973,1970,-0.08,E
Algeria,DZA,Africa,1974,1970,-0.555,E
Algeria,DZA,Africa,1975,1970,-0.603,E
Algeria,DZA,Africa,1976,1970,-0.877,E
Algeria,DZA,Africa,1977,1970,0.472,E
Algeria,DZA,Africa,1978,1970,-0.028,E
Algeria,DZA,Africa,1979,1970,0.609,E
Algeria,DZA,Africa,1980,1980,0.159,E
Algeria,DZA,Africa,1981,1980,0.136,E
Algeria,DZA,Africa,1982,1980,0.317,E
Algeria,DZA,Africa,1983,1980,0.524,E
Algeria,DZA,Africa,1984,1980,-0.04,E
Algeria,DZA,Africa,1985,1980,0.454,E
Algeria,DZA,Africa,1986,1980,0.257,E
Algeria,DZA,Africa,1987,1980,0.9,E
Algeria,DZA,Africa,1988,1980,1.289,E
Algeria,DZA,Africa,1989,1980,0.295,E
Algeria,DZA,Africa,1990,1990,1.235,E
Algeria,DZA,Africa,1991,1990,-0.003,E
Algeria,DZA,Africa,1992,1990,-0.34,E
Algeria,DZA,Africa,1993,1990,0.528,E
Algeria,DZA,Africa,1994,1990,0.698,E
Algeria,DZA,Africa,1995,1990,0.555,E
Algeria,DZA,Africa,1996,1990,0.795,E
Algeria,DZA,Africa,1997,1990,0.983,E
Algeria,DZA,Africa,1998,1990,1.056,E
Algeria,DZA,Africa,1999,1990,1.425,E
Algeria,DZA,Africa,2000,2000,0.765,E
Algeria,DZA,Africa,2001,2000,1.793,E
Algeria,DZA,Africa,2002,2000,1.187,E
Algeria,DZA,Africa,2003,2000,1.518,E
Algeria,DZA,Africa,2004,2000,0.92,E
Algeria,DZA,Africa,2005,2000,1.192,E
Algeria,DZA,Africa,2006,2000,1.333,E
Algeria,DZA,Africa,2007,2000,1.158,E
Algeria,DZA,Africa,2008,2000,1.129,E
Algeria,DZA,Africa,2009,2000,0.887,E
Algeria,DZA,Africa,2010,2010,2.182,E
Algeria,DZA,Africa,2011,2010,1.323,E
Algeria,DZA,Africa,2012,2010,1.081,E
Algeria,DZA,Africa,2013,2010,1.108,E
Algeria,DZA,Africa,2014,2010,1.603,E
Algeria,DZA,Africa,2015,2010,1.05,E
Algeria,DZA,Africa,2016,2010,1.685,E
Algeria,DZA,Africa,2017,2010,1.431,E
Algeria,DZA,Africa,2018,2010,1.15,E
Algeria,DZA,Africa,2019,2010,1.117,E
Algeria,DZA,Africa,2020,2020,1.881,E
Algeria,DZA,Africa,2021,2020,2.333,E
Algeria,DZA,Africa,2022,2020,1.696,E
Algeria,DZA,Africa,2023,2020,2.196,E
Algeria,DZA,Africa,2024,2020,2.725,E
Algeria,DZA,Africa,2025,2020,2.012,E
American Samoa,ASM,Oceania,1961,1960,0.049,E
American Samoa,ASM,Oceania,1962,1960,-0.04,E
American Samoa,ASM,Oceania,1963,1960,0.269,E
American Samoa,ASM,Oceania,1964,1960,-0.031,E
American Samoa,ASM,Oceania,1965,1960,-0.542,E
American Samoa,ASM,Oceania,1966,1960,0.185,E
American Samoa,ASM,Oceania,1967,1960,-0.386,E
American Samoa,ASM,Oceania,1968,1960,-0.244,E
American Samoa,ASM,Oceania,1969,1960,0.081,E
American Samoa,ASM,Oceania,1970,1970,-0.1,E
American Samoa,ASM,Oceania,1971,1970,-0.512,E
American Samoa,ASM,Oceania,1972,1970,-0.041,E
American Samoa,ASM,Oceania,1973,1970,0.377,E
American Samoa,ASM,Oceania,1974,1970,-0.263,E
American Samoa,ASM,Oceania,1975,1970,-0.074,E
American Samoa,ASM,Oceania,1976,1970,-0.132,E
American Samoa,ASM,Oceania,1977,1970,0.195,E
American Samoa,ASM,Oceania,1978,1970,0.131,E
American Samoa,ASM,Oceania,1979,1970,0.38,E
American Samoa,ASM,Oceania,1980,1980,0.37,E
American Samoa,ASM,Oceania,1981,1980,0.199,E
American Samoa,ASM,Oceania,1982,1980,0.296,E
American Samoa,ASM,Oceania,1983,1980,0.326,E
American Samoa,ASM,Oceania,1984,1980,0.284,E
American Samoa,ASM,Oceania,1985,1980,0.262,E
American Samoa,ASM,Oceania,1986,1980,0.399,E
American Samoa,ASM,Oceania,1987,1980,0.359,E
American Samoa,ASM,Oceania,1988,1980,0.536,E
American Samoa,ASM,Oceania,1989,1980,0.204,E
American Samoa,ASM,Oceania,1990,1990,0.551,E
American Samoa,ASM,Oceania,1991,1990,0.686,E
American Samoa,ASM,Oceania,1992,1990,0.468,E
American Samoa,ASM,Oceania,1993,1990,0.052,E
American Samoa,ASM,Oceania,1994,1990,0.318,E
American Samoa,ASM,Oceania,1995,1990,0.697,E
American Samoa,ASM,Oceania,1996,1990,0.714,E
American Samoa,ASM,Oceania,1997,1990,,O
American Samoa,ASM,Oceania,1998,1990,,O
American Samoa,ASM,Oceania,1999,1990,0.032,E
American Samoa,ASM,Oceania,2000,2000,0.387,E
American Samoa,ASM,Oceania,2001,2000,0.572,E
American Samoa,ASM,Oceania,2002,2000,0.706,E
American Samoa,ASM,Oceania,2003,2000,0.475,E
American Samoa,ASM,Oceania,2004,2000,0.324,E
American Samoa,ASM,Oceania,2005,2000,0.742,E
American Samoa,ASM,Oceania,2006,2000,0.541,E
American Samoa,ASM,Oceania,2007,2000,0.898,E
American Samoa,ASM,Oceania,2008,2000,0.286,E
American Samoa,ASM,Oceania,2009,2000,0.58,E
American Samoa,ASM,Oceania,2010,2010,0.697,E
American Samoa,ASM,Oceania,2011,2010,0.763,E
American Samoa,ASM,Oceania,2012,2010,0.859,E
American Samoa,ASM,Oceania,2013,2010,1.151,E
American Samoa,ASM,Oceania,2014,2010,0.971,E
American Samoa,ASM,Oceania,2015,2010,0.81,E
American Samoa,ASM,Oceania,2016,2010,1.34,E
American Samoa,ASM,Oceania,2017,2010,1.236,E
American Samoa,ASM,Oceania,2018,2010,0.99,E
American Samoa,ASM,Oceania,2019,2010,1.34,E
American Samoa,ASM,Oceania,2020,2020,1.232,E
American Samoa,ASM,Oceania,2021,2020,1.069,E
American Samoa,ASM,Oceania,2022,2020,1.057,E
American Samoa,ASM,Oceania,2023,2020,1.082,E
American Samoa,ASM,Oceania,2024,2020,1.658,E
American Samoa,ASM,Oceania,2025,2020,1.004,E
Andorra,AND,Europe,1961,1960,0.751,E
Andorra,AND,Europe,1962,1960,0.121,E
Andorra,AND,Europe,1963,1960,-0.747,E
Andorra,AND,Europe,1964,1960,0.316,E
Andorra,AND,Europe,1965,1960,-0.491,E
Andorra,AND,Europe,1966,1960,0.412,E
Andorra,AND,Europe,1967,1960,0.632,E
Andorra,AND,Europe,1968,1960,-0.007,E
Andorra,AND,Europe,1969,1960,-0.165,E
Andorra,AND,Europe,1970,1970,0.1,E
Andorra,AND,Europe,1971,1970,-0.374,E
Andorra,AND,Europe,1972,1970,-0.486,E
Andorra,AND,Europe,1973,1970,-0.028,E
Andorra,AND,Europe,1974,1970,-0.405,E
Andorra,AND,Europe,1975,1970,0.197,E
Andorra,AND,Europe,1976,1970,-0.082,E
Andorra,AND,Europe,1977,1970,-0.12,E
Andorra,AND,Europe,1978,1970,-0.178,E
Andorra,AND,Europe,1979,1970,0.015,E
Andorra,AND,Europe,1980,1980,-0.24,E
Andorra,AND,Europe,1981,1980,0.128,E
Andorra,AND,Europe,1982,1980,0.994,E
Andorra,AND,Europe,1983,1980,0.791,E
Andorra,AND,Europe,1984,1980,-0.221,E
Andorra,AND,Europe,1985,1980,-0.01,E
Andorra,AND,Europe,1986,1980,0.393,E
Andorra,AND,Europe,1987,1980,0.394,E
Andorra,AND,Europe,1988,1980,0.888,E
Andorra,AND,Europe,1989,1980,1.146,E
Andorra,AND,Europe,1990,1990,1.719,E
Andorra,AND,Europe,1991,1990,0.205,E
Andorra,AND,Europe,1992,1990,0.365,E
Andorra,AND,Europe,1993,1990,0.167,E
Andorra,AND,Europe,1994,1990,1.502,E
Andorra,AND,Europe,1995,1990,1.283,E
Andorra,AND,Europe,1996,1990,0.572,E
Andorra,AND,Europe,1997,1990,1.79,E
Andorra,AND,Europe,1998,1990,1.013,E
Andorra,AND,Europe,1999,1990,1.042,E
Andorra,AND,Europe,2000,2000,1.037,E
Andorra,AND,Europe,2001,2000,1.469,E
Andorra,AND,Europe,2002,2000,0.822,E
Andorra,AND,Europe,2003,2000,1.941,E
Andorra,AND,Europe,2004,2000,0.928,E
Andorra,AND,Europe,2005,2000,0.834,E
Andorra,AND,Europe,2006,2000,1.461,E
Andorra,AND,Europe,2007,2000,0.974,E
Andorra,AND,Europe,2008,2000,0.878,E
Andorra,AND,Europe,2009,2000,1.345,E
Andorra,AND,Europe,2010,2010,0.396,E
Andorra,AND,Europe,2011,2010,1.605,E
Andorra,AND,Europe,2012,2010,1.212,E
Andorra,AND,Europe,2013,2010,0.752,E
Andorra,AND,Europe,2014,2010,1.921,E
Andorra,AND,Europe,2015,2010,1.631,E
Andorra,AND,Europe,2016,2010,1.922,E
Andorra,AND,Europe,2017,2010,1.859,E
Andorra,AND,Europe,2018,2010,1.847,E
Andorra,AND,Europe,2019,2010,1.893,E
Andorra,AND,Europe,2020,2020,2.48,E
Andorra,AND,Europe,2021,2020,1.453,E
Andorra,AND,Europe,2022,2020,3.147,E
Andorra,AND,Europe,2023,2020,2.768,E
Andorra,AND,Europe,2024,2020,2.423,E
Andorra,AND,Europe,2025,2020,2.579,E
Angola,AGO,Africa,1961,1960,0.035,E
Angola,AGO,Africa,1962,1960,-0.154,E
Angola,AGO,Africa,1963,1960,-0.196,E
Angola,AGO,Africa,1964,1960,-0.234,E
Angola,AGO,Africa,1965,1960,-0.202,E
Angola,AGO,Africa,1966,1960,0.18,E
Angola,AGO,Africa,1967,1960,-0.084,E
Angola,AGO,Africa,1968,1960,-0.195,E
Angola,AGO,Africa,1969,1960,0.183,E
Angola,AGO,Africa,1970,1970,0.242,E
Angola,AGO,Africa,1971,1970,-0.105,E
Angola,AGO,Africa,1972,1970,-0.043,E
Angola,AGO,Africa,1973,1970,0.464,E
Angola,AGO,Africa,1974,1970,-0.169,E
Angola,AGO,Africa,1975,1970,-0.04,E
Angola,AGO,Africa,1976,1970,-0.338,E
Angola,AGO,Africa,1977,1970,0.243,E
Angola,AGO,Africa,1978,1970,0.07,E
Angola,AGO,Africa,1979,1970,0.336,E
Angola,AGO,Africa,1980,1980,0.328,E
Angola,AGO,Africa,1981,1980,-0.003,E
Angola,AGO,Africa,1982,1980,0.202,E
Angola,AGO,Africa,1983,1980,0.546,E
Angola,AGO,Africa,1984,1980,0.68,E
Angola,AGO,Africa,1985,1980,0.709,E
Angola,AGO,Africa,1986,1980,0.173,E
Angola,AGO,Africa,1987,1980,0.742,E
Angola,AGO,Africa,1988,1980,0.478,E
Angola,AGO,Africa,1989,1980,-0.037,E
Angola,AGO,Africa,1990,1990,0.565,E
Angola,AGO,Africa,1991,1990,0.145,E
Angola,AGO,Africa,1992,1990,0.228,E
Angola,AGO,Africa,1993,1990,0.119,E
Angola,AGO,Africa,1994,1990,0.333,E
Angola,AGO,Africa,1995,1990,0.622,E
Angola,AGO,Africa,1996,1990,0.253,E
Angola,AGO,Africa,1997,1990,0.073,E
Angola,AGO,Africa,1998,1990,1.015,E
Angola,AGO,Africa,1999,1990,0.297,E
Angola,AGO,Africa,2000,2000,0.064,E
Angola,AGO,Africa,2001,2000,0.118,E
Angola,AGO,Africa,2002,2000,0.569,E
Angola,AGO,Africa,2003,2000,0.768,E
Angola,AGO,Africa,2004,2000,0.312,E
Angola,AGO,Africa,2005,2000,0.909,E
Angola,AGO,Africa,2006,2000,0.347,E
Angola,AGO,Africa,2007,2000,0.676,E
Angola,AGO,Africa,2008,2000,0.178,E
Angola,AGO,Africa,2009,2000,0.448,E
Angola,AGO,Africa,2010,2010,0.951,E
Angola,AGO,Africa,2011,2010,0.604,E
Angola,AGO,Africa,2012,2010,0.275,E
Angola,AGO,Africa,2013,2010,0.782,E
Angola,AGO,Africa,2014,2010,0.564,E
Angola,AGO,Africa,2015,2010,1.11,E
Angola,AGO,Africa,2016,2010,1.343,E
Angola,AGO,Africa,2017,2010,0.626,E
Angola,AGO,Africa,2018,2010,1.189,E
Angola,AGO,Africa,2019,2010,1.444,E
Angola,AGO,Africa,2020,2020,0.915,E
Angola,AGO,Africa,2021,2020,1.451,E
Angola,AGO,Africa,2022,2020,0.863,E
Angola,AGO,Africa,2023,2020,1.383,E
Angola,AGO,Africa,2024,2020,1.457,E
Angola,AGO,Africa,2025,2020,0.971,E
Anguilla,AIA,North America,1961,1960,-0.01,E
Anguilla,AIA,North America,1962,1960,-0.114,E
Anguilla,AIA,North America,1963,1960,0.156,E
Anguilla,AIA,North America,1964,1960,0.099,E
Anguilla,AIA,North America,1965,1960,-0.396,E
Anguilla,AIA,North America,1966,1960,-0.03,E
Anguilla,AIA,North America,1967,1960,-0.333,E
Anguilla,AIA,North America,1968,1960,-0.233,E
Anguilla,AIA,North America,1969,1960,0.297,E
Anguilla,AIA,North America,1970,1970,0.055,E
Anguilla,AIA,North America,1971,1970,-0.261,E
Anguilla,AIA,North America,1972,1970,-0.173,E
Anguilla,AIA,North America,1973,1970,0.145,E
Anguilla,AIA,North America,1974,1970,-0.366,E
Anguilla,AIA,North America,1975,1970,-0.339,E
Anguilla,AIA,North America,1976,1970,-0.418,E
Anguilla,AIA,North America,1977,1970,0.196,E
Anguilla,AIA,North America,1978,1970,0.152,E
Anguilla,AIA,North America,1979,1970,0.072,E
Anguilla,AIA,North America,1980,1980,0.71,E
Anguilla,AIA,North America,1981,1980,0.56,E
Anguilla,AIA,North America,1982,1980,0.186,E
Anguilla,AIA,North America,1983,1980,0.524,E
Anguilla,AIA,North America,1984,1980,0.105,E
Anguilla,AIA,North America,1985,1980,-0.003,E
Anguilla,AIA,North America,1986,1980,0.047,E
Anguilla,AIA,North America,1987,1980,0.602,E
Anguilla,AIA,North America,1988,1980,0.456,E
Anguilla,AIA,North America,1989,1980,-0.007,E
Anguilla,AIA,North America,1990,1990,0.437,E
Anguilla,AIA,North America,1991,1990,0.475,E
Anguilla,AIA,North America,1992,1990,0.371,E
Anguilla,AIA,North America,1993,1990,0.519,E
Anguilla,AIA,North America,1994,1990,0.528,E
Anguilla,AIA,North America,1995,1990,0.613,E
Anguilla,AIA,North America,1996,1990,0.356,E
Anguilla,AIA,North America,1997,1990,0.498,E
Anguilla,AIA,North America,1998,1990,1.097,E
Anguilla,AIA,North America,1999,1990,0.545,E
Anguilla,AIA,North America,2000,2000,0.257,E
Anguilla,AIA,North America,2001,2000,0.592,E
Anguilla,AIA,North America,2002,2000,0.718,E
Anguilla,AIA,North America,2003,2000,0.855,E
Anguilla,AIA,North America,2004,2000,0.544,E
Anguilla,AIA,North America,2005,2000,0.835,E
Anguilla,AIA,North America,2006,2000,0.618,E
Anguilla,AIA,North America,2007,2000,0.826,E
Anguilla,AIA,North America,2008,2000,0.305,E
Anguilla,AIA,North America,2009,2000,0.458,E
Anguilla,AIA,North America,2010,2010,0.991,E
Anguilla,AIA,North America,2011,2010,0.362,E
Anguilla,AIA,North America,2012,2010,0.508,E
Anguilla,AIA,North America,2013,2010,0.638,E
Anguilla,AIA,North America,2014,2010,0.66,E
Anguilla,AIA,North America,2015,2010,0.913,E
Anguilla,AIA,North America,2016,2010,0.954,E
Anguilla,AIA,North America,2017,2010,0.783,E
Anguilla,AIA,North America,2018,2010,0.561,E
Anguilla,AIA,North America,2019,2010,0.788,E
Anguilla,AIA,North America,2020,2020,1.165,E
Anguilla,AIA,North America,2021,2020,0.82,E
Anguilla,AIA,North America,2022,2020,0.819,E
Anguilla,AIA,North America,2023,2020,1.183,E
Anguilla,AIA,North America,2024,2020,1.534,E
Anguilla,AIA,North America,2025,2020,1.146,E
Antigua and Barbuda,ATG,North America,1961,1960,-0.027,E
Antigua and Barbuda,ATG,North America,1962,1960,-0.127,E
Antigua and Barbuda,ATG,North America,1963,1960,0.144,E
Antigua and Barbuda,ATG,North America,1964,1960,0.068,E
Antigua and Barbuda,ATG,North America,1965,1960,-0.454,E
Antigua and Barbuda,ATG,North America,1966,1960,0.035,E
Antigua and Barbuda,ATG,North America,1967,1960,-0.254,E
Antigua and Barbuda,ATG,North America,1968,1960,-0.235,E
Antigua and Barbuda,ATG,North America,1969,1960,0.262,E
Antigua and Barbuda,ATG,North America,1970,1970,0.103,E
Antigua and Barbuda,ATG,North America,1971,1970,-0.236,E
Antigua and Barbuda,ATG,North America,1972,1970,-0.21,E
Antigua and Barbuda,ATG,North America,1973,1970,0.162,E
Antigua and Barbuda,ATG,North America,1974,1970,-0.379,E
Antigua and Barbuda,ATG,North America,1975,1970,-0.422,E
Antigua and Barbuda,ATG,North America,1976,1970,-0.45,E
Antigua and Barbuda,ATG,North America,1977,1970,0.186,E
Antigua and Barbuda,ATG,North America,1978,1970,0.157,E
Antigua and Barbuda,ATG,North America,1979,1970,0.155,E
Antigua and Barbuda,ATG,North America,1980,1980,0.658,E
Antigua and Barbuda,ATG,North America,1981,1980,0.586,E
Antigua and Barbuda,ATG,North America,1982,1980,0.199,E
Antigua and Barbuda,ATG,North America,1983,1980,0.498,E
Antigua and Barbuda,ATG,North America,1984,1980,0.017,E
Antigua and Barbuda,ATG,North America,1985,1980,-0.041,E
Antigua and Barbuda,ATG,North America,1986,1980,-0.015,E
Antigua and Barbuda,ATG,North America,1987,1980,0.652,E
Antigua and Barbuda,ATG,North America,1988,1980,0.381,E
Antigua and Barbuda,ATG,North America,1989,1980,-0.086,E
Antigua and Barbuda,ATG,North America,1990,1990,0.412,E
Antigua and Barbuda,ATG,North America,1991,1990,0.478,E
Antigua and Barbuda,ATG,North America,1992,1990,0.462,E
Antigua and Barbuda,ATG,North America,1993,1990,0.528,E
Antigua and Barbuda,ATG,North America,1994,1990,0.471,E
Antigua and Barbuda,ATG,North America,1995,1990,0.671,E
Antigua and Barbuda,ATG,North America,1996,1990,0.398,E
Antigua and Barbuda,ATG,North America,1997,1990,0.551,E
Antigua and Barbuda,ATG,North America,1998,1990,1.113,E
Antigua and Barbuda,ATG,North America,1999,1990,0.565,E
Antigua and Barbuda,ATG,North America,2000,2000,0.333,E
Antigua and Barbuda,ATG,North America,2001,2000,,O
Antigua and Barbuda,ATG,North America,2002,2000,0.661,E
Antigua and Barbuda,ATG,North America,2003,2000,0.865,E
Antigua and Barbuda,ATG,North America,2004,2000,0.555,E
Antigua and Barbuda,ATG,North America,2005,2000,0.889,E
Antigua and Barbuda,ATG,North America,2006,2000,0.6,E
Antigua and Barbuda,ATG,North America,2007,2000,0.794,E
Antigua and Barbuda,ATG,North America,2008,2000,0.249,E
Antigua and Barbuda,ATG,North America,2009,2000,0.409,E
Antigua and Barbuda,ATG,North America,2010,2010,1.062,E
Antigua and Barbuda,ATG,North America,2011,2010,0.456,E
Antigua and Barbuda,ATG,North America,2012,2010,0.557,E
Antigua and Barbuda,ATG,North America,2013,2010,0.639,E
Antigua and Barbuda,ATG,North America,2014,2010,0.595,E
Antigua and Barbuda,ATG,North America,2015,2010,0.875,E
Antigua and Barbuda,ATG,North America,2016,2010,0.934,E
Antigua and Barbuda,ATG,North America,2017,2010,0.782,E
Antigua and Barbuda,ATG,North America,2018,2010,0.556,E
Antigua and Barbuda,ATG,North America,2019,2010,0.811,E
Antigua and Barbuda,ATG,North America,2020,2020,1.131,E
Antigua and Barbuda,ATG,North America,2021,2020,0.857,E
Antigua and Barbuda,ATG,North America,2022,2020,0.758,E
Antigua and Barbuda,ATG,North America,2023,2020,1.113,E
Antigua and Barbuda,ATG,North America,2024,2020,1.54,E
Antigua and Barbuda,ATG,North America,2025,2020,1.194,E
Argentina,ARG,South America,1961,1960,0.119,E
Argentina,ARG,South America,1962,1960,-0.032,E
Argentina,ARG,South America,1963,1960,0.167,E
Argentina,ARG,South America,1964,1960,-0.345,E
Argentina,ARG,South America,1965,1960,0.096,E
Argentina,ARG,South America,1966,1960,-0.166,E
Argentina,ARG,South America,1967,1960,0.004,E
Argentina,ARG,South America,1968,1960,0.483,E
Argentina,ARG,South America,1969,1960,0.292,E
Argentina,ARG,South America,1970,1970,0.433,E
Argentina,ARG,South America,1971,1970,-0.272,E
Argentina,ARG,South America,1972,1970,-0.028,E
Argentina,ARG,South America,1973,1970,-0.172,E
Argentina,ARG,South America,1974,1970,-0.139,E
Argentina,ARG,South America,1975,1970,-0.06,E
Argentina,ARG,South America,1976,1970,-0.358,E
Argentina,ARG,South America,1977,1970,0.382,E
Argentina,ARG,South America,1978,1970,0.316,E
Argentina,ARG,South America,1979,1970,0.223,E
Argentina,ARG,South America,1980,1980,0.334,E
Argentina,ARG,South America,1981,1980,0.343,E
Argentina,ARG,South America,1982,1980,0.335,E
Argentina,ARG,South America,1983,1980,0.03,E
Argentina,ARG,South America,1984,1980,-0.114,E
Argentina,ARG,South America,1985,1980,0.29,E
Argentina,ARG,South America,1986,1980,0.442,E
Argentina,ARG,South America,1987,1980,0.443,E
Argentina,ARG,South America,1988,1980,-0.201,E
Argentina,ARG,South America,1989,1980,0.603,E
Argentina,ARG,South America,1990,1990,0.442,E
Argentina,ARG,South America,1991,1990,0.255,E
Argentina,ARG,South America,1992,1990,-0.255,E
Argentina,ARG,South America,1993,1990,0.065,E
Argentina,ARG,South America,1994,1990,0.48,E
Argentina,ARG,South America,1995,1990,0.229,E
Argentina,ARG,South America,1996,1990,0.485,E
Argentina,ARG,South America,1997,1990,0.738,E
Argentina,ARG,South America,1998,1990,0.324,E
Argentina,ARG,South America,1999,1990,0.132,E
Argentina,ARG,South America,2000,2000,-0.223,E
Argentina,ARG,South America,2001,2000,0.381,E
Argentina,ARG,South America,2002,2000,0.246,E
Argentina,ARG,South America,2003,2000,0.596,E
Argentina,ARG,South America,2004,2000,0.4,E
Argentina,ARG,South America,2005,2000,0.196,E
Argentina,ARG,South America,2006,2000,0.5,E
Argentina,ARG,South America,2007,2000,-0.271,E
Argentina,ARG,South America,2008,2000,0.479,E
Argentina,ARG,South America,2009,2000,0.728,E
Argentina,ARG,South America,2010,2010,0.029,E
Argentina,ARG,South America,2011,2010,0.246,E
Argentina,ARG,South America,2012,2010,0.673,E
Argentina,ARG,South America,2013,2010,0.348,E
Argentina,ARG,South America,2014,2010,0.87,E
Argentina,ARG,South America,2015,2010,0.857,E
Argentina,ARG,South America,2016,2010,0.39,E
Argentina,ARG,South America,2017,2010,0.986,E
Argentina,ARG,South America,2018,2010,0.764,E
Argentina,ARG,South America,2019,2010,0.66,E
Argentina,ARG,South America,2020,2020,1.017,E
Argentina,ARG,South America,2021,2020,0.915,E
Argentina,ARG,South America,2022,2020,0.543,E
Argentina,ARG,South America,2023,2020,1.435,E
Argentina,ARG,South America,2024,2020,1.001,E
Argentina,ARG,South America,2025,2020,1.035,E
Armenia,ARM,Asia,1992,1990,-1.296,E
Armenia,ARM,Asia,1993,1990,-0.961,E
Armenia,ARM,Asia,1994,1990,0.469,E
Armenia,ARM,Asia,1995,1990,0.747,E
Armenia,ARM,Asia,1996,1990,0.542,E
Armenia,ARM,Asia,1997,1990,0.803,E
Armenia,ARM,Asia,1998,1990,1.415,E
Armenia,ARM,Asia,1999,1990,1.569,E
Armenia,ARM,Asia,2000,2000,1.069,E
Armenia,ARM,Asia,2001,2000,1.458,E
Armenia,ARM,Asia,2002,2000,1.163,E
Armenia,ARM,Asia,2003,2000,0.151,E
Armenia,ARM,Asia,2004,2000,1.106,E
Armenia,ARM,Asia,2005,2000,0.469,E
Armenia,ARM,Asia,2006,2000,1.602,E
Armenia,ARM,Asia,2007,2000,0.734,E
Armenia,ARM,Asia,2008,2000,0.835,E
Armenia,ARM,Asia,2009,2000,0.673,E
Armenia,ARM,Asia,2010,2010,2.716,E
Armenia,ARM,Asia,2011,2010,0.72,E
Armenia,ARM,Asia,2012,2010,1.342,E
Armenia,ARM,Asia,2013,2010,1.403,E
Armenia,ARM,Asia,2014,2010,1.189,E
Armenia,ARM,Asia,2015,2010,1.843,E
Armenia,ARM,Asia,2016,2010,1.319,E
Armenia,ARM,Asia,2017,2010,0.844,E
Armenia,ARM,Asia,2018,2010,2.691,E
Armenia,ARM,Asia,2019,2010,1.757,E
Armenia,ARM,Asia,2020,2020,1.849,E
Armenia,ARM,Asia,2021,2020,2.142,E
Armenia,ARM,Asia,2022,2020,1.783,E
Armenia,ARM,Asia,2023,2020,2.173,E
Armenia,ARM,Asia,2024,2020,2.339,E
Armenia,ARM,Asia,2025,2020,1.744,E
Aruba,ABW,North America,1961,1960,-0.26,E
Aruba,ABW,North America,1962,1960,-0.022,E
Aruba,ABW,North America,1963,1960,-0.124,E
Aruba,ABW,North America,1964,1960,0.045,E
Aruba,ABW,North America,1965,1960,-0.299,E
Aruba,ABW,North America,1966,1960,-0.004,E
Aruba,ABW,North America,1967,1960,-0.377,E
Aruba,ABW,North America,1968,1960,-0.172,E
Aruba,ABW,North America,1969,1960,0.444,E
Aruba,ABW,North America,1970,1970,0.223,E
Aruba,ABW,North America,1971,1970,-0.322,E
Aruba,ABW,North America,1972,1970,-0.007,E
Aruba,ABW,North America,1973,1970,0.223,E
Aruba,ABW,North America,1974,1970,-0.51,E
Aruba,ABW,North America,1975,1970,-0.222,E
Aruba,ABW,North America,1976,1970,-0.37,E
Aruba,ABW,North America,1977,1970,0.345,E
Aruba,ABW,North America,1978,1970,0.618,E
Aruba,ABW,North America,1979,1970,,O
Aruba,ABW,North America,1980,1980,0.734,E
Aruba,ABW,North America,1981,1980,0.484,E
Aruba,ABW,North America,1982,1980,0.512,E
Aruba,ABW,North America,1983,1980,0.839,E
Aruba,ABW,North America,1984,1980,0.311,E
Aruba,ABW,North America,1985,1980,-0.084,E
Aruba,ABW,North America,1986,1980,-0.044,E
Aruba,ABW,North America,1987,1980,0.79,E
Aruba,ABW,North America,1988,1980,0.506,E
Aruba,ABW,North America,1989,1980,-0.038,E
Aruba,ABW,North America,1990,1990,0.294,E
Aruba,ABW,North America,1991,1990,0.508,E
Aruba,ABW,North America,1992,1990,0.614,E
Aruba,ABW,North America,1993,1990,,O
Aruba,ABW,North America,1994,1990,0.431,E
Aruba,ABW,North America,1995,1990,0.68,E
Aruba,ABW,North America,1996,1990,0.866,E
Aruba,ABW,North America,1997,1990,0.568,E
Aruba,ABW,North America,1998,1990,1.25,E
Aruba,ABW,North America,1999,1990,0.512,E
Aruba,ABW,North America,2000,2000,0.019,E
Aruba,ABW,North America,2001,2000,0.636,E
Aruba,ABW,North America,2002,2000,0.805,E
Aruba,ABW,North America,2003,2000,1.003,E
Aruba,ABW,North America,2004,2000,0.553,E
Aruba,ABW,North America,2005,2000,0.721,E
Aruba,ABW,North America,2006,2000,0.761,E
Aruba,ABW,North America,2007,2000,1.071,E
Aruba,ABW,North America,2008,2000,0.573,E
Aruba,ABW,North America,2009,2000,0.82,E
Aruba,ABW,North America,2010,2010,1.274,E
Aruba,ABW,North America,2011,2010,0.4,E
Aruba,ABW,North America,2012,2010,0.602,E
Aruba,ABW,North America,2013,2010,1.093,E
Aruba,ABW,North America,2014,2010,0.923,E
Aruba,ABW,North America,2015,2010,1.832,E
Aruba,ABW,North America,2016,2010,1.224,E
Aruba,ABW,North America,2017,2010,1.247,E
Aruba,ABW,North America,2018,2010,0.951,E
Aruba,ABW,North America,2019,2010,1.287,E
Aruba,ABW,North America,2020,2020,1.631,E
Aruba,ABW,North America,2021,2020,,O
Aruba,ABW,North America,2022,2020,,O
Aruba,ABW,North America,2023,2020,,O
Aruba,ABW,North America,2024,2020,,O
Aruba,ABW,North America,2025,2020,,O
Australia,AUS,Oceania,1961,1960,0.168,E
Australia,AUS,Oceania,1962,1960,0.14,E
Australia,AUS,Oceania,1963,1960,-0.088,E
Australia,AUS,Oceania,1964,1960,-0.007,E
Australia,AUS,Oceania,1965,1960,0.136,E
Australia,AUS,Oceania,1966,1960,-0.251,E
Australia,AUS,Oceania,1967,1960,-0.094,E
Australia,AUS,Oceania,1968,1960,-0.216,E
Australia,AUS,Oceania,1969,1960,0.102,E
Australia,AUS,Oceania,1970,1970,0.008,E
Australia,AUS,Oceania,1971,1970,-0.01,E
Australia,AUS,Oceania,1972,1970,0.108,E
Australia,AUS,Oceania,1973,1970,0.841,E
Australia,AUS,Oceania,1974,1970,-0.385,E
Australia,AUS,Oceania,1975,1970,0.022,E
Australia,AUS,Oceania,1976,1970,-0.546,E
Australia,AUS,Oceania,1977,1970,0.152,E
Australia,AUS,Oceania,1978,1970,0.041,E
Australia,AUS,Oceania,1979,1970,0.331,E
Australia,AUS,Oceania,1980,1980,0.838,E
Australia,AUS,Oceania,1981,1980,0.43,E
Australia,AUS,Oceania,1982,1980,0.124,E
Australia,AUS,Oceania,1983,1980,0.571,E
Australia,AUS,Oceania,1984,1980,-0.217,E
Australia,AUS,Oceania,1985,1980,0.286,E
Australia,AUS,Oceania,1986,1980,0.335,E
Australia,AUS,Oceania,1987,1980,0.308,E
Australia,AUS,Oceania,1988,1980,0.914,E
Australia,AUS,Oceania,1989,1980,0.114,E
Australia,AUS,Oceania,1990,1990,0.516,E
Australia,AUS,Oceania,1991,1990,0.796,E
Australia,AUS,Oceania,1992,1990,0.253,E
Australia,AUS,Oceania,1993,1990,0.449,E
Australia,AUS,Oceania,1994,1990,0.183,E
Australia,AUS,Oceania,1995,1990,0.378,E
Australia,AUS,Oceania,1996,1990,0.573,E
Australia,AUS,Oceania,1997,1990,0.35,E
Australia,AUS,Oceania,1998,1990,1.075,E
Australia,AUS,Oceania,1999,1990,0.572,E
Australia,AUS,Oceania,2000,2000,0.134,E
Australia,AUS,Oceania,2001,2000,0.318,E
Australia,AUS,Oceania,2002,2000,0.708,E
Australia,AUS,Oceania,2003,2000,0.812,E
Australia,AUS,Oceania,2004,2000,0.694,E
Australia,AUS,Oceania,2005,2000,1.179,E
Australia,AUS,Oceania,2006,2000,0.697,E
Australia,AUS,Oceania,2007,2000,0.901,E
Australia,AUS,Oceania,2008,2000,0.598,E
Australia,AUS,Oceania,2009,2000,1.001,E
Australia,AUS,Oceania,2010,2010,0.65,E
Australia,AUS,Oceania,2011,2010,0.18,E
Australia,AUS,Oceania,2012,2010,0.282,E
Australia,AUS,Oceania,2013,2010,1.474,E
Australia,AUS,Oceania,2014,2010,1.161,E
Australia,AUS,Oceania,2015,2010,1.065,E
Australia,AUS,Oceania,2016,2010,1.167,E
Australia,AUS,Oceania,2017,2010,1.139,E
Australia,AUS,Oceania,2018,2010,1.126,E
Australia,AUS,Oceania,2019,2010,1.434,E
Australia,AUS,Oceania,2020,2020,1.432,E
Australia,AUS,Oceania,2021,2020,0.626,E
Australia,AUS,Oceania,2022,2020,0.757,E
Australia,AUS,Oceania,2023,2020,0.935,E
Australia,AUS,Oceania,2024,2020,1.51,E
Australia,AUS,Oceania,2025,2020,1.397,E
Austria,AUT,Europe,1961,1960,1.033,E
Austria,AUT,Europe,1962,1960,-0.619,E
Austria,AUT,Europe,1963,1960,-0.724,E
Austria,AUT,Europe,1964,1960,-0.364,E
Austria,AUT,Europe,1965,1960,-0.88,E
Austria,AUT,Europe,1966,1960,0.605,E
Austria,AUT,Europe,1967,1960,0.68,E
Austria,AUT,Europe,1968,1960,0.215,E
Austria,AUT,Europe,1969,1960,-0.123,E
Austria,AUT,Europe,1970,1970,-0.551,E
Austria,AUT,Europe,1971,1970,-0.067,E
Austria,AUT,Europe,1972,1970,0.096,E
Austria,AUT,Europe,1973,1970,-0.038,E
Austria,AUT,Europe,1974,1970,0.308,E
Austria,AUT,Europe,1975,1970,0.855,E
Austria,AUT,Europe,1976,1970,0.211,E
Austria,AUT,Europe,1977,1970,0.494,E
Austria,AUT,Europe,1978,1970,-0.477,E
Austria,AUT,Europe,1979,1970,-0.117,E
Austria,AUT,Europe,1980,1980,-0.277,E
Austria,AUT,Europe,1981,1980,0.273,E
Austria,AUT,Europe,1982,1980,0.382,E
Austria,AUT,Europe,1983,1980,1.062,E
Austria,AUT,Europe,1984,1980,-0.247,E
Austria,AUT,Europe,1985,1980,-0.57,E
Austria,AUT,Europe,1986,1980,0.318,E
Austria,AUT,Europe,1987,1980,-0.262,E
Austria,AUT,Europe,1988,1980,0.821,E
Austria,AUT,Europe,1989,1980,1.106,E
Austria,AUT,Europe,1990,1990,1.264,E
Austria,AUT,Europe,1991,1990,0.125,E
Austria,AUT,Europe,1992,1990,1.245,E
Austria,AUT,Europe,1993,1990,0.524,E
Austria,AUT,Europe,1994,1990,1.962,E
Austria,AUT,Europe,1995,1990,0.947,E
Austria,AUT,Europe,1996,1990,-0.198,E
Austria,AUT,Europe,1997,1990,0.514,E
Austria,AUT,Europe,1998,1990,1.343,E
Austria,AUT,Europe,1999,1990,0.982,E
Austria,AUT,Europe,2000,2000,1.766,E
Austria,AUT,Europe,2001,2000,1.501,E
Austria,AUT,Europe,2002,2000,1.532,E
Austria,AUT,Europe,2003,2000,1.461,E
Austria,AUT,Europe,2004,2000,0.824,E
Austria,AUT,Europe,2005,2000,0.623,E
Austria,AUT,Europe,2006,2000,0.902,E
Austria,AUT,Europe,2007,2000,2.133,E
Austria,AUT,Europe,2008,2000,1.584,E
Austria,AUT,Europe,2009,2000,1.543,E
Austria,AUT,Europe,2010,2010,0.656,E
Austria,AUT,Europe,2011,2010,1.377,E
Austria,AUT,Europe,2012,2010,1.782,E
Austria,AUT,Europe,2013,2010,1.096,E
Austria,AUT,Europe,2014,2010,2.402,E
Austria,AUT,Europe,2015,2010,2.163,E
Austria,AUT,Europe,2016,2010,2.091,E
Austria,AUT,Europe,2017,2010,1.733,E
Austria,AUT,Europe,2018,2010,2.523,E
Austria,AUT,Europe,2019,2010,2.359,E
Austria,AUT,Europe,2020,2020,2.304,E
Austria,AUT,Europe,2021,2020,1.391,E
Austria,AUT,Europe,2022,2020,2.535,E
Austria,AUT,Europe,2023,2020,2.604,E
Austria,AUT,Europe,2024,2020,3.288,E
Austria,AUT,Europe,2025,2020,2.174,E
Azerbaijan,AZE,Asia,1992,1990,-0.824,E
Azerbaijan,AZE,Asia,1993,1990,-1.002,E
Azerbaijan,AZE,Asia,1994,1990,0.105,E
Azerbaijan,AZE,Asia,1995,1990,1.034,E
Azerbaijan,AZE,Asia,1996,1990,0.268,E
Azerbaijan,AZE,Asia,1997,1990,0.618,E
Azerbaijan,AZE,Asia,1998,1990,1.21,E
Azerbaijan,AZE,Asia,1999,1990,1.244,E
Azerbaijan,AZE,Asia,2000,2000,1.114,E
Azerbaijan,AZE,Asia,2001,2000,1.423,E
Azerbaijan,AZE,Asia,2002,2000,1.456,E
Azerbaijan,AZE,Asia,2003,2000,-0.077,E
Azerbaijan,AZE,Asia,2004,2000,1.345,E
Azerbaijan,AZE,Asia,2005,2000,0.868,E
Azerbaijan,AZE,Asia,2006,2000,1.548,E
Azerbaijan,AZE,Asia,2007,2000,1.01,E
Azerbaijan,AZE,Asia,2008,2000,0.918,E
Azerbaijan,AZE,Asia,2009,2000,0.826,E
Azerbaijan,AZE,Asia,2010,2010,2.383,E
Azerbaijan,AZE,Asia,2011,2010,0.814,E
Azerbaijan,AZE,Asia,2012,2010,1.505,E
Azerbaijan,AZE,Asia,2013,2010,1.587,E
Azerbaijan,AZE,Asia,2014,2010,1.243,E
Azerbaijan,AZE,Asia,2015,2010,1.664,E
Azerbaijan,AZE,Asia,2016,2010,1.451,E
Azerbaijan,AZE,Asia,2017,2010,1.284,E
Azerbaijan,AZE,Asia,2018,2010,2.239,E
Azerbaijan,AZE,Asia,2019,2010,1.975,E
Azerbaijan,AZE,Asia,2020,2020,1.995,E
Azerbaijan,AZE,Asia,2021,2020,2.085,E
Azerbaijan,AZE,Asia,2022,2020,2.194,E
Azerbaijan,AZE,Asia,2023,2020,2.271,E
Azerbaijan,AZE,Asia,2024,2020,2.153,E
Azerbaijan,AZE,Asia,2025,2020,1.852,E
Bahamas,BHS,North America,1961,1960,0.07,E
Bahamas,BHS,North America,1962,1960,-0.049,E
Bahamas,BHS,North America,1963,1960,-0.089,E
Bahamas,BHS,North America,1964,1960,0.201,E
Bahamas,BHS,North America,1965,1960,0.098,E
Bahamas,BHS,North America,1966,1960,-0.129,E
Bahamas,BHS,North America,1967,1960,-0.068,E
Bahamas,BHS,North America,1968,1960,-0.247,E
Bahamas,BHS,North America,1969,1960,-0.031,E
Bahamas,BHS,North America,1970,1970,-0.453,E
Bahamas,BHS,North America,1971,1970,-0.029,E
Bahamas,BHS,North America,1972,1970,0.339,E
Bahamas,BHS,North America,1973,1970,0.196,E
Bahamas,BHS,North America,1974,1970,-0.017,E
Bahamas,BHS,North America,1975,1970,0.376,E
Bahamas,BHS,North America,1976,1970,-0.326,E
Bahamas,BHS,North America,1977,1970,-0.003,E
Bahamas,BHS,North America,1978,1970,0.063,E
Bahamas,BHS,North America,1979,1970,0.145,E
Bahamas,BHS,North America,1980,1980,0.323,E
Bahamas,BHS,North America,1981,1980,-0.124,E
Bahamas,BHS,North America,1982,1980,0.502,E
Bahamas,BHS,North America,1983,1980,0.131,E
Bahamas,BHS,North America,1984,1980,0.023,E
Bahamas,BHS,North America,1985,1980,0.266,E
Bahamas,BHS,North America,1986,1980,0.255,E
Bahamas,BHS,North America,1987,1980,0.401,E
Bahamas,BHS,North America,1988,1980,0.329,E
Bahamas,BHS,North America,1989,1980,0.679,E
Bahamas,BHS,North America,1990,1990,0.778,E
Bahamas,BHS,North America,1991,1990,0.776,E
Bahamas,BHS,North America,1992,1990,0.25,E
Bahamas,BHS,North America,1993,1990,0.369,E
Bahamas,BHS,North America,1994,1990,0.801,E
Bahamas,BHS,North America,1995,1990,0.762,E
Bahamas,BHS,North America,1996,1990,0.113,E
Bahamas,BHS,North America,1997,1990,0.876,E
Bahamas,BHS,North America,1998,1990,1.032,E
Bahamas,BHS,North America,1999,1990,0.688,E
Bahamas,BHS,North America,2000,2000,0.313,E
Bahamas,BHS,North America,2001,2000,0.267,E
Bahamas,BHS,North America,2002,2000,1.008,E
Bahamas,BHS,North America,2003,2000,1.175,E
Bahamas,BHS,North America,2004,2000,0.485,E
Bahamas,BHS,North America,2005,2000,0.463,E
Bahamas,BHS,North America,2006,2000,0.272,E
Bahamas,BHS,North America,2007,2000,0.968,E
Bahamas,BHS,North America,2008,2000,1.001,E
Bahamas,BHS,North America,2009,2000,0.551,E
Bahamas,BHS,North America,2010,2010,0.408,E
Bahamas,BHS,North America,2011,2010,0.562,E
Bahamas,BHS,North America,2012,2010,0.521,E
Bahamas,BHS,North America,2013,2010,0.712,E
Bahamas,BHS,North America,2014,2010,1.067,E
Bahamas,BHS,North America,2015,2010,1.448,E
Bahamas,BHS,North America,2016,2010,1.382,E
Bahamas,BHS,North America,2017,2010,1.57,E
Bahamas,BHS,North America,2018,2010,1.132,E
Bahamas,BHS,North America,2019,2010,1.552,E
Bahamas,BHS,North America,2020,2020,1.689,E
Bahamas,BHS,North America,2021,2020,0.668,E
Bahamas,BHS,North America,2022,2020,1.292,E
Bahamas,BHS,North America,2023,2020,1.665,E
Bahamas,BHS,North America,2024,2020,1.438,E
Bahamas,BHS,North America,2025,2020,1.272,E
Bahrain,BHR,Asia,1961,1960,-0.494,E
Bahrain,BHR,Asia,1962,1960,0.355,E
Bahrain,BHR,Asia,1963,1960,0.61,E
Bahrain,BHR,Asia,1964,1960,-0.58,E
Bahrain,BHR,Asia,1965,1960,0.221,E
Bahrain,BHR,Asia,1966,1960,0.496,E
Bahrain,BHR,Asia,1967,1960,-0.413,E
Bahrain,BHR,Asia,1968,1960,-0.497,E
Bahrain,BHR,Asia,1969,1960,0.516,E
Bahrain,BHR,Asia,1970,1970,0.243,E
Bahrain,BHR,Asia,1971,1970,-0.228,E
Bahrain,BHR,Asia,1972,1970,-0.546,E
Bahrain,BHR,Asia,1973,1970,-0.204,E
Bahrain,BHR,Asia,1974,1970,-0.188,E
Bahrain,BHR,Asia,1975,1970,-0.18,E
Bahrain,BHR,Asia,1976,1970,-0.466,E
Bahrain,BHR,Asia,1977,1970,0.369,E
Bahrain,BHR,Asia,1978,1970,0.138,E
Bahrain,BHR,Asia,1979,1970,0.898,E
Bahrain,BHR,Asia,1980,1980,0.395,E
Bahrain,BHR,Asia,1981,1980,0.452,E
Bahrain,BHR,Asia,1982,1980,-0.091,E
Bahrain,BHR,Asia,1983,1980,-0.879,E
Bahrain,BHR,Asia,1984,1980,-0.002,E
Bahrain,BHR,Asia,1985,1980,0.45,E
Bahrain,BHR,Asia,1986,1980,0.743,E
Bahrain,BHR,Asia,1987,1980,0.503,E
Bahrain,BHR,Asia,1988,1980,0.581,E
Bahrain,BHR,Asia,1989,1980,-0.011,E
Bahrain,BHR,Asia,1990,1990,0.368,E
Bahrain,BHR,Asia,1991,1990,-0.321,E
Bahrain,BHR,Asia,1992,1990,-0.646,E
Bahrain,BHR,Asia,1993,1990,0.018,E
Bahrain,BHR,Asia,1994,1990,0.883,E
Bahrain,BHR,Asia,1995,1990,0.129,E
Bahrain,BHR,Asia,1996,1990,0.567,E
Bahrain,BHR,Asia,1997,1990,0.241,E
Bahrain,BHR,Asia,1998,1990,1.294,E
Bahrain,BHR,Asia,1999,1990,1.93,E
Bahrain,BHR,Asia,2000,2000,1.055,E
Bahrain,BHR,Asia,2001,2000,1.152,E
Bahrain,BHR,Asia,2002,2000,1.513,E
Bahrain,BHR,Asia,2003,2000,1.196,E
Bahrain,BHR,Asia,2004,2000,1.323,E
Bahrain,BHR,Asia,2005,2000,1.007,E
Bahrain,BHR,Asia,2006,2000,1.752,E
Bahrain,BHR,Asia,2007,2000,0.964,E
Bahrain,BHR,Asia,2008,2000,1.224,E
Bahrain,BHR,Asia,2009,2000,1.115,E
Bahrain,BHR,Asia,2010,2010,2.178,E
Bahrain,BHR,Asia,2011,2010,1.326,E
Bahrain,BHR,Asia,2012,2010,1.28,E
Bahrain,BHR,Asia,2013,2010,1.409,E
Bahrain,BHR,Asia,2014,2010,1.814,E
Bahrain,BHR,Asia,2015,2010,2.367,E
Bahrain,BHR,Asia,2016,2010,1.649,E
Bahrain,BHR,Asia,2017,2010,2.082,E
Bahrain,BHR,Asia,2018,2010,2.193,E
Bahrain,BHR,Asia,2019,2010,1.988,E
Bahrain,BHR,Asia,2020,2020,2.007,E
Bahrain,BHR,Asia,2021,2020,2.434,E
Bahrain,BHR,Asia,2022,2020,2.003,E
Bahrain,BHR,Asia,2023,2020,2.3,E
Bahrain,BHR,Asia,2024,2020,2.466,E
Bahrain,BHR,Asia,2025,2020,1.819,E
Bangladesh,BGD,Asia,1961,1960,0.144,E
Bangladesh,BGD,Asia,1962,1960,-0.299,E
Bangladesh,BGD,Asia,1963,1960,-0.113,E
Bangladesh,BGD,Asia,1964,1960,0.094,E
Bangladesh,BGD,Asia,1965,1960,-0.201,E
Bangladesh,BGD,Asia,1966,1960,0.315,E
Bangladesh,BGD,Asia,1967,1960,-0.221,E
Bangladesh,BGD,Asia,1968,1960,-0.225,E
Bangladesh,BGD,Asia,1969,1960,0.025,E
Bangladesh,BGD,Asia,1970,1970,-0.007,E
Bangladesh,BGD,Asia,1971,1970,-0.564,E
Bangladesh,BGD,Asia,1972,1970,-0.018,E
Bangladesh,BGD,Asia,1973,1970,0.164,E
Bangladesh,BGD,Asia,1974,1970,-0.122,E
Bangladesh,BGD,Asia,1975,1970,-0.061,E
Bangladesh,BGD,Asia,1976,1970,-0.065,E
Bangladesh,BGD,Asia,1977,1970,-0.215,E
Bangladesh,BGD,Asia,1978,1970,-0.169,E
Bangladesh,BGD,Asia,1979,1970,0.533,E
Bangladesh,BGD,Asia,1980,1980,0.182,E
Bangladesh,BGD,Asia,1981,1980,-0.098,E
Bangladesh,BGD,Asia,1982,1980,0.038,E
Bangladesh,BGD,Asia,1983,1980,-0.035,E
Bangladesh,BGD,Asia,1984,1980,-0.21,E
Bangladesh,BGD,Asia,1985,1980,0.16,E
Bangladesh,BGD,Asia,1986,1980,0.111,E
Bangladesh,BGD,Asia,1987,1980,0.42,E
Bangladesh,BGD,Asia,1988,1980,0.442,E
Bangladesh,BGD,Asia,1989,1980,0.214,E
Bangladesh,BGD,Asia,1990,1990,-0.004,E
Bangladesh,BGD,Asia,1991,1990,0.125,E
Bangladesh,BGD,Asia,1992,1990,0.032,E
Bangladesh,BGD,Asia,1993,1990,-0.243,E
Bangladesh,BGD,Asia,1994,1990,0.378,E
Bangladesh,BGD,Asia,1995,1990,0.385,E
Bangladesh,BGD,Asia,1996,1990,0.365,E
Bangladesh,BGD,Asia,1997,1990,0.027,E
Bangladesh,BGD,Asia,1998,1990,0.588,E
Bangladesh,BGD,Asia,1999,1990,0.908,E
Bangladesh,BGD,Asia,2000,2000,0.339,E
Bangladesh,BGD,Asia,2001,2000,0.443,E
Bangladesh,BGD,Asia,2002,2000,0.527,E
Bangladesh,BGD,Asia,2003,2000,0.39,E
Bangladesh,BGD,Asia,2004,2000,0.378,E
Bangladesh,BGD,Asia,2005,2000,0.811,E
Bangladesh,BGD,Asia,2006,2000,1.04,E
Bangladesh,BGD,Asia,2007,2000,0.552,E
Bangladesh,BGD,Asia,2008,2000,0.383,E
Bangladesh,BGD,Asia,2009,2000,1.151,E
Bangladesh,BGD,Asia,2010,2010,1.09,E
Bangladesh,BGD,Asia,2011,2010,0.408,E
Bangladesh,BGD,Asia,2012,2010,0.579,E
Bangladesh,BGD,Asia,2013,2010,0.527,E
Bangladesh,BGD,Asia,2014,2010,0.747,E
Bangladesh,BGD,Asia,2015,2010,0.993,E
Bangladesh,BGD,Asia,2016,2010,1.603,E
Bangladesh,BGD,Asia,2017,2010,1.4,E
Bangladesh,BGD,Asia,2018,2010,1.151,E
Bangladesh,BGD,Asia,2019,2010,1.397,E
Bangladesh,BGD,Asia,2020,2020,1.165,E
Bangladesh,BGD,Asia,2021,2020,1.574,E
Bangladesh,BGD,Asia,2022,2020,1.456,E
Bangladesh,BGD,Asia,2023,2020,1.853,E
Bangladesh,BGD,Asia,2024,2020,1.639,E
Bangladesh,BGD,Asia,2025,2020,1.673,E
Barbados,BRB,North America,1961,1960,0.179,E
Barbados,BRB,North America,1962,1960,0.05,E
Barbados,BRB,North America,1963,1960,0.153,E
Barbados,BRB,North America,1964,1960,-0.06,E
Barbados,BRB,North America,1965,1960,-0.331,E
Barbados,BRB,North America,1966,1960,-0.203,E
Barbados,BRB,North America,1967,1960,-0.307,E
Barbados,BRB,North America,1968,1960,-0.421,E
Barbados,BRB,North America,1969,1960,0.249,E
Barbados,BRB,North America,1970,1970,0.011,E
Barbados,BRB,North America,1971,1970,-0.227,E
Barbados,BRB,North America,1972,1970,-0.054,E
Barbados,BRB,North America,1973,1970,-0.027,E
Barbados,BRB,North America,1974,1970,-0.343,E
Barbados,BRB,North America,1975,1970,-0.561,E
Barbados,BRB,North America,1976,1970,-0.4,E
Barbados,BRB,North America,1977,1970,0.004,E
Barbados,BRB,North America,1978,1970,0.321,E
Barbados,BRB,North America,1979,1970,0.129,E
Barbados,BRB,North America,1980,1980,0.571,E
Barbados,BRB,North America,1981,1980,0.382,E
Barbados,BRB,North America,1982,1980,0.256,E
Barbados,BRB,North America,1983,1980,0.387,E
Barbados,BRB,North America,1984,1980,0.052,E
Barbados,BRB,North America,1985,1980,-0.122,E
Barbados,BRB,North America,1986,1980,-0.016,E
Barbados,BRB,North America,1987,1980,0.708,E
Barbados,BRB,North America,1988,1980,0.572,E
Barbados,BRB,North America,1989,1980,0.393,E
Barbados,BRB,North America,1990,1990,0.562,E
Barbados,BRB,North America,1991,1990,0.637,E
Barbados,BRB,North America,1992,1990,0.562,E
Barbados,BRB,North America,1993,1990,0.644,E
Barbados,BRB,North America,1994,1990,0.655,E
Barbados,BRB,North America,1995,1990,0.732,E
Barbados,BRB,North America,1996,1990,0.595,E
Barbados,BRB,North America,1997,1990,0.55,E
Barbados,BRB,North America,1998,1990,1.394,E
Barbados,BRB,North America,1999,1990,0.795,E
Barbados,BRB,North America,2000,2000,0.649,E
Barbados,BRB,North America,2001,2000,0.871,E
Barbados,BRB,North America,2002,2000,0.889,E
Barbados,BRB,North America,2003,2000,1.112,E
Barbados,BRB,North America,2004,2000,0.861,E
Barbados,BRB,North America,2005,2000,1.289,E
Barbados,BRB,North America,2006,2000,1.033,E
Barbados,BRB,North America,2007,2000,0.893,E
Barbados,BRB,North America,2008,2000,0.551,E
Barbados,BRB,North America,2009,2000,0.689,E
Barbados,BRB,North America,2010,2010,1.428,E
Barbados,BRB,North America,2011,2010,0.989,E
Barbados,BRB,North America,2012,2010,0.83,E
Barbados,BRB,North America,2013,2010,1.132,E
Barbados,BRB,North America,2014,2010,0.797,E
Barbados,BRB,North America,2015,2010,1.27,E
Barbados,BRB,North America,2016,2010,1.58,E
Barbados,BRB,North America,2017,2010,1.237,E
Barbados,BRB,North America,2018,2010,0.972,E
Barbados,BRB,North America,2019,2010,1.455,E
Barbados,BRB,North America,2020,2020,1.315,E
Barbados,BRB,North America,2021,2020,1.351,E
Barbados,BRB,North America,2022,2020,1.163,E
Barbados,BRB,North America,2023,2020,,O
Barbados,BRB,North America,2024,2020,,O
Barbados,BRB,North America,2025,2020,,O
Belarus,BLR,Europe,1992,1990,1.252,E
Belarus,BLR,Europe,1993,1990,0.002,E
Belarus,BLR,Europe,1994,1990,1.116,E
Belarus,BLR,Europe,1995,1990,1.477,E
Belarus,BLR,Europe,1996,1990,-0.297,E
Belarus,BLR,Europe,1997,1990,0.337,E
Belarus,BLR,Europe,1998,1990,0.684,E
Belarus,BLR,Europe,1999,1990,1.484,E
Belarus,BLR,Europe,2000,2000,1.918,E
Belarus,BLR,Europe,2001,2000,1.956,E
Belarus,BLR,Europe,2002,2000,1.87,E
Belarus,BLR,Europe,2003,2000,0.061,E
Belarus,BLR,Europe,2004,2000,0.907,E
Belarus,BLR,Europe,2005,2000,1.252,E
Belarus,BLR,Europe,2006,2000,0.625,E
Belarus,BLR,Europe,2007,2000,2.341,E
Belarus,BLR,Europe,2008,2000,2.232,E
Belarus,BLR,Europe,2009,2000,1.577,E
Belarus,BLR,Europe,2010,2010,1.426,E
Belarus,BLR,Europe,2011,2010,0.973,E
Belarus,BLR,Europe,2012,2010,1.512,E
Belarus,BLR,Europe,2013,2010,1.153,E
Belarus,BLR,Europe,2014,2010,2.118,E
Belarus,BLR,Europe,2015,2010,2.186,E
Belarus,BLR,Europe,2016,2010,2.135,E
Belarus,BLR,Europe,2017,2010,1.526,E
Belarus,BLR,Europe,2018,2010,2.272,E
Belarus,BLR,Europe,2019,2010,2.606,E
Belarus,BLR,Europe,2020,2020,3.443,E
Belarus,BLR,Europe,2021,2020,1.626,E
Belarus,BLR,Europe,2022,2020,1.827,E
Belarus,BLR,Europe,2023,2020,2.645,E
Belarus,BLR,Europe,2024,2020,3.46,E
Belarus,BLR,Europe,2025,2020,2.567,E
Belgium,BEL,Europe,2000,2000,1.478,E
Belgium,BEL,Europe,2001,2000,1.332,E
Belgium,BEL,Europe,2002,2000,1.393,E
Belgium,BEL,Europe,2003,2000,1.52,E
Belgium,BEL,Europe,2004,2000,1.085,E
Belgium,BEL,Europe,2005,2000,1.193,E
Belgium,BEL,Europe,2006,2000,1.401,E
Belgium,BEL,Europe,2007,2000,1.88,E
Belgium,BEL,Europe,2008,2000,1.251,E
Belgium,BEL,Europe,2009,2000,1.148,E
Belgium,BEL,Europe,2010,2010,0.224,E
Belgium,BEL,Europe,2011,2010,1.278,E
Belgium,BEL,Europe,2012,2010,1.125,E
Belgium,BEL,Europe,2013,2010,0.46,E
Belgium,BEL,Europe,2014,2010,2.41,E
Belgium,BEL,Europe,2015,2010,1.362,E
Belgium,BEL,Europe,2016,2010,1.875,E
Belgium,BEL,Europe,2017,2010,1.721,E
Belgium,BEL,Europe,2018,2010,2.181,E
Belgium,BEL,Europe,2019,2010,2.063,E
Belgium,BEL,Europe,2020,2020,2.55,E
Belgium,BEL,Europe,2021,2020,1.191,E
Belgium,BEL,Europe,2022,2020,2.788,E
Belgium,BEL,Europe,2023,2020,2.426,E
Belgium,BEL,Europe,2024,2020,2.603,E
Belgium,BEL,Europe,2025,2020,2.19,E
Belize,BLZ,North America,1961,1960,0.019,E
Belize,BLZ,North America,1962,1960,-0.159,E
Belize,BLZ,North America,1963,1960,-0.084,E
Belize,BLZ,North America,1964,1960,-0.104,E
Belize,BLZ,North America,1965,1960,-0.2,E
Belize,BLZ,North America,1966,1960,-0.258,E
Belize,BLZ,North America,1967,1960,-0.388,E
Belize,BLZ,North America,1968,1960,-0.292,E
Belize,BLZ,North America,1969,1960,0.155,E
Belize,BLZ,North America,1970,1970,-0.307,E
Belize,BLZ,North America,1971,1970,-0.26,E
Belize,BLZ,North America,1972,1970,0.458,E
Belize,BLZ,North America,1973,1970,0.34,E
Belize,BLZ,North America,1974,1970,0.114,E
Belize,BLZ,North America,1975,1970,0.104,E
Belize,BLZ,North America,1976,1970,-0.435,E
Belize,BLZ,North America,1977,1970,0.115,E
Belize,BLZ,North America,1978,1970,-0.015,E
Belize,BLZ,North America,1979,1970,0.511,E
Belize,BLZ,North America,1980,1980,0.539,E
Belize,BLZ,North America,1981,1980,0.145,E
Belize,BLZ,North America,1982,1980,0.724,E
Belize,BLZ,North America,1983,1980,0.881,E
Belize,BLZ,North America,1984,1980,0.395,E
Belize,BLZ,North America,1985,1980,0.563,E
Belize,BLZ,North America,1986,1980,0.181,E
Belize,BLZ,North America,1987,1980,0.552,E
Belize,BLZ,North America,1988,1980,0.629,E
Belize,BLZ,North America,1989,1980,0.257,E
Belize,BLZ,North America,1990,1990,0.461,E
Belize,BLZ,North America,1991,1990,0.638,E
Belize,BLZ,North America,1992,1990,0.354,E
Belize,BLZ,North America,1993,1990,0.384,E
Belize,BLZ,North America,1994,1990,0.704,E
Belize,BLZ,North America,1995,1990,0.72,E
Belize,BLZ,North America,1996,1990,0.168,E
Belize,BLZ,North America,1997,1990,0.835,E
Belize,BLZ,North America,1998,1990,0.862,E
Belize,BLZ,North America,1999,1990,0.397,E
Belize,BLZ,North America,2000,2000,0.136,E
Belize,BLZ,North America,2001,2000,0.414,E
Belize,BLZ,North America,2002,2000,0.716,E
Belize,BLZ,North America,2003,2000,0.932,E
Belize,BLZ,North America,2004,2000,0.692,E
Belize,BLZ,North America,2005,2000,0.844,E
Belize,BLZ,North America,2006,2000,0.648,E
Belize,BLZ,North America,2007,2000,0.853,E
Belize,BLZ,North America,2008,2000,0.584,E
Belize,BLZ,North America,2009,2000,0.921,E
Belize,BLZ,North America,2010,2010,0.833,E
Belize,BLZ,North America,2011,2010,0.713,E
Belize,BLZ,North America,2012,2010,0.636,E
Belize,BLZ,North America,2013,2010,0.778,E
Belize,BLZ,North America,2014,2010,0.779,E
Belize,BLZ,North America,2015,2010,1.267,E
Belize,BLZ,North America,2016,2010,1.354,E
Belize,BLZ,North America,2017,2010,1.246,E
Belize,BLZ,North America,2018,2010,0.763,E
Belize,BLZ,North America,2019,2010,1.459,E
Belize,BLZ,North America,2020,2020,1.607,E
Belize,BLZ,North America,2021,2020,1.224,E
Belize,BLZ,North America,2022,2020,1.008,E
Belize,BLZ,North America,2023,2020,1.873,E
Belize,BLZ,North America,2024,2020,1.816,E
Belize,BLZ,North America,2025,2020,1.398,E
Benin,BEN,Africa,1961,1960,-0.131,E
Benin,BEN,Africa,1962,1960,-0.239,E
Benin,BEN,Africa,1963,1960,0.155,E
Benin,BEN,Africa,1964,1960,-0.211,E
Benin,BEN,Africa,1965,1960,-0.083,E
Benin,BEN,Africa,1966,1960,-0.001,E
Benin,BEN,Africa,1967,1960,-0.241,E
Benin,BEN,Africa,1968,1960,-0.086,E
Benin,BEN,Africa,1969,1960,0.356,E
Benin,BEN,Africa,1970,1970,0.364,E
Benin,BEN,Africa,1971,1970,-0.175,E
Benin,BEN,Africa,1972,1970,0.076,E
Benin,BEN,Africa,1973,1970,0.619,E
Benin,BEN,Africa,1974,1970,0.024,E
Benin,BEN,Africa,1975,1970,-0.315,E
Benin,BEN,Africa,1976,1970,-0.234,E
Benin,BEN,Africa,1977,1970,0.339,E
Benin,BEN,Africa,1978,1970,-0.042,E
Benin,BEN,Africa,1979,1970,0.51,E
Benin,BEN,Africa,1980,1980,0.45,E
Benin,BEN,Africa,1981,1980,0.211,E
Benin,BEN,Africa,1982,1980,0.244,E
Benin,BEN,Africa,1983,1980,0.565,E
Benin,BEN,Africa,1984,1980,0.546,E
Benin,BEN,Africa,1985,1980,0.448,E
Benin,BEN,Africa,1986,1980,0.335,E
Benin,BEN,Africa,1987,1980,1.02,E
Benin,BEN,Africa,1988,1980,0.668,E
Benin,BEN,Africa,1989,1980,-0.009,E
Benin,BEN,Africa,1990,1990,0.621,E
Benin,BEN,Africa,1991,1990,0.342,E
Benin,BEN,Africa,1992,1990,0.013,E
Benin,BEN,Africa,1993,1990,0.558,E
Benin,BEN,Africa,1994,1990,0.469,E
Benin,BEN,Africa,1995,1990,0.457,E
Benin,BEN,Africa,1996,1990,0.784,E
Benin,BEN,Africa,1997,1990,0.599,E
Benin,BEN,Africa,1998,1990,1.092,E
Benin,BEN,Africa,1999,1990,0.683,E
Benin,BEN,Africa,2000,2000,0.515,E
Benin,BEN,Africa,2001,2000,0.594,E
Benin,BEN,Africa,2002,2000,0.793,E
Benin,BEN,Africa,2003,2000,1.012,E
Benin,BEN,Africa,2004,2000,0.791,E
Benin,BEN,Africa,2005,2000,1.175,E
Benin,BEN,Africa,2006,2000,1.105,E
Benin,BEN,Africa,2007,2000,0.865,E
Benin,BEN,Africa,2008,2000,0.701,E
Benin,BEN,Africa,2009,2000,1.001,E
Benin,BEN,Africa,2010,2010,1.287,E
Benin,BEN,Africa,2011,2010,1.004,E
Benin,BEN,Africa,2012,2010,0.655,E
Benin,BEN,Africa,2013,2010,0.927,E
Benin,BEN,Africa,2014,2010,1.036,E
Benin,BEN,Africa,2015,2010,1.212,E
Benin,BEN,Africa,2016,2010,1.071,E
Benin,BEN,Africa,2017,2010,1.193,E
Benin,BEN,Africa,2018,2010,1.05,E
Benin,BEN,Africa,2019,2010,1.133,E
Benin,BEN,Africa,2020,2020,1.048,E
Benin,BEN,Africa,2021,2020,1.567,E
Benin,BEN,Africa,2022,2020,0.94,E
Benin,BEN,Africa,2023,2020,1.423,E
Benin,BEN,Africa,2024,2020,1.46,E
Benin,BEN,Africa,2025,2020,1.287,E
Bhutan,BTN,Asia,1961,1960,0.298,E
Bhutan,BTN,Asia,1962,1960,-0.36,E
Bhutan,BTN,Asia,1963,1960,-0.273,E
Bhutan,BTN,Asia,1964,1960,0.027,E
Bhutan,BTN,Asia,1965,1960,-0.604,E
Bhutan,BTN,Asia,1966,1960,0.115,E
Bhutan,BTN,Asia,1967,1960,-0.401,E
Bhutan,BTN,Asia,1968,1960,-0.483,E
Bhutan,BTN,Asia,1969,1960,0.124,E
Bhutan,BTN,Asia,1970,1970,-0.016,E
Bhutan,BTN,Asia,1971,1970,-0.214,E
Bhutan,BTN,Asia,1972,1970,-0.026,E
Bhutan,BTN,Asia,1973,1970,0.321,E
Bhutan,BTN,Asia,1974,1970,0.163,E
Bhutan,BTN,Asia,1975,1970,0.12,E
Bhutan,BTN,Asia,1976,1970,-0.026,E
Bhutan,BTN,Asia,1977,1970,-0.025,E
Bhutan,BTN,Asia,1978,1970,-0.202,E
Bhutan,BTN,Asia,1979,1970,0.4,E
Bhutan,BTN,Asia,1980,1980,0.082,E
Bhutan,BTN,Asia,1981,1980,0.23,E
Bhutan,BTN,Asia,1982,1980,-0.09,E
Bhutan,BTN,Asia,1983,1980,-0.244,E
Bhutan,BTN,Asia,1984,1980,0.019,E
Bhutan,BTN,Asia,1985,1980,0.258,E
Bhutan,BTN,Asia,1986,1980,-0.018,E
Bhutan,BTN,Asia,1987,1980,0.267,E
Bhutan,BTN,Asia,1988,1980,0.62,E
Bhutan,BTN,Asia,1989,1980,0.342,E
Bhutan,BTN,Asia,1990,1990,0.033,E
Bhutan,BTN,Asia,1991,1990,0.254,E
Bhutan,BTN,Asia,1992,1990,-0.067,E
Bhutan,BTN,Asia,1993,1990,-0.14,E
Bhutan,BTN,Asia,1994,1990,0.325,E
Bhutan,BTN,Asia,1995,1990,0.538,E
Bhutan,BTN,Asia,1996,1990,0.341,E
Bhutan,BTN,Asia,1997,1990,-0.316,E
Bhutan,BTN,Asia,1998,1990,0.806,E
Bhutan,BTN,Asia,1999,1990,0.981,E
Bhutan,BTN,Asia,2000,2000,0.152,E
Bhutan,BTN,Asia,2001,2000,0.672,E
Bhutan,BTN,Asia,2002,2000,0.484,E
Bhutan,BTN,Asia,2003,2000,0.518,E
Bhutan,BTN,Asia,2004,2000,0.476,E
Bhutan,BTN,Asia,2005,2000,0.777,E
Bhutan,BTN,Asia,2006,2000,1.012,E
Bhutan,BTN,Asia,2007,2000,1.022,E
Bhutan,BTN,Asia,2008,2000,0.596,E
Bhutan,BTN,Asia,2009,2000,1.456,E
Bhutan,BTN,Asia,2010,2010,1.27,E
Bhutan,BTN,Asia,2011,2010,0.574,E
Bhutan,BTN,Asia,2012,2010,0.579,E
Bhutan,BTN,Asia,2013,2010,0.806,E
Bhutan,BTN,Asia,2014,2010,0.873,E
Bhutan,BTN,Asia,2015,2010,1.081,E
Bhutan,BTN,Asia,2016,2010,1.572,E
Bhutan,BTN,Asia,2017,2010,1.545,E
Bhutan,BTN,Asia,2018,2010,1.432,E
Bhutan,BTN,Asia,2019,2010,1.377,E
Bhutan,BTN,Asia,2020,2020,1.24,E
Bhutan,BTN,Asia,2021,2020,1.854,E
Bhutan,BTN,Asia,2022,2020,1.609,E
Bhutan,BTN,Asia,2023,2020,1.91,E
Bhutan,BTN,Asia,2024,2020,1.83,E
Bhutan,BTN,Asia,2025,2020,2.076,E
Bolivia (Plurinational State of),BOL,South America,1961,1960,0.207,E
Bolivia (Plurinational State of),BOL,South America,1962,1960,-0.004,E
Bolivia (Plurinational State of),BOL,South America,1963,1960,0.42,E
Bolivia (Plurinational State of),BOL,South America,1964,1960,-0.18,E
Bolivia (Plurinational State of),BOL,South America,1965,1960,0.238,E
Bolivia (Plurinational State of),BOL,South America,1966,1960,-0.069,E
Bolivia (Plurinational State of),BOL,South America,1967,1960,0.352,E
Bolivia (Plurinational State of),BOL,South America,1968,1960,0.012,E
Bolivia (Plurinational State of),BOL,South America,1969,1960,0.546,E
Bolivia (Plurinational State of),BOL,South America,1970,1970,0.275,E
Bolivia (Plurinational State of),BOL,South America,1971,1970,-0.484,E
Bolivia (Plurinational State of),BOL,South America,1972,1970,0.162,E
Bolivia (Plurinational State of),BOL,South America,1973,1970,0.176,E
Bolivia (Plurinational State of),BOL,South America,1974,1970,-0.194,E
Bolivia (Plurinational State of),BOL,South America,1975,1970,-0.095,E
Bolivia (Plurinational State of),BOL,South America,1976,1970,-0.175,E
Bolivia (Plurinational State of),BOL,South America,1977,1970,0.29,E
Bolivia (Plurinational State of),BOL,South America,1978,1970,0.351,E
Bolivia (Plurinational State of),BOL,South America,1979,1970,0.177,E
Bolivia (Plurinational State of),BOL,South America,1980,1980,0.229,E
Bolivia (Plurinational State of),BOL,South America,1981,1980,0.209,E
Bolivia (Plurinational State of),BOL,South America,1982,1980,0.281,E
Bolivia (Plurinational State of),BOL,South America,1983,1980,0.466,E
Bolivia (Plurinational State of),BOL,South America,1984,1980,0.281,E
Bolivia (Plurinational State of),BOL,South America,1985,1980,0.386,E
Bolivia (Plurinational State of),BOL,South America,1986,1980,0.478,E
Bolivia (Plurinational State of),BOL,South America,1987,1980,0.722,E
Bolivia (Plurinational State of),BOL,South America,1988,1980,0.397,E
Bolivia (Plurinational State of),BOL,South America,1989,1980,0.16,E
Bolivia (Plurinational State of),BOL,South America,1990,1990,0.235,E
Bolivia (Plurinational State of),BOL,South America,1991,1990,0.556,E
Bolivia (Plurinational State of),BOL,South America,1992,1990,0.054,E
Bolivia (Plurinational State of),BOL,South America,1993,1990,0.381,E
Bolivia (Plurinational State of),BOL,South America,1994,1990,0.86,E
Bolivia (Plurinational State of),BOL,South America,1995,1990,0.734,E
Bolivia (Plurinational State of),BOL,South America,1996,1990,0.279,E
Bolivia (Plurinational State of),BOL,South America,1997,1990,0.862,E
Bolivia (Plurinational State of),BOL,South America,1998,1990,0.931,E
Bolivia (Plurinational State of),BOL,South America,1999,1990,0.31,E
Bolivia (Plurinational State of),BOL,South America,2000,2000,0.363,E
Bolivia (Plurinational State of),BOL,South America,2001,2000,0.66,E
Bolivia (Plurinational State of),BOL,South America,2002,2000,1.037,E
Bolivia (Plurinational State of),BOL,South America,2003,2000,0.662,E
Bolivia (Plurinational State of),BOL,South America,2004,2000,0.875,E
Bolivia (Plurinational State of),BOL,South America,2005,2000,0.817,E
Bolivia (Plurinational State of),BOL,South America,2006,2000,0.947,E
Bolivia (Plurinational State of),BOL,South America,2007,2000,0.556,E
Bolivia (Plurinational State of),BOL,South America,2008,2000,0.419,E
Bolivia (Plurinational State of),BOL,South America,2009,2000,0.683,E
Bolivia (Plurinational State of),BOL,South America,2010,2010,0.701,E
Bolivia (Plurinational State of),BOL,South America,2011,2010,1.161,E
Bolivia (Plurinational State of),BOL,South America,2012,2010,0.854,E
Bolivia (Plurinational State of),BOL,South America,2013,2010,0.567,E
Bolivia (Plurinational State of),BOL,South America,2014,2010,1.008,E
Bolivia (Plurinational State of),BOL,South America,2015,2010,1.461,E
Bolivia (Plurinational State of),BOL,South America,2016,2010,0.782,E
Bolivia (Plurinational State of),BOL,South America,2017,2010,0.97,E
Bolivia (Plurinational State of),BOL,South America,2018,2010,0.571,E
Bolivia (Plurinational State of),BOL,South America,2019,2010,0.91,E
Bolivia (Plurinational State of),BOL,South America,2020,2020,1.261,E
Bolivia (Plurinational State of),BOL,South America,2021,2020,0.761,E
Bolivia (Plurinational State of),BOL,South America,2022,2020,0.726,E
Bolivia (Plurinational State of),BOL,South America,2023,2020,2.04,E
Bolivia (Plurinational State of),BOL,South America,2024,2020,2.061,E
Bolivia (Plurinational State of),BOL,South America,2025,2020,0.644,E
Bosnia and Herzegovina,BIH,Europe,1992,1990,0.672,E
Bosnia and Herzegovina,BIH,Europe,1993,1990,0.261,E
Bosnia and Herzegovina,BIH,Europe,1994,1990,1.706,E
Bosnia and Herzegovina,BIH,Europe,1995,1990,0.298,E
Bosnia and Herzegovina,BIH,Europe,1996,1990,-0.029,E
Bosnia and Herzegovina,BIH,Europe,1997,1990,0.129,E
Bosnia and Herzegovina,BIH,Europe,1998,1990,1.08,E
Bosnia and Herzegovina,BIH,Europe,1999,1990,0.63,E
Bosnia and Herzegovina,BIH,Europe,2000,2000,1.541,E
Bosnia and Herzegovina,BIH,Europe,2001,2000,1.548,E
Bosnia and Herzegovina,BIH,Europe,2002,2000,1.159,E
Bosnia and Herzegovina,BIH,Europe,2003,2000,1.117,E
Bosnia and Herzegovina,BIH,Europe,2004,2000,0.61,E
Bosnia and Herzegovina,BIH,Europe,2005,2000,0.151,E
Bosnia and Herzegovina,BIH,Europe,2006,2000,0.613,E
Bosnia and Herzegovina,BIH,Europe,2007,2000,1.879,E
Bosnia and Herzegovina,BIH,Europe,2008,2000,1.386,E
Bosnia and Herzegovina,BIH,Europe,2009,2000,1.398,E
Bosnia and Herzegovina,BIH,Europe,2010,2010,0.97,E
Bosnia and Herzegovina,BIH,Europe,2011,2010,1.133,E
Bosnia and Herzegovina,BIH,Europe,2012,2010,1.77,E
Bosnia and Herzegovina,BIH,Europe,2013,2010,1.332,E
Bosnia and Herzegovina,BIH,Europe,2014,2010,1.841,E
Bosnia and Herzegovina,BIH,Europe,2015,2010,1.829,E
Bosnia and Herzegovina,BIH,Europe,2016,2010,1.697,E
Bosnia and Herzegovina,BIH,Europe,2017,2010,1.416,E
Bosnia and Herzegovina,BIH,Europe,2018,2010,2.269,E
Bosnia and Herzegovina,BIH,Europe,2019,2010,1.971,E
Bosnia and Herzegovina,BIH,Europe,2020,2020,1.849,E
Bosnia and Herzegovina,BIH,Europe,2021,2020,1.566,E
Bosnia and Herzegovina,BIH,Europe,2022,2020,2.063,E
Bosnia and Herzegovina,BIH,Europe,2023,2020,2.448,E
Bosnia and Herzegovina,BIH,Europe,2024,2020,3.33,E
Bosnia and Herzegovina,BIH,Europe,2025,2020,2.089,E
Botswana,BWA,Africa,1961,1960,0.074,E
Botswana,BWA,Africa,1962,1960,0.199,E
Botswana,BWA,Africa,1963,1960,-0.52,E
Botswana,BWA,Africa,1964,1960,-0.08,E
Botswana,BWA,Africa,1965,1960,0.08,E
Botswana,BWA,Africa,1966,1960,0.44,E
Botswana,BWA,Africa,1967,1960,-0.432,E
Botswana,BWA,Africa,1968,1960,-0.142,E
Botswana,BWA,Africa,1969,1960,0.247,E
Botswana,BWA,Africa,1970,1970,0.659,E
Botswana,BWA,Africa,1971,1970,-0.072,E
Botswana,BWA,Africa,1972,1970,-0.421,E
Botswana,BWA,Africa,1973,1970,0.661,E
Botswana,BWA,Africa,1974,1970,-0.712,E
Botswana,BWA,Africa,1975,1970,-0.206,E
Botswana,BWA,Africa,1976,1970,-0.683,E
Botswana,BWA,Africa,1977,1970,0.329,E
Botswana,BWA,Africa,1978,1970,-0.019,E
Botswana,BWA,Africa,1979,1970,0.582,E
Botswana,BWA,Africa,1980,1980,0.015,E
Botswana,BWA,Africa,1981,1980,-0.366,E
Botswana,BWA,Africa,1982,1980,0.36,E
Botswana,BWA,Africa,1983,1980,1.028,E
Botswana,BWA,Africa,1984,1980,0.514,E
Botswana,BWA,Africa,1985,1980,0.371,E
Botswana,BWA,Africa,1986,1980,0.284,E
Botswana,BWA,Africa,1987,1980,1.237,E
Botswana,BWA,Africa,1988,1980,0.248,E
Botswana,BWA,Africa,1989,1980,-0.301,E
Botswana,BWA,Africa,1990,1990,0.747,E
Botswana,BWA,Africa,1991,1990,0.057,E
Botswana,BWA,Africa,1992,1990,0.894,E
Botswana,BWA,Africa,1993,1990,0.645,E
Botswana,BWA,Africa,1994,1990,-0.032,E
Botswana,BWA,Africa,1995,1990,1.195,E
Botswana,BWA,Africa,1996,1990,-0.242,E
Botswana,BWA,Africa,1997,1990,0.021,E
Botswana,BWA,Africa,1998,1990,0.987,E
Botswana,BWA,Africa,1999,1990,0.684,E
Botswana,BWA,Africa,2000,2000,-0.608,E
Botswana,BWA,Africa,2001,2000,-0.075,E
Botswana,BWA,Africa,2002,2000,0.518,E
Botswana,BWA,Africa,2003,2000,1.038,E
Botswana,BWA,Africa,2004,2000,0.174,E
Botswana,BWA,Africa,2005,2000,1.395,E
Botswana,BWA,Africa,2006,2000,-0.397,E
Botswana,BWA,Africa,2007,2000,0.38,E
Botswana,BWA,Africa,2008,2000,0.284,E
Botswana,BWA,Africa,2009,2000,-0.09,E
Botswana,BWA,Africa,2010,2010,1.24,E
Botswana,BWA,Africa,2011,2010,-0.026,E
Botswana,BWA,Africa,2012,2010,0.509,E
Botswana,BWA,Africa,2013,2010,0.838,E
Botswana,BWA,Africa,2014,2010,-0.102,E
Botswana,BWA,Africa,2015,2010,1.474,E
Botswana,BWA,Africa,2016,2010,1.442,E
Botswana,BWA,Africa,2017,2010,-0.026,E
Botswana,BWA,Africa,2018,2010,0.713,E
Botswana,BWA,Africa,2019,2010,1.537,E
Botswana,BWA,Africa,2020,2020,0.434,E
Botswana,BWA,Africa,2021,2020,-0.322,E
Botswana,BWA,Africa,2022,2020,0.085,E
Botswana,BWA,Africa,2023,2020,0.888,E
Botswana,BWA,Africa,2024,2020,1.597,E
Botswana,BWA,Africa,2025,2020,0.443,E
Brazil,BRA,South America,1961,1960,0.155,E
Brazil,BRA,South America,1962,1960,-0.209,E
Brazil,BRA,South America,1963,1960,0.141,E
Brazil,BRA,South America,1964,1960,-0.243,E
Brazil,BRA,South America,1965,1960,-0.102,E
Brazil,BRA,South America,1966,1960,0.036,E
Brazil,BRA,South America,1967,1960,0.075,E
Brazil,BRA,South America,1968,1960,-0.406,E
Brazil,BRA,South America,1969,1960,0.323,E
Brazil,BRA,South America,1970,1970,0.118,E
Brazil,BRA,South America,1971,1970,-0.138,E
Brazil,BRA,South America,1972,1970,0.099,E
Brazil,BRA,South America,1973,1970,0.432,E
Brazil,BRA,South America,1974,1970,-0.18,E
Brazil,BRA,South America,1975,1970,-0.125,E
Brazil,BRA,South America,1976,1970,-0.171,E
Brazil,BRA,South America,1977,1970,0.26,E
Brazil,BRA,South America,1978,1970,0.038,E
Brazil,BRA,South America,1979,1970,0.0,E
Brazil,BRA,South America,1980,1980,0.298,E
Brazil,BRA,South America,1981,1980,0.169,E
Brazil,BRA,South America,1982,1980,0.278,E
Brazil,BRA,South America,1983,1980,0.469,E
Brazil,BRA,South America,1984,1980,0.323,E
Brazil,BRA,South America,1985,1980,0.107,E
Brazil,BRA,South America,1986,1980,0.281,E
Brazil,BRA,South America,1987,1980,0.714,E
Brazil,BRA,South America,1988,1980,0.484,E
Brazil,BRA,South America,1989,1980,0.172,E
Brazil,BRA,South America,1990,1990,0.475,E
Brazil,BRA,South America,1991,1990,0.498,E
Brazil,BRA,South America,1992,1990,0.428,E
Brazil,BRA,South America,1993,1990,0.505,E
Brazil,BRA,South America,1994,1990,0.666,E
Brazil,BRA,South America,1995,1990,0.829,E
Brazil,BRA,South America,1996,1990,0.553,E
Brazil,BRA,South America,1997,1990,0.726,E
Brazil,BRA,South America,1998,1990,1.275,E
Brazil,BRA,South America,1999,1990,0.593,E
Brazil,BRA,South America,2000,2000,0.53,E
Brazil,BRA,South America,2001,2000,0.777,E
Brazil,BRA,South America,2002,2000,1.065,E
Brazil,BRA,South America,2003,2000,0.952,E
Brazil,BRA,South America,2004,2000,0.814,E
Brazil,BRA,South America,2005,2000,1.157,E
Brazil,BRA,South America,2006,2000,0.84,E
Brazil,BRA,South America,2007,2000,1.008,E
Brazil,BRA,South America,2008,2000,0.745,E
Brazil,BRA,South America,2009,2000,0.984,E
Brazil,BRA,South America,2010,2010,1.141,E
Brazil,BRA,South America,2011,2010,0.802,E
Brazil,BRA,South America,2012,2010,1.071,E
Brazil,BRA,South America,2013,2010,0.982,E
Brazil,BRA,South America,2014,2010,1.204,E
Brazil,BRA,South America,2015,2010,1.607,E
Brazil,BRA,South America,2016,2010,1.574,E
Brazil,BRA,South America,2017,2010,1.416,E
Brazil,BRA,South America,2018,2010,1.199,E
Brazil,BRA,South America,2019,2010,1.564,E
Brazil,BRA,South America,2020,2020,1.421,E
Brazil,BRA,South America,2021,2020,1.146,E
Brazil,BRA,South America,2022,2020,0.965,E
Brazil,BRA,South America,2023,2020,1.658,E
Brazil,BRA,South America,2024,2020,2.037,E
Brazil,BRA,South America,2025,2020,1.36,E
British Virgin Islands,VGB,North America,1961,1960,0.002,E
British Virgin Islands,VGB,North America,1962,1960,-0.103,E
British Virgin Islands,VGB,North America,1963,1960,0.156,E
British Virgin Islands,VGB,North America,1964,1960,0.135,E
British Virgin Islands,VGB,North America,1965,1960,-0.351,E
British Virgin Islands,VGB,North America,1966,1960,-0.098,E
British Virgin Islands,VGB,North America,1967,1960,-0.412,E
British Virgin Islands,VGB,North America,1968,1960,-0.206,E
British Virgin Islands,VGB,North America,1969,1960,0.323,E
British Virgin Islands,VGB,North America,1970,1970,0.022,E
British Virgin Islands,VGB,North America,1971,1970,-0.28,E
British Virgin Islands,VGB,North America,1972,1970,-0.139,E
British Virgin Islands,VGB,North America,1973,1970,0.164,E
British Virgin Islands,VGB,North America,1974,1970,-0.348,E
British Virgin Islands,VGB,North America,1975,1970,-0.238,E
British Virgin Islands,VGB,North America,1976,1970,-0.374,E
British Virgin Islands,VGB,North America,1977,1970,0.206,E
British Virgin Islands,VGB,North America,1978,1970,0.14,E
British Virgin Islands,VGB,North America,1979,1970,0.031,E
British Virgin Islands,VGB,North America,1980,1980,0.762,E
British Virgin Islands,VGB,North America,1981,1980,0.536,E
British Virgin Islands,VGB,North America,1982,1980,0.198,E
British Virgin Islands,VGB,North America,1983,1980,0.558,E
British Virgin Islands,VGB,North America,1984,1980,0.199,E
British Virgin Islands,VGB,North America,1985,1980,0.051,E
British Virgin Islands,VGB,North America,1986,1980,0.101,E
British Virgin Islands,VGB,North America,1987,1980,0.577,E
British Virgin Islands,VGB,North America,1988,1980,0.513,E
British Virgin Islands,VGB,North America,1989,1980,0.057,E
British Virgin Islands,VGB,North America,1990,1990,0.463,E
British Virgin Islands,VGB,North America,1991,1990,0.49,E
British Virgin Islands,VGB,North America,1992,1990,0.285,E
British Virgin Islands,VGB,North America,1993,1990,0.51,E
British Virgin Islands,VGB,North America,1994,1990,0.609,E
British Virgin Islands,VGB,North America,1995,1990,0.561,E
British Virgin Islands,VGB,North America,1996,1990,0.327,E
British Virgin Islands,VGB,North America,1997,1990,0.443,E
British Virgin Islands,VGB,North America,1998,1990,1.094,E
British Virgin Islands,VGB,North America,1999,1990,0.529,E
British Virgin Islands,VGB,North America,2000,2000,0.181,E
British Virgin Islands,VGB,North America,2001,2000,0.576,E
British Virgin Islands,VGB,North America,2002,2000,0.749,E
British Virgin Islands,VGB,North America,2003,2000,0.831,E
British Virgin Islands,VGB,North America,2004,2000,0.53,E
British Virgin Islands,VGB,North America,2005,2000,0.781,E
British Virgin Islands,VGB,North America,2006,2000,0.659,E
British Virgin Islands,VGB,North America,2007,2000,0.849,E
British Virgin Islands,VGB,North America,2008,2000,0.34,E
British Virgin Islands,VGB,North America,2009,2000,0.491,E
British Virgin Islands,VGB,North America,2010,2010,0.936,E
British Virgin Islands,VGB,North America,2011,2010,0.258,E
British Virgin Islands,VGB,North America,2012,2010,0.468,E
British Virgin Islands,VGB,North America,2013,2010,0.65,E
British Virgin Islands,VGB,North America,2014,2010,0.714,E
British Virgin Islands,VGB,North America,2015,2010,0.959,E
British Virgin Islands,VGB,North America,2016,2010,1.007,E
British Virgin Islands,VGB,North America,2017,2010,0.678,E
British Virgin Islands,VGB,North America,2018,2010,0.556,E
British Virgin Islands,VGB,North America,2019,2010,0.772,E
British Virgin Islands,VGB,North America,2020,2020,1.179,E
British Virgin Islands,VGB,North America,2021,2020,0.806,E
British Virgin Islands,VGB,North America,2022,2020,0.875,E
British Virgin Islands,VGB,North America,2023,2020,1.261,E
British Virgin Islands,VGB,North America,2024,2020,1.505,E
British Virgin Islands,VGB,North America,2025,2020,1.152,E
Brunei Darussalam,BRN,Asia,1961,1960,0.093,E
Brunei Darussalam,BRN,Asia,1962,1960,-0.082,E
Brunei Darussalam,BRN,Asia,1963,1960,-0.267,E
Brunei Darussalam,BRN,Asia,1964,1960,-0.004,E
Brunei Darussalam,BRN,Asia,1965,1960,-0.328,E
Brunei Darussalam,BRN,Asia,1966,1960,0.153,E
Brunei Darussalam,BRN,Asia,1967,1960,-0.151,E
Brunei Darussalam,BRN,Asia,1968,1960,-0.215,E
Brunei Darussalam,BRN,Asia,1969,1960,0.207,E
Brunei Darussalam,BRN,Asia,1970,1970,0.086,E
Brunei Darussalam,BRN,Asia,1971,1970,-0.239,E
Brunei Darussalam,BRN,Asia,1972,1970,0.038,E
Brunei Darussalam,BRN,Asia,1973,1970,0.288,E
Brunei Darussalam,BRN,Asia,1974,1970,-0.306,E
Brunei Darussalam,BRN,Asia,1975,1970,0.061,E
Brunei Darussalam,BRN,Asia,1976,1970,-0.086,E
Brunei Darussalam,BRN,Asia,1977,1970,-0.043,E
Brunei Darussalam,BRN,Asia,1978,1970,0.153,E
Brunei Darussalam,BRN,Asia,1979,1970,0.305,E
Brunei Darussalam,BRN,Asia,1980,1980,0.292,E
Brunei Darussalam,BRN,Asia,1981,1980,0.243,E
Brunei Darussalam,BRN,Asia,1982,1980,0.251,E
Brunei Darussalam,BRN,Asia,1983,1980,0.699,E
Brunei Darussalam,BRN,Asia,1984,1980,0.003,E
Brunei Darussalam,BRN,Asia,1985,1980,0.264,E
Brunei Darussalam,BRN,Asia,1986,1980,0.181,E
Brunei Darussalam,BRN,Asia,1987,1980,0.482,E
Brunei Darussalam,BRN,Asia,1988,1980,0.435,E
Brunei Darussalam,BRN,Asia,1989,1980,0.041,E
Brunei Darussalam,BRN,Asia,1990,1990,0.455,E
Brunei Darussalam,BRN,Asia,1991,1990,0.51,E
Brunei Darussalam,BRN,Asia,1992,1990,0.454,E
Brunei Darussalam,BRN,Asia,1993,1990,0.267,E
Brunei Darussalam,BRN,Asia,1994,1990,0.457,E
Brunei Darussalam,BRN,Asia,1995,1990,0.501,E
Brunei Darussalam,BRN,Asia,1996,1990,0.414,E
Brunei Darussalam,BRN,Asia,1997,1990,0.676,E
Brunei Darussalam,BRN,Asia,1998,1990,1.28,E
Brunei Darussalam,BRN,Asia,1999,1990,0.542,E
Brunei Darussalam,BRN,Asia,2000,2000,0.47,E
Brunei Darussalam,BRN,Asia,2001,2000,0.587,E
Brunei Darussalam,BRN,Asia,2002,2000,0.699,E
Brunei Darussalam,BRN,Asia,2003,2000,0.828,E
Brunei Darussalam,BRN,Asia,2004,2000,0.659,E
Brunei Darussalam,BRN,Asia,2005,2000,0.914,E
Brunei Darussalam,BRN,Asia,2006,2000,0.696,E
Brunei Darussalam,BRN,Asia,2007,2000,0.738,E
Brunei Darussalam,BRN,Asia,2008,2000,0.445,E
Brunei Darussalam,BRN,Asia,2009,2000,0.858,E
Brunei Darussalam,BRN,Asia,2010,2010,0.933,E
Brunei Darussalam,BRN,Asia,2011,2010,0.597,E
Brunei Darussalam,BRN,Asia,2012,2010,0.768,E
Brunei Darussalam,BRN,Asia,2013,2010,0.962,E
Brunei Darussalam,BRN,Asia,2014,2010,0.917,E
Brunei Darussalam,BRN,Asia,2015,2010,1.124,E
Brunei Darussalam,BRN,Asia,2016,2010,1.556,E
Brunei Darussalam,BRN,Asia,2017,2010,1.223,E
Brunei Darussalam,BRN,Asia,2018,2010,1.101,E
Brunei Darussalam,BRN,Asia,2019,2010,1.348,E
Brunei Darussalam,BRN,Asia,2020,2020,1.372,E
Brunei Darussalam,BRN,Asia,2021,2020,1.083,E
Brunei Darussalam,BRN,Asia,2022,2020,1.125,E
Brunei Darussalam,BRN,Asia,2023,2020,1.304,E
Brunei Darussalam,BRN,Asia,2024,2020,1.705,E
Brunei Darussalam,BRN,Asia,2025,2020,1.288,E
Bulgaria,BGR,Europe,1961,1960,0.87,E
Bulgaria,BGR,Europe,1962,1960,0.453,E
Bulgaria,BGR,Europe,1963,1960,-0.274,E
Bulgaria,BGR,Europe,1964,1960,-0.545,E
Bulgaria,BGR,Europe,1965,1960,-0.465,E
Bulgaria,BGR,Europe,1966,1960,1.157,E
Bulgaria,BGR,Europe,1967,1960,0.025,E
Bulgaria,BGR,Europe,1968,1960,0.422,E
Bulgaria,BGR,Europe,1969,1960,-0.479,E
Bulgaria,BGR,Europe,1970,1970,0.218,E
Bulgaria,BGR,Europe,1971,1970,-0.128,E
Bulgaria,BGR,Europe,1972,1970,0.148,E
Bulgaria,BGR,Europe,1973,1970,-0.4,E
Bulgaria,BGR,Europe,1974,1970,-0.186,E
Bulgaria,BGR,Europe,1975,1970,0.402,E
Bulgaria,BGR,Europe,1976,1970,-0.829,E
Bulgaria,BGR,Europe,1977,1970,0.58,E
Bulgaria,BGR,Europe,1978,1970,-0.691,E
Bulgaria,BGR,Europe,1979,1970,0.185,E
Bulgaria,BGR,Europe,1980,1980,-0.43,E
Bulgaria,BGR,Europe,1981,1980,-0.023,E
Bulgaria,BGR,Europe,1982,1980,-0.112,E
Bulgaria,BGR,Europe,1983,1980,0.414,E
Bulgaria,BGR,Europe,1984,1980,0.004,E
Bulgaria,BGR,Europe,1985,1980,-0.579,E
Bulgaria,BGR,Europe,1986,1980,0.383,E
Bulgaria,BGR,Europe,1987,1980,-0.458,E
Bulgaria,BGR,Europe,1988,1980,0.16,E
Bulgaria,BGR,Europe,1989,1980,0.44,E
Bulgaria,BGR,Europe,1990,1990,0.831,E
Bulgaria,BGR,Europe,1991,1990,-0.125,E
Bulgaria,BGR,Europe,1992,1990,0.18,E
Bulgaria,BGR,Europe,1993,1990,-0.291,E
Bulgaria,BGR,Europe,1994,1990,1.622,E
Bulgaria,BGR,Europe,1995,1990,0.265,E
Bulgaria,BGR,Europe,1996,1990,-0.322,E
Bulgaria,BGR,Europe,1997,1990,-0.296,E
Bulgaria,BGR,Europe,1998,1990,0.814,E
Bulgaria,BGR,Europe,1999,1990,0.725,E
Bulgaria,BGR,Europe,2000,2000,1.209,E
Bulgaria,BGR,Europe,2001,2000,1.669,E
Bulgaria,BGR,Europe,2002,2000,0.873,E
Bulgaria,BGR,Europe,2003,2000,0.198,E
Bulgaria,BGR,Europe,2004,2000,0.55,E
Bulgaria,BGR,Europe,2005,2000,0.238,E
Bulgaria,BGR,Europe,2006,2000,0.592,E
Bulgaria,BGR,Europe,2007,2000,1.904,E
Bulgaria,BGR,Europe,2008,2000,1.196,E
Bulgaria,BGR,Europe,2009,2000,1.313,E
Bulgaria,BGR,Europe,2010,2010,1.376,E
Bulgaria,BGR,Europe,2011,2010,0.432,E
Bulgaria,BGR,Europe,2012,2010,1.693,E
Bulgaria,BGR,Europe,2013,2010,1.496,E
Bulgaria,BGR,Europe,2014,2010,1.222,E
Bulgaria,BGR,Europe,2015,2010,1.456,E
Bulgaria,BGR,Europe,2016,2010,1.902,E
Bulgaria,BGR,Europe,2017,2010,0.948,E
Bulgaria,BGR,Europe,2018,2010,2.176,E
Bulgaria,BGR,Europe,2019,2010,2.088,E
Bulgaria,BGR,Europe,2020,2020,2.008,E
Bulgaria,BGR,Europe,2021,2020,1.585,E
Bulgaria,BGR,Europe,2022,2020,1.851,E
Bulgaria,BGR,Europe,2023,2020,2.673,E
Bulgaria,BGR,Europe,2024,2020,3.104,E
Bulgaria,BGR,Europe,2025,2020,2.178,E
Burkina Faso,BFA,Africa,1961,1960,-0.271,E
Burkina Faso,BFA,Africa,1962,1960,-0.228,E
Burkina Faso,BFA,Africa,1963,1960,0.139,E
Burkina Faso,BFA,Africa,1964,1960,-0.23,E
Burkina Faso,BFA,Africa,1965,1960,-0.146,E
Burkina Faso,BFA,Africa,1966,1960,-0.146,E
Burkina Faso,BFA,Africa,1967,1960,-0.184,E
Burkina Faso,BFA,Africa,1968,1960,-0.19,E
Burkina Faso,BFA,Africa,1969,1960,0.561,E
Burkina Faso,BFA,Africa,1970,1970,0.377,E
Burkina Faso,BFA,Africa,1971,1970,-0.016,E
Burkina Faso,BFA,Africa,1972,1970,0.15,E
Burkina Faso,BFA,Africa,1973,1970,0.68,E
Burkina Faso,BFA,Africa,1974,1970,-0.059,E
Burkina Faso,BFA,Africa,1975,1970,-0.33,E
Burkina Faso,BFA,Africa,1976,1970,-0.333,E
Burkina Faso,BFA,Africa,1977,1970,0.246,E
Burkina Faso,BFA,Africa,1978,1970,0.197,E
Burkina Faso,BFA,Africa,1979,1970,0.421,E
Burkina Faso,BFA,Africa,1980,1980,0.796,E
Burkina Faso,BFA,Africa,1981,1980,0.282,E
Burkina Faso,BFA,Africa,1982,1980,0.175,E
Burkina Faso,BFA,Africa,1983,1980,0.707,E
Burkina Faso,BFA,Africa,1984,1980,0.777,E
Burkina Faso,BFA,Africa,1985,1980,0.475,E
Burkina Faso,BFA,Africa,1986,1980,0.341,E
Burkina Faso,BFA,Africa,1987,1980,1.021,E
Burkina Faso,BFA,Africa,1988,1980,0.588,E
Burkina Faso,BFA,Africa,1989,1980,0.006,E
Burkina Faso,BFA,Africa,1990,1990,0.615,E
Burkina Faso,BFA,Africa,1991,1990,0.527,E
Burkina Faso,BFA,Africa,1992,1990,-0.011,E
Burkina Faso,BFA,Africa,1993,1990,0.707,E
Burkina Faso,BFA,Africa,1994,1990,0.296,E
Burkina Faso,BFA,Africa,1995,1990,0.39,E
Burkina Faso,BFA,Africa,1996,1990,0.902,E
Burkina Faso,BFA,Africa,1997,1990,0.617,E
Burkina Faso,BFA,Africa,1998,1990,1.004,E
Burkina Faso,BFA,Africa,1999,1990,0.554,E
Burkina Faso,BFA,Africa,2000,2000,0.544,E
Burkina Faso,BFA,Africa,2001,2000,0.5,E
Burkina Faso,BFA,Africa,2002,2000,1.014,E
Burkina Faso,BFA,Africa,2003,2000,0.986,E
Burkina Faso,BFA,Africa,2004,2000,0.87,E
Burkina Faso,BFA,Africa,2005,2000,1.441,E
Burkina Faso,BFA,Africa,2006,2000,1.146,E
Burkina Faso,BFA,Africa,2007,2000,0.852,E
Burkina Faso,BFA,Africa,2008,2000,0.279,E
Burkina Faso,BFA,Africa,2009,2000,0.917,E
Burkina Faso,BFA,Africa,2010,2010,1.233,E
Burkina Faso,BFA,Africa,2011,2010,0.971,E
Burkina Faso,BFA,Africa,2012,2010,0.46,E
Burkina Faso,BFA,Africa,2013,2010,0.816,E
Burkina Faso,BFA,Africa,2014,2010,0.869,E
Burkina Faso,BFA,Africa,2015,2010,1.095,E
Burkina Faso,BFA,Africa,2016,2010,1.037,E
Burkina Faso,BFA,Africa,2017,2010,1.186,E
Burkina Faso,BFA,Africa,2018,2010,1.127,E
Burkina Faso,BFA,Africa,2019,2010,1.055,E
Burkina Faso,BFA,Africa,2020,2020,1.026,E
Burkina Faso,BFA,Africa,2021,2020,1.611,E
Burkina Faso,BFA,Africa,2022,2020,0.784,E
Burkina Faso,BFA,Africa,2023,2020,1.45,E
Burkina Faso,BFA,Africa,2024,2020,1.437,E
Burkina Faso,BFA,Africa,2025,2020,1.255,E
Burundi,BDI,Africa,1961,1960,-0.003,E
Burundi,BDI,Africa,1962,1960,-0.541,E
Burundi,BDI,Africa,1963,1960,-0.203,E
Burundi,BDI,Africa,1964,1960,-0.235,E
Burundi,BDI,Africa,1965,1960,-0.283,E
Burundi,BDI,Africa,1966,1960,0.003,E
Burundi,BDI,Africa,1967,1960,-0.257,E
Burundi,BDI,Africa,1968,1960,-0.287,E
Burundi,BDI,Africa,1969,1960,0.136,E
Burundi,BDI,Africa,1970,1970,0.244,E
Burundi,BDI,Africa,1971,1970,-0.326,E
Burundi,BDI,Africa,1972,1970,0.115,E
Burundi,BDI,Africa,1973,1970,0.501,E
Burundi,BDI,Africa,1974,1970,0.081,E
Burundi,BDI,Africa,1975,1970,,O
Burundi,BDI,Africa,1976,1970,,O
Burundi,BDI,Africa,1977,1970,,O
Burundi,BDI,Africa,1978,1970,,O
Burundi,BDI,Africa,1979,1970,,O
Burundi,BDI,Africa,1980,1980,,O
Burundi,BDI,Africa,1981,1980,,O
Burundi,BDI,Africa,1982,1980,0.667,E
Burundi,BDI,Africa,1983,1980,0.734,E
Burundi,BDI,Africa,1984,1980,,O
Burundi,BDI,Africa,1985,1980,,O
Burundi,BDI,Africa,1986,1980,0.603,E
Burundi,BDI,Africa,1987,1980,0.688,E
Burundi,BDI,Africa,1988,1980,0.445,E
Burundi,BDI,Africa,1989,1980,0.179,E
Burundi,BDI,Africa,1990,1990,0.508,E
Burundi,BDI,Africa,1991,1990,0.12,E
Burundi,BDI,Africa,1992,1990,0.234,E
Burundi,BDI,Africa,1993,1990,,O
Burundi,BDI,Africa,1994,1990,,O
Burundi,BDI,Africa,1995,1990,,O
Burundi,BDI,Africa,1996,1990,,O
Burundi,BDI,Africa,1997,1990,,O
Burundi,BDI,Africa,1998,1990,0.775,E
Burundi,BDI,Africa,1999,1990,,O
Burundi,BDI,Africa,2000,2000,,O
Burundi,BDI,Africa,2001,2000,0.533,E
Burundi,BDI,Africa,2002,2000,0.941,E
Burundi,BDI,Africa,2003,2000,1.08,E
Burundi,BDI,Africa,2004,2000,1.181,E
Burundi,BDI,Africa,2005,2000,,O
Burundi,BDI,Africa,2006,2000,,O
Burundi,BDI,Africa,2007,2000,1.284,E
Burundi,BDI,Africa,2008,2000,,O
Burundi,BDI,Africa,2009,2000,,O
Burundi,BDI,Africa,2010,2010,,O
Burundi,BDI,Africa,2011,2010,,O
Burundi,BDI,Africa,2012,2010,,O
Burundi,BDI,Africa,2013,2010,,O
Burundi,BDI,Africa,2014,2010,,O
Burundi,BDI,Africa,2015,2010,,O
Burundi,BDI,Africa,2016,2010,,O
Burundi,BDI,Africa,2017,2010,,O
Burundi,BDI,Africa,2018,2010,,O
Burundi,BDI,Africa,2019,2010,,O
Burundi,BDI,Africa,2020,2020,,O
Burundi,BDI,Africa,2021,2020,,O
Burundi,BDI,Africa,2022,2020,,O
Burundi,BDI,Africa,2023,2020,,O
Burundi,BDI,Africa,2024,2020,,O
Burundi,BDI,Africa,2025,2020,,O
Cabo Verde,CPV,Africa,1961,1960,-0.226,E
Cabo Verde,CPV,Africa,1962,1960,0.08,E
Cabo Verde,CPV,Africa,1963,1960,0.332,E
Cabo Verde,CPV,Africa,1964,1960,-0.029,E
Cabo Verde,CPV,Africa,1965,1960,-0.316,E
Cabo Verde,CPV,Africa,1966,1960,0.313,E
Cabo Verde,CPV,Africa,1967,1960,0.017,E
Cabo Verde,CPV,Africa,1968,1960,-0.245,E
Cabo Verde,CPV,Africa,1969,1960,0.998,E
Cabo Verde,CPV,Africa,1970,1970,0.841,E
Cabo Verde,CPV,Africa,1971,1970,-0.059,E
Cabo Verde,CPV,Africa,1972,1970,0.276,E
Cabo Verde,CPV,Africa,1973,1970,0.622,E
Cabo Verde,CPV,Africa,1974,1970,-0.593,E
Cabo Verde,CPV,Africa,1975,1970,,O
Cabo Verde,CPV,Africa,1976,1970,-0.384,E
Cabo Verde,CPV,Africa,1977,1970,,O
Cabo Verde,CPV,Africa,1978,1970,0.24,E
Cabo Verde,CPV,Africa,1979,1970,0.599,E
Cabo Verde,CPV,Africa,1980,1980,0.644,E
Cabo Verde,CPV,Africa,1981,1980,0.498,E
Cabo Verde,CPV,Africa,1982,1980,0.741,E
Cabo Verde,CPV,Africa,1983,1980,0.742,E
Cabo Verde,CPV,Africa,1984,1980,,O
Cabo Verde,CPV,Africa,1985,1980,0.331,E
Cabo Verde,CPV,Africa,1986,1980,0.2,E
Cabo Verde,CPV,Africa,1987,1980,1.158,E
Cabo Verde,CPV,Africa,1988,1980,0.583,E
Cabo Verde,CPV,Africa,1989,1980,0.718,E
Cabo Verde,CPV,Africa,1990,1990,1.081,E
Cabo Verde,CPV,Africa,1991,1990,0.448,E
Cabo Verde,CPV,Africa,1992,1990,0.656,E
Cabo Verde,CPV,Africa,1993,1990,0.276,E
Cabo Verde,CPV,Africa,1994,1990,0.209,E
Cabo Verde,CPV,Africa,1995,1990,1.243,E
Cabo Verde,CPV,Africa,1996,1990,1.366,E
Cabo Verde,CPV,Africa,1997,1990,1.422,E
Cabo Verde,CPV,Africa,1998,1990,1.548,E
Cabo Verde,CPV,Africa,1999,1990,0.562,E
Cabo Verde,CPV,Africa,2000,2000,0.807,E
Cabo Verde,CPV,Africa,2001,2000,1.097,E
Cabo Verde,CPV,Africa,2002,2000,1.244,E
Cabo Verde,CPV,Africa,2003,2000,1.328,E
Cabo Verde,CPV,Africa,2004,2000,1.363,E
Cabo Verde,CPV,Africa,2005,2000,0.939,E
Cabo Verde,CPV,Africa,2006,2000,1.123,E
Cabo Verde,CPV,Africa,2007,2000,0.589,E
Cabo Verde,CPV,Africa,2008,2000,1.07,E
Cabo Verde,CPV,Africa,2009,2000,0.545,E
Cabo Verde,CPV,Africa,2010,2010,,O
Cabo Verde,CPV,Africa,2011,2010,1.14,E
Cabo Verde,CPV,Africa,2012,2010,1.106,E
Cabo Verde,CPV,Africa,2013,2010,1.108,E
Cabo Verde,CPV,Africa,2014,2010,0.86,E
Cabo Verde,CPV,Africa,2015,2010,0.848,E
Cabo Verde,CPV,Africa,2016,2010,1.486,E
Cabo Verde,CPV,Africa,2017,2010,1.785,E
Cabo Verde,CPV,Africa,2018,2010,0.702,E
Cabo Verde,CPV,Africa,2019,2010,1.39,E
Cabo Verde,CPV,Africa,2020,2020,,O
Cabo Verde,CPV,Africa,2021,2020,1.493,E
Cabo Verde,CPV,Africa,2022,2020,1.581,E
Cabo Verde,CPV,Africa,2023,2020,2.541,E
Cabo Verde,CPV,Africa,2024,2020,2.33,E
Cabo Verde,CPV,Africa,2025,2020,1.647,E
Cambodia,KHM,Asia,1961,1960,0.002,E
Cambodia,KHM,Asia,1962,1960,-0.097,E
Cambodia,KHM,Asia,1963,1960,-0.285,E
Cambodia,KHM,Asia,1964,1960,0.143,E
Cambodia,KHM,Asia,1965,1960,-0.223,E
Cambodia,KHM,Asia,1966,1960,0.412,E
Cambodia,KHM,Asia,1967,1960,-0.095,E
Cambodia,KHM,Asia,1968,1960,-0.135,E
Cambodia,KHM,Asia,1969,1960,0.453,E
Cambodia,KHM,Asia,1970,1970,0.053,E
Cambodia,KHM,Asia,1971,1970,-0.487,E
Cambodia,KHM,Asia,1972,1970,0.013,E
Cambodia,KHM,Asia,1973,1970,0.353,E
Cambodia,KHM,Asia,1974,1970,-0.358,E
Cambodia,KHM,Asia,1975,1970,-0.05,E
Cambodia,KHM,Asia,1976,1970,-0.496,E
Cambodia,KHM,Asia,1977,1970,0.072,E
Cambodia,KHM,Asia,1978,1970,0.259,E
Cambodia,KHM,Asia,1979,1970,0.445,E
Cambodia,KHM,Asia,1980,1980,0.369,E
Cambodia,KHM,Asia,1981,1980,0.285,E
Cambodia,KHM,Asia,1982,1980,0.096,E
Cambodia,KHM,Asia,1983,1980,0.478,E
Cambodia,KHM,Asia,1984,1980,0.087,E
Cambodia,KHM,Asia,1985,1980,0.232,E
Cambodia,KHM,Asia,1986,1980,0.062,E
Cambodia,KHM,Asia,1987,1980,0.613,E
Cambodia,KHM,Asia,1988,1980,0.324,E
Cambodia,KHM,Asia,1989,1980,0.219,E
Cambodia,KHM,Asia,1990,1990,0.574,E
Cambodia,KHM,Asia,1991,1990,0.496,E
Cambodia,KHM,Asia,1992,1990,0.448,E
Cambodia,KHM,Asia,1993,1990,0.324,E
Cambodia,KHM,Asia,1994,1990,0.391,E
Cambodia,KHM,Asia,1995,1990,0.627,E
Cambodia,KHM,Asia,1996,1990,0.27,E
Cambodia,KHM,Asia,1997,1990,0.29,E
Cambodia,KHM,Asia,1998,1990,1.427,E
Cambodia,KHM,Asia,1999,1990,0.322,E
Cambodia,KHM,Asia,2000,2000,0.193,E
Cambodia,KHM,Asia,2001,2000,0.54,E
Cambodia,KHM,Asia,2002,2000,0.772,E
Cambodia,KHM,Asia,2003,2000,0.611,E
Cambodia,KHM,Asia,2004,2000,0.492,E
Cambodia,KHM,Asia,2005,2000,0.675,E
Cambodia,KHM,Asia,2006,2000,0.635,E
Cambodia,KHM,Asia,2007,2000,0.491,E
Cambodia,KHM,Asia,2008,2000,0.313,E
Cambodia,KHM,Asia,2009,2000,0.403,E
Cambodia,KHM,Asia,2010,2010,1.136,E
Cambodia,KHM,Asia,2011,2010,0.385,E
Cambodia,KHM,Asia,2012,2010,0.81,E
Cambodia,KHM,Asia,2013,2010,0.908,E
Cambodia,KHM,Asia,2014,2010,0.59,E
Cambodia,KHM,Asia,2015,2010,1.059,E
Cambodia,KHM,Asia,2016,2010,1.462,E
Cambodia,KHM,Asia,2017,2010,1.059,E
Cambodia,KHM,Asia,2018,2010,0.756,E
Cambodia,KHM,Asia,2019,2010,1.529,E
Cambodia,KHM,Asia,2020,2020,1.401,E
Cambodia,KHM,Asia,2021,2020,0.887,E
Cambodia,KHM,Asia,2022,2020,0.902,E
Cambodia,KHM,Asia,2023,2020,1.32,E
Cambodia,KHM,Asia,2024,2020,2.001,E
Cambodia,KHM,Asia,2025,2020,0.929,E
Cameroon,CMR,Africa,1961,1960,-0.084,E
Cameroon,CMR,Africa,1962,1960,-0.196,E
Cameroon,CMR,Africa,1963,1960,0.154,E
Cameroon,CMR,Africa,1964,1960,-0.157,E
Cameroon,CMR,Africa,1965,1960,-0.09,E
Cameroon,CMR,Africa,1966,1960,-0.006,E
Cameroon,CMR,Africa,1967,1960,-0.13,E
Cameroon,CMR,Africa,1968,1960,-0.116,E
Cameroon,CMR,Africa,1969,1960,0.196,E
Cameroon,CMR,Africa,1970,1970,0.16,E
Cameroon,CMR,Africa,1971,1970,-0.158,E
Cameroon,CMR,Africa,1972,1970,0.022,E
Cameroon,CMR,Africa,1973,1970,0.546,E
Cameroon,CMR,Africa,1974,1970,-0.092,E
Cameroon,CMR,Africa,1975,1970,-0.222,E
Cameroon,CMR,Africa,1976,1970,-0.196,E
Cameroon,CMR,Africa,1977,1970,0.305,E
Cameroon,CMR,Africa,1978,1970,0.03,E
Cameroon,CMR,Africa,1979,1970,0.387,E
Cameroon,CMR,Africa,1980,1980,0.351,E
Cameroon,CMR,Africa,1981,1980,-0.008,E
Cameroon,CMR,Africa,1982,1980,-0.033,E
Cameroon,CMR,Africa,1983,1980,0.114,E
Cameroon,CMR,Africa,1984,1980,0.176,E
Cameroon,CMR,Africa,1985,1980,0.008,E
Cameroon,CMR,Africa,1986,1980,0.033,E
Cameroon,CMR,Africa,1987,1980,0.444,E
Cameroon,CMR,Africa,1988,1980,0.255,E
Cameroon,CMR,Africa,1989,1980,-0.324,E
Cameroon,CMR,Africa,1990,1990,0.586,E
Cameroon,CMR,Africa,1991,1990,0.594,E
Cameroon,CMR,Africa,1992,1990,-0.237,E
Cameroon,CMR,Africa,1993,1990,0.179,E
Cameroon,CMR,Africa,1994,1990,0.242,E
Cameroon,CMR,Africa,1995,1990,0.26,E
Cameroon,CMR,Africa,1996,1990,0.318,E
Cameroon,CMR,Africa,1997,1990,0.54,E
Cameroon,CMR,Africa,1998,1990,1.175,E
Cameroon,CMR,Africa,1999,1990,0.548,E
Cameroon,CMR,Africa,2000,2000,0.31,E
Cameroon,CMR,Africa,2001,2000,0.223,E
Cameroon,CMR,Africa,2002,2000,0.68,E
Cameroon,CMR,Africa,2003,2000,0.895,E
Cameroon,CMR,Africa,2004,2000,0.761,E
Cameroon,CMR,Africa,2005,2000,0.877,E
Cameroon,CMR,Africa,2006,2000,0.923,E
Cameroon,CMR,Africa,2007,2000,0.597,E
Cameroon,CMR,Africa,2008,2000,0.518,E
Cameroon,CMR,Africa,2009,2000,0.93,E
Cameroon,CMR,Africa,2010,2010,1.081,E
Cameroon,CMR,Africa,2011,2010,0.511,E
Cameroon,CMR,Africa,2012,2010,0.32,E
Cameroon,CMR,Africa,2013,2010,0.617,E
Cameroon,CMR,Africa,2014,2010,0.759,E
Cameroon,CMR,Africa,2015,2010,1.02,E
Cameroon,CMR,Africa,2016,2010,1.107,E
Cameroon,CMR,Africa,2017,2010,1.057,E
Cameroon,CMR,Africa,2018,2010,1.006,E
Cameroon,CMR,Africa,2019,2010,1.411,E
Cameroon,CMR,Africa,2020,2020,1.083,E
Cameroon,CMR,Africa,2021,2020,1.225,E
Cameroon,CMR,Africa,2022,2020,0.804,E
Cameroon,CMR,Africa,2023,2020,1.081,E
Cameroon,CMR,Africa,2024,2020,1.407,E
Cameroon,CMR,Africa,2025,2020,1.15,E
Canada,CAN,North America,1961,1960,0.041,E
Canada,CAN,North America,1962,1960,-0.127,E
Canada,CAN,North America,1963,1960,0.335,E
Canada,CAN,North America,1964,1960,-0.298,E
Canada,CAN,North America,1965,1960,-0.87,E
Canada,CAN,North America,1966,1960,-0.168,E
Canada,CAN,North America,1967,1960,-0.456,E
Canada,CAN,North America,1968,1960,0.476,E
Canada,CAN,North America,1969,1960,-0.006,E
Canada,CAN,North America,1970,1970,0.431,E
Canada,CAN,North America,1971,1970,-0.013,E
Canada,CAN,North America,1972,1970,-1.783,E
Canada,CAN,North America,1973,1970,0.325,E
Canada,CAN,North America,1974,1970,-0.829,E
Canada,CAN,North America,1975,1970,0.236,E
Canada,CAN,North America,1976,1970,0.095,E
Canada,CAN,North America,1977,1970,1.086,E
Canada,CAN,North America,1978,1970,-0.596,E
Canada,CAN,North America,1979,1970,-0.22,E
Canada,CAN,North America,1980,1980,0.922,E
Canada,CAN,North America,1981,1980,1.555,E
Canada,CAN,North America,1982,1980,-0.674,E
Canada,CAN,North America,1983,1980,0.497,E
Canada,CAN,North America,1984,1980,0.349,E
Canada,CAN,North America,1985,1980,-0.299,E
Canada,CAN,North America,1986,1980,0.008,E
Canada,CAN,North America,1987,1980,1.348,E
Canada,CAN,North America,1988,1980,1.199,E
Canada,CAN,North America,1989,1980,0.012,E
Canada,CAN,North America,1990,1990,0.066,E
Canada,CAN,North America,1991,1990,0.334,E
Canada,CAN,North America,1992,1990,0.091,E
Canada,CAN,North America,1993,1990,0.338,E
Canada,CAN,North America,1994,1990,0.455,E
Canada,CAN,North America,1995,1990,0.94,E
Canada,CAN,North America,1996,1990,-0.122,E
Canada,CAN,North America,1997,1990,0.428,E
Canada,CAN,North America,1998,1990,2.479,E
Canada,CAN,North America,1999,1990,1.707,E
Canada,CAN,North America,2000,2000,1.293,E
Canada,CAN,North America,2001,2000,1.433,E
Canada,CAN,North America,2002,2000,0.539,E
Canada,CAN,North America,2003,2000,1.244,E
Canada,CAN,North America,2004,2000,0.487,E
Canada,CAN,North America,2005,2000,1.28,E
Canada,CAN,North America,2006,2000,2.355,E
Canada,CAN,North America,2007,2000,1.331,E
Canada,CAN,North America,2008,2000,0.863,E
Canada,CAN,North America,2009,2000,0.547,E
Canada,CAN,North America,2010,2010,2.93,E
Canada,CAN,North America,2011,2010,1.458,E
Canada,CAN,North America,2012,2010,2.149,E
Canada,CAN,North America,2013,2010,1.201,E
Canada,CAN,North America,2014,2010,0.284,E
Canada,CAN,North America,2015,2010,1.258,E
Canada,CAN,North America,2016,2010,2.41,E
Canada,CAN,North America,2017,2010,1.523,E
Canada,CAN,North America,2018,2010,0.499,E
Canada,CAN,North America,2019,2010,1.304,E
Canada,CAN,North America,2020,2020,1.13,E
Canada,CAN,North America,2021,2020,2.524,E
Canada,CAN,North America,2022,2020,1.256,E
Canada,CAN,North America,2023,2020,2.345,E
Canada,CAN,North America,2024,2020,3.359,E
Canada,CAN,North America,2025,2020,2.955,E
Cayman Islands,CYM,North America,1961,1960,,O
Cayman Islands,CYM,North America,1962,1960,,O
Cayman Islands,CYM,North America,1963,1960,,O
Cayman Islands,CYM,North America,1964,1960,,O
Cayman Islands,CYM,North America,1965,1960,,O
Cayman Islands,CYM,North America,1966,1960,-0.104,E
Cayman Islands,CYM,North America,1967,1960,-0.287,E
Cayman Islands,CYM,North America,1968,1960,-0.348,E
Cayman Islands,CYM,North America,1969,1960,0.196,E
Cayman Islands,CYM,North America,1970,1970,-0.114,E
Cayman Islands,CYM,North America,1971,1970,-0.205,E
Cayman Islands,CYM,North America,1972,1970,0.207,E
Cayman Islands,CYM,North America,1973,1970,0.298,E
Cayman Islands,CYM,North America,1974,1970,,O
Cayman Islands,CYM,North America,1975,1970,,O
Cayman Islands,CYM,North America,1976,1970,-0.434,E
Cayman Islands,CYM,North America,1977,1970,-0.004,E
Cayman Islands,CYM,North America,1978,1970,,O
Cayman Islands,CYM,North America,1979,1970,,O
Cayman Islands,CYM,North America,1980,1980,0.593,E
Cayman Islands,CYM,North America,1981,1980,0.032,E
Cayman Islands,CYM,North America,1982,1980,0.447,E
Cayman Islands,CYM,North America,1983,1980,0.347,E
Cayman Islands,CYM,North America,1984,1980,0.182,E
Cayman Islands,CYM,North America,1985,1980,0.053,E
Cayman Islands,CYM,North America,1986,1980,0.034,E
Cayman Islands,CYM,North America,1987,1980,,O
Cayman Islands,CYM,North America,1988,1980,,O
Cayman Islands,CYM,North America,1989,1980,,O
Cayman Islands,CYM,North America,1990,1990,,O
Cayman Islands,CYM,North America,1991,1990,,O
Cayman Islands,CYM,North America,1992,1990,,O
Cayman Islands,CYM,North America,1993,1990,0.577,E
Cayman Islands,CYM,North America,1994,1990,,O
Cayman Islands,CYM,North America,1995,1990,0.86,E
Cayman Islands,CYM,North America,1996,1990,0.254,E
Cayman Islands,CYM,North America,1997,1990,0.848,E
Cayman Islands,CYM,North America,1998,1990,0.804,E
Cayman Islands,CYM,North America,1999,1990,0.352,E
Cayman Islands,CYM,North America,2000,2000,,O
Cayman Islands,CYM,North America,2001,2000,,O
Cayman Islands,CYM,North America,2002,2000,,O
Cayman Islands,CYM,North America,2003,2000,,O
Cayman Islands,CYM,North America,2004,2000,,O
Cayman Islands,CYM,North America,2005,2000,0.733,E
Cayman Islands,CYM,North America,2006,2000,0.687,E
Cayman Islands,CYM,North America,2007,2000,0.867,E
Cayman Islands,CYM,North America,2008,2000,0.703,E
Cayman Islands,CYM,North America,2009,2000,0.636,E
Cayman Islands,CYM,North America,2010,2010,0.867,E
Cayman Islands,CYM,North America,2011,2010,0.582,E
Cayman Islands,CYM,North America,2012,2010,0.678,E
Cayman Islands,CYM,North America,2013,2010,0.863,E
Cayman Islands,CYM,North America,2014,2010,1.099,E
Cayman Islands,CYM,North America,2015,2010,1.377,E
Cayman Islands,CYM,North America,2016,2010,1.336,E
Cayman Islands,CYM,North America,2017,2010,1.337,E
Cayman Islands,CYM,North America,2018,2010,0.974,E
Cayman Islands,CYM,North America,2019,2010,1.375,E
Cayman Islands,CYM,North America,2020,2020,1.444,E
Cayman Islands,CYM,North America,2021,2020,1.152,E
Cayman Islands,CYM,North America,2022,2020,1.198,E
Cayman Islands,CYM,North America,2023,2020,1.76,E
Cayman Islands,CYM,North America,2024,2020,1.802,E
Cayman Islands,CYM,North America,2025,2020,1.635,E
Central African Republic,CAF,Africa,1961,1960,-0.002,E
Central African Republic,CAF,Africa,1962,1960,-0.315,E
Central African Republic,CAF,Africa,1963,1960,0.03,E
Central African Republic,CAF,Africa,1964,1960,-0.141,E
Central African Republic,CAF,Africa,1965,1960,-0.035,E
Central African Republic,CAF,Africa,1966,1960,0.05,E
Central African Republic,CAF,Africa,1967,1960,-0.263,E
Central African Republic,CAF,Africa,1968,1960,-0.174,E
Central African Republic,CAF,Africa,1969,1960,0.12,E
Central African Republic,CAF,Africa,1970,1970,0.244,E
Central African Republic,CAF,Africa,1971,1970,-0.099,E
Central African Republic,CAF,Africa,1972,1970,0.01,E
Central African Republic,CAF,Africa,1973,1970,0.501,E
Central African Republic,CAF,Africa,1974,1970,-0.102,E
Central African Republic,CAF,Africa,1975,1970,-0.098,E
Central African Republic,CAF,Africa,1976,1970,-0.173,E
Central African Republic,CAF,Africa,1977,1970,0.226,E
Central African Republic,CAF,Africa,1978,1970,0.033,E
Central African Republic,CAF,Africa,1979,1970,0.376,E
Central African Republic,CAF,Africa,1980,1980,0.417,E
Central African Republic,CAF,Africa,1981,1980,-0.128,E
Central African Republic,CAF,Africa,1982,1980,0.021,E
Central African Republic,CAF,Africa,1983,1980,0.212,E
Central African Republic,CAF,Africa,1984,1980,-0.087,E
Central African Republic,CAF,Africa,1985,1980,-0.031,E
Central African Republic,CAF,Africa,1986,1980,0.241,E
Central African Republic,CAF,Africa,1987,1980,0.288,E
Central African Republic,CAF,Africa,1988,1980,0.053,E
Central African Republic,CAF,Africa,1989,1980,-0.249,E
Central African Republic,CAF,Africa,1990,1990,0.213,E
Central African Republic,CAF,Africa,1991,1990,0.411,E
Central African Republic,CAF,Africa,1992,1990,-0.54,E
Central African Republic,CAF,Africa,1993,1990,0.138,E
Central African Republic,CAF,Africa,1994,1990,0.359,E
Central African Republic,CAF,Africa,1995,1990,-0.038,E
Central African Republic,CAF,Africa,1996,1990,-0.087,E
Central African Republic,CAF,Africa,1997,1990,-0.073,E
Central African Republic,CAF,Africa,1998,1990,1.055,E
Central African Republic,CAF,Africa,1999,1990,0.273,E
Central African Republic,CAF,Africa,2000,2000,0.464,E
Central African Republic,CAF,Africa,2001,2000,0.253,E
Central African Republic,CAF,Africa,2002,2000,0.597,E
Central African Republic,CAF,Africa,2003,2000,0.696,E
Central African Republic,CAF,Africa,2004,2000,0.767,E
Central African Republic,CAF,Africa,2005,2000,0.807,E
Central African Republic,CAF,Africa,2006,2000,0.816,E
Central African Republic,CAF,Africa,2007,2000,0.342,E
Central African Republic,CAF,Africa,2008,2000,0.387,E
Central African Republic,CAF,Africa,2009,2000,0.82,E
Central African Republic,CAF,Africa,2010,2010,0.882,E
Central African Republic,CAF,Africa,2011,2010,0.437,E
Central African Republic,CAF,Africa,2012,2010,0.092,E
Central African Republic,CAF,Africa,2013,2010,0.592,E
Central African Republic,CAF,Africa,2014,2010,0.462,E
Central African Republic,CAF,Africa,2015,2010,0.715,E
Central African Republic,CAF,Africa,2016,2010,0.926,E
Central African Republic,CAF,Africa,2017,2010,0.934,E
Central African Republic,CAF,Africa,2018,2010,0.925,E
Central African Republic,CAF,Africa,2019,2010,1.143,E
Central African Republic,CAF,Africa,2020,2020,0.804,E
Central African Republic,CAF,Africa,2021,2020,0.949,E
Central African Republic,CAF,Africa,2022,2020,0.711,E
Central African Republic,CAF,Africa,2023,2020,0.899,E
Central African Republic,CAF,Africa,2024,2020,1.345,E
Central African Republic,CAF,Africa,2025,2020,1.303,E
Chad,TCD,Africa,1961,1960,-0.418,E
Chad,TCD,Africa,1962,1960,-0.289,E
Chad,TCD,Africa,1963,1960,0.289,E
Chad,TCD,Africa,1964,1960,-0.18,E
Chad,TCD,Africa,1965,1960,-0.119,E
Chad,TCD,Africa,1966,1960,-0.045,E
Chad,TCD,Africa,1967,1960,-0.393,E
Chad,TCD,Africa,1968,1960,-0.171,E
Chad,TCD,Africa,1969,1960,0.526,E
Chad,TCD,Africa,1970,1970,0.175,E
Chad,TCD,Africa,1971,1970,-0.263,E
Chad,TCD,Africa,1972,1970,0.162,E
Chad,TCD,Africa,1973,1970,0.701,E
Chad,TCD,Africa,1974,1970,-0.015,E
Chad,TCD,Africa,1975,1970,-0.161,E
Chad,TCD,Africa,1976,1970,0.247,E
Chad,TCD,Africa,1977,1970,-0.034,E
Chad,TCD,Africa,1978,1970,-0.126,E
Chad,TCD,Africa,1979,1970,0.48,E
Chad,TCD,Africa,1980,1980,0.37,E
Chad,TCD,Africa,1981,1980,0.097,E
Chad,TCD,Africa,1982,1980,0.387,E
Chad,TCD,Africa,1983,1980,-0.051,E
Chad,TCD,Africa,1984,1980,0.489,E
Chad,TCD,Africa,1985,1980,0.214,E
Chad,TCD,Africa,1986,1980,0.658,E
Chad,TCD,Africa,1987,1980,0.358,E
Chad,TCD,Africa,1988,1980,0.128,E
Chad,TCD,Africa,1989,1980,-0.253,E
Chad,TCD,Africa,1990,1990,0.461,E
Chad,TCD,Africa,1991,1990,0.562,E
Chad,TCD,Africa,1992,1990,-0.301,E
Chad,TCD,Africa,1993,1990,0.179,E
Chad,TCD,Africa,1994,1990,0.326,E
Chad,TCD,Africa,1995,1990,0.112,E
Chad,TCD,Africa,1996,1990,0.568,E
Chad,TCD,Africa,1997,1990,0.226,E
Chad,TCD,Africa,1998,1990,0.818,E
Chad,TCD,Africa,1999,1990,0.529,E
Chad,TCD,Africa,2000,2000,0.293,E
Chad,TCD,Africa,2001,2000,0.251,E
Chad,TCD,Africa,2002,2000,0.733,E
Chad,TCD,Africa,2003,2000,0.786,E
Chad,TCD,Africa,2004,2000,0.791,E
Chad,TCD,Africa,2005,2000,1.12,E
Chad,TCD,Africa,2006,2000,1.347,E
Chad,TCD,Africa,2007,2000,0.555,E
Chad,TCD,Africa,2008,2000,0.409,E
Chad,TCD,Africa,2009,2000,1.214,E
Chad,TCD,Africa,2010,2010,1.298,E
Chad,TCD,Africa,2011,2010,0.936,E
Chad,TCD,Africa,2012,2010,0.511,E
Chad,TCD,Africa,2013,2010,0.976,E
Chad,TCD,Africa,2014,2010,0.812,E
Chad,TCD,Africa,2015,2010,0.978,E
Chad,TCD,Africa,2016,2010,0.764,E
Chad,TCD,Africa,2017,2010,0.895,E
Chad,TCD,Africa,2018,2010,1.19,E
Chad,TCD,Africa,2019,2010,0.943,E
Chad,TCD,Africa,2020,2020,0.852,E
Chad,TCD,Africa,2021,2020,1.06,E
Chad,TCD,Africa,2022,2020,0.594,E
Chad,TCD,Africa,2023,2020,1.344,E
Chad,TCD,Africa,2024,2020,1.617,E
Chad,TCD,Africa,2025,2020,1.101,E
Chile,CHL,South America,1961,1960,-0.287,E
Chile,CHL,South America,1962,1960,0.265,E
Chile,CHL,South America,1963,1960,0.071,E
Chile,CHL,South America,1964,1960,-0.19,E
Chile,CHL,South America,1965,1960,0.159,E
Chile,CHL,South America,1966,1960,-0.148,E
Chile,CHL,South America,1967,1960,-0.114,E
Chile,CHL,South America,1968,1960,0.386,E
Chile,CHL,South America,1969,1960,0.186,E
Chile,CHL,South America,1970,1970,0.216,E
Chile,CHL,South America,1971,1970,-0.371,E
Chile,CHL,South America,1972,1970,-0.135,E
Chile,CHL,South America,1973,1970,-0.086,E
Chile,CHL,South America,1974,1970,-0.19,E
Chile,CHL,South America,1975,1970,-0.185,E
Chile,CHL,South America,1976,1970,-0.346,E
Chile,CHL,South America,1977,1970,0.267,E
Chile,CHL,South America,1978,1970,0.272,E
Chile,CHL,South America,1979,1970,0.19,E
Chile,CHL,South America,1980,1980,0.265,E
Chile,CHL,South America,1981,1980,0.299,E
Chile,CHL,South America,1982,1980,0.295,E
Chile,CHL,South America,1983,1980,0.524,E
Chile,CHL,South America,1984,1980,-0.181,E
Chile,CHL,South America,1985,1980,0.278,E
Chile,CHL,South America,1986,1980,0.036,E
Chile,CHL,South America,1987,1980,0.575,E
Chile,CHL,South America,1988,1980,0.048,E
Chile,CHL,South America,1989,1980,0.308,E
Chile,CHL,South America,1990,1990,0.173,E
Chile,CHL,South America,1991,1990,0.054,E
Chile,CHL,South America,1992,1990,-0.119,E
Chile,CHL,South America,1993,1990,0.165,E
Chile,CHL,South America,1994,1990,0.155,E
Chile,CHL,South America,1995,1990,-0.11,E
Chile,CHL,South America,1996,1990,0.186,E
Chile,CHL,South America,1997,1990,0.653,E
Chile,CHL,South America,1998,1990,0.642,E
Chile,CHL,South America,1999,1990,0.158,E
Chile,CHL,South America,2000,2000,-0.312,E
Chile,CHL,South America,2001,2000,-0.114,E
Chile,CHL,South America,2002,2000,-0.041,E
Chile,CHL,South America,2003,2000,0.163,E
Chile,CHL,South America,2004,2000,0.399,E
Chile,CHL,South America,2005,2000,0.068,E
Chile,CHL,South America,2006,2000,0.366,E
Chile,CHL,South America,2007,2000,-0.437,E
Chile,CHL,South America,2008,2000,0.267,E
Chile,CHL,South America,2009,2000,0.28,E
Chile,CHL,South America,2010,2010,-0.253,E
Chile,CHL,South America,2011,2010,-0.044,E
Chile,CHL,South America,2012,2010,0.452,E
Chile,CHL,South America,2013,2010,0.212,E
Chile,CHL,South America,2014,2010,0.276,E
Chile,CHL,South America,2015,2010,0.575,E
Chile,CHL,South America,2016,2010,0.713,E
Chile,CHL,South America,2017,2010,0.566,E
Chile,CHL,South America,2018,2010,0.246,E
Chile,CHL,South America,2019,2010,0.392,E
Chile,CHL,South America,2020,2020,0.652,E
Chile,CHL,South America,2021,2020,0.618,E
Chile,CHL,South America,2022,2020,0.231,E
Chile,CHL,South America,2023,2020,0.901,E
Chile,CHL,South America,2024,2020,0.46,E
Chile,CHL,South America,2025,2020,0.82,E
China,CHN,Asia,1961,1960,0.249,E
China,CHN,Asia,1962,1960,-0.157,E
China,CHN,Asia,1963,1960,0.28,E
China,CHN,Asia,1964,1960,-0.028,E
China,CHN,Asia,1965,1960,0.074,E
China,CHN,Asia,1966,1960,0.178,E
China,CHN,Asia,1967,1960,-0.285,E
China,CHN,Asia,1968,1960,-0.412,E
China,CHN,Asia,1969,1960,-0.212,E
China,CHN,Asia,1970,1970,-0.304,E
China,CHN,Asia,1971,1970,0.036,E
China,CHN,Asia,1972,1970,0.011,E
China,CHN,Asia,1973,1970,0.408,E
China,CHN,Asia,1974,1970,-0.01,E
China,CHN,Asia,1975,1970,0.274,E
China,CHN,Asia,1976,1970,-0.396,E
China,CHN,Asia,1977,1970,-0.06,E
China,CHN,Asia,1978,1970,0.236,E
China,CHN,Asia,1979,1970,0.295,E
China,CHN,Asia,1980,1980,0.251,E
China,CHN,Asia,1981,1980,0.219,E
China,CHN,Asia,1982,1980,0.378,E
China,CHN,Asia,1983,1980,0.122,E
China,CHN,Asia,1984,1980,-0.154,E
China,CHN,Asia,1985,1980,-0.125,E
China,CHN,Asia,1986,1980,-0.04,E
China,CHN,Asia,1987,1980,0.433,E
China,CHN,Asia,1988,1980,0.4,E
China,CHN,Asia,1989,1980,0.432,E
China,CHN,Asia,1990,1990,0.854,E
China,CHN,Asia,1991,1990,0.529,E
China,CHN,Asia,1992,1990,0.137,E
China,CHN,Asia,1993,1990,0.287,E
China,CHN,Asia,1994,1990,0.738,E
China,CHN,Asia,1995,1990,0.584,E
China,CHN,Asia,1996,1990,0.22,E
China,CHN,Asia,1997,1990,0.75,E
China,CHN,Asia,1998,1990,1.28,E
China,CHN,Asia,1999,1990,1.245,E
China,CHN,Asia,2000,2000,0.588,E
China,CHN,Asia,2001,2000,1.054,E
China,CHN,Asia,2002,2000,1.148,E
China,CHN,Asia,2003,2000,0.844,E
China,CHN,Asia,2004,2000,1.133,E
China,CHN,Asia,2005,2000,1.068,E
China,CHN,Asia,2006,2000,1.25,E
China,CHN,Asia,2007,2000,1.553,E
China,CHN,Asia,2008,2000,1.105,E
China,CHN,Asia,2009,2000,1.347,E
China,CHN,Asia,2010,2010,0.976,E
China,CHN,Asia,2011,2010,0.807,E
China,CHN,Asia,2012,2010,0.642,E
China,CHN,Asia,2013,2010,1.086,E
China,CHN,Asia,2014,2010,1.069,E
China,CHN,Asia,2015,2010,1.3,E
China,CHN,Asia,2016,2010,1.334,E
China,CHN,Asia,2017,2010,1.591,E
China,CHN,Asia,2018,2010,1.388,E
China,CHN,Asia,2019,2010,1.437,E
China,CHN,Asia,2020,2020,1.66,E
China,CHN,Asia,2021,2020,1.702,E
China,CHN,Asia,2022,2020,1.902,E
China,CHN,Asia,2023,2020,1.892,E
China,CHN,Asia,2024,2020,2.274,E
China,CHN,Asia,2025,2020,1.921,E
"China, Hong Kong SAR",HKG,Asia,1961,1960,0.061,E
"China, Hong Kong SAR",HKG,Asia,1962,1960,-0.057,E
"China, Hong Kong SAR",HKG,Asia,1963,1960,0.331,E
"China, Hong Kong SAR",HKG,Asia,1964,1960,0.122,E
"China, Hong Kong SAR",HKG,Asia,1965,1960,0.156,E
"China, Hong Kong SAR",HKG,Asia,1966,1960,0.655,E
"China, Hong Kong SAR",HKG,Asia,1967,1960,0.041,E
"China, Hong Kong SAR",HKG,Asia,1968,1960,-0.652,E
"China, Hong Kong SAR",HKG,Asia,1969,1960,-0.003,E
"China, Hong Kong SAR",HKG,Asia,1970,1970,-0.394,E
"China, Hong Kong SAR",HKG,Asia,1971,1970,-0.184,E
"China, Hong Kong SAR",HKG,Asia,1972,1970,-0.14,E
"China, Hong Kong SAR",HKG,Asia,1973,1970,0.426,E
"China, Hong Kong SAR",HKG,Asia,1974,1970,-0.344,E
"China, Hong Kong SAR",HKG,Asia,1975,1970,0.159,E
"China, Hong Kong SAR",HKG,Asia,1976,1970,-0.772,E
"China, Hong Kong SAR",HKG,Asia,1977,1970,0.162,E
"China, Hong Kong SAR",HKG,Asia,1978,1970,0.005,E
"China, Hong Kong SAR",HKG,Asia,1979,1970,0.018,E
"China, Hong Kong SAR",HKG,Asia,1980,1980,0.258,E
"China, Hong Kong SAR",HKG,Asia,1981,1980,0.386,E
"China, Hong Kong SAR",HKG,Asia,1982,1980,0.071,E
"China, Hong Kong SAR",HKG,Asia,1983,1980,-0.168,E
"China, Hong Kong SAR",HKG,Asia,1984,1980,-0.5,E
"China, Hong Kong SAR",HKG,Asia,1985,1980,-0.266,E
"China, Hong Kong SAR",HKG,Asia,1986,1980,0.039,E
"China, Hong Kong SAR",HKG,Asia,1987,1980,0.859,E
"China, Hong Kong SAR",HKG,Asia,1988,1980,-0.11,E
"China, Hong Kong SAR",HKG,Asia,1989,1980,0.274,E
"China, Hong Kong SAR",HKG,Asia,1990,1990,0.285,E
"China, Hong Kong SAR",HKG,Asia,1991,1990,0.705,E
"China, Hong Kong SAR",HKG,Asia,1992,1990,-0.254,E
"China, Hong Kong SAR",HKG,Asia,1993,1990,0.273,E
"China, Hong Kong SAR",HKG,Asia,1994,1990,0.323,E
"China, Hong Kong SAR",HKG,Asia,1995,1990,-0.043,E
"China, Hong Kong SAR",HKG,Asia,1996,1990,-0.006,E
"China, Hong Kong SAR",HKG,Asia,1997,1990,0.272,E
"China, Hong Kong SAR",HKG,Asia,1998,1990,0.898,E
"China, Hong Kong SAR",HKG,Asia,1999,1990,0.954,E
"China, Hong Kong SAR",HKG,Asia,2000,2000,0.292,E
"China, Hong Kong SAR",HKG,Asia,2001,2000,0.827,E
"China, Hong Kong SAR",HKG,Asia,2002,2000,0.933,E
"China, Hong Kong SAR",HKG,Asia,2003,2000,0.96,E
"China, Hong Kong SAR",HKG,Asia,2004,2000,0.671,E
"China, Hong Kong SAR",HKG,Asia,2005,2000,0.717,E
"China, Hong Kong SAR",HKG,Asia,2006,2000,0.886,E
"China, Hong Kong SAR",HKG,Asia,2007,2000,0.995,E
"China, Hong Kong SAR",HKG,Asia,2008,2000,0.393,E
"China, Hong Kong SAR",HKG,Asia,2009,2000,0.891,E
"China, Hong Kong SAR",HKG,Asia,2010,2010,0.365,E
"China, Hong Kong SAR",HKG,Asia,2011,2010,0.324,E
"China, Hong Kong SAR",HKG,Asia,2012,2010,0.53,E
"China, Hong Kong SAR",HKG,Asia,2013,2010,0.769,E
"China, Hong Kong SAR",HKG,Asia,2014,2010,0.677,E
"China, Hong Kong SAR",HKG,Asia,2015,2010,1.147,E
"China, Hong Kong SAR",HKG,Asia,2016,2010,0.724,E
"China, Hong Kong SAR",HKG,Asia,2017,2010,1.272,E
"China, Hong Kong SAR",HKG,Asia,2018,2010,1.079,E
"China, Hong Kong SAR",HKG,Asia,2019,2010,1.654,E
"China, Hong Kong SAR",HKG,Asia,2020,2020,1.741,E
"China, Hong Kong SAR",HKG,Asia,2021,2020,1.837,E
"China, Hong Kong SAR",HKG,Asia,2022,2020,1.238,E
"China, Hong Kong SAR",HKG,Asia,2023,2020,1.281,E
"China, Hong Kong SAR",HKG,Asia,2024,2020,1.743,E
"China, Hong Kong SAR",HKG,Asia,2025,2020,1.01,E
"China, Macao SAR",MAC,Asia,1961,1960,0.061,E
"China, Macao SAR",MAC,Asia,1962,1960,-0.057,E
"China, Macao SAR",MAC,Asia,1963,1960,0.331,E
"China, Macao SAR",MAC,Asia,1964,1960,0.122,E
"China, Macao SAR",MAC,Asia,1965,1960,0.156,E
"China, Macao SAR",MAC,Asia,1966,1960,0.655,E
"China, Macao SAR",MAC,Asia,1967,1960,0.041,E
"China, Macao SAR",MAC,Asia,1968,1960,-0.652,E
"China, Macao SAR",MAC,Asia,1969,1960,-0.003,E
"China, Macao SAR",MAC,Asia,1970,1970,-0.394,E
"China, Macao SAR",MAC,Asia,1971,1970,-0.184,E
"China, Macao SAR",MAC,Asia,1972,1970,-0.14,E
"China, Macao SAR",MAC,Asia,1973,1970,0.426,E
"China, Macao SAR",MAC,Asia,1974,1970,-0.344,E
"China, Macao SAR",MAC,Asia,1975,1970,0.159,E
"China, Macao SAR",MAC,Asia,1976,1970,-0.772,E
"China, Macao SAR",MAC,Asia,1977,1970,0.162,E
"China, Macao SAR",MAC,Asia,1978,1970,0.005,E
"China, Macao SAR",MAC,Asia,1979,1970,0.018,E
"China, Macao SAR",MAC,Asia,1980,1980,0.258,E
"China, Macao SAR",MAC,Asia,1981,1980,0.386,E
"China, Macao SAR",MAC,Asia,1982,1980,0.071,E
"China, Macao SAR",MAC,Asia,1983,1980,-0.168,E
"China, Macao SAR",MAC,Asia,1984,1980,-0.5,E
"China, Macao SAR",MAC,Asia,1985,1980,-0.266,E
"China, Macao SAR",MAC,Asia,1986,1980,0.039,E
"China, Macao SAR",MAC,Asia,1987,1980,0.859,E
"China, Macao SAR",MAC,Asia,1988,1980,-0.11,E
"China, Macao SAR",MAC,Asia,1989,1980,0.274,E
"China, Macao SAR",MAC,Asia,1990,1990,0.285,E
"China, Macao SAR",MAC,Asia,1991,1990,0.705,E
"China, Macao SAR",MAC,Asia,1992,1990,-0.254,E
"China, Macao SAR",MAC,Asia,1993,1990,0.273,E
"China, Macao SAR",MAC,Asia,1994,1990,0.323,E
"China, Macao SAR",MAC,Asia,1995,1990,-0.043,E
"China, Macao SAR",MAC,Asia,1996,1990,-0.006,E
"China, Macao SAR",MAC,Asia,1997,1990,0.272,E
"China, Macao SAR",MAC,Asia,1998,1990,0.898,E
"China, Macao SAR",MAC,Asia,1999,1990,0.954,E
"China, Macao SAR",MAC,Asia,2000,2000,0.292,E
"China, Macao SAR",MAC,Asia,2001,2000,0.827,E
"China, Macao SAR",MAC,Asia,2002,2000,0.933,E
"China, Macao SAR",MAC,Asia,2003,2000,0.96,E
"China, Macao SAR",MAC,Asia,2004,2000,0.671,E
"China, Macao SAR",MAC,Asia,2005,2000,0.717,E
"China, Macao SAR",MAC,Asia,2006,2000,0.886,E
"China, Macao SAR",MAC,Asia,2007,2000,0.995,E
"China, Macao SAR",MAC,Asia,2008,2000,0.393,E
"China, Macao SAR",MAC,Asia,2009,2000,0.891,E
"China, Macao SAR",MAC,Asia,2010,2010,0.365,E
"China, Macao SAR",MAC,Asia,2011,2010,0.324,E
"China, Macao SAR",MAC,Asia,2012,2010,0.53,E
"China, Macao SAR",MAC,Asia,2013,2010,0.769,E
"China, Macao SAR",MAC,Asia,2014,2010,0.677,E
"China, Macao SAR",MAC,Asia,2015,2010,1.147,E
"China, Macao SAR",MAC,Asia,2016,2010,0.724,E
"China, Macao SAR",MAC,Asia,2017,2010,1.272,E
"China, Macao SAR",MAC,Asia,2018,2010,1.079,E
"China, Macao SAR",MAC,Asia,2019,2010,1.654,E
"China, Macao SAR",MAC,Asia,2020,2020,1.741,E
"China, Macao SAR",MAC,Asia,2021,2020,1.837,E
"China, Macao SAR",MAC,Asia,2022,2020,1.238,E
"China, Macao SAR",MAC,Asia,2023,2020,1.281,E
"China, Macao SAR",MAC,Asia,2024,2020,1.743,E
"China, Macao SAR",MAC,Asia,2025,2020,1.01,E
"China, Taiwan Province of",TWN,Asia,1961,1960,0.173,E
"China, Taiwan Province of",TWN,Asia,1962,1960,-0.151,E
"China, Taiwan Province of",TWN,Asia,1963,1960,-0.208,E
"China, Taiwan Province of",TWN,Asia,1964,1960,0.25,E
"China, Taiwan Province of",TWN,Asia,1965,1960,-0.148,E
"China, Taiwan Province of",TWN,Asia,1966,1960,0.29,E
"China, Taiwan Province of",TWN,Asia,1967,1960,0.09,E
"China, Taiwan Province of",TWN,Asia,1968,1960,-0.956,E
"China, Taiwan Province of",TWN,Asia,1969,1960,-0.034,E
"China, Taiwan Province of",TWN,Asia,1970,1970,-0.384,E
"China, Taiwan Province of",TWN,Asia,1971,1970,-0.287,E
"China, Taiwan Province of",TWN,Asia,1972,1970,-0.221,E
"China, Taiwan Province of",TWN,Asia,1973,1970,0.425,E
"China, Taiwan Province of",TWN,Asia,1974,1970,-0.452,E
"China, Taiwan Province of",TWN,Asia,1975,1970,0.137,E
"China, Taiwan Province of",TWN,Asia,1976,1970,-0.646,E
"China, Taiwan Province of",TWN,Asia,1977,1970,0.112,E
"China, Taiwan Province of",TWN,Asia,1978,1970,-0.09,E
"China, Taiwan Province of",TWN,Asia,1979,1970,-0.056,E
"China, Taiwan Province of",TWN,Asia,1980,1980,0.197,E
"China, Taiwan Province of",TWN,Asia,1981,1980,0.101,E
"China, Taiwan Province of",TWN,Asia,1982,1980,-0.138,E
"China, Taiwan Province of",TWN,Asia,1983,1980,0.249,E
"China, Taiwan Province of",TWN,Asia,1984,1980,-0.569,E
"China, Taiwan Province of",TWN,Asia,1985,1980,-0.077,E
"China, Taiwan Province of",TWN,Asia,1986,1980,-0.239,E
"China, Taiwan Province of",TWN,Asia,1987,1980,0.343,E
"China, Taiwan Province of",TWN,Asia,1988,1980,0.283,E
"China, Taiwan Province of",TWN,Asia,1989,1980,0.039,E
"China, Taiwan Province of",TWN,Asia,1990,1990,0.34,E
"China, Taiwan Province of",TWN,Asia,1991,1990,0.538,E
"China, Taiwan Province of",TWN,Asia,1992,1990,-0.217,E
"China, Taiwan Province of",TWN,Asia,1993,1990,0.205,E
"China, Taiwan Province of",TWN,Asia,1994,1990,0.238,E
"China, Taiwan Province of",TWN,Asia,1995,1990,0.094,E
"China, Taiwan Province of",TWN,Asia,1996,1990,-0.083,E
"China, Taiwan Province of",TWN,Asia,1997,1990,0.041,E
"China, Taiwan Province of",TWN,Asia,1998,1990,1.099,E
"China, Taiwan Province of",TWN,Asia,1999,1990,0.637,E
"China, Taiwan Province of",TWN,Asia,2000,2000,0.321,E
"China, Taiwan Province of",TWN,Asia,2001,2000,0.732,E
"China, Taiwan Province of",TWN,Asia,2002,2000,0.888,E
"China, Taiwan Province of",TWN,Asia,2003,2000,0.879,E
"China, Taiwan Province of",TWN,Asia,2004,2000,0.491,E
"China, Taiwan Province of",TWN,Asia,2005,2000,0.718,E
"China, Taiwan Province of",TWN,Asia,2006,2000,0.764,E
"China, Taiwan Province of",TWN,Asia,2007,2000,0.832,E
"China, Taiwan Province of",TWN,Asia,2008,2000,0.612,E
"China, Taiwan Province of",TWN,Asia,2009,2000,0.782,E
"China, Taiwan Province of",TWN,Asia,2010,2010,0.543,E
"China, Taiwan Province of",TWN,Asia,2011,2010,0.104,E
"China, Taiwan Province of",TWN,Asia,2012,2010,0.39,E
"China, Taiwan Province of",TWN,Asia,2013,2010,0.696,E
"China, Taiwan Province of",TWN,Asia,2014,2010,0.509,E
"China, Taiwan Province of",TWN,Asia,2015,2010,0.497,E
"China, Taiwan Province of",TWN,Asia,2016,2010,0.78,E
"China, Taiwan Province of",TWN,Asia,2017,2010,1.11,E
"China, Taiwan Province of",TWN,Asia,2018,2010,0.877,E
"China, Taiwan Province of",TWN,Asia,2019,2010,1.084,E
"China, Taiwan Province of",TWN,Asia,2020,2020,1.522,E
"China, Taiwan Province of",TWN,Asia,2021,2020,1.699,E
"China, Taiwan Province of",TWN,Asia,2022,2020,1.215,E
"China, Taiwan Province of",TWN,Asia,2023,2020,1.309,E
"China, Taiwan Province of",TWN,Asia,2024,2020,1.618,E
"China, Taiwan Province of",TWN,Asia,2025,2020,1.314,E
Christmas Island,CXR,Asia,1961,1960,,O
Christmas Island,CXR,Asia,1962,1960,,O
Christmas Island,CXR,Asia,1963,1960,,O
Christmas Island,CXR,Asia,1964,1960,,O
Christmas Island,CXR,Asia,1965,1960,,O
Christmas Island,CXR,Asia,1966,1960,,O
Christmas Island,CXR,Asia,1967,1960,,O
Christmas Island,CXR,Asia,1968,1960,,O
Christmas Island,CXR,Asia,1969,1960,,O
Christmas Island,CXR,Asia,1970,1970,,O
Christmas Island,CXR,Asia,1971,1970,,O
Christmas Island,CXR,Asia,1972,1970,,O
Christmas Island,CXR,Asia,1973,1970,0.372,E
Christmas Island,CXR,Asia,1974,1970,-0.202,E
Christmas Island,CXR,Asia,1975,1970,-0.244,E
Christmas Island,CXR,Asia,1976,1970,-0.302,E
Christmas Island,CXR,Asia,1977,1970,-0.013,E
Christmas Island,CXR,Asia,1978,1970,-0.157,E
Christmas Island,CXR,Asia,1979,1970,0.171,E
Christmas Island,CXR,Asia,1980,1980,0.386,E
Christmas Island,CXR,Asia,1981,1980,,O
Christmas Island,CXR,Asia,1982,1980,,O
Christmas Island,CXR,Asia,1983,1980,,O
Christmas Island,CXR,Asia,1984,1980,0.324,E
Christmas Island,CXR,Asia,1985,1980,,O
Christmas Island,CXR,Asia,1986,1980,,O
Christmas Island,CXR,Asia,1987,1980,0.507,E
Christmas Island,CXR,Asia,1988,1980,0.501,E
Christmas Island,CXR,Asia,1989,1980,0.29,E
Christmas Island,CXR,Asia,1990,1990,0.602,E
Christmas Island,CXR,Asia,1991,1990,0.322,E
Christmas Island,CXR,Asia,1992,1990,0.371,E
Christmas Island,CXR,Asia,1993,1990,0.355,E
Christmas Island,CXR,Asia,1994,1990,,O
Christmas Island,CXR,Asia,1995,1990,,O
Christmas Island,CXR,Asia,1996,1990,0.612,E
Christmas Island,CXR,Asia,1997,1990,,O
Christmas Island,CXR,Asia,1998,1990,1.137,E
Christmas Island,CXR,Asia,1999,1990,0.422,E
Christmas Island,CXR,Asia,2000,2000,0.392,E
Christmas Island,CXR,Asia,2001,2000,0.67,E
Christmas Island,CXR,Asia,2002,2000,0.758,E
Christmas Island,CXR,Asia,2003,2000,0.867,E
Christmas Island,CXR,Asia,2004,2000,0.642,E
Christmas Island,CXR,Asia,2005,2000,1.149,E
Christmas Island,CXR,Asia,2006,2000,0.361,E
Christmas Island,CXR,Asia,2007,2000,0.733,E
Christmas Island,CXR,Asia,2008,2000,0.296,E
Christmas Island,CXR,Asia,2009,2000,0.482,E
Christmas Island,CXR,Asia,2010,2010,0.945,E
Christmas Island,CXR,Asia,2011,2010,0.302,E
Christmas Island,CXR,Asia,2012,2010,0.763,E
Christmas Island,CXR,Asia,2013,2010,1.256,E
Christmas Island,CXR,Asia,2014,2010,1.176,E
Christmas Island,CXR,Asia,2015,2010,1.232,E
Christmas Island,CXR,Asia,2016,2010,1.909,E
Christmas Island,CXR,Asia,2017,2010,1.343,E
Christmas Island,CXR,Asia,2018,2010,0.959,E
Christmas Island,CXR,Asia,2019,2010,1.347,E
Christmas Island,CXR,Asia,2020,2020,1.881,E
Christmas Island,CXR,Asia,2021,2020,1.481,E
Christmas Island,CXR,Asia,2022,2020,1.41,E
Christmas Island,CXR,Asia,2023,2020,1.422,E
Christmas Island,CXR,Asia,2024,2020,2.054,E
Christmas Island,CXR,Asia,2025,2020,1.639,E
Colombia,COL,South America,1961,1960,0.112,E
Colombia,COL,South America,1962,1960,-0.098,E
Colombia,COL,South America,1963,1960,-0.046,E
Colombia,COL,South America,1964,1960,0.105,E
Colombia,COL,South America,1965,1960,-0.155,E
Colombia,COL,South America,1966,1960,0.107,E
Colombia,COL,South America,1967,1960,-0.302,E
Colombia,COL,South America,1968,1960,-0.252,E
Colombia,COL,South America,1969,1960,0.331,E
Colombia,COL,South America,1970,1970,0.042,E
Colombia,COL,South America,1971,1970,-0.401,E
Colombia,COL,South America,1972,1970,-0.036,E
Colombia,COL,South America,1973,1970,0.376,E
Colombia,COL,South America,1974,1970,-0.288,E
Colombia,COL,South America,1975,1970,-0.279,E
Colombia,COL,South America,1976,1970,-0.22,E
Colombia,COL,South America,1977,1970,0.252,E
Colombia,COL,South America,1978,1970,0.142,E
Colombia,COL,South America,1979,1970,0.166,E
Colombia,COL,South America,1980,1980,0.438,E
Colombia,COL,South America,1981,1980,0.144,E
Colombia,COL,South America,1982,1980,0.202,E
Colombia,COL,South America,1983,1980,0.623,E
Colombia,COL,South America,1984,1980,-0.207,E
Colombia,COL,South America,1985,1980,-0.007,E
Colombia,COL,South America,1986,1980,0.023,E
Colombia,COL,South America,1987,1980,0.584,E
Colombia,COL,South America,1988,1980,0.353,E
Colombia,COL,South America,1989,1980,-0.025,E
Colombia,COL,South America,1990,1990,0.319,E
Colombia,COL,South America,1991,1990,0.474,E
Colombia,COL,South America,1992,1990,0.644,E
Colombia,COL,South America,1993,1990,0.354,E
Colombia,COL,South America,1994,1990,0.315,E
Colombia,COL,South America,1995,1990,0.601,E
Colombia,COL,South America,1996,1990,0.241,E
Colombia,COL,South America,1997,1990,0.626,E
Colombia,COL,South America,1998,1990,1.024,E
Colombia,COL,South America,1999,1990,0.043,E
Colombia,COL,South America,2000,2000,0.043,E
Colombia,COL,South America,2001,2000,0.497,E
Colombia,COL,South America,2002,2000,0.75,E
Colombia,COL,South America,2003,2000,0.801,E
Colombia,COL,South America,2004,2000,0.675,E
Colombia,COL,South America,2005,2000,0.839,E
Colombia,COL,South America,2006,2000,0.684,E
Colombia,COL,South America,2007,2000,0.757,E
Colombia,COL,South America,2008,2000,0.502,E
Colombia,COL,South America,2009,2000,0.991,E
Colombia,COL,South America,2010,2010,1.146,E
Colombia,COL,South America,2011,2010,0.6,E
Colombia,COL,South America,2012,2010,0.793,E
Colombia,COL,South America,2013,2010,0.97,E
Colombia,COL,South America,2014,2010,0.973,E
Colombia,COL,South America,2015,2010,1.434,E
Colombia,COL,South America,2016,2010,1.345,E
Colombia,COL,South America,2017,2010,1.061,E
Colombia,COL,South America,2018,2010,1.288,E
Colombia,COL,South America,2019,2010,1.618,E
Colombia,COL,South America,2020,2020,1.719,E
Colombia,COL,South America,2021,2020,1.21,E
Colombia,COL,South America,2022,2020,1.07,E
Colombia,COL,South America,2023,2020,1.69,E
Colombia,COL,South America,2024,2020,2.151,E
Colombia,COL,South America,2025,2020,1.59,E
Comoros,COM,Africa,1961,1960,0.427,E
Comoros,COM,Africa,1962,1960,-0.029,E
Comoros,COM,Africa,1963,1960,-0.278,E
Comoros,COM,Africa,1964,1960,-0.246,E
Comoros,COM,Africa,1965,1960,-0.363,E
Comoros,COM,Africa,1966,1960,0.03,E
Comoros,COM,Africa,1967,1960,0.19,E
Comoros,COM,Africa,1968,1960,-0.404,E
Comoros,COM,Africa,1969,1960,0.247,E
Comoros,COM,Africa,1970,1970,0.106,E
Comoros,COM,Africa,1971,1970,-0.508,E
Comoros,COM,Africa,1972,1970,-0.039,E
Comoros,COM,Africa,1973,1970,0.172,E
Comoros,COM,Africa,1974,1970,-0.339,E
Comoros,COM,Africa,1975,1970,-0.151,E
Comoros,COM,Africa,1976,1970,-0.101,E
Comoros,COM,Africa,1977,1970,0.411,E
Comoros,COM,Africa,1978,1970,0.127,E
Comoros,COM,Africa,1979,1970,0.278,E
Comoros,COM,Africa,1980,1980,0.219,E
Comoros,COM,Africa,1981,1980,0.105,E
Comoros,COM,Africa,1982,1980,0.568,E
Comoros,COM,Africa,1983,1980,0.41,E
Comoros,COM,Africa,1984,1980,-0.352,E
Comoros,COM,Africa,1985,1980,,O
Comoros,COM,Africa,1986,1980,0.085,E
Comoros,COM,Africa,1987,1980,0.537,E
Comoros,COM,Africa,1988,1980,0.544,E
Comoros,COM,Africa,1989,1980,-0.151,E
Comoros,COM,Africa,1990,1990,0.238,E
Comoros,COM,Africa,1991,1990,0.382,E
Comoros,COM,Africa,1992,1990,0.202,E
Comoros,COM,Africa,1993,1990,0.316,E
Comoros,COM,Africa,1994,1990,0.677,E
Comoros,COM,Africa,1995,1990,0.558,E
Comoros,COM,Africa,1996,1990,0.095,E
Comoros,COM,Africa,1997,1990,0.388,E
Comoros,COM,Africa,1998,1990,0.861,E
Comoros,COM,Africa,1999,1990,0.309,E
Comoros,COM,Africa,2000,2000,0.312,E
Comoros,COM,Africa,2001,2000,0.46,E
Comoros,COM,Africa,2002,2000,0.916,E
Comoros,COM,Africa,2003,2000,0.593,E
Comoros,COM,Africa,2004,2000,0.516,E
Comoros,COM,Africa,2005,2000,0.612,E
Comoros,COM,Africa,2006,2000,0.418,E
Comoros,COM,Africa,2007,2000,0.751,E
Comoros,COM,Africa,2008,2000,0.383,E
Comoros,COM,Africa,2009,2000,0.641,E
Comoros,COM,Africa,2010,2010,0.883,E
Comoros,COM,Africa,2011,2010,0.519,E
Comoros,COM,Africa,2012,2010,0.482,E
Comoros,COM,Africa,2013,2010,0.721,E
Comoros,COM,Africa,2014,2010,0.841,E
Comoros,COM,Africa,2015,2010,1.058,E
Comoros,COM,Africa,2016,2010,1.033,E
Comoros,COM,Africa,2017,2010,1.283,E
Comoros,COM,Africa,2018,2010,1.037,E
Comoros,COM,Africa,2019,2010,1.629,E
Comoros,COM,Africa,2020,2020,1.362,E
Comoros,COM,Africa,2021,2020,0.983,E
Comoros,COM,Africa,2022,2020,0.854,E
Comoros,COM,Africa,2023,2020,1.62,E
Comoros,COM,Africa,2024,2020,1.813,E
Comoros,COM,Africa,2025,2020,1.587,E
Congo,COG,Africa,1961,1960,-0.143,E
Congo,COG,Africa,1962,1960,-0.022,E
Congo,COG,Africa,1963,1960,0.144,E
Congo,COG,Africa,1964,1960,-0.105,E
Congo,COG,Africa,1965,1960,-0.155,E
Congo,COG,Africa,1966,1960,0.121,E
Congo,COG,Africa,1967,1960,-0.125,E
Congo,COG,Africa,1968,1960,-0.086,E
Congo,COG,Africa,1969,1960,0.139,E
Congo,COG,Africa,1970,1970,0.183,E
Congo,COG,Africa,1971,1970,-0.072,E
Congo,COG,Africa,1972,1970,-0.035,E
Congo,COG,Africa,1973,1970,0.508,E
Congo,COG,Africa,1974,1970,-0.064,E
Congo,COG,Africa,1975,1970,-0.139,E
Congo,COG,Africa,1976,1970,-0.269,E
Congo,COG,Africa,1977,1970,0.233,E
Congo,COG,Africa,1978,1970,0.099,E
Congo,COG,Africa,1979,1970,0.411,E
Congo,COG,Africa,1980,1980,0.292,E
Congo,COG,Africa,1981,1980,-0.225,E
Congo,COG,Africa,1982,1980,-0.288,E
Congo,COG,Africa,1983,1980,0.244,E
Congo,COG,Africa,1984,1980,0.031,E
Congo,COG,Africa,1985,1980,-0.309,E
Congo,COG,Africa,1986,1980,-0.109,E
Congo,COG,Africa,1987,1980,0.316,E
Congo,COG,Africa,1988,1980,0.142,E
Congo,COG,Africa,1989,1980,-0.409,E
Congo,COG,Africa,1990,1990,-0.03,E
Congo,COG,Africa,1991,1990,0.137,E
Congo,COG,Africa,1992,1990,-0.356,E
Congo,COG,Africa,1993,1990,0.0,E
Congo,COG,Africa,1994,1990,0.22,E
Congo,COG,Africa,1995,1990,0.417,E
Congo,COG,Africa,1996,1990,-0.115,E
Congo,COG,Africa,1997,1990,,O
Congo,COG,Africa,1998,1990,1.034,E
Congo,COG,Africa,1999,1990,0.578,E
Congo,COG,Africa,2000,2000,0.362,E
Congo,COG,Africa,2001,2000,0.3,E
Congo,COG,Africa,2002,2000,0.7,E
Congo,COG,Africa,2003,2000,0.774,E
Congo,COG,Africa,2004,2000,0.775,E
Congo,COG,Africa,2005,2000,0.726,E
Congo,COG,Africa,2006,2000,0.72,E
Congo,COG,Africa,2007,2000,0.676,E
Congo,COG,Africa,2008,2000,0.633,E
Congo,COG,Africa,2009,2000,0.654,E
Congo,COG,Africa,2010,2010,1.137,E
Congo,COG,Africa,2011,2010,0.493,E
Congo,COG,Africa,2012,2010,0.455,E
Congo,COG,Africa,2013,2010,0.653,E
Congo,COG,Africa,2014,2010,0.586,E
Congo,COG,Africa,2015,2010,0.892,E
Congo,COG,Africa,2016,2010,1.345,E
Congo,COG,Africa,2017,2010,0.999,E
Congo,COG,Africa,2018,2010,1.095,E
Congo,COG,Africa,2019,2010,1.293,E
Congo,COG,Africa,2020,2020,1.332,E
Congo,COG,Africa,2021,2020,1.167,E
Congo,COG,Africa,2022,2020,1.093,E
Congo,COG,Africa,2023,2020,1.273,E
Congo,COG,Africa,2024,2020,1.446,E
Congo,COG,Africa,2025,2020,1.127,E
Cook Islands,COK,Oceania,1961,1960,0.186,E
Cook Islands,COK,Oceania,1962,1960,-0.024,E
Cook Islands,COK,Oceania,1963,1960,-0.06,E
Cook Islands,COK,Oceania,1964,1960,0.208,E
Cook Islands,COK,Oceania,1965,1960,-0.331,E
Cook Islands,COK,Oceania,1966,1960,0.064,E
Cook Islands,COK,Oceania,1967,1960,-0.346,E
Cook Islands,COK,Oceania,1968,1960,-0.366,E
Cook Islands,COK,Oceania,1969,1960,-0.018,E
Cook Islands,COK,Oceania,1970,1970,0.226,E
Cook Islands,COK,Oceania,1971,1970,-0.1,E
Cook Islands,COK,Oceania,1972,1970,-0.051,E
Cook Islands,COK,Oceania,1973,1970,0.455,E
Cook Islands,COK,Oceania,1974,1970,-0.199,E
Cook Islands,COK,Oceania,1975,1970,-0.275,E
Cook Islands,COK,Oceania,1976,1970,-0.295,E
Cook Islands,COK,Oceania,1977,1970,0.153,E
Cook Islands,COK,Oceania,1978,1970,0.114,E
Cook Islands,COK,Oceania,1979,1970,0.128,E
Cook Islands,COK,Oceania,1980,1980,0.238,E
Cook Islands,COK,Oceania,1981,1980,0.081,E
Cook Islands,COK,Oceania,1982,1980,0.053,E
Cook Islands,COK,Oceania,1983,1980,0.224,E
Cook Islands,COK,Oceania,1984,1980,0.061,E
Cook Islands,COK,Oceania,1985,1980,0.077,E
Cook Islands,COK,Oceania,1986,1980,0.319,E
Cook Islands,COK,Oceania,1987,1980,0.116,E
Cook Islands,COK,Oceania,1988,1980,0.371,E
Cook Islands,COK,Oceania,1989,1980,0.142,E
Cook Islands,COK,Oceania,1990,1990,0.221,E
Cook Islands,COK,Oceania,1991,1990,0.516,E
Cook Islands,COK,Oceania,1992,1990,0.497,E
Cook Islands,COK,Oceania,1993,1990,0.253,E
Cook Islands,COK,Oceania,1994,1990,0.298,E
Cook Islands,COK,Oceania,1995,1990,0.532,E
Cook Islands,COK,Oceania,1996,1990,0.525,E
Cook Islands,COK,Oceania,1997,1990,0.046,E
Cook Islands,COK,Oceania,1998,1990,,O
Cook Islands,COK,Oceania,1999,1990,1.103,E
Cook Islands,COK,Oceania,2000,2000,0.752,E
Cook Islands,COK,Oceania,2001,2000,0.816,E
Cook Islands,COK,Oceania,2002,2000,0.706,E
Cook Islands,COK,Oceania,2003,2000,0.644,E
Cook Islands,COK,Oceania,2004,2000,0.705,E
Cook Islands,COK,Oceania,2005,2000,0.594,E
Cook Islands,COK,Oceania,2006,2000,0.793,E
Cook Islands,COK,Oceania,2007,2000,0.824,E
Cook Islands,COK,Oceania,2008,2000,0.688,E
Cook Islands,COK,Oceania,2009,2000,0.521,E
Cook Islands,COK,Oceania,2010,2010,1.018,E
Cook Islands,COK,Oceania,2011,2010,0.861,E
Cook Islands,COK,Oceania,2012,2010,0.605,E
Cook Islands,COK,Oceania,2013,2010,0.838,E
Cook Islands,COK,Oceania,2014,2010,0.638,E
Cook Islands,COK,Oceania,2015,2010,0.049,E
Cook Islands,COK,Oceania,2016,2010,0.789,E
Cook Islands,COK,Oceania,2017,2010,1.154,E
Cook Islands,COK,Oceania,2018,2010,0.717,E
Cook Islands,COK,Oceania,2019,2010,0.644,E
Cook Islands,COK,Oceania,2020,2020,0.753,E
Cook Islands,COK,Oceania,2021,2020,1.046,E
Cook Islands,COK,Oceania,2022,2020,0.957,E
Cook Islands,COK,Oceania,2023,2020,0.436,E
Cook Islands,COK,Oceania,2024,2020,0.786,E
Cook Islands,COK,Oceania,2025,2020,0.886,E
Costa Rica,CRI,North America,1961,1960,-0.183,E
Costa Rica,CRI,North America,1962,1960,-0.368,E
Costa Rica,CRI,North America,1963,1960,-0.081,E
Costa Rica,CRI,North America,1964,1960,-0.342,E
Costa Rica,CRI,North America,1965,1960,-0.018,E
Costa Rica,CRI,North America,1966,1960,0.203,E
Costa Rica,CRI,North America,1967,1960,,O
Costa Rica,CRI,North America,1968,1960,,O
Costa Rica,CRI,North America,1969,1960,0.055,E
Costa Rica,CRI,North America,1970,1970,-0.388,E
Costa Rica,CRI,North America,1971,1970,-0.413,E
Costa Rica,CRI,North America,1972,1970,0.248,E
Costa Rica,CRI,North America,1973,1970,0.244,E
Costa Rica,CRI,North America,1974,1970,-0.21,E
Costa Rica,CRI,North America,1975,1970,-0.204,E
Costa Rica,CRI,North America,1976,1970,0.12,E
Costa Rica,CRI,North America,1977,1970,0.414,E
Costa Rica,CRI,North America,1978,1970,0.24,E
Costa Rica,CRI,North America,1979,1970,0.159,E
Costa Rica,CRI,North America,1980,1980,0.487,E
Costa Rica,CRI,North America,1981,1980,0.19,E
Costa Rica,CRI,North America,1982,1980,0.271,E
Costa Rica,CRI,North America,1983,1980,0.769,E
Costa Rica,CRI,North America,1984,1980,0.049,E
Costa Rica,CRI,North America,1985,1980,-0.057,E
Costa Rica,CRI,North America,1986,1980,0.229,E
Costa Rica,CRI,North America,1987,1980,0.781,E
Costa Rica,CRI,North America,1988,1980,0.206,E
Costa Rica,CRI,North America,1989,1980,0.029,E
Costa Rica,CRI,North America,1990,1990,0.473,E
Costa Rica,CRI,North America,1991,1990,0.526,E
Costa Rica,CRI,North America,1992,1990,0.423,E
Costa Rica,CRI,North America,1993,1990,0.333,E
Costa Rica,CRI,North America,1994,1990,0.29,E
Costa Rica,CRI,North America,1995,1990,0.514,E
Costa Rica,CRI,North America,1996,1990,-0.096,E
Costa Rica,CRI,North America,1997,1990,0.691,E
Costa Rica,CRI,North America,1998,1990,1.04,E
Costa Rica,CRI,North America,1999,1990,-0.167,E
Costa Rica,CRI,North America,2000,2000,0.027,E
Costa Rica,CRI,North America,2001,2000,0.695,E
Costa Rica,CRI,North America,2002,2000,0.931,E
Costa Rica,CRI,North America,2003,2000,0.906,E
Costa Rica,CRI,North America,2004,2000,0.852,E
Costa Rica,CRI,North America,2005,2000,0.748,E
Costa Rica,CRI,North America,2006,2000,0.638,E
Costa Rica,CRI,North America,2007,2000,0.802,E
Costa Rica,CRI,North America,2008,2000,0.359,E
Costa Rica,CRI,North America,2009,2000,1.092,E
Costa Rica,CRI,North America,2010,2010,0.975,E
Costa Rica,CRI,North America,2011,2010,0.514,E
Costa Rica,CRI,North America,2012,2010,0.503,E
Costa Rica,CRI,North America,2013,2010,0.806,E
Costa Rica,CRI,North America,2014,2010,0.766,E
Costa Rica,CRI,North America,2015,2010,1.074,E
Costa Rica,CRI,North America,2016,2010,1.044,E
Costa Rica,CRI,North America,2017,2010,0.773,E
Costa Rica,CRI,North America,2018,2010,1.193,E
Costa Rica,CRI,North America,2019,2010,1.364,E
Costa Rica,CRI,North America,2020,2020,1.406,E
Costa Rica,CRI,North America,2021,2020,1.007,E
Costa Rica,CRI,North America,2022,2020,0.897,E
Costa Rica,CRI,North America,2023,2020,1.707,E
Costa Rica,CRI,North America,2024,2020,1.759,E
Costa Rica,CRI,North America,2025,2020,1.61,E
Croatia,HRV,Europe,1992,1990,0.818,E
Croatia,HRV,Europe,1993,1990,0.385,E
Croatia,HRV,Europe,1994,1990,1.702,E
Croatia,HRV,Europe,1995,1990,0.413,E
Croatia,HRV,Europe,1996,1990,-0.046,E
Croatia,HRV,Europe,1997,1990,0.291,E
Croatia,HRV,Europe,1998,1990,1.136,E
Croatia,HRV,Europe,1999,1990,0.686,E
Croatia,HRV,Europe,2000,2000,1.608,E
Croatia,HRV,Europe,2001,2000,1.581,E
Croatia,HRV,Europe,2002,2000,1.242,E
Croatia,HRV,Europe,2003,2000,1.258,E
Croatia,HRV,Europe,2004,2000,0.646,E
Croatia,HRV,Europe,2005,2000,0.271,E
Croatia,HRV,Europe,2006,2000,0.694,E
Croatia,HRV,Europe,2007,2000,1.951,E
Croatia,HRV,Europe,2008,2000,1.428,E
Croatia,HRV,Europe,2009,2000,1.465,E
Croatia,HRV,Europe,2010,2010,0.833,E
Croatia,HRV,Europe,2011,2010,1.234,E
Croatia,HRV,Europe,2012,2010,1.822,E
Croatia,HRV,Europe,2013,2010,1.243,E
Croatia,HRV,Europe,2014,2010,2.0,E
Croatia,HRV,Europe,2015,2010,1.889,E
Croatia,HRV,Europe,2016,2010,1.804,E
Croatia,HRV,Europe,2017,2010,1.507,E
Croatia,HRV,Europe,2018,2010,2.263,E
Croatia,HRV,Europe,2019,2010,2.051,E
Croatia,HRV,Europe,2020,2020,1.951,E
Croatia,HRV,Europe,2021,2020,1.541,E
Croatia,HRV,Europe,2022,2020,2.212,E
Croatia,HRV,Europe,2023,2020,2.486,E
Croatia,HRV,Europe,2024,2020,3.308,E
Croatia,HRV,Europe,2025,2020,2.128,E
Cuba,CUB,North America,1961,1960,-0.086,E
Cuba,CUB,North America,1962,1960,-0.093,E
Cuba,CUB,North America,1963,1960,-0.187,E
Cuba,CUB,North America,1964,1960,0.116,E
Cuba,CUB,North America,1965,1960,0.063,E
Cuba,CUB,North America,1966,1960,-0.243,E
Cuba,CUB,North America,1967,1960,-0.233,E
Cuba,CUB,North America,1968,1960,-0.324,E
Cuba,CUB,North America,1969,1960,0.023,E
Cuba,CUB,North America,1970,1970,-0.366,E
Cuba,CUB,North America,1971,1970,0.08,E
Cuba,CUB,North America,1972,1970,0.45,E
Cuba,CUB,North America,1973,1970,0.428,E
Cuba,CUB,North America,1974,1970,0.109,E
Cuba,CUB,North America,1975,1970,0.538,E
Cuba,CUB,North America,1976,1970,-0.173,E
Cuba,CUB,North America,1977,1970,0.175,E
Cuba,CUB,North America,1978,1970,0.059,E
Cuba,CUB,North America,1979,1970,0.368,E
Cuba,CUB,North America,1980,1980,0.503,E
Cuba,CUB,North America,1981,1980,-0.006,E
Cuba,CUB,North America,1982,1980,0.591,E
Cuba,CUB,North America,1983,1980,0.29,E
Cuba,CUB,North America,1984,1980,0.276,E
Cuba,CUB,North America,1985,1980,0.223,E
Cuba,CUB,North America,1986,1980,0.357,E
Cuba,CUB,North America,1987,1980,0.769,E
Cuba,CUB,North America,1988,1980,0.592,E
Cuba,CUB,North America,1989,1980,0.664,E
Cuba,CUB,North America,1990,1990,0.822,E
Cuba,CUB,North America,1991,1990,0.887,E
Cuba,CUB,North America,1992,1990,0.595,E
Cuba,CUB,North America,1993,1990,0.613,E
Cuba,CUB,North America,1994,1990,0.981,E
Cuba,CUB,North America,1995,1990,0.997,E
Cuba,CUB,North America,1996,1990,0.312,E
Cuba,CUB,North America,1997,1990,0.811,E
Cuba,CUB,North America,1998,1990,0.98,E
Cuba,CUB,North America,1999,1990,0.644,E
Cuba,CUB,North America,2000,2000,0.449,E
Cuba,CUB,North America,2001,2000,0.427,E
Cuba,CUB,North America,2002,2000,0.796,E
Cuba,CUB,North America,2003,2000,0.895,E
Cuba,CUB,North America,2004,2000,0.643,E
Cuba,CUB,North America,2005,2000,0.587,E
Cuba,CUB,North America,2006,2000,0.766,E
Cuba,CUB,North America,2007,2000,0.841,E
Cuba,CUB,North America,2008,2000,0.514,E
Cuba,CUB,North America,2009,2000,0.801,E
Cuba,CUB,North America,2010,2010,0.54,E
Cuba,CUB,North America,2011,2010,0.452,E
Cuba,CUB,North America,2012,2010,0.522,E
Cuba,CUB,North America,2013,2010,0.781,E
Cuba,CUB,North America,2014,2010,0.972,E
Cuba,CUB,North America,2015,2010,1.223,E
Cuba,CUB,North America,2016,2010,1.263,E
Cuba,CUB,North America,2017,2010,1.371,E
Cuba,CUB,North America,2018,2010,1.034,E
Cuba,CUB,North America,2019,2010,1.429,E
Cuba,CUB,North America,2020,2020,1.571,E
Cuba,CUB,North America,2021,2020,1.146,E
Cuba,CUB,North America,2022,2020,1.304,E
Cuba,CUB,North America,2023,2020,1.737,E
Cuba,CUB,North America,2024,2020,1.579,E
Cuba,CUB,North America,2025,2020,1.403,E
Cyprus,CYP,Europe,1961,1960,0.024,E
Cyprus,CYP,Europe,1962,1960,0.758,E
Cyprus,CYP,Europe,1963,1960,0.713,E
Cyprus,CYP,Europe,1964,1960,-0.588,E
Cyprus,CYP,Europe,1965,1960,-0.183,E
Cyprus,CYP,Europe,1966,1960,0.66,E
Cyprus,CYP,Europe,1967,1960,-0.763,E
Cyprus,CYP,Europe,1968,1960,-0.004,E
Cyprus,CYP,Europe,1969,1960,0.178,E
Cyprus,CYP,Europe,1970,1970,0.509,E
Cyprus,CYP,Europe,1971,1970,-0.188,E
Cyprus,CYP,Europe,1972,1970,-0.533,E
Cyprus,CYP,Europe,1973,1970,-0.3,E
Cyprus,CYP,Europe,1974,1970,-0.149,E
Cyprus,CYP,Europe,1975,1970,-0.196,E
Cyprus,CYP,Europe,1976,1970,-0.712,E
Cyprus,CYP,Europe,1977,1970,0.135,E
Cyprus,CYP,Europe,1978,1970,-0.019,E
Cyprus,CYP,Europe,1979,1970,0.607,E
Cyprus,CYP,Europe,1980,1980,-0.296,E
Cyprus,CYP,Europe,1981,1980,0.085,E
Cyprus,CYP,Europe,1982,1980,-0.333,E
Cyprus,CYP,Europe,1983,1980,-0.799,E
Cyprus,CYP,Europe,1984,1980,0.003,E
Cyprus,CYP,Europe,1985,1980,-0.074,E
Cyprus,CYP,Europe,1986,1980,0.239,E
Cyprus,CYP,Europe,1987,1980,-0.28,E
Cyprus,CYP,Europe,1988,1980,0.028,E
Cyprus,CYP,Europe,1989,1980,0.11,E
Cyprus,CYP,Europe,1990,1990,0.085,E
Cyprus,CYP,Europe,1991,1990,0.377,E
Cyprus,CYP,Europe,1992,1990,-0.922,E
Cyprus,CYP,Europe,1993,1990,-0.415,E
Cyprus,CYP,Europe,1994,1990,1.095,E
Cyprus,CYP,Europe,1995,1990,0.11,E
Cyprus,CYP,Europe,1996,1990,0.307,E
Cyprus,CYP,Europe,1997,1990,0.059,E
Cyprus,CYP,Europe,1998,1990,1.006,E
Cyprus,CYP,Europe,1999,1990,1.14,E
Cyprus,CYP,Europe,2000,2000,0.688,E
Cyprus,CYP,Europe,2001,2000,1.222,E
Cyprus,CYP,Europe,2002,2000,0.889,E
Cyprus,CYP,Europe,2003,2000,0.659,E
Cyprus,CYP,Europe,2004,2000,0.682,E
Cyprus,CYP,Europe,2005,2000,0.418,E
Cyprus,CYP,Europe,2006,2000,0.706,E
Cyprus,CYP,Europe,2007,2000,0.878,E
Cyprus,CYP,Europe,2008,2000,1.093,E
Cyprus,CYP,Europe,2009,2000,1.041,E
Cyprus,CYP,Europe,2010,2010,2.048,E
Cyprus,CYP,Europe,2011,2010,0.734,E
Cyprus,CYP,Europe,2012,2010,0.954,E
Cyprus,CYP,Europe,2013,2010,1.216,E
Cyprus,CYP,Europe,2014,2010,1.034,E
Cyprus,CYP,Europe,2015,2010,1.218,E
Cyprus,CYP,Europe,2016,2010,1.689,E
Cyprus,CYP,Europe,2017,2010,0.945,E
Cyprus,CYP,Europe,2018,2010,2.12,E
Cyprus,CYP,Europe,2019,2010,1.425,E
Cyprus,CYP,Europe,2020,2020,1.552,E
Cyprus,CYP,Europe,2021,2020,1.852,E
Cyprus,CYP,Europe,2022,2020,1.068,E
Cyprus,CYP,Europe,2023,2020,1.75,E
Cyprus,CYP,Europe,2024,2020,2.352,E
Cyprus,CYP,Europe,2025,2020,1.803,E
Czechia,CZE,Europe,1993,1990,0.283,E
Czechia,CZE,Europe,1994,1990,1.798,E
Czechia,CZE,Europe,1995,1990,1.043,E
Czechia,CZE,Europe,1996,1990,-0.61,E
Czechia,CZE,Europe,1997,1990,0.133,E
Czechia,CZE,Europe,1998,1990,1.249,E
Czechia,CZE,Europe,1999,1990,1.103,E
Czechia,CZE,Europe,2000,2000,1.899,E
Czechia,CZE,Europe,2001,2000,1.216,E
Czechia,CZE,Europe,2002,2000,1.519,E
Czechia,CZE,Europe,2003,2000,1.068,E
Czechia,CZE,Europe,2004,2000,0.808,E
Czechia,CZE,Europe,2005,2000,0.737,E
Czechia,CZE,Europe,2006,2000,0.941,E
Czechia,CZE,Europe,2007,2000,2.159,E
Czechia,CZE,Europe,2008,2000,1.639,E
Czechia,CZE,Europe,2009,2000,1.419,E
Czechia,CZE,Europe,2010,2010,0.405,E
Czechia,CZE,Europe,2011,2010,1.036,E
Czechia,CZE,Europe,2012,2010,1.574,E
Czechia,CZE,Europe,2013,2010,0.778,E
Czechia,CZE,Europe,2014,2010,2.498,E
Czechia,CZE,Europe,2015,2010,2.12,E
Czechia,CZE,Europe,2016,2010,2.079,E
Czechia,CZE,Europe,2017,2010,1.596,E
Czechia,CZE,Europe,2018,2010,2.655,E
Czechia,CZE,Europe,2019,2010,2.544,E
Czechia,CZE,Europe,2020,2020,2.346,E
Czechia,CZE,Europe,2021,2020,1.305,E
Czechia,CZE,Europe,2022,2020,2.381,E
Czechia,CZE,Europe,2023,2020,2.536,E
Czechia,CZE,Europe,2024,2020,3.404,E
Czechia,CZE,Europe,2025,2020,1.969,E
Côte d'Ivoire,CIV,Africa,1961,1960,-0.077,E
Côte d'Ivoire,CIV,Africa,1962,1960,-0.117,E
Côte d'Ivoire,CIV,Africa,1963,1960,0.154,E
Côte d'Ivoire,CIV,Africa,1964,1960,-0.225,E
Côte d'Ivoire,CIV,Africa,1965,1960,-0.172,E
Côte d'Ivoire,CIV,Africa,1966,1960,0.108,E
Côte d'Ivoire,CIV,Africa,1967,1960,-0.2,E
Côte d'Ivoire,CIV,Africa,1968,1960,-0.082,E
Côte d'Ivoire,CIV,Africa,1969,1960,0.332,E
Côte d'Ivoire,CIV,Africa,1970,1970,0.268,E
Côte d'Ivoire,CIV,Africa,1971,1970,-0.136,E
Côte d'Ivoire,CIV,Africa,1972,1970,0.006,E
Côte d'Ivoire,CIV,Africa,1973,1970,0.619,E
Côte d'Ivoire,CIV,Africa,1974,1970,-0.032,E
Côte d'Ivoire,CIV,Africa,1975,1970,-0.141,E
Côte d'Ivoire,CIV,Africa,1976,1970,-0.312,E
Côte d'Ivoire,CIV,Africa,1977,1970,0.337,E
Côte d'Ivoire,CIV,Africa,1978,1970,0.123,E
Côte d'Ivoire,CIV,Africa,1979,1970,0.533,E
Côte d'Ivoire,CIV,Africa,1980,1980,0.454,E
Côte d'Ivoire,CIV,Africa,1981,1980,0.286,E
Côte d'Ivoire,CIV,Africa,1982,1980,0.184,E
Côte d'Ivoire,CIV,Africa,1983,1980,0.685,E
Côte d'Ivoire,CIV,Africa,1984,1980,0.518,E
Côte d'Ivoire,CIV,Africa,1985,1980,0.244,E
Côte d'Ivoire,CIV,Africa,1986,1980,0.217,E
Côte d'Ivoire,CIV,Africa,1987,1980,1.016,E
Côte d'Ivoire,CIV,Africa,1988,1980,0.696,E
Côte d'Ivoire,CIV,Africa,1989,1980,0.312,E
Côte d'Ivoire,CIV,Africa,1990,1990,0.608,E
Côte d'Ivoire,CIV,Africa,1991,1990,0.491,E
Côte d'Ivoire,CIV,Africa,1992,1990,0.287,E
Côte d'Ivoire,CIV,Africa,1993,1990,0.521,E
Côte d'Ivoire,CIV,Africa,1994,1990,0.537,E
Côte d'Ivoire,CIV,Africa,1995,1990,0.689,E
Côte d'Ivoire,CIV,Africa,1996,1990,0.749,E
Côte d'Ivoire,CIV,Africa,1997,1990,0.665,E
Côte d'Ivoire,CIV,Africa,1998,1990,1.278,E
Côte d'Ivoire,CIV,Africa,1999,1990,0.511,E
Côte d'Ivoire,CIV,Africa,2000,2000,0.469,E
Côte d'Ivoire,CIV,Africa,2001,2000,0.533,E
Côte d'Ivoire,CIV,Africa,2002,2000,0.847,E
Côte d'Ivoire,CIV,Africa,2003,2000,1.161,E
Côte d'Ivoire,CIV,Africa,2004,2000,0.838,E
Côte d'Ivoire,CIV,Africa,2005,2000,1.097,E
Côte d'Ivoire,CIV,Africa,2006,2000,0.952,E
Côte d'Ivoire,CIV,Africa,2007,2000,1.018,E
Côte d'Ivoire,CIV,Africa,2008,2000,0.715,E
Côte d'Ivoire,CIV,Africa,2009,2000,0.909,E
Côte d'Ivoire,CIV,Africa,2010,2010,1.269,E
Côte d'Ivoire,CIV,Africa,2011,2010,0.984,E
Côte d'Ivoire,CIV,Africa,2012,2010,0.657,E
Côte d'Ivoire,CIV,Africa,2013,2010,0.903,E
Côte d'Ivoire,CIV,Africa,2014,2010,0.8,E
Côte d'Ivoire,CIV,Africa,2015,2010,1.241,E
Côte d'Ivoire,CIV,Africa,2016,2010,1.451,E
Côte d'Ivoire,CIV,Africa,2017,2010,1.498,E
Côte d'Ivoire,CIV,Africa,2018,2010,1.273,E
Côte d'Ivoire,CIV,Africa,2019,2010,1.312,E
Côte d'Ivoire,CIV,Africa,2020,2020,1.324,E
Côte d'Ivoire,CIV,Africa,2021,2020,1.421,E
Côte d'Ivoire,CIV,Africa,2022,2020,1.145,E
Côte d'Ivoire,CIV,Africa,2023,2020,1.602,E
Côte d'Ivoire,CIV,Africa,2024,2020,1.725,E
Côte d'Ivoire,CIV,Africa,2025,2020,1.515,E
Democratic People's Republic of Korea,PRK,Asia,1961,1960,0.463,E
Democratic People's Republic of Korea,PRK,Asia,1962,1960,-0.086,E
Democratic People's Republic of Korea,PRK,Asia,1963,1960,-0.138,E
Democratic People's Republic of Korea,PRK,Asia,1964,1960,0.204,E
Democratic People's Republic of Korea,PRK,Asia,1965,1960,-0.239,E
Democratic People's Republic of Korea,PRK,Asia,1966,1960,-0.095,E
Democratic People's Republic of Korea,PRK,Asia,1967,1960,0.137,E
Democratic People's Republic of Korea,PRK,Asia,1968,1960,-0.498,E
Democratic People's Republic of Korea,PRK,Asia,1969,1960,-0.49,E
Democratic People's Republic of Korea,PRK,Asia,1970,1970,-0.41,E
Democratic People's Republic of Korea,PRK,Asia,1971,1970,-0.286,E
Democratic People's Republic of Korea,PRK,Asia,1972,1970,-0.17,E
Democratic People's Republic of Korea,PRK,Asia,1973,1970,0.616,E
Democratic People's Republic of Korea,PRK,Asia,1974,1970,-0.462,E
Democratic People's Republic of Korea,PRK,Asia,1975,1970,0.937,E
Democratic People's Republic of Korea,PRK,Asia,1976,1970,-0.307,E
Democratic People's Republic of Korea,PRK,Asia,1977,1970,0.195,E
Democratic People's Republic of Korea,PRK,Asia,1978,1970,0.718,E
Democratic People's Republic of Korea,PRK,Asia,1979,1970,0.67,E
Democratic People's Republic of Korea,PRK,Asia,1980,1980,0.034,E
Democratic People's Republic of Korea,PRK,Asia,1981,1980,-0.566,E
Democratic People's Republic of Korea,PRK,Asia,1982,1980,0.934,E
Democratic People's Republic of Korea,PRK,Asia,1983,1980,0.617,E
Democratic People's Republic of Korea,PRK,Asia,1984,1980,-0.125,E
Democratic People's Republic of Korea,PRK,Asia,1985,1980,0.172,E
Democratic People's Republic of Korea,PRK,Asia,1986,1980,-0.688,E
Democratic People's Republic of Korea,PRK,Asia,1987,1980,0.248,E
Democratic People's Republic of Korea,PRK,Asia,1988,1980,0.584,E
Democratic People's Republic of Korea,PRK,Asia,1989,1980,1.253,E
Democratic People's Republic of Korea,PRK,Asia,1990,1990,1.353,E
Democratic People's Republic of Korea,PRK,Asia,1991,1990,0.62,E
Democratic People's Republic of Korea,PRK,Asia,1992,1990,0.795,E
Democratic People's Republic of Korea,PRK,Asia,1993,1990,0.595,E
Democratic People's Republic of Korea,PRK,Asia,1994,1990,1.385,E
Democratic People's Republic of Korea,PRK,Asia,1995,1990,0.724,E
Democratic People's Republic of Korea,PRK,Asia,1996,1990,0.306,E
Democratic People's Republic of Korea,PRK,Asia,1997,1990,1.03,E
Democratic People's Republic of Korea,PRK,Asia,1998,1990,1.845,E
Democratic People's Republic of Korea,PRK,Asia,1999,1990,1.448,E
Democratic People's Republic of Korea,PRK,Asia,2000,2000,0.669,E
Democratic People's Republic of Korea,PRK,Asia,2001,2000,0.915,E
Democratic People's Republic of Korea,PRK,Asia,2002,2000,0.913,E
Democratic People's Republic of Korea,PRK,Asia,2003,2000,0.978,E
Democratic People's Republic of Korea,PRK,Asia,2004,2000,1.628,E
Democratic People's Republic of Korea,PRK,Asia,2005,2000,0.899,E
Democratic People's Republic of Korea,PRK,Asia,2006,2000,0.746,E
Democratic People's Republic of Korea,PRK,Asia,2007,2000,1.659,E
Democratic People's Republic of Korea,PRK,Asia,2008,2000,1.57,E
Democratic People's Republic of Korea,PRK,Asia,2009,2000,1.12,E
Democratic People's Republic of Korea,PRK,Asia,2010,2010,0.45,E
Democratic People's Republic of Korea,PRK,Asia,2011,2010,0.586,E
Democratic People's Republic of Korea,PRK,Asia,2012,2010,0.48,E
Democratic People's Republic of Korea,PRK,Asia,2013,2010,0.376,E
Democratic People's Republic of Korea,PRK,Asia,2014,2010,1.675,E
Democratic People's Republic of Korea,PRK,Asia,2015,2010,1.401,E
Democratic People's Republic of Korea,PRK,Asia,2016,2010,1.621,E
Democratic People's Republic of Korea,PRK,Asia,2017,2010,1.807,E
Democratic People's Republic of Korea,PRK,Asia,2018,2010,1.086,E
Democratic People's Republic of Korea,PRK,Asia,2019,2010,2.05,E
Democratic People's Republic of Korea,PRK,Asia,2020,2020,2.082,E
Democratic People's Republic of Korea,PRK,Asia,2021,2020,2.067,E
Democratic People's Republic of Korea,PRK,Asia,2022,2020,1.804,E
Democratic People's Republic of Korea,PRK,Asia,2023,2020,2.212,E
Democratic People's Republic of Korea,PRK,Asia,2024,2020,2.794,E
Democratic People's Republic of Korea,PRK,Asia,2025,2020,2.261,E
Democratic Republic of the Congo,COD,Africa,1961,1960,-0.023,E
Democratic Republic of the Congo,COD,Africa,1962,1960,-0.176,E
Democratic Republic of the Congo,COD,Africa,1963,1960,-0.053,E
Democratic Republic of the Congo,COD,Africa,1964,1960,-0.131,E
Democratic Republic of the Congo,COD,Africa,1965,1960,-0.199,E
Democratic Republic of the Congo,COD,Africa,1966,1960,0.112,E
Democratic Republic of the Congo,COD,Africa,1967,1960,-0.127,E
Democratic Republic of the Congo,COD,Africa,1968,1960,-0.17,E
Democratic Republic of the Congo,COD,Africa,1969,1960,0.129,E
Democratic Republic of the Congo,COD,Africa,1970,1970,0.212,E
Democratic Republic of the Congo,COD,Africa,1971,1970,-0.143,E
Democratic Republic of the Congo,COD,Africa,1972,1970,0.072,E
Democratic Republic of the Congo,COD,Africa,1973,1970,0.453,E
Democratic Republic of the Congo,COD,Africa,1974,1970,-0.086,E
Democratic Republic of the Congo,COD,Africa,1975,1970,-0.112,E
Democratic Republic of the Congo,COD,Africa,1976,1970,-0.2,E
Democratic Republic of the Congo,COD,Africa,1977,1970,0.229,E
Democratic Republic of the Congo,COD,Africa,1978,1970,0.11,E
Democratic Republic of the Congo,COD,Africa,1979,1970,0.401,E
Democratic Republic of the Congo,COD,Africa,1980,1980,0.3,E
Democratic Republic of the Congo,COD,Africa,1981,1980,0.107,E
Democratic Republic of the Congo,COD,Africa,1982,1980,0.099,E
Democratic Republic of the Congo,COD,Africa,1983,1980,0.458,E
Democratic Republic of the Congo,COD,Africa,1984,1980,0.104,E
Democratic Republic of the Congo,COD,Africa,1985,1980,0.043,E
Democratic Republic of the Congo,COD,Africa,1986,1980,0.203,E
Democratic Republic of the Congo,COD,Africa,1987,1980,0.462,E
Democratic Republic of the Congo,COD,Africa,1988,1980,0.392,E
Democratic Republic of the Congo,COD,Africa,1989,1980,-0.163,E
Democratic Republic of the Congo,COD,Africa,1990,1990,0.127,E
Democratic Republic of the Congo,COD,Africa,1991,1990,0.236,E
Democratic Republic of the Congo,COD,Africa,1992,1990,-0.297,E
Democratic Republic of the Congo,COD,Africa,1993,1990,0.002,E
Democratic Republic of the Congo,COD,Africa,1994,1990,0.208,E
Democratic Republic of the Congo,COD,Africa,1995,1990,0.299,E
Democratic Republic of the Congo,COD,Africa,1996,1990,-0.134,E
Democratic Republic of the Congo,COD,Africa,1997,1990,0.658,E
Democratic Republic of the Congo,COD,Africa,1998,1990,0.869,E
Democratic Republic of the Congo,COD,Africa,1999,1990,0.292,E
Democratic Republic of the Congo,COD,Africa,2000,2000,0.42,E
Democratic Republic of the Congo,COD,Africa,2001,2000,0.325,E
Democratic Republic of the Congo,COD,Africa,2002,2000,0.799,E
Democratic Republic of the Congo,COD,Africa,2003,2000,0.865,E
Democratic Republic of the Congo,COD,Africa,2004,2000,0.847,E
Democratic Republic of the Congo,COD,Africa,2005,2000,0.91,E
Democratic Republic of the Congo,COD,Africa,2006,2000,0.779,E
Democratic Republic of the Congo,COD,Africa,2007,2000,0.628,E
Democratic Republic of the Congo,COD,Africa,2008,2000,0.474,E
Democratic Republic of the Congo,COD,Africa,2009,2000,0.778,E
Democratic Republic of the Congo,COD,Africa,2010,2010,1.199,E
Democratic Republic of the Congo,COD,Africa,2011,2010,0.675,E
Democratic Republic of the Congo,COD,Africa,2012,2010,0.316,E
Democratic Republic of the Congo,COD,Africa,2013,2010,0.793,E
Democratic Republic of the Congo,COD,Africa,2014,2010,0.71,E
Democratic Republic of the Congo,COD,Africa,2015,2010,0.782,E
Democratic Republic of the Congo,COD,Africa,2016,2010,1.276,E
Democratic Republic of the Congo,COD,Africa,2017,2010,1.044,E
Democratic Republic of the Congo,COD,Africa,2018,2010,1.206,E
Democratic Republic of the Congo,COD,Africa,2019,2010,1.319,E
Democratic Republic of the Congo,COD,Africa,2020,2020,1.409,E
Democratic Republic of the Congo,COD,Africa,2021,2020,1.35,E
Democratic Republic of the Congo,COD,Africa,2022,2020,1.241,E
Democratic Republic of the Congo,COD,Africa,2023,2020,1.321,E
Democratic Republic of the Congo,COD,Africa,2024,2020,1.437,E
Democratic Republic of the Congo,COD,Africa,2025,2020,1.174,E
Denmark,DNK,Europe,1961,1960,1.123,E
Denmark,DNK,Europe,1962,1960,-0.642,E
Denmark,DNK,Europe,1963,1960,-1.02,E
Denmark,DNK,Europe,1964,1960,-0.279,E
Denmark,DNK,Europe,1965,1960,-0.61,E
Denmark,DNK,Europe,1966,1960,-0.508,E
Denmark,DNK,Europe,1967,1960,0.826,E
Denmark,DNK,Europe,1968,1960,0.271,E
Denmark,DNK,Europe,1969,1960,-0.131,E
Denmark,DNK,Europe,1970,1970,-1.21,E
Denmark,DNK,Europe,1971,1970,0.264,E
Denmark,DNK,Europe,1972,1970,0.294,E
Denmark,DNK,Europe,1973,1970,0.673,E
Denmark,DNK,Europe,1974,1970,0.579,E
Denmark,DNK,Europe,1975,1970,1.334,E
Denmark,DNK,Europe,1976,1970,0.294,E
Denmark,DNK,Europe,1977,1970,-0.022,E
Denmark,DNK,Europe,1978,1970,0.138,E
Denmark,DNK,Europe,1979,1970,-1.197,E
Denmark,DNK,Europe,1980,1980,-0.446,E
Denmark,DNK,Europe,1981,1980,0.294,E
Denmark,DNK,Europe,1982,1980,-0.005,E
Denmark,DNK,Europe,1983,1980,1.055,E
Denmark,DNK,Europe,1984,1980,0.381,E
Denmark,DNK,Europe,1985,1980,-1.002,E
Denmark,DNK,Europe,1986,1980,-0.444,E
Denmark,DNK,Europe,1987,1980,-0.99,E
Denmark,DNK,Europe,1988,1980,0.917,E
Denmark,DNK,Europe,1989,1980,1.786,E
Denmark,DNK,Europe,1990,1990,1.821,E
Denmark,DNK,Europe,1991,1990,0.608,E
Denmark,DNK,Europe,1992,1990,1.44,E
Denmark,DNK,Europe,1993,1990,0.212,E
Denmark,DNK,Europe,1994,1990,0.952,E
Denmark,DNK,Europe,1995,1990,1.292,E
Denmark,DNK,Europe,1996,1990,-0.759,E
Denmark,DNK,Europe,1997,1990,0.642,E
Denmark,DNK,Europe,1998,1990,0.856,E
Denmark,DNK,Europe,1999,1990,1.317,E
Denmark,DNK,Europe,2000,2000,1.698,E
Denmark,DNK,Europe,2001,2000,1.024,E
Denmark,DNK,Europe,2002,2000,1.635,E
Denmark,DNK,Europe,2003,2000,0.689,E
Denmark,DNK,Europe,2004,2000,1.024,E
Denmark,DNK,Europe,2005,2000,1.273,E
Denmark,DNK,Europe,2006,2000,1.342,E
Denmark,DNK,Europe,2007,2000,2.131,E
Denmark,DNK,Europe,2008,2000,1.852,E
Denmark,DNK,Europe,2009,2000,1.319,E
Denmark,DNK,Europe,2010,2010,-0.198,E
Denmark,DNK,Europe,2011,2010,0.68,E
Denmark,DNK,Europe,2012,2010,1.137,E
Denmark,DNK,Europe,2013,2010,0.399,E
Denmark,DNK,Europe,2014,2010,2.678,E
Denmark,DNK,Europe,2015,2010,1.52,E
Denmark,DNK,Europe,2016,2010,1.852,E
Denmark,DNK,Europe,2017,2010,1.622,E
Denmark,DNK,Europe,2018,2010,2.107,E
Denmark,DNK,Europe,2019,2010,2.178,E
Denmark,DNK,Europe,2020,2020,2.636,E
Denmark,DNK,Europe,2021,2020,1.687,E
Denmark,DNK,Europe,2022,2020,2.231,E
Denmark,DNK,Europe,2023,2020,1.876,E
Denmark,DNK,Europe,2024,2020,2.344,E
Denmark,DNK,Europe,2025,2020,2.289,E
Djibouti,DJI,Africa,1961,1960,0.139,E
Djibouti,DJI,Africa,1962,1960,-0.17,E
Djibouti,DJI,Africa,1963,1960,0.079,E
Djibouti,DJI,Africa,1964,1960,-0.253,E
Djibouti,DJI,Africa,1965,1960,-0.386,E
Djibouti,DJI,Africa,1966,1960,0.051,E
Djibouti,DJI,Africa,1967,1960,-0.419,E
Djibouti,DJI,Africa,1968,1960,-0.457,E
Djibouti,DJI,Africa,1969,1960,0.237,E
Djibouti,DJI,Africa,1970,1970,0.143,E
Djibouti,DJI,Africa,1971,1970,-0.158,E
Djibouti,DJI,Africa,1972,1970,0.21,E
Djibouti,DJI,Africa,1973,1970,0.655,E
Djibouti,DJI,Africa,1974,1970,-0.201,E
Djibouti,DJI,Africa,1975,1970,0.124,E
Djibouti,DJI,Africa,1976,1970,-0.007,E
Djibouti,DJI,Africa,1977,1970,0.226,E
Djibouti,DJI,Africa,1978,1970,0.235,E
Djibouti,DJI,Africa,1979,1970,0.05,E
Djibouti,DJI,Africa,1980,1980,0.75,E
Djibouti,DJI,Africa,1981,1980,0.055,E
Djibouti,DJI,Africa,1982,1980,0.148,E
Djibouti,DJI,Africa,1983,1980,0.294,E
Djibouti,DJI,Africa,1984,1980,-0.108,E
Djibouti,DJI,Africa,1985,1980,0.037,E
Djibouti,DJI,Africa,1986,1980,-0.082,E
Djibouti,DJI,Africa,1987,1980,0.194,E
Djibouti,DJI,Africa,1988,1980,0.547,E
Djibouti,DJI,Africa,1989,1980,-0.148,E
Djibouti,DJI,Africa,1990,1990,0.479,E
Djibouti,DJI,Africa,1991,1990,0.405,E
Djibouti,DJI,Africa,1992,1990,0.369,E
Djibouti,DJI,Africa,1993,1990,0.223,E
Djibouti,DJI,Africa,1994,1990,0.189,E
Djibouti,DJI,Africa,1995,1990,0.562,E
Djibouti,DJI,Africa,1996,1990,0.67,E
Djibouti,DJI,Africa,1997,1990,0.56,E
Djibouti,DJI,Africa,1998,1990,0.86,E
Djibouti,DJI,Africa,1999,1990,0.282,E
Djibouti,DJI,Africa,2000,2000,0.695,E
Djibouti,DJI,Africa,2001,2000,0.654,E
Djibouti,DJI,Africa,2002,2000,1.215,E
Djibouti,DJI,Africa,2003,2000,1.254,E
Djibouti,DJI,Africa,2004,2000,0.75,E
Djibouti,DJI,Africa,2005,2000,0.965,E
Djibouti,DJI,Africa,2006,2000,0.639,E
Djibouti,DJI,Africa,2007,2000,0.641,E
Djibouti,DJI,Africa,2008,2000,0.074,E
Djibouti,DJI,Africa,2009,2000,1.137,E
Djibouti,DJI,Africa,2010,2010,0.794,E
Djibouti,DJI,Africa,2011,2010,0.664,E
Djibouti,DJI,Africa,2012,2010,,O
Djibouti,DJI,Africa,2013,2010,0.993,E
Djibouti,DJI,Africa,2014,2010,0.859,E
Djibouti,DJI,Africa,2015,2010,1.37,E
Djibouti,DJI,Africa,2016,2010,1.187,E
Djibouti,DJI,Africa,2017,2010,1.385,E
Djibouti,DJI,Africa,2018,2010,0.887,E
Djibouti,DJI,Africa,2019,2010,0.917,E
Djibouti,DJI,Africa,2020,2020,1.005,E
Djibouti,DJI,Africa,2021,2020,0.647,E
Djibouti,DJI,Africa,2022,2020,1.1,E
Djibouti,DJI,Africa,2023,2020,0.366,E
Djibouti,DJI,Africa,2024,2020,1.603,E
Djibouti,DJI,Africa,2025,2020,1.248,E
Dominica,DMA,North America,1961,1960,0.003,E
Dominica,DMA,North America,1962,1960,0.008,E
Dominica,DMA,North America,1963,1960,0.125,E
Dominica,DMA,North America,1964,1960,-0.05,E
Dominica,DMA,North America,1965,1960,-0.378,E
Dominica,DMA,North America,1966,1960,0.036,E
Dominica,DMA,North America,1967,1960,-0.307,E
Dominica,DMA,North America,1968,1960,-0.268,E
Dominica,DMA,North America,1969,1960,0.337,E
Dominica,DMA,North America,1970,1970,0.096,E
Dominica,DMA,North America,1971,1970,-0.323,E
Dominica,DMA,North America,1972,1970,-0.171,E
Dominica,DMA,North America,1973,1970,0.168,E
Dominica,DMA,North America,1974,1970,-0.381,E
Dominica,DMA,North America,1975,1970,-0.374,E
Dominica,DMA,North America,1976,1970,-0.419,E
Dominica,DMA,North America,1977,1970,0.067,E
Dominica,DMA,North America,1978,1970,0.108,E
Dominica,DMA,North America,1979,1970,0.2,E
Dominica,DMA,North America,1980,1980,0.45,E
Dominica,DMA,North America,1981,1980,0.451,E
Dominica,DMA,North America,1982,1980,0.104,E
Dominica,DMA,North America,1983,1980,0.465,E
Dominica,DMA,North America,1984,1980,-0.027,E
Dominica,DMA,North America,1985,1980,-0.04,E
Dominica,DMA,North America,1986,1980,0.033,E
Dominica,DMA,North America,1987,1980,0.611,E
Dominica,DMA,North America,1988,1980,0.411,E
Dominica,DMA,North America,1989,1980,-0.045,E
Dominica,DMA,North America,1990,1990,0.515,E
Dominica,DMA,North America,1991,1990,0.451,E
Dominica,DMA,North America,1992,1990,0.388,E
Dominica,DMA,North America,1993,1990,0.523,E
Dominica,DMA,North America,1994,1990,0.598,E
Dominica,DMA,North America,1995,1990,0.717,E
Dominica,DMA,North America,1996,1990,0.477,E
Dominica,DMA,North America,1997,1990,0.672,E
Dominica,DMA,North America,1998,1990,1.101,E
Dominica,DMA,North America,1999,1990,0.538,E
Dominica,DMA,North America,2000,2000,0.36,E
Dominica,DMA,North America,2001,2000,0.683,E
Dominica,DMA,North America,2002,2000,0.749,E
Dominica,DMA,North America,2003,2000,0.747,E
Dominica,DMA,North America,2004,2000,0.488,E
Dominica,DMA,North America,2005,2000,0.839,E
Dominica,DMA,North America,2006,2000,0.677,E
Dominica,DMA,North America,2007,2000,0.769,E
Dominica,DMA,North America,2008,2000,0.292,E
Dominica,DMA,North America,2009,2000,0.494,E
Dominica,DMA,North America,2010,2010,1.127,E
Dominica,DMA,North America,2011,2010,0.479,E
Dominica,DMA,North America,2012,2010,0.63,E
Dominica,DMA,North America,2013,2010,0.66,E
Dominica,DMA,North America,2014,2010,0.641,E
Dominica,DMA,North America,2015,2010,0.863,E
Dominica,DMA,North America,2016,2010,1.001,E
Dominica,DMA,North America,2017,2010,0.777,E
Dominica,DMA,North America,2018,2010,0.633,E
Dominica,DMA,North America,2019,2010,0.787,E
Dominica,DMA,North America,2020,2020,1.076,E
Dominica,DMA,North America,2021,2020,0.789,E
Dominica,DMA,North America,2022,2020,0.742,E
Dominica,DMA,North America,2023,2020,0.978,E
Dominica,DMA,North America,2024,2020,1.613,E
Dominica,DMA,North America,2025,2020,1.195,E
Dominican Republic,DOM,North America,1961,1960,-0.009,E
Dominican Republic,DOM,North America,1962,1960,-0.004,E
Dominican Republic,DOM,North America,1963,1960,0.05,E
Dominican Republic,DOM,North America,1964,1960,0.213,E
Dominican Republic,DOM,North America,1965,1960,-0.304,E
Dominican Republic,DOM,North America,1966,1960,-0.022,E
Dominican Republic,DOM,North America,1967,1960,-0.244,E
Dominican Republic,DOM,North America,1968,1960,-0.28,E
Dominican Republic,DOM,North America,1969,1960,0.284,E
Dominican Republic,DOM,North America,1970,1970,-0.011,E
Dominican Republic,DOM,North America,1971,1970,-0.304,E
Dominican Republic,DOM,North America,1972,1970,-0.034,E
Dominican Republic,DOM,North America,1973,1970,0.253,E
Dominican Republic,DOM,North America,1974,1970,-0.495,E
Dominican Republic,DOM,North America,1975,1970,-0.079,E
Dominican Republic,DOM,North America,1976,1970,-0.429,E
Dominican Republic,DOM,North America,1977,1970,0.264,E
Dominican Republic,DOM,North America,1978,1970,0.186,E
Dominican Republic,DOM,North America,1979,1970,0.098,E
Dominican Republic,DOM,North America,1980,1980,0.605,E
Dominican Republic,DOM,North America,1981,1980,0.381,E
Dominican Republic,DOM,North America,1982,1980,0.154,E
Dominican Republic,DOM,North America,1983,1980,0.539,E
Dominican Republic,DOM,North America,1984,1980,0.185,E
Dominican Republic,DOM,North America,1985,1980,0.042,E
Dominican Republic,DOM,North America,1986,1980,0.146,E
Dominican Republic,DOM,North America,1987,1980,0.644,E
Dominican Republic,DOM,North America,1988,1980,0.544,E
Dominican Republic,DOM,North America,1989,1980,0.166,E
Dominican Republic,DOM,North America,1990,1990,0.469,E
Dominican Republic,DOM,North America,1991,1990,0.334,E
Dominican Republic,DOM,North America,1992,1990,0.143,E
Dominican Republic,DOM,North America,1993,1990,0.4,E
Dominican Republic,DOM,North America,1994,1990,0.438,E
Dominican Republic,DOM,North America,1995,1990,0.63,E
Dominican Republic,DOM,North America,1996,1990,0.318,E
Dominican Republic,DOM,North America,1997,1990,0.623,E
Dominican Republic,DOM,North America,1998,1990,1.015,E
Dominican Republic,DOM,North America,1999,1990,0.594,E
Dominican Republic,DOM,North America,2000,2000,0.338,E
Dominican Republic,DOM,North America,2001,2000,0.738,E
Dominican Republic,DOM,North America,2002,2000,0.809,E
Dominican Republic,DOM,North America,2003,2000,0.945,E
Dominican Republic,DOM,North America,2004,2000,0.543,E
Dominican Republic,DOM,North America,2005,2000,0.864,E
Dominican Republic,DOM,North America,2006,2000,0.793,E
Dominican Republic,DOM,North America,2007,2000,1.069,E
Dominican Republic,DOM,North America,2008,2000,0.455,E
Dominican Republic,DOM,North America,2009,2000,0.519,E
Dominican Republic,DOM,North America,2010,2010,1.019,E
Dominican Republic,DOM,North America,2011,2010,0.356,E
Dominican Republic,DOM,North America,2012,2010,0.574,E
Dominican Republic,DOM,North America,2013,2010,0.819,E
Dominican Republic,DOM,North America,2014,2010,0.761,E
Dominican Republic,DOM,North America,2015,2010,1.08,E
Dominican Republic,DOM,North America,2016,2010,0.932,E
Dominican Republic,DOM,North America,2017,2010,0.862,E
Dominican Republic,DOM,North America,2018,2010,0.874,E
Dominican Republic,DOM,North America,2019,2010,0.959,E
Dominican Republic,DOM,North America,2020,2020,1.398,E
Dominican Republic,DOM,North America,2021,2020,0.956,E
Dominican Republic,DOM,North America,2022,2020,0.893,E
Dominican Republic,DOM,North America,2023,2020,1.276,E
Dominican Republic,DOM,North America,2024,2020,1.382,E
Dominican Republic,DOM,North America,2025,2020,1.122,E
Ecuador,ECU,South America,1961,1960,-0.2,E
Ecuador,ECU,South America,1962,1960,-0.196,E
Ecuador,ECU,South America,1963,1960,-0.046,E
Ecuador,ECU,South America,1964,1960,-0.235,E
Ecuador,ECU,South America,1965,1960,0.28,E
Ecuador,ECU,South America,1966,1960,0.045,E
Ecuador,ECU,South America,1967,1960,-0.419,E
Ecuador,ECU,South America,1968,1960,-0.319,E
Ecuador,ECU,South America,1969,1960,0.414,E
Ecuador,ECU,South America,1970,1970,-0.172,E
Ecuador,ECU,South America,1971,1970,-0.519,E
Ecuador,ECU,South America,1972,1970,0.539,E
Ecuador,ECU,South America,1973,1970,0.131,E
Ecuador,ECU,South America,1974,1970,-0.269,E
Ecuador,ECU,South America,1975,1970,-0.32,E
Ecuador,ECU,South America,1976,1970,0.325,E
Ecuador,ECU,South America,1977,1970,0.363,E
Ecuador,ECU,South America,1978,1970,0.247,E
Ecuador,ECU,South America,1979,1970,0.432,E
Ecuador,ECU,South America,1980,1980,0.409,E
Ecuador,ECU,South America,1981,1980,0.021,E
Ecuador,ECU,South America,1982,1980,0.495,E
Ecuador,ECU,South America,1983,1980,0.932,E
Ecuador,ECU,South America,1984,1980,-0.032,E
Ecuador,ECU,South America,1985,1980,-0.181,E
Ecuador,ECU,South America,1986,1980,0.068,E
Ecuador,ECU,South America,1987,1980,0.931,E
Ecuador,ECU,South America,1988,1980,0.247,E
Ecuador,ECU,South America,1989,1980,-0.081,E
Ecuador,ECU,South America,1990,1990,0.407,E
Ecuador,ECU,South America,1991,1990,0.484,E
Ecuador,ECU,South America,1992,1990,0.855,E
Ecuador,ECU,South America,1993,1990,0.559,E
Ecuador,ECU,South America,1994,1990,0.361,E
Ecuador,ECU,South America,1995,1990,0.611,E
Ecuador,ECU,South America,1996,1990,-0.106,E
Ecuador,ECU,South America,1997,1990,1.074,E
Ecuador,ECU,South America,1998,1990,1.124,E
Ecuador,ECU,South America,1999,1990,0.087,E
Ecuador,ECU,South America,2000,2000,0.128,E
Ecuador,ECU,South America,2001,2000,0.32,E
Ecuador,ECU,South America,2002,2000,0.619,E
Ecuador,ECU,South America,2003,2000,0.621,E
Ecuador,ECU,South America,2004,2000,0.608,E
Ecuador,ECU,South America,2005,2000,0.601,E
Ecuador,ECU,South America,2006,2000,0.589,E
Ecuador,ECU,South America,2007,2000,0.559,E
Ecuador,ECU,South America,2008,2000,0.532,E
Ecuador,ECU,South America,2009,2000,1.058,E
Ecuador,ECU,South America,2010,2010,0.946,E
Ecuador,ECU,South America,2011,2010,0.846,E
Ecuador,ECU,South America,2012,2010,0.696,E
Ecuador,ECU,South America,2013,2010,0.591,E
Ecuador,ECU,South America,2014,2010,1.208,E
Ecuador,ECU,South America,2015,2010,1.603,E
Ecuador,ECU,South America,2016,2010,1.558,E
Ecuador,ECU,South America,2017,2010,1.2,E
Ecuador,ECU,South America,2018,2010,1.112,E
Ecuador,ECU,South America,2019,2010,1.454,E
Ecuador,ECU,South America,2020,2020,1.561,E
Ecuador,ECU,South America,2021,2020,1.002,E
Ecuador,ECU,South America,2022,2020,0.727,E
Ecuador,ECU,South America,2023,2020,2.094,E
Ecuador,ECU,South America,2024,2020,1.988,E
Ecuador,ECU,South America,2025,2020,1.494,E
Egypt,EGY,Africa,1961,1960,-0.233,E
Egypt,EGY,Africa,1962,1960,0.663,E
Egypt,EGY,Africa,1963,1960,0.65,E
Egypt,EGY,Africa,1964,1960,-0.341,E
Egypt,EGY,Africa,1965,1960,-0.06,E
Egypt,EGY,Africa,1966,1960,0.482,E
Egypt,EGY,Africa,1967,1960,-0.655,E
Egypt,EGY,Africa,1968,1960,-0.11,E
Egypt,EGY,Africa,1969,1960,0.445,E
Egypt,EGY,Africa,1970,1970,-0.07,E
Egypt,EGY,Africa,1971,1970,-0.239,E
Egypt,EGY,Africa,1972,1970,0.01,E
Egypt,EGY,Africa,1973,1970,-0.285,E
Egypt,EGY,Africa,1974,1970,-0.113,E
Egypt,EGY,Africa,1975,1970,-0.474,E
Egypt,EGY,Africa,1976,1970,-0.257,E
Egypt,EGY,Africa,1977,1970,-0.111,E
Egypt,EGY,Africa,1978,1970,-0.263,E
Egypt,EGY,Africa,1979,1970,0.592,E
Egypt,EGY,Africa,1980,1980,-0.088,E
Egypt,EGY,Africa,1981,1980,-0.251,E
Egypt,EGY,Africa,1982,1980,-0.379,E
Egypt,EGY,Africa,1983,1980,-1.083,E
Egypt,EGY,Africa,1984,1980,-0.174,E
Egypt,EGY,Africa,1985,1980,0.28,E
Egypt,EGY,Africa,1986,1980,0.151,E
Egypt,EGY,Africa,1987,1980,-0.303,E
Egypt,EGY,Africa,1988,1980,0.261,E
Egypt,EGY,Africa,1989,1980,-0.15,E
Egypt,EGY,Africa,1990,1990,-0.081,E
Egypt,EGY,Africa,1991,1990,0.428,E
Egypt,EGY,Africa,1992,1990,-0.588,E
Egypt,EGY,Africa,1993,1990,0.033,E
Egypt,EGY,Africa,1994,1990,0.632,E
Egypt,EGY,Africa,1995,1990,0.158,E
Egypt,EGY,Africa,1996,1990,0.394,E
Egypt,EGY,Africa,1997,1990,0.068,E
Egypt,EGY,Africa,1998,1990,0.773,E
Egypt,EGY,Africa,1999,1990,0.839,E
Egypt,EGY,Africa,2000,2000,0.083,E
Egypt,EGY,Africa,2001,2000,0.687,E
Egypt,EGY,Africa,2002,2000,0.816,E
Egypt,EGY,Africa,2003,2000,0.716,E
Egypt,EGY,Africa,2004,2000,0.637,E
Egypt,EGY,Africa,2005,2000,0.511,E
Egypt,EGY,Africa,2006,2000,0.712,E
Egypt,EGY,Africa,2007,2000,0.558,E
Egypt,EGY,Africa,2008,2000,0.87,E
Egypt,EGY,Africa,2009,2000,0.853,E
Egypt,EGY,Africa,2010,2010,2.273,E
Egypt,EGY,Africa,2011,2010,0.614,E
Egypt,EGY,Africa,2012,2010,0.941,E
Egypt,EGY,Africa,2013,2010,1.041,E
Egypt,EGY,Africa,2014,2010,1.247,E
Egypt,EGY,Africa,2015,2010,1.198,E
Egypt,EGY,Africa,2016,2010,1.392,E
Egypt,EGY,Africa,2017,2010,0.61,E
Egypt,EGY,Africa,2018,2010,2.057,E
Egypt,EGY,Africa,2019,2010,0.992,E
Egypt,EGY,Africa,2020,2020,1.0,E
Egypt,EGY,Africa,2021,2020,1.688,E
Egypt,EGY,Africa,2022,2020,0.613,E
Egypt,EGY,Africa,2023,2020,1.868,E
Egypt,EGY,Africa,2024,2020,2.013,E
Egypt,EGY,Africa,2025,2020,1.402,E
El Salvador,SLV,North America,1961,1960,-0.183,E
El Salvador,SLV,North America,1962,1960,-0.019,E
El Salvador,SLV,North America,1963,1960,-0.181,E
El Salvador,SLV,North America,1964,1960,-0.057,E
El Salvador,SLV,North America,1965,1960,-0.241,E
El Salvador,SLV,North America,1966,1960,0.175,E
El Salvador,SLV,North America,1967,1960,-0.46,E
El Salvador,SLV,North America,1968,1960,-0.193,E
El Salvador,SLV,North America,1969,1960,0.257,E
El Salvador,SLV,North America,1970,1970,-0.316,E
El Salvador,SLV,North America,1971,1970,-0.363,E
El Salvador,SLV,North America,1972,1970,0.178,E
El Salvador,SLV,North America,1973,1970,0.119,E
El Salvador,SLV,North America,1974,1970,-0.338,E
El Salvador,SLV,North America,1975,1970,0.081,E
El Salvador,SLV,North America,1976,1970,-0.368,E
El Salvador,SLV,North America,1977,1970,0.713,E
El Salvador,SLV,North America,1978,1970,0.095,E
El Salvador,SLV,North America,1979,1970,0.346,E
El Salvador,SLV,North America,1980,1980,0.332,E
El Salvador,SLV,North America,1981,1980,-0.018,E
El Salvador,SLV,North America,1982,1980,0.253,E
El Salvador,SLV,North America,1983,1980,0.693,E
El Salvador,SLV,North America,1984,1980,0.175,E
El Salvador,SLV,North America,1985,1980,0.122,E
El Salvador,SLV,North America,1986,1980,-0.036,E
El Salvador,SLV,North America,1987,1980,0.716,E
El Salvador,SLV,North America,1988,1980,0.592,E
El Salvador,SLV,North America,1989,1980,0.035,E
El Salvador,SLV,North America,1990,1990,0.435,E
El Salvador,SLV,North America,1991,1990,0.417,E
El Salvador,SLV,North America,1992,1990,0.441,E
El Salvador,SLV,North America,1993,1990,0.238,E
El Salvador,SLV,North America,1994,1990,0.569,E
El Salvador,SLV,North America,1995,1990,0.519,E
El Salvador,SLV,North America,1996,1990,0.067,E
El Salvador,SLV,North America,1997,1990,0.738,E
El Salvador,SLV,North America,1998,1990,0.838,E
El Salvador,SLV,North America,1999,1990,0.178,E
El Salvador,SLV,North America,2000,2000,-0.182,E
El Salvador,SLV,North America,2001,2000,0.296,E
El Salvador,SLV,North America,2002,2000,0.531,E
El Salvador,SLV,North America,2003,2000,0.758,E
El Salvador,SLV,North America,2004,2000,0.573,E
El Salvador,SLV,North America,2005,2000,0.494,E
El Salvador,SLV,North America,2006,2000,0.495,E
El Salvador,SLV,North America,2007,2000,0.507,E
El Salvador,SLV,North America,2008,2000,0.269,E
El Salvador,SLV,North America,2009,2000,0.83,E
El Salvador,SLV,North America,2010,2010,0.447,E
El Salvador,SLV,North America,2011,2010,0.436,E
El Salvador,SLV,North America,2012,2010,0.589,E
El Salvador,SLV,North America,2013,2010,0.581,E
El Salvador,SLV,North America,2014,2010,0.614,E
El Salvador,SLV,North America,2015,2010,1.254,E
El Salvador,SLV,North America,2016,2010,1.212,E
El Salvador,SLV,North America,2017,2010,0.675,E
El Salvador,SLV,North America,2018,2010,0.733,E
El Salvador,SLV,North America,2019,2010,0.949,E
El Salvador,SLV,North America,2020,2020,1.419,E
El Salvador,SLV,North America,2021,2020,1.018,E
El Salvador,SLV,North America,2022,2020,0.742,E
El Salvador,SLV,North America,2023,2020,1.444,E
El Salvador,SLV,North America,2024,2020,1.554,E
El Salvador,SLV,North America,2025,2020,1.282,E
Equatorial Guinea,GNQ,Africa,1961,1960,-0.134,E
Equatorial Guinea,GNQ,Africa,1962,1960,-0.054,E
Equatorial Guinea,GNQ,Africa,1963,1960,0.249,E
Equatorial Guinea,GNQ,Africa,1964,1960,-0.142,E
Equatorial Guinea,GNQ,Africa,1965,1960,-0.159,E
Equatorial Guinea,GNQ,Africa,1966,1960,0.137,E
Equatorial Guinea,GNQ,Africa,1967,1960,-0.064,E
Equatorial Guinea,GNQ,Africa,1968,1960,-0.064,E
Equatorial Guinea,GNQ,Africa,1969,1960,0.101,E
Equatorial Guinea,GNQ,Africa,1970,1970,0.247,E
Equatorial Guinea,GNQ,Africa,1971,1970,-0.107,E
Equatorial Guinea,GNQ,Africa,1972,1970,-0.056,E
Equatorial Guinea,GNQ,Africa,1973,1970,0.486,E
Equatorial Guinea,GNQ,Africa,1974,1970,-0.144,E
Equatorial Guinea,GNQ,Africa,1975,1970,-0.17,E
Equatorial Guinea,GNQ,Africa,1976,1970,-0.327,E
Equatorial Guinea,GNQ,Africa,1977,1970,0.178,E
Equatorial Guinea,GNQ,Africa,1978,1970,-0.035,E
Equatorial Guinea,GNQ,Africa,1979,1970,0.35,E
Equatorial Guinea,GNQ,Africa,1980,1980,0.303,E
Equatorial Guinea,GNQ,Africa,1981,1980,0.08,E
Equatorial Guinea,GNQ,Africa,1982,1980,-0.12,E
Equatorial Guinea,GNQ,Africa,1983,1980,0.142,E
Equatorial Guinea,GNQ,Africa,1984,1980,0.21,E
Equatorial Guinea,GNQ,Africa,1985,1980,-0.017,E
Equatorial Guinea,GNQ,Africa,1986,1980,-0.081,E
Equatorial Guinea,GNQ,Africa,1987,1980,0.388,E
Equatorial Guinea,GNQ,Africa,1988,1980,0.321,E
Equatorial Guinea,GNQ,Africa,1989,1980,-0.017,E
Equatorial Guinea,GNQ,Africa,1990,1990,0.168,E
Equatorial Guinea,GNQ,Africa,1991,1990,,O
Equatorial Guinea,GNQ,Africa,1992,1990,-0.208,E
Equatorial Guinea,GNQ,Africa,1993,1990,0.094,E
Equatorial Guinea,GNQ,Africa,1994,1990,0.311,E
Equatorial Guinea,GNQ,Africa,1995,1990,0.955,E
Equatorial Guinea,GNQ,Africa,1996,1990,0.51,E
Equatorial Guinea,GNQ,Africa,1997,1990,,O
Equatorial Guinea,GNQ,Africa,1998,1990,1.033,E
Equatorial Guinea,GNQ,Africa,1999,1990,0.56,E
Equatorial Guinea,GNQ,Africa,2000,2000,0.41,E
Equatorial Guinea,GNQ,Africa,2001,2000,0.399,E
Equatorial Guinea,GNQ,Africa,2002,2000,0.649,E
Equatorial Guinea,GNQ,Africa,2003,2000,0.905,E
Equatorial Guinea,GNQ,Africa,2004,2000,0.762,E
Equatorial Guinea,GNQ,Africa,2005,2000,0.767,E
Equatorial Guinea,GNQ,Africa,2006,2000,0.61,E
Equatorial Guinea,GNQ,Africa,2007,2000,0.794,E
Equatorial Guinea,GNQ,Africa,2008,2000,0.659,E
Equatorial Guinea,GNQ,Africa,2009,2000,0.744,E
Equatorial Guinea,GNQ,Africa,2010,2010,0.881,E
Equatorial Guinea,GNQ,Africa,2011,2010,0.553,E
Equatorial Guinea,GNQ,Africa,2012,2010,0.535,E
Equatorial Guinea,GNQ,Africa,2013,2010,0.646,E
Equatorial Guinea,GNQ,Africa,2014,2010,0.794,E
Equatorial Guinea,GNQ,Africa,2015,2010,0.752,E
Equatorial Guinea,GNQ,Africa,2016,2010,1.377,E
Equatorial Guinea,GNQ,Africa,2017,2010,1.198,E
Equatorial Guinea,GNQ,Africa,2018,2010,0.587,E
Equatorial Guinea,GNQ,Africa,2019,2010,1.361,E
Equatorial Guinea,GNQ,Africa,2020,2020,1.276,E
Equatorial Guinea,GNQ,Africa,2021,2020,0.994,E
Equatorial Guinea,GNQ,Africa,2022,2020,1.01,E
Equatorial Guinea,GNQ,Africa,2023,2020,1.025,E
Equatorial Guinea,GNQ,Africa,2024,2020,1.465,E
Equatorial Guinea,GNQ,Africa,2025,2020,1.27,E
Eritrea,ERI,Africa,1993,1990,,O
Eritrea,ERI,Africa,1994,1990,,O
Eritrea,ERI,Africa,1995,1990,,O
Eritrea,ERI,Africa,1996,1990,0.08,E
Eritrea,ERI,Africa,1997,1990,0.27,E
Eritrea,ERI,Africa,1998,1990,0.429,E
Eritrea,ERI,Africa,1999,1990,0.798,E
Eritrea,ERI,Africa,2000,2000,0.531,E
Eritrea,ERI,Africa,2001,2000,0.467,E
Eritrea,ERI,Africa,2002,2000,1.046,E
Eritrea,ERI,Africa,2003,2000,0.628,E
Eritrea,ERI,Africa,2004,2000,1.086,E
Eritrea,ERI,Africa,2005,2000,0.75,E
Eritrea,ERI,Africa,2006,2000,0.882,E
Eritrea,ERI,Africa,2007,2000,0.233,E
Eritrea,ERI,Africa,2008,2000,1.046,E
Eritrea,ERI,Africa,2009,2000,1.711,E
Eritrea,ERI,Africa,2010,2010,1.6,E
Eritrea,ERI,Africa,2011,2010,1.464,E
Eritrea,ERI,Africa,2012,2010,1.454,E
Eritrea,ERI,Africa,2013,2010,1.118,E
Eritrea,ERI,Africa,2014,2010,0.884,E
Eritrea,ERI,Africa,2015,2010,1.754,E
Eritrea,ERI,Africa,2016,2010,0.995,E
Eritrea,ERI,Africa,2017,2010,1.371,E
Eritrea,ERI,Africa,2018,2010,0.946,E
Eritrea,ERI,Africa,2019,2010,0.753,E
Eritrea,ERI,Africa,2020,2020,,O
Eritrea,ERI,Africa,2021,2020,1.242,E
Eritrea,ERI,Africa,2022,2020,0.295,E
Eritrea,ERI,Africa,2023,2020,,O
Eritrea,ERI,Africa,2024,2020,,O
Eritrea,ERI,Africa,2025,2020,,O
Estonia,EST,Europe,1992,1990,1.615,E
Estonia,EST,Europe,1993,1990,0.571,E
Estonia,EST,Europe,1994,1990,0.374,E
Estonia,EST,Europe,1995,1990,1.757,E
Estonia,EST,Europe,1996,1990,-0.349,E
Estonia,EST,Europe,1997,1990,0.926,E
Estonia,EST,Europe,1998,1990,0.541,E
Estonia,EST,Europe,1999,1990,1.52,E
Estonia,EST,Europe,2000,2000,2.062,E
Estonia,EST,Europe,2001,2000,1.831,E
Estonia,EST,Europe,2002,2000,1.476,E
Estonia,EST,Europe,2003,2000,0.226,E
Estonia,EST,Europe,2004,2000,1.172,E
Estonia,EST,Europe,2005,2000,1.603,E
Estonia,EST,Europe,2006,2000,1.265,E
Estonia,EST,Europe,2007,2000,2.263,E
Estonia,EST,Europe,2008,2000,2.596,E
Estonia,EST,Europe,2009,2000,1.611,E
Estonia,EST,Europe,2010,2010,0.531,E
Estonia,EST,Europe,2011,2010,1.29,E
Estonia,EST,Europe,2012,2010,1.452,E
Estonia,EST,Europe,2013,2010,1.162,E
Estonia,EST,Europe,2014,2010,2.419,E
Estonia,EST,Europe,2015,2010,2.348,E
Estonia,EST,Europe,2016,2010,1.916,E
Estonia,EST,Europe,2017,2010,1.48,E
Estonia,EST,Europe,2018,2010,2.392,E
Estonia,EST,Europe,2019,2010,2.195,E
Estonia,EST,Europe,2020,2020,3.599,E
Estonia,EST,Europe,2021,2020,2.135,E
Estonia,EST,Europe,2022,2020,1.962,E
Estonia,EST,Europe,2023,2020,2.178,E
Estonia,EST,Europe,2024,2020,2.768,E
Estonia,EST,Europe,2025,2020,2.78,E
Eswatini,SWZ,Africa,1961,1960,0.282,E
Eswatini,SWZ,Africa,1962,1960,0.41,E
Eswatini,SWZ,Africa,1963,1960,-0.242,E
Eswatini,SWZ,Africa,1964,1960,0.023,E
Eswatini,SWZ,Africa,1965,1960,-0.216,E
Eswatini,SWZ,Africa,1966,1960,0.32,E
Eswatini,SWZ,Africa,1967,1960,-0.275,E
Eswatini,SWZ,Africa,1968,1960,-0.427,E
Eswatini,SWZ,Africa,1969,1960,0.431,E
Eswatini,SWZ,Africa,1970,1970,0.567,E
Eswatini,SWZ,Africa,1971,1970,0.006,E
Eswatini,SWZ,Africa,1972,1970,-0.383,E
Eswatini,SWZ,Africa,1973,1970,0.17,E
Eswatini,SWZ,Africa,1974,1970,-0.144,E
Eswatini,SWZ,Africa,1975,1970,-0.281,E
Eswatini,SWZ,Africa,1976,1970,-0.312,E
Eswatini,SWZ,Africa,1977,1970,0.407,E
Eswatini,SWZ,Africa,1978,1970,0.313,E
Eswatini,SWZ,Africa,1979,1970,0.346,E
Eswatini,SWZ,Africa,1980,1980,-0.019,E
Eswatini,SWZ,Africa,1981,1980,-0.296,E
Eswatini,SWZ,Africa,1982,1980,0.297,E
Eswatini,SWZ,Africa,1983,1980,1.051,E
Eswatini,SWZ,Africa,1984,1980,0.077,E
Eswatini,SWZ,Africa,1985,1980,0.639,E
Eswatini,SWZ,Africa,1986,1980,0.389,E
Eswatini,SWZ,Africa,1987,1980,0.59,E
Eswatini,SWZ,Africa,1988,1980,0.648,E
Eswatini,SWZ,Africa,1989,1980,0.166,E
Eswatini,SWZ,Africa,1990,1990,0.307,E
Eswatini,SWZ,Africa,1991,1990,0.551,E
Eswatini,SWZ,Africa,1992,1990,1.169,E
Eswatini,SWZ,Africa,1993,1990,0.758,E
Eswatini,SWZ,Africa,1994,1990,0.022,E
Eswatini,SWZ,Africa,1995,1990,0.599,E
Eswatini,SWZ,Africa,1996,1990,-0.038,E
Eswatini,SWZ,Africa,1997,1990,0.241,E
Eswatini,SWZ,Africa,1998,1990,0.95,E
Eswatini,SWZ,Africa,1999,1990,0.477,E
Eswatini,SWZ,Africa,2000,2000,-0.138,E
Eswatini,SWZ,Africa,2001,2000,0.422,E
Eswatini,SWZ,Africa,2002,2000,0.397,E
Eswatini,SWZ,Africa,2003,2000,0.534,E
Eswatini,SWZ,Africa,2004,2000,0.444,E
Eswatini,SWZ,Africa,2005,2000,0.95,E
Eswatini,SWZ,Africa,2006,2000,0.134,E
Eswatini,SWZ,Africa,2007,2000,0.872,E
Eswatini,SWZ,Africa,2008,2000,0.493,E
Eswatini,SWZ,Africa,2009,2000,0.29,E
Eswatini,SWZ,Africa,2010,2010,1.002,E
Eswatini,SWZ,Africa,2011,2010,,O
Eswatini,SWZ,Africa,2012,2010,0.495,E
Eswatini,SWZ,Africa,2013,2010,0.247,E
Eswatini,SWZ,Africa,2014,2010,0.543,E
Eswatini,SWZ,Africa,2015,2010,0.921,E
Eswatini,SWZ,Africa,2016,2010,0.858,E
Eswatini,SWZ,Africa,2017,2010,0.734,E
Eswatini,SWZ,Africa,2018,2010,0.743,E
Eswatini,SWZ,Africa,2019,2010,1.491,E
Eswatini,SWZ,Africa,2020,2020,0.252,E
Eswatini,SWZ,Africa,2021,2020,0.566,E
Eswatini,SWZ,Africa,2022,2020,1.022,E
Eswatini,SWZ,Africa,2023,2020,0.764,E
Eswatini,SWZ,Africa,2024,2020,0.935,E
Eswatini,SWZ,Africa,2025,2020,1.025,E
Ethiopia,ETH,Africa,1993,1990,0.184,E
Ethiopia,ETH,Africa,1994,1990,0.516,E
Ethiopia,ETH,Africa,1995,1990,0.728,E
Ethiopia,ETH,Africa,1996,1990,0.732,E
Ethiopia,ETH,Africa,1997,1990,0.643,E
Ethiopia,ETH,Africa,1998,1990,0.735,E
Ethiopia,ETH,Africa,1999,1990,0.247,E
Ethiopia,ETH,Africa,2000,2000,0.473,E
Ethiopia,ETH,Africa,2001,2000,0.611,E
Ethiopia,ETH,Africa,2002,2000,0.933,E
Ethiopia,ETH,Africa,2003,2000,0.978,E
Ethiopia,ETH,Africa,2004,2000,0.712,E
Ethiopia,ETH,Africa,2005,2000,0.963,E
Ethiopia,ETH,Africa,2006,2000,0.845,E
Ethiopia,ETH,Africa,2007,2000,0.705,E
Ethiopia,ETH,Africa,2008,2000,0.655,E
Ethiopia,ETH,Africa,2009,2000,1.158,E
Ethiopia,ETH,Africa,2010,2010,1.101,E
Ethiopia,ETH,Africa,2011,2010,0.957,E
Ethiopia,ETH,Africa,2012,2010,0.855,E
Ethiopia,ETH,Africa,2013,2010,0.993,E
Ethiopia,ETH,Africa,2014,2010,0.902,E
Ethiopia,ETH,Africa,2015,2010,1.221,E
Ethiopia,ETH,Africa,2016,2010,1.223,E
Ethiopia,ETH,Africa,2017,2010,1.073,E
Ethiopia,ETH,Africa,2018,2010,0.48,E
Ethiopia,ETH,Africa,2019,2010,0.821,E
Ethiopia,ETH,Africa,2020,2020,0.785,E
Ethiopia,ETH,Africa,2021,2020,0.881,E
Ethiopia,ETH,Africa,2022,2020,0.848,E
Ethiopia,ETH,Africa,2023,2020,0.848,E
Ethiopia,ETH,Africa,2024,2020,1.592,E
Ethiopia,ETH,Africa,2025,2020,1.389,E
Falkland Islands (Malvinas),FLK,South America,1961,1960,-0.351,E
Falkland Islands (Malvinas),FLK,South America,1962,1960,0.401,E
Falkland Islands (Malvinas),FLK,South America,1963,1960,-0.286,E
Falkland Islands (Malvinas),FLK,South America,1964,1960,-0.082,E
Falkland Islands (Malvinas),FLK,South America,1965,1960,0.178,E
Falkland Islands (Malvinas),FLK,South America,1966,1960,-0.606,E
Falkland Islands (Malvinas),FLK,South America,1967,1960,0.011,E
Falkland Islands (Malvinas),FLK,South America,1968,1960,0.286,E
Falkland Islands (Malvinas),FLK,South America,1969,1960,-0.348,E
Falkland Islands (Malvinas),FLK,South America,1970,1970,0.203,E
Falkland Islands (Malvinas),FLK,South America,1971,1970,-0.223,E
Falkland Islands (Malvinas),FLK,South America,1972,1970,-0.505,E
Falkland Islands (Malvinas),FLK,South America,1973,1970,0.219,E
Falkland Islands (Malvinas),FLK,South America,1974,1970,0.211,E
Falkland Islands (Malvinas),FLK,South America,1975,1970,0.128,E
Falkland Islands (Malvinas),FLK,South America,1976,1970,-0.223,E
Falkland Islands (Malvinas),FLK,South America,1977,1970,-0.089,E
Falkland Islands (Malvinas),FLK,South America,1978,1970,0.228,E
Falkland Islands (Malvinas),FLK,South America,1979,1970,0.644,E
Falkland Islands (Malvinas),FLK,South America,1980,1980,0.186,E
Falkland Islands (Malvinas),FLK,South America,1981,1980,0.186,E
Falkland Islands (Malvinas),FLK,South America,1982,1980,,O
Falkland Islands (Malvinas),FLK,South America,1983,1980,,O
Falkland Islands (Malvinas),FLK,South America,1984,1980,,O
Falkland Islands (Malvinas),FLK,South America,1985,1980,,O
Falkland Islands (Malvinas),FLK,South America,1986,1980,,O
Falkland Islands (Malvinas),FLK,South America,1987,1980,,O
Falkland Islands (Malvinas),FLK,South America,1988,1980,,O
Falkland Islands (Malvinas),FLK,South America,1989,1980,,O
Falkland Islands (Malvinas),FLK,South America,1990,1990,,O
Falkland Islands (Malvinas),FLK,South America,1991,1990,,O
Falkland Islands (Malvinas),FLK,South America,1992,1990,,O
Falkland Islands (Malvinas),FLK,South America,1993,1990,,O
Falkland Islands (Malvinas),FLK,South America,1994,1990,,O
Falkland Islands (Malvinas),FLK,South America,1995,1990,,O
Falkland Islands (Malvinas),FLK,South America,1996,1990,,O
Falkland Islands (Malvinas),FLK,South America,1997,1990,,O
Falkland Islands (Malvinas),FLK,South America,1998,1990,,O
Falkland Islands (Malvinas),FLK,South America,1999,1990,,O
Falkland Islands (Malvinas),FLK,South America,2000,2000,,O
Falkland Islands (Malvinas),FLK,South America,2001,2000,,O
Falkland Islands (Malvinas),FLK,South America,2002,2000,,O
Falkland Islands (Malvinas),FLK,South America,2003,2000,,O
Falkland Islands (Malvinas),FLK,South America,2004,2000,,O
Falkland Islands (Malvinas),FLK,South America,2005,2000,,O
Falkland Islands (Malvinas),FLK,South America,2006,2000,,O
Falkland Islands (Malvinas),FLK,South America,2007,2000,,O
Falkland Islands (Malvinas),FLK,South America,2008,2000,,O
Falkland Islands (Malvinas),FLK,South America,2009,2000,,O
Falkland Islands (Malvinas),FLK,South America,2010,2010,,O
Falkland Islands (Malvinas),FLK,South America,2011,2010,,O
Falkland Islands (Malvinas),FLK,South America,2012,2010,,O
Falkland Islands (Malvinas),FLK,South America,2013,2010,,O
Falkland Islands (Malvinas),FLK,South America,2014,2010,,O
Falkland Islands (Malvinas),FLK,South America,2015,2010,,O
Falkland Islands (Malvinas),FLK,South America,2016,2010,,O
Falkland Islands (Malvinas),FLK,South America,2017,2010,,O
Falkland Islands (Malvinas),FLK,South America,2018,2010,,O
Falkland Islands (Malvinas),FLK,South America,2019,2010,,O
Falkland Islands (Malvinas),FLK,South America,2020,2020,,O
Falkland Islands (Malvinas),FLK,South America,2021,2020,,O
Falkland Islands (Malvinas),FLK,South America,2022,2020,,O
Falkland Islands (Malvinas),FLK,South America,2023,2020,,O
Falkland Islands (Malvinas),FLK,South America,2024,2020,,O
Falkland Islands (Malvinas),FLK,South America,2025,2020,,O
Faroe Islands,FRO,Europe,1961,1960,0.633,E
Faroe Islands,FRO,Europe,1962,1960,-0.478,E
Faroe Islands,FRO,Europe,1963,1960,-0.055,E
Faroe Islands,FRO,Europe,1964,1960,0.478,E
Faroe Islands,FRO,Europe,1965,1960,-0.354,E
Faroe Islands,FRO,Europe,1966,1960,-0.394,E
Faroe Islands,FRO,Europe,1967,1960,-0.121,E
Faroe Islands,FRO,Europe,1968,1960,-0.252,E
Faroe Islands,FRO,Europe,1969,1960,-0.346,E
Faroe Islands,FRO,Europe,1970,1970,-0.513,E
Faroe Islands,FRO,Europe,1971,1970,0.241,E
Faroe Islands,FRO,Europe,1972,1970,0.668,E
Faroe Islands,FRO,Europe,1973,1970,-0.055,E
Faroe Islands,FRO,Europe,1974,1970,0.495,E
Faroe Islands,FRO,Europe,1975,1970,-0.03,E
Faroe Islands,FRO,Europe,1976,1970,0.501,E
Faroe Islands,FRO,Europe,1977,1970,-0.318,E
Faroe Islands,FRO,Europe,1978,1970,-0.118,E
Faroe Islands,FRO,Europe,1979,1970,-0.882,E
Faroe Islands,FRO,Europe,1980,1980,0.021,E
Faroe Islands,FRO,Europe,1981,1980,-0.391,E
Faroe Islands,FRO,Europe,1982,1980,0.184,E
Faroe Islands,FRO,Europe,1983,1980,-0.316,E
Faroe Islands,FRO,Europe,1984,1980,0.433,E
Faroe Islands,FRO,Europe,1985,1980,-0.184,E
Faroe Islands,FRO,Europe,1986,1980,-0.202,E
Faroe Islands,FRO,Europe,1987,1980,0.137,E
Faroe Islands,FRO,Europe,1988,1980,0.201,E
Faroe Islands,FRO,Europe,1989,1980,0.426,E
Faroe Islands,FRO,Europe,1990,1990,0.678,E
Faroe Islands,FRO,Europe,1991,1990,0.98,E
Faroe Islands,FRO,Europe,1992,1990,0.671,E
Faroe Islands,FRO,Europe,1993,1990,0.076,E
Faroe Islands,FRO,Europe,1994,1990,-0.033,E
Faroe Islands,FRO,Europe,1995,1990,-0.178,E
Faroe Islands,FRO,Europe,1996,1990,0.324,E
Faroe Islands,FRO,Europe,1997,1990,0.87,E
Faroe Islands,FRO,Europe,1998,1990,0.656,E
Faroe Islands,FRO,Europe,1999,1990,0.56,E
Faroe Islands,FRO,Europe,2000,2000,0.268,E
Faroe Islands,FRO,Europe,2001,2000,0.53,E
Faroe Islands,FRO,Europe,2002,2000,1.104,E
Faroe Islands,FRO,Europe,2003,2000,1.675,E
Faroe Islands,FRO,Europe,2004,2000,1.093,E
Faroe Islands,FRO,Europe,2005,2000,0.552,E
Faroe Islands,FRO,Europe,2006,2000,1.2,E
Faroe Islands,FRO,Europe,2007,2000,1.018,E
Faroe Islands,FRO,Europe,2008,2000,0.957,E
Faroe Islands,FRO,Europe,2009,2000,1.513,E
Faroe Islands,FRO,Europe,2010,2010,0.329,E
Faroe Islands,FRO,Europe,2011,2010,1.129,E
Faroe Islands,FRO,Europe,2012,2010,0.44,E
Faroe Islands,FRO,Europe,2013,2010,0.676,E
Faroe Islands,FRO,Europe,2014,2010,1.85,E
Faroe Islands,FRO,Europe,2015,2010,0.901,E
Faroe Islands,FRO,Europe,2016,2010,0.892,E
Faroe Islands,FRO,Europe,2017,2010,1.58,E
Faroe Islands,FRO,Europe,2018,2010,0.923,E
Faroe Islands,FRO,Europe,2019,2010,0.964,E
Faroe Islands,FRO,Europe,2020,2020,0.934,E
Faroe Islands,FRO,Europe,2021,2020,1.071,E
Faroe Islands,FRO,Europe,2022,2020,1.324,E
Faroe Islands,FRO,Europe,2023,2020,0.78,E
Faroe Islands,FRO,Europe,2024,2020,1.107,E
Faroe Islands,FRO,Europe,2025,2020,1.668,E
Fiji,FJI,Oceania,1961,1960,0.2,E
Fiji,FJI,Oceania,1962,1960,-0.1,E
Fiji,FJI,Oceania,1963,1960,-0.063,E
Fiji,FJI,Oceania,1964,1960,0.173,E
Fiji,FJI,Oceania,1965,1960,-0.679,E
Fiji,FJI,Oceania,1966,1960,-0.351,E
Fiji,FJI,Oceania,1967,1960,-0.31,E
Fiji,FJI,Oceania,1968,1960,-0.118,E
Fiji,FJI,Oceania,1969,1960,-0.037,E
Fiji,FJI,Oceania,1970,1970,0.14,E
Fiji,FJI,Oceania,1971,1970,0.133,E
Fiji,FJI,Oceania,1972,1970,-0.238,E
Fiji,FJI,Oceania,1973,1970,0.431,E
Fiji,FJI,Oceania,1974,1970,0.216,E
Fiji,FJI,Oceania,1975,1970,0.255,E
Fiji,FJI,Oceania,1976,1970,0.059,E
Fiji,FJI,Oceania,1977,1970,-0.087,E
Fiji,FJI,Oceania,1978,1970,0.01,E
Fiji,FJI,Oceania,1979,1970,0.15,E
Fiji,FJI,Oceania,1980,1980,0.157,E
Fiji,FJI,Oceania,1981,1980,0.135,E
Fiji,FJI,Oceania,1982,1980,0.188,E
Fiji,FJI,Oceania,1983,1980,0.094,E
Fiji,FJI,Oceania,1984,1980,0.346,E
Fiji,FJI,Oceania,1985,1980,0.34,E
Fiji,FJI,Oceania,1986,1980,-0.098,E
Fiji,FJI,Oceania,1987,1980,0.268,E
Fiji,FJI,Oceania,1988,1980,0.839,E
Fiji,FJI,Oceania,1989,1980,0.272,E
Fiji,FJI,Oceania,1990,1990,0.368,E
Fiji,FJI,Oceania,1991,1990,0.202,E
Fiji,FJI,Oceania,1992,1990,0.251,E
Fiji,FJI,Oceania,1993,1990,-0.108,E
Fiji,FJI,Oceania,1994,1990,0.068,E
Fiji,FJI,Oceania,1995,1990,0.556,E
Fiji,FJI,Oceania,1996,1990,0.596,E
Fiji,FJI,Oceania,1997,1990,0.318,E
Fiji,FJI,Oceania,1998,1990,0.923,E
Fiji,FJI,Oceania,1999,1990,0.679,E
Fiji,FJI,Oceania,2000,2000,0.82,E
Fiji,FJI,Oceania,2001,2000,0.839,E
Fiji,FJI,Oceania,2002,2000,0.839,E
Fiji,FJI,Oceania,2003,2000,0.723,E
Fiji,FJI,Oceania,2004,2000,0.654,E
Fiji,FJI,Oceania,2005,2000,0.804,E
Fiji,FJI,Oceania,2006,2000,0.776,E
Fiji,FJI,Oceania,2007,2000,1.133,E
Fiji,FJI,Oceania,2008,2000,0.68,E
Fiji,FJI,Oceania,2009,2000,0.455,E
Fiji,FJI,Oceania,2010,2010,0.978,E
Fiji,FJI,Oceania,2011,2010,0.95,E
Fiji,FJI,Oceania,2012,2010,0.637,E
Fiji,FJI,Oceania,2013,2010,1.032,E
Fiji,FJI,Oceania,2014,2010,0.971,E
Fiji,FJI,Oceania,2015,2010,0.916,E
Fiji,FJI,Oceania,2016,2010,1.335,E
Fiji,FJI,Oceania,2017,2010,1.319,E
Fiji,FJI,Oceania,2018,2010,1.039,E
Fiji,FJI,Oceania,2019,2010,1.216,E
Fiji,FJI,Oceania,2020,2020,1.345,E
Fiji,FJI,Oceania,2021,2020,1.113,E
Fiji,FJI,Oceania,2022,2020,1.3,E
Fiji,FJI,Oceania,2023,2020,0.997,E
Fiji,FJI,Oceania,2024,2020,1.286,E
Fiji,FJI,Oceania,2025,2020,1.312,E
Finland,FIN,Europe,1961,1960,1.892,E
Finland,FIN,Europe,1962,1960,-0.331,E
Finland,FIN,Europe,1963,1960,-0.393,E
Finland,FIN,Europe,1964,1960,0.345,E
Finland,FIN,Europe,1965,1960,-0.261,E
Finland,FIN,Europe,1966,1960,-1.801,E
Finland,FIN,Europe,1967,1960,1.089,E
Finland,FIN,Europe,1968,1960,-1.629,E
Finland,FIN,Europe,1969,1960,-0.476,E
Finland,FIN,Europe,1970,1970,-0.629,E
Finland,FIN,Europe,1971,1970,-0.45,E
Finland,FIN,Europe,1972,1970,0.936,E
Finland,FIN,Europe,1973,1970,1.14,E
Finland,FIN,Europe,1974,1970,1.121,E
Finland,FIN,Europe,1975,1970,1.892,E
Finland,FIN,Europe,1976,1970,-0.876,E
Finland,FIN,Europe,1977,1970,-0.228,E
Finland,FIN,Europe,1978,1970,-0.523,E
Finland,FIN,Europe,1979,1970,-0.757,E
Finland,FIN,Europe,1980,1980,-0.383,E
Finland,FIN,Europe,1981,1980,-0.242,E
Finland,FIN,Europe,1982,1980,-0.157,E
Finland,FIN,Europe,1983,1980,0.962,E
Finland,FIN,Europe,1984,1980,0.757,E
Finland,FIN,Europe,1985,1980,-1.176,E
Finland,FIN,Europe,1986,1980,-0.18,E
Finland,FIN,Europe,1987,1980,-1.654,E
Finland,FIN,Europe,1988,1980,0.579,E
Finland,FIN,Europe,1989,1980,2.176,E
Finland,FIN,Europe,1990,1990,1.248,E
Finland,FIN,Europe,1991,1990,1.138,E
Finland,FIN,Europe,1992,1990,1.165,E
Finland,FIN,Europe,1993,1990,0.936,E
Finland,FIN,Europe,1994,1990,0.143,E
Finland,FIN,Europe,1995,1990,1.7,E
Finland,FIN,Europe,1996,1990,0.139,E
Finland,FIN,Europe,1997,1990,0.782,E
Finland,FIN,Europe,1998,1990,0.072,E
Finland,FIN,Europe,1999,1990,1.161,E
Finland,FIN,Europe,2000,2000,2.028,E
Finland,FIN,Europe,2001,2000,1.373,E
Finland,FIN,Europe,2002,2000,1.176,E
Finland,FIN,Europe,2003,2000,0.713,E
Finland,FIN,Europe,2004,2000,1.235,E
Finland,FIN,Europe,2005,2000,2.204,E
Finland,FIN,Europe,2006,2000,1.208,E
Finland,FIN,Europe,2007,2000,1.948,E
Finland,FIN,Europe,2008,2000,2.131,E
Finland,FIN,Europe,2009,2000,1.693,E
Finland,FIN,Europe,2010,2010,0.243,E
Finland,FIN,Europe,2011,2010,1.353,E
Finland,FIN,Europe,2012,2010,1.545,E
Finland,FIN,Europe,2013,2010,1.43,E
Finland,FIN,Europe,2014,2010,2.589,E
Finland,FIN,Europe,2015,2010,2.613,E
Finland,FIN,Europe,2016,2010,2.156,E
Finland,FIN,Europe,2017,2010,1.488,E
Finland,FIN,Europe,2018,2010,2.161,E
Finland,FIN,Europe,2019,2010,1.451,E
Finland,FIN,Europe,2020,2020,3.319,E
Finland,FIN,Europe,2021,2020,1.941,E
Finland,FIN,Europe,2022,2020,2.055,E
Finland,FIN,Europe,2023,2020,1.884,E
Finland,FIN,Europe,2024,2020,2.267,E
Finland,FIN,Europe,2025,2020,2.941,E
France,FRA,Europe,1961,1960,0.837,E
France,FRA,Europe,1962,1960,-0.299,E
France,FRA,Europe,1963,1960,-0.952,E
France,FRA,Europe,1964,1960,0.028,E
France,FRA,Europe,1965,1960,-0.625,E
France,FRA,Europe,1966,1960,0.421,E
France,FRA,Europe,1967,1960,0.495,E
France,FRA,Europe,1968,1960,-0.08,E
France,FRA,Europe,1969,1960,0.011,E
France,FRA,Europe,1970,1970,-0.106,E
France,FRA,Europe,1971,1970,-0.171,E
France,FRA,Europe,1972,1970,-0.329,E
France,FRA,Europe,1973,1970,0.047,E
France,FRA,Europe,1974,1970,-0.091,E
France,FRA,Europe,1975,1970,0.47,E
France,FRA,Europe,1976,1970,0.357,E
France,FRA,Europe,1977,1970,0.007,E
France,FRA,Europe,1978,1970,-0.223,E
France,FRA,Europe,1979,1970,-0.199,E
France,FRA,Europe,1980,1980,-0.23,E
France,FRA,Europe,1981,1980,0.084,E
France,FRA,Europe,1982,1980,0.797,E
France,FRA,Europe,1983,1980,0.703,E
France,FRA,Europe,1984,1980,-0.093,E
France,FRA,Europe,1985,1980,-0.342,E
France,FRA,Europe,1986,1980,0.008,E
France,FRA,Europe,1987,1980,0.013,E
France,FRA,Europe,1988,1980,0.783,E
France,FRA,Europe,1989,1980,1.274,E
France,FRA,Europe,1990,1990,1.585,E
France,FRA,Europe,1991,1990,0.244,E
France,FRA,Europe,1992,1990,0.647,E
France,FRA,Europe,1993,1990,0.317,E
France,FRA,Europe,1994,1990,1.537,E
France,FRA,Europe,1995,1990,1.318,E
France,FRA,Europe,1996,1990,0.184,E
France,FRA,Europe,1997,1990,1.239,E
France,FRA,Europe,1998,1990,0.943,E
France,FRA,Europe,1999,1990,1.193,E
France,FRA,Europe,2000,2000,1.166,E
France,FRA,Europe,2001,2000,1.382,E
France,FRA,Europe,2002,2000,1.043,E
France,FRA,Europe,2003,2000,1.786,E
France,FRA,Europe,2004,2000,0.958,E
France,FRA,Europe,2005,2000,1.0,E
France,FRA,Europe,2006,2000,1.291,E
France,FRA,Europe,2007,2000,1.383,E
France,FRA,Europe,2008,2000,0.962,E
France,FRA,Europe,2009,2000,1.171,E
France,FRA,Europe,2010,2010,0.349,E
France,FRA,Europe,2011,2010,1.484,E
France,FRA,Europe,2012,2010,1.174,E
France,FRA,Europe,2013,2010,0.668,E
France,FRA,Europe,2014,2010,2.016,E
France,FRA,Europe,2015,2010,1.567,E
France,FRA,Europe,2016,2010,1.741,E
France,FRA,Europe,2017,2010,1.74,E
France,FRA,Europe,2018,2010,1.99,E
France,FRA,Europe,2019,2010,1.952,E
France,FRA,Europe,2020,2020,2.481,E
France,FRA,Europe,2021,2020,1.27,E
France,FRA,Europe,2022,2020,2.869,E
France,FRA,Europe,2023,2020,2.587,E
France,FRA,Europe,2024,2020,2.389,E
France,FRA,Europe,2025,2020,2.305,E
French Guiana,GUF,South America,1961,1960,-0.183,E
French Guiana,GUF,South America,1962,1960,-0.107,E
French Guiana,GUF,South America,1963,1960,-0.085,E
French Guiana,GUF,South America,1964,1960,-0.093,E
French Guiana,GUF,South America,1965,1960,-0.187,E
French Guiana,GUF,South America,1966,1960,0.143,E
French Guiana,GUF,South America,1967,1960,-0.181,E
French Guiana,GUF,South America,1968,1960,-0.17,E
French Guiana,GUF,South America,1969,1960,0.448,E
French Guiana,GUF,South America,1970,1970,0.226,E
French Guiana,GUF,South America,1971,1970,-0.322,E
French Guiana,GUF,South America,1972,1970,-0.037,E
French Guiana,GUF,South America,1973,1970,0.185,E
French Guiana,GUF,South America,1974,1970,-0.323,E
French Guiana,GUF,South America,1975,1970,-0.267,E
French Guiana,GUF,South America,1976,1970,-0.079,E
French Guiana,GUF,South America,1977,1970,0.139,E
French Guiana,GUF,South America,1978,1970,0.14,E
French Guiana,GUF,South America,1979,1970,0.302,E
French Guiana,GUF,South America,1980,1980,0.313,E
French Guiana,GUF,South America,1981,1980,0.331,E
French Guiana,GUF,South America,1982,1980,0.278,E
French Guiana,GUF,South America,1983,1980,0.653,E
French Guiana,GUF,South America,1984,1980,-0.048,E
French Guiana,GUF,South America,1985,1980,0.097,E
French Guiana,GUF,South America,1986,1980,0.231,E
French Guiana,GUF,South America,1987,1980,0.789,E
French Guiana,GUF,South America,1988,1980,0.571,E
French Guiana,GUF,South America,1989,1980,0.101,E
French Guiana,GUF,South America,1990,1990,0.405,E
French Guiana,GUF,South America,1991,1990,0.463,E
French Guiana,GUF,South America,1992,1990,0.541,E
French Guiana,GUF,South America,1993,1990,0.45,E
French Guiana,GUF,South America,1994,1990,0.387,E
French Guiana,GUF,South America,1995,1990,0.77,E
French Guiana,GUF,South America,1996,1990,0.663,E
French Guiana,GUF,South America,1997,1990,0.846,E
French Guiana,GUF,South America,1998,1990,1.538,E
French Guiana,GUF,South America,1999,1990,0.771,E
French Guiana,GUF,South America,2000,2000,0.675,E
French Guiana,GUF,South America,2001,2000,0.777,E
French Guiana,GUF,South America,2002,2000,0.944,E
French Guiana,GUF,South America,2003,2000,1.065,E
French Guiana,GUF,South America,2004,2000,0.993,E
French Guiana,GUF,South America,2005,2000,1.489,E
French Guiana,GUF,South America,2006,2000,0.942,E
French Guiana,GUF,South America,2007,2000,1.213,E
French Guiana,GUF,South America,2008,2000,0.944,E
French Guiana,GUF,South America,2009,2000,1.344,E
French Guiana,GUF,South America,2010,2010,1.557,E
French Guiana,GUF,South America,2011,2010,1.129,E
French Guiana,GUF,South America,2012,2010,1.12,E
French Guiana,GUF,South America,2013,2010,1.28,E
French Guiana,GUF,South America,2014,2010,1.301,E
French Guiana,GUF,South America,2015,2010,1.487,E
French Guiana,GUF,South America,2016,2010,1.865,E
French Guiana,GUF,South America,2017,2010,1.594,E
French Guiana,GUF,South America,2018,2010,1.332,E
French Guiana,GUF,South America,2019,2010,1.648,E
French Guiana,GUF,South America,2020,2020,1.755,E
French Guiana,GUF,South America,2021,2020,1.448,E
French Guiana,GUF,South America,2022,2020,1.306,E
French Guiana,GUF,South America,2023,2020,1.792,E
French Guiana,GUF,South America,2024,2020,2.419,E
French Guiana,GUF,South America,2025,2020,1.712,E
French Polynesia,PYF,Oceania,1961,1960,0.12,E
French Polynesia,PYF,Oceania,1962,1960,-0.139,E
French Polynesia,PYF,Oceania,1963,1960,-0.06,E
French Polynesia,PYF,Oceania,1964,1960,-0.246,E
French Polynesia,PYF,Oceania,1965,1960,-0.147,E
French Polynesia,PYF,Oceania,1966,1960,0.046,E
French Polynesia,PYF,Oceania,1967,1960,-0.316,E
French Polynesia,PYF,Oceania,1968,1960,-0.576,E
French Polynesia,PYF,Oceania,1969,1960,0.304,E
French Polynesia,PYF,Oceania,1970,1970,0.232,E
French Polynesia,PYF,Oceania,1971,1970,-0.25,E
French Polynesia,PYF,Oceania,1972,1970,0.202,E
French Polynesia,PYF,Oceania,1973,1970,0.375,E
French Polynesia,PYF,Oceania,1974,1970,-0.279,E
French Polynesia,PYF,Oceania,1975,1970,-0.183,E
French Polynesia,PYF,Oceania,1976,1970,-0.192,E
French Polynesia,PYF,Oceania,1977,1970,0.268,E
French Polynesia,PYF,Oceania,1978,1970,-0.067,E
French Polynesia,PYF,Oceania,1979,1970,0.116,E
French Polynesia,PYF,Oceania,1980,1980,0.236,E
French Polynesia,PYF,Oceania,1981,1980,0.127,E
French Polynesia,PYF,Oceania,1982,1980,0.3,E
French Polynesia,PYF,Oceania,1983,1980,0.122,E
French Polynesia,PYF,Oceania,1984,1980,0.289,E
French Polynesia,PYF,Oceania,1985,1980,0.03,E
French Polynesia,PYF,Oceania,1986,1980,0.148,E
French Polynesia,PYF,Oceania,1987,1980,0.31,E
French Polynesia,PYF,Oceania,1988,1980,0.195,E
French Polynesia,PYF,Oceania,1989,1980,0.022,E
French Polynesia,PYF,Oceania,1990,1990,0.226,E
French Polynesia,PYF,Oceania,1991,1990,0.178,E
French Polynesia,PYF,Oceania,1992,1990,0.19,E
French Polynesia,PYF,Oceania,1993,1990,0.016,E
French Polynesia,PYF,Oceania,1994,1990,0.383,E
French Polynesia,PYF,Oceania,1995,1990,0.378,E
French Polynesia,PYF,Oceania,1996,1990,-0.043,E
French Polynesia,PYF,Oceania,1997,1990,0.126,E
French Polynesia,PYF,Oceania,1998,1990,0.512,E
French Polynesia,PYF,Oceania,1999,1990,0.325,E
French Polynesia,PYF,Oceania,2000,2000,0.196,E
French Polynesia,PYF,Oceania,2001,2000,0.325,E
French Polynesia,PYF,Oceania,2002,2000,0.626,E
French Polynesia,PYF,Oceania,2003,2000,0.553,E
French Polynesia,PYF,Oceania,2004,2000,0.376,E
French Polynesia,PYF,Oceania,2005,2000,0.505,E
French Polynesia,PYF,Oceania,2006,2000,0.681,E
French Polynesia,PYF,Oceania,2007,2000,0.682,E
French Polynesia,PYF,Oceania,2008,2000,0.171,E
French Polynesia,PYF,Oceania,2009,2000,0.66,E
French Polynesia,PYF,Oceania,2010,2010,0.6,E
French Polynesia,PYF,Oceania,2011,2010,0.036,E
French Polynesia,PYF,Oceania,2012,2010,0.548,E
French Polynesia,PYF,Oceania,2013,2010,0.36,E
French Polynesia,PYF,Oceania,2014,2010,0.498,E
French Polynesia,PYF,Oceania,2015,2010,0.568,E
French Polynesia,PYF,Oceania,2016,2010,1.015,E
French Polynesia,PYF,Oceania,2017,2010,0.76,E
French Polynesia,PYF,Oceania,2018,2010,0.489,E
French Polynesia,PYF,Oceania,2019,2010,0.716,E
French Polynesia,PYF,Oceania,2020,2020,0.687,E
French Polynesia,PYF,Oceania,2021,2020,0.646,E
French Polynesia,PYF,Oceania,2022,2020,0.214,E
French Polynesia,PYF,Oceania,2023,2020,0.867,E
French Polynesia,PYF,Oceania,2024,2020,0.958,E
French Polynesia,PYF,Oceania,2025,2020,0.863,E
Gabon,GAB,Africa,1961,1960,-0.13,E
Gabon,GAB,Africa,1962,1960,-0.034,E
Gabon,GAB,Africa,1963,1960,0.263,E
Gabon,GAB,Africa,1964,1960,-0.127,E
Gabon,GAB,Africa,1965,1960,-0.144,E
Gabon,GAB,Africa,1966,1960,0.159,E
Gabon,GAB,Africa,1967,1960,-0.103,E
Gabon,GAB,Africa,1968,1960,-0.114,E
Gabon,GAB,Africa,1969,1960,0.145,E
Gabon,GAB,Africa,1970,1970,0.193,E
Gabon,GAB,Africa,1971,1970,-0.015,E
Gabon,GAB,Africa,1972,1970,-0.031,E
Gabon,GAB,Africa,1973,1970,0.516,E
Gabon,GAB,Africa,1974,1970,-0.034,E
Gabon,GAB,Africa,1975,1970,-0.099,E
Gabon,GAB,Africa,1976,1970,-0.309,E
Gabon,GAB,Africa,1977,1970,0.215,E
Gabon,GAB,Africa,1978,1970,0.093,E
Gabon,GAB,Africa,1979,1970,0.403,E
Gabon,GAB,Africa,1980,1980,0.32,E
Gabon,GAB,Africa,1981,1980,-0.151,E
Gabon,GAB,Africa,1982,1980,-0.385,E
Gabon,GAB,Africa,1983,1980,0.159,E
Gabon,GAB,Africa,1984,1980,0.172,E
Gabon,GAB,Africa,1985,1980,-0.234,E
Gabon,GAB,Africa,1986,1980,-0.15,E
Gabon,GAB,Africa,1987,1980,0.27,E
Gabon,GAB,Africa,1988,1980,0.24,E
Gabon,GAB,Africa,1989,1980,-0.115,E
Gabon,GAB,Africa,1990,1990,0.085,E
Gabon,GAB,Africa,1991,1990,0.073,E
Gabon,GAB,Africa,1992,1990,-0.243,E
Gabon,GAB,Africa,1993,1990,0.135,E
Gabon,GAB,Africa,1994,1990,0.155,E
Gabon,GAB,Africa,1995,1990,0.583,E
Gabon,GAB,Africa,1996,1990,0.068,E
Gabon,GAB,Africa,1997,1990,0.386,E
Gabon,GAB,Africa,1998,1990,1.099,E
Gabon,GAB,Africa,1999,1990,0.564,E
Gabon,GAB,Africa,2000,2000,0.307,E
Gabon,GAB,Africa,2001,2000,0.248,E
Gabon,GAB,Africa,2002,2000,0.643,E
Gabon,GAB,Africa,2003,2000,0.843,E
Gabon,GAB,Africa,2004,2000,0.762,E
Gabon,GAB,Africa,2005,2000,0.704,E
Gabon,GAB,Africa,2006,2000,0.655,E
Gabon,GAB,Africa,2007,2000,0.815,E
Gabon,GAB,Africa,2008,2000,0.682,E
Gabon,GAB,Africa,2009,2000,0.712,E
Gabon,GAB,Africa,2010,2010,1.01,E
Gabon,GAB,Africa,2011,2010,0.466,E
Gabon,GAB,Africa,2012,2010,0.484,E
Gabon,GAB,Africa,2013,2010,0.618,E
Gabon,GAB,Africa,2014,2010,0.711,E
Gabon,GAB,Africa,2015,2010,0.858,E
Gabon,GAB,Africa,2016,2010,1.416,E
Gabon,GAB,Africa,2017,2010,1.186,E
Gabon,GAB,Africa,2018,2010,0.912,E
Gabon,GAB,Africa,2019,2010,1.393,E
Gabon,GAB,Africa,2020,2020,1.283,E
Gabon,GAB,Africa,2021,2020,1.021,E
Gabon,GAB,Africa,2022,2020,0.895,E
Gabon,GAB,Africa,2023,2020,1.213,E
Gabon,GAB,Africa,2024,2020,1.479,E
Gabon,GAB,Africa,2025,2020,1.091,E
Gambia,GMB,Africa,1961,1960,-0.096,E
Gambia,GMB,Africa,1962,1960,-0.01,E
Gambia,GMB,Africa,1963,1960,0.147,E
Gambia,GMB,Africa,1964,1960,-0.158,E
Gambia,GMB,Africa,1965,1960,-0.455,E
Gambia,GMB,Africa,1966,1960,-0.052,E
Gambia,GMB,Africa,1967,1960,-0.344,E
Gambia,GMB,Africa,1968,1960,-0.561,E
Gambia,GMB,Africa,1969,1960,0.812,E
Gambia,GMB,Africa,1970,1970,0.364,E
Gambia,GMB,Africa,1971,1970,-0.075,E
Gambia,GMB,Africa,1972,1970,0.293,E
Gambia,GMB,Africa,1973,1970,0.663,E
Gambia,GMB,Africa,1974,1970,-0.245,E
Gambia,GMB,Africa,1975,1970,-0.203,E
Gambia,GMB,Africa,1976,1970,-0.068,E
Gambia,GMB,Africa,1977,1970,0.449,E
Gambia,GMB,Africa,1978,1970,0.369,E
Gambia,GMB,Africa,1979,1970,0.54,E
Gambia,GMB,Africa,1980,1980,0.742,E
Gambia,GMB,Africa,1981,1980,0.589,E
Gambia,GMB,Africa,1982,1980,0.294,E
Gambia,GMB,Africa,1983,1980,1.1,E
Gambia,GMB,Africa,1984,1980,0.635,E
Gambia,GMB,Africa,1985,1980,0.408,E
Gambia,GMB,Africa,1986,1980,0.658,E
Gambia,GMB,Africa,1987,1980,1.038,E
Gambia,GMB,Africa,1988,1980,0.867,E
Gambia,GMB,Africa,1989,1980,0.69,E
Gambia,GMB,Africa,1990,1990,1.2,E
Gambia,GMB,Africa,1991,1990,0.874,E
Gambia,GMB,Africa,1992,1990,0.915,E
Gambia,GMB,Africa,1993,1990,1.119,E
Gambia,GMB,Africa,1994,1990,0.824,E
Gambia,GMB,Africa,1995,1990,0.885,E
Gambia,GMB,Africa,1996,1990,1.147,E
Gambia,GMB,Africa,1997,1990,1.369,E
Gambia,GMB,Africa,1998,1990,1.617,E
Gambia,GMB,Africa,1999,1990,0.806,E
Gambia,GMB,Africa,2000,2000,1.01,E
Gambia,GMB,Africa,2001,2000,1.357,E
Gambia,GMB,Africa,2002,2000,1.42,E
Gambia,GMB,Africa,2003,2000,1.064,E
Gambia,GMB,Africa,2004,2000,1.103,E
Gambia,GMB,Africa,2005,2000,1.413,E
Gambia,GMB,Africa,2006,2000,1.187,E
Gambia,GMB,Africa,2007,2000,1.095,E
Gambia,GMB,Africa,2008,2000,1.367,E
Gambia,GMB,Africa,2009,2000,0.698,E
Gambia,GMB,Africa,2010,2010,1.405,E
Gambia,GMB,Africa,2011,2010,1.129,E
Gambia,GMB,Africa,2012,2010,0.991,E
Gambia,GMB,Africa,2013,2010,1.106,E
Gambia,GMB,Africa,2014,2010,1.281,E
Gambia,GMB,Africa,2015,2010,1.269,E
Gambia,GMB,Africa,2016,2010,1.684,E
Gambia,GMB,Africa,2017,2010,1.791,E
Gambia,GMB,Africa,2018,2010,1.075,E
Gambia,GMB,Africa,2019,2010,1.423,E
Gambia,GMB,Africa,2020,2020,1.853,E
Gambia,GMB,Africa,2021,2020,1.758,E
Gambia,GMB,Africa,2022,2020,1.487,E
Gambia,GMB,Africa,2023,2020,1.851,E
Gambia,GMB,Africa,2024,2020,1.966,E
Gambia,GMB,Africa,2025,2020,1.364,E
Georgia,GEO,Asia,1992,1990,-1.165,E
Georgia,GEO,Asia,1993,1990,-1.241,E
Georgia,GEO,Asia,1994,1990,0.435,E
Georgia,GEO,Asia,1995,1990,0.763,E
Georgia,GEO,Asia,1996,1990,0.218,E
Georgia,GEO,Asia,1997,1990,0.362,E
Georgia,GEO,Asia,1998,1990,1.281,E
Georgia,GEO,Asia,1999,1990,1.236,E
Georgia,GEO,Asia,2000,2000,0.945,E
Georgia,GEO,Asia,2001,2000,1.266,E
Georgia,GEO,Asia,2002,2000,0.998,E
Georgia,GEO,Asia,2003,2000,-0.293,E
Georgia,GEO,Asia,2004,2000,0.823,E
Georgia,GEO,Asia,2005,2000,0.463,E
Georgia,GEO,Asia,2006,2000,1.193,E
Georgia,GEO,Asia,2007,2000,0.863,E
Georgia,GEO,Asia,2008,2000,0.631,E
Georgia,GEO,Asia,2009,2000,0.63,E
Georgia,GEO,Asia,2010,2010,2.4,E
Georgia,GEO,Asia,2011,2010,0.419,E
Georgia,GEO,Asia,2012,2010,1.226,E
Georgia,GEO,Asia,2013,2010,1.319,E
Georgia,GEO,Asia,2014,2010,1.157,E
Georgia,GEO,Asia,2015,2010,1.672,E
Georgia,GEO,Asia,2016,2010,1.301,E
Georgia,GEO,Asia,2017,2010,0.733,E
Georgia,GEO,Asia,2018,2010,2.43,E
Georgia,GEO,Asia,2019,2010,1.677,E
Georgia,GEO,Asia,2020,2020,1.95,E
Georgia,GEO,Asia,2021,2020,1.695,E
Georgia,GEO,Asia,2022,2020,1.586,E
Georgia,GEO,Asia,2023,2020,2.031,E
Georgia,GEO,Asia,2024,2020,2.391,E
Georgia,GEO,Asia,2025,2020,1.753,E
Germany,DEU,Europe,1961,1960,0.989,E
Germany,DEU,Europe,1962,1960,-0.751,E
Germany,DEU,Europe,1963,1960,-1.085,E
Germany,DEU,Europe,1964,1960,-0.33,E
Germany,DEU,Europe,1965,1960,-0.816,E
Germany,DEU,Europe,1966,1960,0.404,E
Germany,DEU,Europe,1967,1960,0.868,E
Germany,DEU,Europe,1968,1960,0.203,E
Germany,DEU,Europe,1969,1960,-0.111,E
Germany,DEU,Europe,1970,1970,-0.833,E
Germany,DEU,Europe,1971,1970,0.031,E
Germany,DEU,Europe,1972,1970,-0.018,E
Germany,DEU,Europe,1973,1970,0.186,E
Germany,DEU,Europe,1974,1970,0.316,E
Germany,DEU,Europe,1975,1970,1.097,E
Germany,DEU,Europe,1976,1970,0.467,E
Germany,DEU,Europe,1977,1970,0.28,E
Germany,DEU,Europe,1978,1970,-0.175,E
Germany,DEU,Europe,1979,1970,-0.643,E
Germany,DEU,Europe,1980,1980,-0.191,E
Germany,DEU,Europe,1981,1980,0.292,E
Germany,DEU,Europe,1982,1980,0.434,E
Germany,DEU,Europe,1983,1980,1.066,E
Germany,DEU,Europe,1984,1980,-0.113,E
Germany,DEU,Europe,1985,1980,-0.803,E
Germany,DEU,Europe,1986,1980,-0.009,E
Germany,DEU,Europe,1987,1980,-0.564,E
Germany,DEU,Europe,1988,1980,0.889,E
Germany,DEU,Europe,1989,1980,1.487,E
Germany,DEU,Europe,1990,1990,1.567,E
Germany,DEU,Europe,1991,1990,0.285,E
Germany,DEU,Europe,1992,1990,1.226,E
Germany,DEU,Europe,1993,1990,0.307,E
Germany,DEU,Europe,1994,1990,1.622,E
Germany,DEU,Europe,1995,1990,1.305,E
Germany,DEU,Europe,1996,1990,-0.701,E
Germany,DEU,Europe,1997,1990,0.558,E
Germany,DEU,Europe,1998,1990,1.151,E
Germany,DEU,Europe,1999,1990,1.363,E
Germany,DEU,Europe,2000,2000,1.759,E
Germany,DEU,Europe,2001,2000,1.288,E
Germany,DEU,Europe,2002,2000,1.485,E
Germany,DEU,Europe,2003,2000,1.252,E
Germany,DEU,Europe,2004,2000,0.991,E
Germany,DEU,Europe,2005,2000,1.018,E
Germany,DEU,Europe,2006,2000,1.251,E
Germany,DEU,Europe,2007,2000,2.086,E
Germany,DEU,Europe,2008,2000,1.539,E
Germany,DEU,Europe,2009,2000,1.275,E
Germany,DEU,Europe,2010,2010,0.188,E
Germany,DEU,Europe,2011,2010,1.113,E
Germany,DEU,Europe,2012,2010,1.342,E
Germany,DEU,Europe,2013,2010,0.577,E
Germany,DEU,Europe,2014,2010,2.51,E
Germany,DEU,Europe,2015,2010,1.665,E
Germany,DEU,Europe,2016,2010,1.979,E
Germany,DEU,Europe,2017,2010,1.642,E
Germany,DEU,Europe,2018,2010,2.387,E
Germany,DEU,Europe,2019,2010,2.321,E
Germany,DEU,Europe,2020,2020,2.506,E
Germany,DEU,Europe,2021,2020,1.319,E
Germany,DEU,Europe,2022,2020,2.593,E
Germany,DEU,Europe,2023,2020,2.461,E
Germany,DEU,Europe,2024,2020,3.0,E
Germany,DEU,Europe,2025,2020,2.106,E
Ghana,GHA,Africa,1961,1960,-0.096,E
Ghana,GHA,Africa,1962,1960,-0.182,E
Ghana,GHA,Africa,1963,1960,0.133,E
Ghana,GHA,Africa,1964,1960,-0.197,E
Ghana,GHA,Africa,1965,1960,-0.108,E
Ghana,GHA,Africa,1966,1960,0.117,E
Ghana,GHA,Africa,1967,1960,-0.156,E
Ghana,GHA,Africa,1968,1960,-0.076,E
Ghana,GHA,Africa,1969,1960,0.358,E
Ghana,GHA,Africa,1970,1970,0.346,E
Ghana,GHA,Africa,1971,1970,-0.136,E
Ghana,GHA,Africa,1972,1970,0.03,E
Ghana,GHA,Africa,1973,1970,0.578,E
Ghana,GHA,Africa,1974,1970,0.012,E
Ghana,GHA,Africa,1975,1970,-0.21,E
Ghana,GHA,Africa,1976,1970,-0.349,E
Ghana,GHA,Africa,1977,1970,0.314,E
Ghana,GHA,Africa,1978,1970,0.098,E
Ghana,GHA,Africa,1979,1970,0.59,E
Ghana,GHA,Africa,1980,1980,0.473,E
Ghana,GHA,Africa,1981,1980,0.206,E
Ghana,GHA,Africa,1982,1980,0.198,E
Ghana,GHA,Africa,1983,1980,0.697,E
Ghana,GHA,Africa,1984,1980,0.654,E
Ghana,GHA,Africa,1985,1980,0.337,E
Ghana,GHA,Africa,1986,1980,0.274,E
Ghana,GHA,Africa,1987,1980,0.977,E
Ghana,GHA,Africa,1988,1980,0.616,E
Ghana,GHA,Africa,1989,1980,0.194,E
Ghana,GHA,Africa,1990,1990,0.49,E
Ghana,GHA,Africa,1991,1990,0.36,E
Ghana,GHA,Africa,1992,1990,0.127,E
Ghana,GHA,Africa,1993,1990,0.437,E
Ghana,GHA,Africa,1994,1990,0.506,E
Ghana,GHA,Africa,1995,1990,0.674,E
Ghana,GHA,Africa,1996,1990,0.622,E
Ghana,GHA,Africa,1997,1990,0.427,E
Ghana,GHA,Africa,1998,1990,1.088,E
Ghana,GHA,Africa,1999,1990,0.566,E
Ghana,GHA,Africa,2000,2000,0.408,E
Ghana,GHA,Africa,2001,2000,0.532,E
Ghana,GHA,Africa,2002,2000,0.827,E
Ghana,GHA,Africa,2003,2000,1.001,E
Ghana,GHA,Africa,2004,2000,0.726,E
Ghana,GHA,Africa,2005,2000,0.963,E
Ghana,GHA,Africa,2006,2000,0.994,E
Ghana,GHA,Africa,2007,2000,0.892,E
Ghana,GHA,Africa,2008,2000,0.659,E
Ghana,GHA,Africa,2009,2000,0.829,E
Ghana,GHA,Africa,2010,2010,1.228,E
Ghana,GHA,Africa,2011,2010,0.837,E
Ghana,GHA,Africa,2012,2010,0.571,E
Ghana,GHA,Africa,2013,2010,0.791,E
Ghana,GHA,Africa,2014,2010,0.799,E
Ghana,GHA,Africa,2015,2010,1.111,E
Ghana,GHA,Africa,2016,2010,1.171,E
Ghana,GHA,Africa,2017,2010,1.268,E
Ghana,GHA,Africa,2018,2010,0.982,E
Ghana,GHA,Africa,2019,2010,1.227,E
Ghana,GHA,Africa,2020,2020,1.187,E
Ghana,GHA,Africa,2021,2020,1.403,E
Ghana,GHA,Africa,2022,2020,0.894,E
Ghana,GHA,Africa,2023,2020,1.272,E
Ghana,GHA,Africa,2024,2020,1.627,E
Ghana,GHA,Africa,2025,2020,1.338,E
Gibraltar,GIB,Europe,1961,1960,0.596,E
Gibraltar,GIB,Europe,1962,1960,0.561,E
Gibraltar,GIB,Europe,1963,1960,0.053,E
Gibraltar,GIB,Europe,1964,1960,0.494,E
Gibraltar,GIB,Europe,1965,1960,-0.065,E
Gibraltar,GIB,Europe,1966,1960,0.257,E
Gibraltar,GIB,Europe,1967,1960,-0.109,E
Gibraltar,GIB,Europe,1968,1960,0.001,E
Gibraltar,GIB,Europe,1969,1960,-0.348,E
Gibraltar,GIB,Europe,1970,1970,-0.096,E
Gibraltar,GIB,Europe,1971,1970,-0.859,E
Gibraltar,GIB,Europe,1972,1970,-0.935,E
Gibraltar,GIB,Europe,1973,1970,-0.202,E
Gibraltar,GIB,Europe,1974,1970,-0.468,E
Gibraltar,GIB,Europe,1975,1970,-0.241,E
Gibraltar,GIB,Europe,1976,1970,-0.529,E
Gibraltar,GIB,Europe,1977,1970,-0.212,E
Gibraltar,GIB,Europe,1978,1970,0.129,E
Gibraltar,GIB,Europe,1979,1970,0.314,E
Gibraltar,GIB,Europe,1980,1980,0.22,E
Gibraltar,GIB,Europe,1981,1980,0.272,E
Gibraltar,GIB,Europe,1982,1980,0.39,E
Gibraltar,GIB,Europe,1983,1980,0.299,E
Gibraltar,GIB,Europe,1984,1980,-0.236,E
Gibraltar,GIB,Europe,1985,1980,0.506,E
Gibraltar,GIB,Europe,1986,1980,0.14,E
Gibraltar,GIB,Europe,1987,1980,0.415,E
Gibraltar,GIB,Europe,1988,1980,0.714,E
Gibraltar,GIB,Europe,1989,1980,0.86,E
Gibraltar,GIB,Europe,1990,1990,1.159,E
Gibraltar,GIB,Europe,1991,1990,0.078,E
Gibraltar,GIB,Europe,1992,1990,0.137,E
Gibraltar,GIB,Europe,1993,1990,-0.127,E
Gibraltar,GIB,Europe,1994,1990,0.723,E
Gibraltar,GIB,Europe,1995,1990,1.245,E
Gibraltar,GIB,Europe,1996,1990,0.668,E
Gibraltar,GIB,Europe,1997,1990,1.393,E
Gibraltar,GIB,Europe,1998,1990,1.036,E
Gibraltar,GIB,Europe,1999,1990,0.641,E
Gibraltar,GIB,Europe,2000,2000,0.763,E
Gibraltar,GIB,Europe,2001,2000,1.195,E
Gibraltar,GIB,Europe,2002,2000,0.761,E
Gibraltar,GIB,Europe,2003,2000,1.282,E
Gibraltar,GIB,Europe,2004,2000,0.92,E
Gibraltar,GIB,Europe,2005,2000,0.738,E
Gibraltar,GIB,Europe,2006,2000,1.338,E
Gibraltar,GIB,Europe,2007,2000,0.75,E
Gibraltar,GIB,Europe,2008,2000,0.901,E
Gibraltar,GIB,Europe,2009,2000,1.176,E
Gibraltar,GIB,Europe,2010,2010,1.242,E
Gibraltar,GIB,Europe,2011,2010,1.584,E
Gibraltar,GIB,Europe,2012,2010,0.88,E
Gibraltar,GIB,Europe,2013,2010,0.832,E
Gibraltar,GIB,Europe,2014,2010,1.413,E
Gibraltar,GIB,Europe,2015,2010,1.356,E
Gibraltar,GIB,Europe,2016,2010,1.719,E
Gibraltar,GIB,Europe,2017,2010,2.013,E
Gibraltar,GIB,Europe,2018,2010,0.753,E
Gibraltar,GIB,Europe,2019,2010,1.282,E
Gibraltar,GIB,Europe,2020,2020,1.886,E
Gibraltar,GIB,Europe,2021,2020,1.42,E
Gibraltar,GIB,Europe,2022,2020,2.152,E
Gibraltar,GIB,Europe,2023,2020,2.523,E
Gibraltar,GIB,Europe,2024,2020,2.173,E
Gibraltar,GIB,Europe,2025,2020,2.292,E
Greece,GRC,Europe,1961,1960,0.459,E
Greece,GRC,Europe,1962,1960,0.601,E
Greece,GRC,Europe,1963,1960,0.285,E
Greece,GRC,Europe,1964,1960,-0.322,E
Greece,GRC,Europe,1965,1960,-0.335,E
Greece,GRC,Europe,1966,1960,0.783,E
Greece,GRC,Europe,1967,1960,-0.2,E
Greece,GRC,Europe,1968,1960,0.19,E
Greece,GRC,Europe,1969,1960,-0.073,E
Greece,GRC,Europe,1970,1970,0.28,E
Greece,GRC,Europe,1971,1970,-0.232,E
Greece,GRC,Europe,1972,1970,-0.189,E
Greece,GRC,Europe,1973,1970,-0.359,E
Greece,GRC,Europe,1974,1970,-0.187,E
Greece,GRC,Europe,1975,1970,-0.246,E
Greece,GRC,Europe,1976,1970,-0.898,E
Greece,GRC,Europe,1977,1970,0.358,E
Greece,GRC,Europe,1978,1970,-0.525,E
Greece,GRC,Europe,1979,1970,0.21,E
Greece,GRC,Europe,1980,1980,-0.347,E
Greece,GRC,Europe,1981,1980,-0.158,E
Greece,GRC,Europe,1982,1980,-0.212,E
Greece,GRC,Europe,1983,1980,-0.46,E
Greece,GRC,Europe,1984,1980,-0.09,E
Greece,GRC,Europe,1985,1980,-0.028,E
Greece,GRC,Europe,1986,1980,0.346,E
Greece,GRC,Europe,1987,1980,-0.355,E
Greece,GRC,Europe,1988,1980,0.172,E
Greece,GRC,Europe,1989,1980,-0.163,E
Greece,GRC,Europe,1990,1990,0.407,E
Greece,GRC,Europe,1991,1990,-0.159,E
Greece,GRC,Europe,1992,1990,-0.489,E
Greece,GRC,Europe,1993,1990,-0.287,E
Greece,GRC,Europe,1994,1990,1.109,E
Greece,GRC,Europe,1995,1990,0.009,E
Greece,GRC,Europe,1996,1990,-0.114,E
Greece,GRC,Europe,1997,1990,-0.142,E
Greece,GRC,Europe,1998,1990,0.694,E
Greece,GRC,Europe,1999,1990,0.864,E
Greece,GRC,Europe,2000,2000,0.741,E
Greece,GRC,Europe,2001,2000,1.38,E
Greece,GRC,Europe,2002,2000,0.503,E
Greece,GRC,Europe,2003,2000,0.457,E
Greece,GRC,Europe,2004,2000,0.407,E
Greece,GRC,Europe,2005,2000,0.271,E
Greece,GRC,Europe,2006,2000,0.317,E
Greece,GRC,Europe,2007,2000,1.148,E
Greece,GRC,Europe,2008,2000,0.949,E
Greece,GRC,Europe,2009,2000,0.835,E
Greece,GRC,Europe,2010,2010,1.633,E
Greece,GRC,Europe,2011,2010,0.441,E
Greece,GRC,Europe,2012,2010,1.286,E
Greece,GRC,Europe,2013,2010,1.374,E
Greece,GRC,Europe,2014,2010,1.123,E
Greece,GRC,Europe,2015,2010,0.961,E
Greece,GRC,Europe,2016,2010,1.626,E
Greece,GRC,Europe,2017,2010,0.715,E
Greece,GRC,Europe,2018,2010,2.002,E
Greece,GRC,Europe,2019,2010,1.475,E
Greece,GRC,Europe,2020,2020,1.351,E
Greece,GRC,Europe,2021,2020,1.718,E
Greece,GRC,Europe,2022,2020,1.109,E
Greece,GRC,Europe,2023,2020,1.909,E
Greece,GRC,Europe,2024,2020,2.678,E
Greece,GRC,Europe,2025,2020,1.945,E
Greenland,GRL,North America,1961,1960,-0.398,E
Greenland,GRL,North America,1962,1960,0.925,E
Greenland,GRL,North America,1963,1960,0.483,E
Greenland,GRL,North America,1964,1960,0.305,E
Greenland,GRL,North America,1965,1960,0.869,E
Greenland,GRL,North America,1966,1960,-0.168,E
Greenland,GRL,North America,1967,1960,-0.417,E
Greenland,GRL,North America,1968,1960,-0.276,E
Greenland,GRL,North America,1969,1960,-0.08,E
Greenland,GRL,North America,1970,1970,-0.284,E
Greenland,GRL,North America,1971,1970,-0.839,E
Greenland,GRL,North America,1972,1970,-1.083,E
Greenland,GRL,North America,1973,1970,-0.893,E
Greenland,GRL,North America,1974,1970,0.417,E
Greenland,GRL,North America,1975,1970,-1.094,E
Greenland,GRL,North America,1976,1970,-0.351,E
Greenland,GRL,North America,1977,1970,1.0,E
Greenland,GRL,North America,1978,1970,-0.678,E
Greenland,GRL,North America,1979,1970,0.663,E
Greenland,GRL,North America,1980,1980,1.059,E
Greenland,GRL,North America,1981,1980,-0.291,E
Greenland,GRL,North America,1982,1980,-0.621,E
Greenland,GRL,North America,1983,1980,-2.425,E
Greenland,GRL,North America,1984,1980,-1.926,E
Greenland,GRL,North America,1985,1980,0.97,E
Greenland,GRL,North America,1986,1980,0.509,E
Greenland,GRL,North America,1987,1980,-0.183,E
Greenland,GRL,North America,1988,1980,0.558,E
Greenland,GRL,North America,1989,1980,-1.681,E
Greenland,GRL,North America,1990,1990,-0.462,E
Greenland,GRL,North America,1991,1990,-0.324,E
Greenland,GRL,North America,1992,1990,-1.361,E
Greenland,GRL,North America,1993,1990,-1.527,E
Greenland,GRL,North America,1994,1990,-0.58,E
Greenland,GRL,North America,1995,1990,-0.437,E
Greenland,GRL,North America,1996,1990,0.611,E
Greenland,GRL,North America,1997,1990,0.412,E
Greenland,GRL,North America,1998,1990,1.238,E
Greenland,GRL,North America,1999,1990,0.407,E
Greenland,GRL,North America,2000,2000,0.898,E
Greenland,GRL,North America,2001,2000,0.851,E
Greenland,GRL,North America,2002,2000,1.07,E
Greenland,GRL,North America,2003,2000,2.362,E
Greenland,GRL,North America,2004,2000,1.472,E
Greenland,GRL,North America,2005,2000,1.901,E
Greenland,GRL,North America,2006,2000,1.679,E
Greenland,GRL,North America,2007,2000,1.413,E
Greenland,GRL,North America,2008,2000,0.871,E
Greenland,GRL,North America,2009,2000,0.838,E
Greenland,GRL,North America,2010,2010,3.24,E
Greenland,GRL,North America,2011,2010,1.597,E
Greenland,GRL,North America,2012,2010,1.532,E
Greenland,GRL,North America,2013,2010,1.394,E
Greenland,GRL,North America,2014,2010,1.64,E
Greenland,GRL,North America,2015,2010,0.121,E
Greenland,GRL,North America,2016,2010,2.361,E
Greenland,GRL,North America,2017,2010,1.161,E
Greenland,GRL,North America,2018,2010,0.922,E
Greenland,GRL,North America,2019,2010,2.137,E
Greenland,GRL,North America,2020,2020,1.119,E
Greenland,GRL,North America,2021,2020,2.213,E
Greenland,GRL,North America,2022,2020,1.471,E
Greenland,GRL,North America,2023,2020,1.304,E
Greenland,GRL,North America,2024,2020,1.585,E
Greenland,GRL,North America,2025,2020,2.165,E
Grenada,GRD,North America,1961,1960,0.278,E
Grenada,GRD,North America,1962,1960,-0.014,E
Grenada,GRD,North America,1963,1960,0.21,E
Grenada,GRD,North America,1964,1960,-0.153,E
Grenada,GRD,North America,1965,1960,-0.295,E
Grenada,GRD,North America,1966,1960,-0.064,E
Grenada,GRD,North America,1967,1960,-0.328,E
Grenada,GRD,North America,1968,1960,-0.233,E
Grenada,GRD,North America,1969,1960,0.411,E
Grenada,GRD,North America,1970,1970,0.195,E
Grenada,GRD,North America,1971,1970,-0.471,E
Grenada,GRD,North America,1972,1970,-0.252,E
Grenada,GRD,North America,1973,1970,0.033,E
Grenada,GRD,North America,1974,1970,-0.475,E
Grenada,GRD,North America,1975,1970,-0.397,E
Grenada,GRD,North America,1976,1970,-0.091,E
Grenada,GRD,North America,1977,1970,0.014,E
Grenada,GRD,North America,1978,1970,0.178,E
Grenada,GRD,North America,1979,1970,0.405,E
Grenada,GRD,North America,1980,1980,0.336,E
Grenada,GRD,North America,1981,1980,0.441,E
Grenada,GRD,North America,1982,1980,0.208,E
Grenada,GRD,North America,1983,1980,0.502,E
Grenada,GRD,North America,1984,1980,0.13,E
Grenada,GRD,North America,1985,1980,-0.256,E
Grenada,GRD,North America,1986,1980,0.023,E
Grenada,GRD,North America,1987,1980,0.673,E
Grenada,GRD,North America,1988,1980,0.688,E
Grenada,GRD,North America,1989,1980,0.081,E
Grenada,GRD,North America,1990,1990,0.514,E
Grenada,GRD,North America,1991,1990,0.555,E
Grenada,GRD,North America,1992,1990,0.603,E
Grenada,GRD,North America,1993,1990,0.687,E
Grenada,GRD,North America,1994,1990,0.771,E
Grenada,GRD,North America,1995,1990,1.044,E
Grenada,GRD,North America,1996,1990,0.79,E
Grenada,GRD,North America,1997,1990,0.97,E
Grenada,GRD,North America,1998,1990,1.543,E
Grenada,GRD,North America,1999,1990,0.984,E
Grenada,GRD,North America,2000,2000,0.828,E
Grenada,GRD,North America,2001,2000,1.028,E
Grenada,GRD,North America,2002,2000,0.952,E
Grenada,GRD,North America,2003,2000,1.202,E
Grenada,GRD,North America,2004,2000,0.726,E
Grenada,GRD,North America,2005,2000,1.2,E
Grenada,GRD,North America,2006,2000,0.971,E
Grenada,GRD,North America,2007,2000,0.93,E
Grenada,GRD,North America,2008,2000,0.779,E
Grenada,GRD,North America,2009,2000,0.805,E
Grenada,GRD,North America,2010,2010,1.488,E
Grenada,GRD,North America,2011,2010,0.975,E
Grenada,GRD,North America,2012,2010,0.92,E
Grenada,GRD,North America,2013,2010,1.097,E
Grenada,GRD,North America,2014,2010,0.956,E
Grenada,GRD,North America,2015,2010,1.117,E
Grenada,GRD,North America,2016,2010,1.206,E
Grenada,GRD,North America,2017,2010,1.178,E
Grenada,GRD,North America,2018,2010,0.859,E
Grenada,GRD,North America,2019,2010,1.09,E
Grenada,GRD,North America,2020,2020,1.346,E
Grenada,GRD,North America,2021,2020,1.023,E
Grenada,GRD,North America,2022,2020,0.945,E
Grenada,GRD,North America,2023,2020,1.219,E
Grenada,GRD,North America,2024,2020,2.003,E
Grenada,GRD,North America,2025,2020,1.449,E
Guadeloupe,GLP,North America,1961,1960,-0.007,E
Guadeloupe,GLP,North America,1962,1960,-0.069,E
Guadeloupe,GLP,North America,1963,1960,0.143,E
Guadeloupe,GLP,North America,1964,1960,0.038,E
Guadeloupe,GLP,North America,1965,1960,-0.396,E
Guadeloupe,GLP,North America,1966,1960,0.003,E
Guadeloupe,GLP,North America,1967,1960,-0.314,E
Guadeloupe,GLP,North America,1968,1960,-0.246,E
Guadeloupe,GLP,North America,1969,1960,0.308,E
Guadeloupe,GLP,North America,1970,1970,0.076,E
Guadeloupe,GLP,North America,1971,1970,-0.281,E
Guadeloupe,GLP,North America,1972,1970,-0.177,E
Guadeloupe,GLP,North America,1973,1970,0.156,E
Guadeloupe,GLP,North America,1974,1970,-0.373,E
Guadeloupe,GLP,North America,1975,1970,-0.362,E
Guadeloupe,GLP,North America,1976,1970,-0.423,E
Guadeloupe,GLP,North America,1977,1970,0.145,E
Guadeloupe,GLP,North America,1978,1970,0.136,E
Guadeloupe,GLP,North America,1979,1970,0.131,E
Guadeloupe,GLP,North America,1980,1980,0.604,E
Guadeloupe,GLP,North America,1981,1980,0.521,E
Guadeloupe,GLP,North America,1982,1980,0.156,E
Guadeloupe,GLP,North America,1983,1980,0.498,E
Guadeloupe,GLP,North America,1984,1980,0.043,E
Guadeloupe,GLP,North America,1985,1980,-0.022,E
Guadeloupe,GLP,North America,1986,1980,0.034,E
Guadeloupe,GLP,North America,1987,1980,0.611,E
Guadeloupe,GLP,North America,1988,1980,0.43,E
Guadeloupe,GLP,North America,1989,1980,-0.043,E
Guadeloupe,GLP,North America,1990,1990,0.464,E
Guadeloupe,GLP,North America,1991,1990,0.466,E
Guadeloupe,GLP,North America,1992,1990,0.388,E
Guadeloupe,GLP,North America,1993,1990,0.522,E
Guadeloupe,GLP,North America,1994,1990,0.548,E
Guadeloupe,GLP,North America,1995,1990,0.66,E
Guadeloupe,GLP,North America,1996,1990,0.408,E
Guadeloupe,GLP,North America,1997,1990,0.571,E
Guadeloupe,GLP,North America,1998,1990,1.101,E
Guadeloupe,GLP,North America,1999,1990,0.545,E
Guadeloupe,GLP,North America,2000,2000,0.305,E
Guadeloupe,GLP,North America,2001,2000,0.662,E
Guadeloupe,GLP,North America,2002,2000,0.722,E
Guadeloupe,GLP,North America,2003,2000,0.815,E
Guadeloupe,GLP,North America,2004,2000,0.524,E
Guadeloupe,GLP,North America,2005,2000,0.843,E
Guadeloupe,GLP,North America,2006,2000,0.639,E
Guadeloupe,GLP,North America,2007,2000,0.8,E
Guadeloupe,GLP,North America,2008,2000,0.293,E
Guadeloupe,GLP,North America,2009,2000,0.466,E
Guadeloupe,GLP,North America,2010,2010,1.052,E
Guadeloupe,GLP,North America,2011,2010,0.418,E
Guadeloupe,GLP,North America,2012,2010,0.56,E
Guadeloupe,GLP,North America,2013,2010,0.647,E
Guadeloupe,GLP,North America,2014,2010,0.645,E
Guadeloupe,GLP,North America,2015,2010,0.889,E
Guadeloupe,GLP,North America,2016,2010,0.969,E
Guadeloupe,GLP,North America,2017,2010,0.783,E
Guadeloupe,GLP,North America,2018,2010,0.588,E
Guadeloupe,GLP,North America,2019,2010,0.79,E
Guadeloupe,GLP,North America,2020,2020,1.127,E
Guadeloupe,GLP,North America,2021,2020,0.813,E
Guadeloupe,GLP,North America,2022,2020,0.782,E
Guadeloupe,GLP,North America,2023,2020,1.096,E
Guadeloupe,GLP,North America,2024,2020,1.563,E
Guadeloupe,GLP,North America,2025,2020,1.17,E
Guatemala,GTM,North America,1961,1960,-0.034,E
Guatemala,GTM,North America,1962,1960,-0.134,E
Guatemala,GTM,North America,1963,1960,-0.107,E
Guatemala,GTM,North America,1964,1960,-0.074,E
Guatemala,GTM,North America,1965,1960,-0.14,E
Guatemala,GTM,North America,1966,1960,-0.067,E
Guatemala,GTM,North America,1967,1960,-0.408,E
Guatemala,GTM,North America,1968,1960,-0.37,E
Guatemala,GTM,North America,1969,1960,0.372,E
Guatemala,GTM,North America,1970,1970,-0.189,E
Guatemala,GTM,North America,1971,1970,-0.179,E
Guatemala,GTM,North America,1972,1970,0.394,E
Guatemala,GTM,North America,1973,1970,0.407,E
Guatemala,GTM,North America,1974,1970,-0.217,E
Guatemala,GTM,North America,1975,1970,0.204,E
Guatemala,GTM,North America,1976,1970,-0.353,E
Guatemala,GTM,North America,1977,1970,0.336,E
Guatemala,GTM,North America,1978,1970,0.198,E
Guatemala,GTM,North America,1979,1970,0.389,E
Guatemala,GTM,North America,1980,1980,0.453,E
Guatemala,GTM,North America,1981,1980,0.117,E
Guatemala,GTM,North America,1982,1980,0.54,E
Guatemala,GTM,North America,1983,1980,0.735,E
Guatemala,GTM,North America,1984,1980,0.204,E
Guatemala,GTM,North America,1985,1980,0.216,E
Guatemala,GTM,North America,1986,1980,0.107,E
Guatemala,GTM,North America,1987,1980,0.45,E
Guatemala,GTM,North America,1988,1980,0.555,E
Guatemala,GTM,North America,1989,1980,0.127,E
Guatemala,GTM,North America,1990,1990,0.362,E
Guatemala,GTM,North America,1991,1990,0.637,E
Guatemala,GTM,North America,1992,1990,0.459,E
Guatemala,GTM,North America,1993,1990,0.357,E
Guatemala,GTM,North America,1994,1990,0.627,E
Guatemala,GTM,North America,1995,1990,0.648,E
Guatemala,GTM,North America,1996,1990,0.174,E
Guatemala,GTM,North America,1997,1990,0.766,E
Guatemala,GTM,North America,1998,1990,0.933,E
Guatemala,GTM,North America,1999,1990,0.621,E
Guatemala,GTM,North America,2000,2000,0.255,E
Guatemala,GTM,North America,2001,2000,0.312,E
Guatemala,GTM,North America,2002,2000,0.586,E
Guatemala,GTM,North America,2003,2000,1.014,E
Guatemala,GTM,North America,2004,2000,0.674,E
Guatemala,GTM,North America,2005,2000,0.902,E
Guatemala,GTM,North America,2006,2000,0.709,E
Guatemala,GTM,North America,2007,2000,0.71,E
Guatemala,GTM,North America,2008,2000,0.333,E
Guatemala,GTM,North America,2009,2000,0.794,E
Guatemala,GTM,North America,2010,2010,0.783,E
Guatemala,GTM,North America,2011,2010,0.53,E
Guatemala,GTM,North America,2012,2010,0.629,E
Guatemala,GTM,North America,2013,2010,0.735,E
Guatemala,GTM,North America,2014,2010,0.748,E
Guatemala,GTM,North America,2015,2010,1.184,E
Guatemala,GTM,North America,2016,2010,1.472,E
Guatemala,GTM,North America,2017,2010,1.098,E
Guatemala,GTM,North America,2018,2010,0.893,E
Guatemala,GTM,North America,2019,2010,1.405,E
Guatemala,GTM,North America,2020,2020,1.692,E
Guatemala,GTM,North America,2021,2020,1.421,E
Guatemala,GTM,North America,2022,2020,1.095,E
Guatemala,GTM,North America,2023,2020,1.769,E
Guatemala,GTM,North America,2024,2020,1.861,E
Guatemala,GTM,North America,2025,2020,1.471,E
Guernsey,GGY,Europe,1961,1960,0.694,E
Guernsey,GGY,Europe,1962,1960,-0.658,E
Guernsey,GGY,Europe,1963,1960,-1.184,E
Guernsey,GGY,Europe,1964,1960,-0.258,E
Guernsey,GGY,Europe,1965,1960,-0.644,E
Guernsey,GGY,Europe,1966,1960,0.328,E
Guernsey,GGY,Europe,1967,1960,0.264,E
Guernsey,GGY,Europe,1968,1960,-0.018,E
Guernsey,GGY,Europe,1969,1960,0.162,E
Guernsey,GGY,Europe,1970,1970,0.083,E
Guernsey,GGY,Europe,1971,1970,0.047,E
Guernsey,GGY,Europe,1972,1970,-0.325,E
Guernsey,GGY,Europe,1973,1970,0.162,E
Guernsey,GGY,Europe,1974,1970,-0.062,E
Guernsey,GGY,Europe,1975,1970,0.667,E
Guernsey,GGY,Europe,1976,1970,0.67,E
Guernsey,GGY,Europe,1977,1970,-0.15,E
Guernsey,GGY,Europe,1978,1970,0.049,E
Guernsey,GGY,Europe,1979,1970,-0.584,E
Guernsey,GGY,Europe,1980,1980,-0.143,E
Guernsey,GGY,Europe,1981,1980,0.205,E
Guernsey,GGY,Europe,1982,1980,0.516,E
Guernsey,GGY,Europe,1983,1980,0.512,E
Guernsey,GGY,Europe,1984,1980,0.316,E
Guernsey,GGY,Europe,1985,1980,-0.502,E
Guernsey,GGY,Europe,1986,1980,-0.645,E
Guernsey,GGY,Europe,1987,1980,-0.22,E
Guernsey,GGY,Europe,1988,1980,0.432,E
Guernsey,GGY,Europe,1989,1980,1.506,E
Guernsey,GGY,Europe,1990,1990,1.488,E
Guernsey,GGY,Europe,1991,1990,0.074,E
Guernsey,GGY,Europe,1992,1990,0.479,E
Guernsey,GGY,Europe,1993,1990,0.098,E
Guernsey,GGY,Europe,1994,1990,1.057,E
Guernsey,GGY,Europe,1995,1990,1.542,E
Guernsey,GGY,Europe,1996,1990,0.06,E
Guernsey,GGY,Europe,1997,1990,0.9,E
Guernsey,GGY,Europe,1998,1990,0.854,E
Guernsey,GGY,Europe,1999,1990,1.324,E
Guernsey,GGY,Europe,2000,2000,0.858,E
Guernsey,GGY,Europe,2001,2000,1.057,E
Guernsey,GGY,Europe,2002,2000,1.052,E
Guernsey,GGY,Europe,2003,2000,1.352,E
Guernsey,GGY,Europe,2004,2000,1.015,E
Guernsey,GGY,Europe,2005,2000,1.167,E
Guernsey,GGY,Europe,2006,2000,1.159,E
Guernsey,GGY,Europe,2007,2000,1.315,E
Guernsey,GGY,Europe,2008,2000,0.831,E
Guernsey,GGY,Europe,2009,2000,0.744,E
Guernsey,GGY,Europe,2010,2010,0.124,E
Guernsey,GGY,Europe,2011,2010,1.089,E
Guernsey,GGY,Europe,2012,2010,0.777,E
Guernsey,GGY,Europe,2013,2010,0.542,E
Guernsey,GGY,Europe,2014,2010,1.803,E
Guernsey,GGY,Europe,2015,2010,1.103,E
Guernsey,GGY,Europe,2016,2010,1.498,E
Guernsey,GGY,Europe,2017,2010,1.494,E
Guernsey,GGY,Europe,2018,2010,1.421,E
Guernsey,GGY,Europe,2019,2010,1.532,E
Guernsey,GGY,Europe,2020,2020,1.966,E
Guernsey,GGY,Europe,2021,2020,1.028,E
Guernsey,GGY,Europe,2022,2020,2.404,E
Guernsey,GGY,Europe,2023,2020,1.975,E
Guernsey,GGY,Europe,2024,2020,1.892,E
Guernsey,GGY,Europe,2025,2020,1.961,E
Guinea,GIN,Africa,1961,1960,-0.142,E
Guinea,GIN,Africa,1962,1960,-0.153,E
Guinea,GIN,Africa,1963,1960,0.136,E
Guinea,GIN,Africa,1964,1960,-0.196,E
Guinea,GIN,Africa,1965,1960,-0.117,E
Guinea,GIN,Africa,1966,1960,-0.019,E
Guinea,GIN,Africa,1967,1960,-0.232,E
Guinea,GIN,Africa,1968,1960,-0.184,E
Guinea,GIN,Africa,1969,1960,0.43,E
Guinea,GIN,Africa,1970,1970,0.33,E
Guinea,GIN,Africa,1971,1970,-0.14,E
Guinea,GIN,Africa,1972,1970,0.192,E
Guinea,GIN,Africa,1973,1970,0.587,E
Guinea,GIN,Africa,1974,1970,-0.06,E
Guinea,GIN,Africa,1975,1970,-0.232,E
Guinea,GIN,Africa,1976,1970,-0.22,E
Guinea,GIN,Africa,1977,1970,0.223,E
Guinea,GIN,Africa,1978,1970,0.216,E
Guinea,GIN,Africa,1979,1970,0.528,E
Guinea,GIN,Africa,1980,1980,0.672,E
Guinea,GIN,Africa,1981,1980,0.385,E
Guinea,GIN,Africa,1982,1980,0.262,E
Guinea,GIN,Africa,1983,1980,0.687,E
Guinea,GIN,Africa,1984,1980,0.439,E
Guinea,GIN,Africa,1985,1980,0.462,E
Guinea,GIN,Africa,1986,1980,0.163,E
Guinea,GIN,Africa,1987,1980,0.883,E
Guinea,GIN,Africa,1988,1980,0.672,E
Guinea,GIN,Africa,1989,1980,0.236,E
Guinea,GIN,Africa,1990,1990,0.735,E
Guinea,GIN,Africa,1991,1990,0.744,E
Guinea,GIN,Africa,1992,1990,0.399,E
Guinea,GIN,Africa,1993,1990,0.76,E
Guinea,GIN,Africa,1994,1990,0.522,E
Guinea,GIN,Africa,1995,1990,0.524,E
Guinea,GIN,Africa,1996,1990,0.838,E
Guinea,GIN,Africa,1997,1990,0.813,E
Guinea,GIN,Africa,1998,1990,1.225,E
Guinea,GIN,Africa,1999,1990,0.535,E
Guinea,GIN,Africa,2000,2000,0.688,E
Guinea,GIN,Africa,2001,2000,0.809,E
Guinea,GIN,Africa,2002,2000,1.14,E
Guinea,GIN,Africa,2003,2000,1.043,E
Guinea,GIN,Africa,2004,2000,1.103,E
Guinea,GIN,Africa,2005,2000,1.223,E
Guinea,GIN,Africa,2006,2000,1.147,E
Guinea,GIN,Africa,2007,2000,1.035,E
Guinea,GIN,Africa,2008,2000,1.101,E
Guinea,GIN,Africa,2009,2000,0.884,E
Guinea,GIN,Africa,2010,2010,1.308,E
Guinea,GIN,Africa,2011,2010,1.091,E
Guinea,GIN,Africa,2012,2010,0.569,E
Guinea,GIN,Africa,2013,2010,1.062,E
Guinea,GIN,Africa,2014,2010,0.902,E
Guinea,GIN,Africa,2015,2010,1.215,E
Guinea,GIN,Africa,2016,2010,1.214,E
Guinea,GIN,Africa,2017,2010,1.529,E
Guinea,GIN,Africa,2018,2010,1.222,E
Guinea,GIN,Africa,2019,2010,1.438,E
Guinea,GIN,Africa,2020,2020,1.503,E
Guinea,GIN,Africa,2021,2020,1.776,E
Guinea,GIN,Africa,2022,2020,1.405,E
Guinea,GIN,Africa,2023,2020,1.683,E
Guinea,GIN,Africa,2024,2020,1.845,E
Guinea,GIN,Africa,2025,2020,1.357,E
Guinea-Bissau,GNB,Africa,1961,1960,-0.104,E
Guinea-Bissau,GNB,Africa,1962,1960,-0.049,E
Guinea-Bissau,GNB,Africa,1963,1960,0.157,E
Guinea-Bissau,GNB,Africa,1964,1960,-0.209,E
Guinea-Bissau,GNB,Africa,1965,1960,-0.392,E
Guinea-Bissau,GNB,Africa,1966,1960,-0.034,E
Guinea-Bissau,GNB,Africa,1967,1960,-0.257,E
Guinea-Bissau,GNB,Africa,1968,1960,-0.456,E
Guinea-Bissau,GNB,Africa,1969,1960,0.706,E
Guinea-Bissau,GNB,Africa,1970,1970,0.312,E
Guinea-Bissau,GNB,Africa,1971,1970,-0.077,E
Guinea-Bissau,GNB,Africa,1972,1970,0.247,E
Guinea-Bissau,GNB,Africa,1973,1970,0.56,E
Guinea-Bissau,GNB,Africa,1974,1970,-0.175,E
Guinea-Bissau,GNB,Africa,1975,1970,-0.227,E
Guinea-Bissau,GNB,Africa,1976,1970,-0.107,E
Guinea-Bissau,GNB,Africa,1977,1970,0.335,E
Guinea-Bissau,GNB,Africa,1978,1970,0.27,E
Guinea-Bissau,GNB,Africa,1979,1970,0.454,E
Guinea-Bissau,GNB,Africa,1980,1980,0.618,E
Guinea-Bissau,GNB,Africa,1981,1980,0.465,E
Guinea-Bissau,GNB,Africa,1982,1980,0.275,E
Guinea-Bissau,GNB,Africa,1983,1980,0.908,E
Guinea-Bissau,GNB,Africa,1984,1980,0.564,E
Guinea-Bissau,GNB,Africa,1985,1980,0.439,E
Guinea-Bissau,GNB,Africa,1986,1980,0.55,E
Guinea-Bissau,GNB,Africa,1987,1980,0.86,E
Guinea-Bissau,GNB,Africa,1988,1980,0.74,E
Guinea-Bissau,GNB,Africa,1989,1980,0.552,E
Guinea-Bissau,GNB,Africa,1990,1990,1.032,E
Guinea-Bissau,GNB,Africa,1991,1990,0.831,E
Guinea-Bissau,GNB,Africa,1992,1990,0.779,E
Guinea-Bissau,GNB,Africa,1993,1990,0.972,E
Guinea-Bissau,GNB,Africa,1994,1990,0.794,E
Guinea-Bissau,GNB,Africa,1995,1990,0.829,E
Guinea-Bissau,GNB,Africa,1996,1990,1.007,E
Guinea-Bissau,GNB,Africa,1997,1990,1.249,E
Guinea-Bissau,GNB,Africa,1998,1990,1.676,E
Guinea-Bissau,GNB,Africa,1999,1990,0.825,E
Guinea-Bissau,GNB,Africa,2000,2000,1.069,E
Guinea-Bissau,GNB,Africa,2001,2000,1.294,E
Guinea-Bissau,GNB,Africa,2002,2000,1.325,E
Guinea-Bissau,GNB,Africa,2003,2000,0.974,E
Guinea-Bissau,GNB,Africa,2004,2000,1.093,E
Guinea-Bissau,GNB,Africa,2005,2000,1.325,E
Guinea-Bissau,GNB,Africa,2006,2000,1.161,E
Guinea-Bissau,GNB,Africa,2007,2000,1.028,E
Guinea-Bissau,GNB,Africa,2008,2000,1.307,E
Guinea-Bissau,GNB,Africa,2009,2000,0.749,E
Guinea-Bissau,GNB,Africa,2010,2010,1.373,E
Guinea-Bissau,GNB,Africa,2011,2010,1.141,E
Guinea-Bissau,GNB,Africa,2012,2010,0.869,E
Guinea-Bissau,GNB,Africa,2013,2010,1.173,E
Guinea-Bissau,GNB,Africa,2014,2010,1.27,E
Guinea-Bissau,GNB,Africa,2015,2010,1.266,E
Guinea-Bissau,GNB,Africa,2016,2010,1.625,E
Guinea-Bissau,GNB,Africa,2017,2010,1.731,E
Guinea-Bissau,GNB,Africa,2018,2010,1.176,E
Guinea-Bissau,GNB,Africa,2019,2010,1.497,E
Guinea-Bissau,GNB,Africa,2020,2020,1.798,E
Guinea-Bissau,GNB,Africa,2021,2020,1.779,E
Guinea-Bissau,GNB,Africa,2022,2020,1.481,E
Guinea-Bissau,GNB,Africa,2023,2020,1.788,E
Guinea-Bissau,GNB,Africa,2024,2020,1.927,E
Guinea-Bissau,GNB,Africa,2025,2020,1.272,E
Guyana,GUY,South America,1961,1960,-0.062,E
Guyana,GUY,South America,1962,1960,-0.15,E
Guyana,GUY,South America,1963,1960,-0.308,E
Guyana,GUY,South America,1964,1960,0.255,E
Guyana,GUY,South America,1965,1960,-0.283,E
Guyana,GUY,South America,1966,1960,0.102,E
Guyana,GUY,South America,1967,1960,-0.206,E
Guyana,GUY,South America,1968,1960,-0.302,E
Guyana,GUY,South America,1969,1960,0.348,E
Guyana,GUY,South America,1970,1970,0.422,E
Guyana,GUY,South America,1971,1970,-0.479,E
Guyana,GUY,South America,1972,1970,-0.094,E
Guyana,GUY,South America,1973,1970,0.161,E
Guyana,GUY,South America,1974,1970,-0.292,E
Guyana,GUY,South America,1975,1970,-0.221,E
Guyana,GUY,South America,1976,1970,-0.331,E
Guyana,GUY,South America,1977,1970,0.144,E
Guyana,GUY,South America,1978,1970,0.17,E
Guyana,GUY,South America,1979,1970,0.625,E
Guyana,GUY,South America,1980,1980,0.561,E
Guyana,GUY,South America,1981,1980,0.333,E
Guyana,GUY,South America,1982,1980,0.327,E
Guyana,GUY,South America,1983,1980,0.487,E
Guyana,GUY,South America,1984,1980,-0.356,E
Guyana,GUY,South America,1985,1980,-0.25,E
Guyana,GUY,South America,1986,1980,0.091,E
Guyana,GUY,South America,1987,1980,0.67,E
Guyana,GUY,South America,1988,1980,0.498,E
Guyana,GUY,South America,1989,1980,0.011,E
Guyana,GUY,South America,1990,1990,0.564,E
Guyana,GUY,South America,1991,1990,0.448,E
Guyana,GUY,South America,1992,1990,0.384,E
Guyana,GUY,South America,1993,1990,0.317,E
Guyana,GUY,South America,1994,1990,0.651,E
Guyana,GUY,South America,1995,1990,1.278,E
Guyana,GUY,South America,1996,1990,0.908,E
Guyana,GUY,South America,1997,1990,1.081,E
Guyana,GUY,South America,1998,1990,1.479,E
Guyana,GUY,South America,1999,1990,0.511,E
Guyana,GUY,South America,2000,2000,0.718,E
Guyana,GUY,South America,2001,2000,0.843,E
Guyana,GUY,South America,2002,2000,1.096,E
Guyana,GUY,South America,2003,2000,1.05,E
Guyana,GUY,South America,2004,2000,1.045,E
Guyana,GUY,South America,2005,2000,1.499,E
Guyana,GUY,South America,2006,2000,1.138,E
Guyana,GUY,South America,2007,2000,1.144,E
Guyana,GUY,South America,2008,2000,0.888,E
Guyana,GUY,South America,2009,2000,1.364,E
Guyana,GUY,South America,2010,2010,1.365,E
Guyana,GUY,South America,2011,2010,1.051,E
Guyana,GUY,South America,2012,2010,1.136,E
Guyana,GUY,South America,2013,2010,1.084,E
Guyana,GUY,South America,2014,2010,1.285,E
Guyana,GUY,South America,2015,2010,1.764,E
Guyana,GUY,South America,2016,2010,1.943,E
Guyana,GUY,South America,2017,2010,1.451,E
Guyana,GUY,South America,2018,2010,1.272,E
Guyana,GUY,South America,2019,2010,1.286,E
Guyana,GUY,South America,2020,2020,1.574,E
Guyana,GUY,South America,2021,2020,1.127,E
Guyana,GUY,South America,2022,2020,1.173,E
Guyana,GUY,South America,2023,2020,1.963,E
Guyana,GUY,South America,2024,2020,2.635,E
Guyana,GUY,South America,2025,2020,1.485,E
Haiti,HTI,North America,1961,1960,-0.047,E
Haiti,HTI,North America,1962,1960,0.003,E
Haiti,HTI,North America,1963,1960,-0.038,E
Haiti,HTI,North America,1964,1960,0.186,E
Haiti,HTI,North America,1965,1960,-0.211,E
Haiti,HTI,North America,1966,1960,-0.031,E
Haiti,HTI,North America,1967,1960,-0.193,E
Haiti,HTI,North America,1968,1960,-0.206,E
Haiti,HTI,North America,1969,1960,0.169,E
Haiti,HTI,North America,1970,1970,-0.202,E
Haiti,HTI,North America,1971,1970,-0.222,E
Haiti,HTI,North America,1972,1970,0.162,E
Haiti,HTI,North America,1973,1970,0.508,E
Haiti,HTI,North America,1974,1970,-0.051,E
Haiti,HTI,North America,1975,1970,0.315,E
Haiti,HTI,North America,1976,1970,-0.37,E
Haiti,HTI,North America,1977,1970,0.269,E
Haiti,HTI,North America,1978,1970,0.047,E
Haiti,HTI,North America,1979,1970,0.169,E
Haiti,HTI,North America,1980,1980,0.641,E
Haiti,HTI,North America,1981,1980,0.684,E
Haiti,HTI,North America,1982,1980,0.486,E
Haiti,HTI,North America,1983,1980,0.603,E
Haiti,HTI,North America,1984,1980,0.242,E
Haiti,HTI,North America,1985,1980,0.201,E
Haiti,HTI,North America,1986,1980,0.245,E
Haiti,HTI,North America,1987,1980,1.054,E
Haiti,HTI,North America,1988,1980,0.869,E
Haiti,HTI,North America,1989,1980,0.514,E
Haiti,HTI,North America,1990,1990,0.671,E
Haiti,HTI,North America,1991,1990,0.66,E
Haiti,HTI,North America,1992,1990,0.407,E
Haiti,HTI,North America,1993,1990,0.215,E
Haiti,HTI,North America,1994,1990,0.946,E
Haiti,HTI,North America,1995,1990,0.76,E
Haiti,HTI,North America,1996,1990,0.206,E
Haiti,HTI,North America,1997,1990,0.857,E
Haiti,HTI,North America,1998,1990,1.036,E
Haiti,HTI,North America,1999,1990,0.83,E
Haiti,HTI,North America,2000,2000,0.802,E
Haiti,HTI,North America,2001,2000,0.614,E
Haiti,HTI,North America,2002,2000,0.737,E
Haiti,HTI,North America,2003,2000,0.966,E
Haiti,HTI,North America,2004,2000,0.688,E
Haiti,HTI,North America,2005,2000,0.888,E
Haiti,HTI,North America,2006,2000,0.793,E
Haiti,HTI,North America,2007,2000,0.904,E
Haiti,HTI,North America,2008,2000,0.48,E
Haiti,HTI,North America,2009,2000,0.732,E
Haiti,HTI,North America,2010,2010,1.036,E
Haiti,HTI,North America,2011,2010,0.411,E
Haiti,HTI,North America,2012,2010,0.675,E
Haiti,HTI,North America,2013,2010,0.929,E
Haiti,HTI,North America,2014,2010,1.233,E
Haiti,HTI,North America,2015,2010,1.28,E
Haiti,HTI,North America,2016,2010,1.22,E
Haiti,HTI,North America,2017,2010,0.99,E
Haiti,HTI,North America,2018,2010,1.166,E
Haiti,HTI,North America,2019,2010,1.435,E
Haiti,HTI,North America,2020,2020,1.466,E
Haiti,HTI,North America,2021,2020,0.957,E
Haiti,HTI,North America,2022,2020,0.973,E
Haiti,HTI,North America,2023,2020,1.482,E
Haiti,HTI,North America,2024,2020,1.514,E
Haiti,HTI,North America,2025,2020,1.507,E
Holy See,VAT,Europe,1961,1960,0.704,E
Holy See,VAT,Europe,1962,1960,0.076,E
Holy See,VAT,Europe,1963,1960,-0.149,E
Holy See,VAT,Europe,1964,1960,0.186,E
Holy See,VAT,Europe,1965,1960,-0.422,E
Holy See,VAT,Europe,1966,1960,0.261,E
Holy See,VAT,Europe,1967,1960,0.164,E
Holy See,VAT,Europe,1968,1960,0.053,E
Holy See,VAT,Europe,1969,1960,0.032,E
Holy See,VAT,Europe,1970,1970,-0.118,E
Holy See,VAT,Europe,1971,1970,-0.209,E
Holy See,VAT,Europe,1972,1970,-0.136,E
Holy See,VAT,Europe,1973,1970,0.052,E
Holy See,VAT,Europe,1974,1970,-0.22,E
Holy See,VAT,Europe,1975,1970,-0.167,E
Holy See,VAT,Europe,1976,1970,-0.432,E
Holy See,VAT,Europe,1977,1970,0.288,E
Holy See,VAT,Europe,1978,1970,-0.64,E
Holy See,VAT,Europe,1979,1970,0.047,E
Holy See,VAT,Europe,1980,1980,-0.598,E
Holy See,VAT,Europe,1981,1980,-0.509,E
Holy See,VAT,Europe,1982,1980,0.526,E
Holy See,VAT,Europe,1983,1980,0.194,E
Holy See,VAT,Europe,1984,1980,-0.58,E
Holy See,VAT,Europe,1985,1980,0.28,E
Holy See,VAT,Europe,1986,1980,0.61,E
Holy See,VAT,Europe,1987,1980,0.203,E
Holy See,VAT,Europe,1988,1980,0.719,E
Holy See,VAT,Europe,1989,1980,0.114,E
Holy See,VAT,Europe,1990,1990,1.09,E
Holy See,VAT,Europe,1991,1990,-0.071,E
Holy See,VAT,Europe,1992,1990,0.45,E
Holy See,VAT,Europe,1993,1990,0.402,E
Holy See,VAT,Europe,1994,1990,1.394,E
Holy See,VAT,Europe,1995,1990,0.107,E
Holy See,VAT,Europe,1996,1990,0.273,E
Holy See,VAT,Europe,1997,1990,0.767,E
Holy See,VAT,Europe,1998,1990,0.847,E
Holy See,VAT,Europe,1999,1990,0.701,E
Holy See,VAT,Europe,2000,2000,1.107,E
Holy See,VAT,Europe,2001,2000,1.476,E
Holy See,VAT,Europe,2002,2000,0.731,E
Holy See,VAT,Europe,2003,2000,1.503,E
Holy See,VAT,Europe,2004,2000,0.503,E
Holy See,VAT,Europe,2005,2000,0.432,E
Holy See,VAT,Europe,2006,2000,0.615,E
Holy See,VAT,Europe,2007,2000,1.324,E
Holy See,VAT,Europe,2008,2000,0.965,E
Holy See,VAT,Europe,2009,2000,0.998,E
Holy See,VAT,Europe,2010,2010,0.708,E
Holy See,VAT,Europe,2011,2010,0.958,E
Holy See,VAT,Europe,2012,2010,1.447,E
Holy See,VAT,Europe,2013,2010,0.835,E
Holy See,VAT,Europe,2014,2010,1.295,E
Holy See,VAT,Europe,2015,2010,1.415,E
Holy See,VAT,Europe,2016,2010,1.499,E
Holy See,VAT,Europe,2017,2010,1.23,E
Holy See,VAT,Europe,2018,2010,1.797,E
Holy See,VAT,Europe,2019,2010,1.427,E
Holy See,VAT,Europe,2020,2020,1.524,E
Holy See,VAT,Europe,2021,2020,1.327,E
Holy See,VAT,Europe,2022,2020,1.805,E
Holy See,VAT,Europe,2023,2020,1.966,E
Holy See,VAT,Europe,2024,2020,2.488,E
Holy See,VAT,Europe,2025,2020,2.224,E
Honduras,HND,North America,1961,1960,-0.129,E
Honduras,HND,North America,1962,1960,-0.054,E
Honduras,HND,North America,1963,1960,-0.16,E
Honduras,HND,North America,1964,1960,-0.033,E
Honduras,HND,North America,1965,1960,-0.097,E
Honduras,HND,North America,1966,1960,0.13,E
Honduras,HND,North America,1967,1960,-0.295,E
Honduras,HND,North America,1968,1960,-0.283,E
Honduras,HND,North America,1969,1960,0.097,E
Honduras,HND,North America,1970,1970,-0.324,E
Honduras,HND,North America,1971,1970,-0.298,E
Honduras,HND,North America,1972,1970,0.155,E
Honduras,HND,North America,1973,1970,0.216,E
Honduras,HND,North America,1974,1970,-0.283,E
Honduras,HND,North America,1975,1970,0.074,E
Honduras,HND,North America,1976,1970,-0.227,E
Honduras,HND,North America,1977,1970,0.598,E
Honduras,HND,North America,1978,1970,0.114,E
Honduras,HND,North America,1979,1970,0.221,E
Honduras,HND,North America,1980,1980,0.265,E
Honduras,HND,North America,1981,1980,-0.02,E
Honduras,HND,North America,1982,1980,0.246,E
Honduras,HND,North America,1983,1980,0.589,E
Honduras,HND,North America,1984,1980,-0.056,E
Honduras,HND,North America,1985,1980,-0.045,E
Honduras,HND,North America,1986,1980,-0.167,E
Honduras,HND,North America,1987,1980,0.34,E
Honduras,HND,North America,1988,1980,0.413,E
Honduras,HND,North America,1989,1980,-0.13,E
Honduras,HND,North America,1990,1990,0.033,E
Honduras,HND,North America,1991,1990,0.122,E
Honduras,HND,North America,1992,1990,0.167,E
Honduras,HND,North America,1993,1990,-0.108,E
Honduras,HND,North America,1994,1990,0.559,E
Honduras,HND,North America,1995,1990,0.623,E
Honduras,HND,North America,1996,1990,-0.109,E
Honduras,HND,North America,1997,1990,0.609,E
Honduras,HND,North America,1998,1990,0.876,E
Honduras,HND,North America,1999,1990,0.149,E
Honduras,HND,North America,2000,2000,-0.106,E
Honduras,HND,North America,2001,2000,0.147,E
Honduras,HND,North America,2002,2000,0.531,E
Honduras,HND,North America,2003,2000,0.528,E
Honduras,HND,North America,2004,2000,0.431,E
Honduras,HND,North America,2005,2000,0.79,E
Honduras,HND,North America,2006,2000,0.54,E
Honduras,HND,North America,2007,2000,0.672,E
Honduras,HND,North America,2008,2000,0.402,E
Honduras,HND,North America,2009,2000,0.709,E
Honduras,HND,North America,2010,2010,0.651,E
Honduras,HND,North America,2011,2010,0.481,E
Honduras,HND,North America,2012,2010,0.499,E
Honduras,HND,North America,2013,2010,0.746,E
Honduras,HND,North America,2014,2010,0.549,E
Honduras,HND,North America,2015,2010,1.028,E
Honduras,HND,North America,2016,2010,1.188,E
Honduras,HND,North America,2017,2010,0.853,E
Honduras,HND,North America,2018,2010,0.642,E
Honduras,HND,North America,2019,2010,1.117,E
Honduras,HND,North America,2020,2020,1.541,E
Honduras,HND,North America,2021,2020,0.981,E
Honduras,HND,North America,2022,2020,0.709,E
Honduras,HND,North America,2023,2020,1.453,E
Honduras,HND,North America,2024,2020,1.637,E
Honduras,HND,North America,2025,2020,1.033,E
Hungary,HUN,Europe,1961,1960,1.179,E
Hungary,HUN,Europe,1962,1960,-0.416,E
Hungary,HUN,Europe,1963,1960,-0.459,E
Hungary,HUN,Europe,1964,1960,-0.87,E
Hungary,HUN,Europe,1965,1960,-0.879,E
Hungary,HUN,Europe,1966,1960,0.757,E
Hungary,HUN,Europe,1967,1960,0.593,E
Hungary,HUN,Europe,1968,1960,0.384,E
Hungary,HUN,Europe,1969,1960,-0.277,E
Hungary,HUN,Europe,1970,1970,-0.51,E
Hungary,HUN,Europe,1971,1970,-0.067,E
Hungary,HUN,Europe,1972,1970,0.388,E
Hungary,HUN,Europe,1973,1970,-0.025,E
Hungary,HUN,Europe,1974,1970,0.27,E
Hungary,HUN,Europe,1975,1970,0.865,E
Hungary,HUN,Europe,1976,1970,-0.267,E
Hungary,HUN,Europe,1977,1970,0.556,E
Hungary,HUN,Europe,1978,1970,-0.864,E
Hungary,HUN,Europe,1979,1970,0.054,E
Hungary,HUN,Europe,1980,1980,-0.613,E
Hungary,HUN,Europe,1981,1980,0.153,E
Hungary,HUN,Europe,1982,1980,0.111,E
Hungary,HUN,Europe,1983,1980,0.999,E
Hungary,HUN,Europe,1984,1980,-0.142,E
Hungary,HUN,Europe,1985,1980,-1.057,E
Hungary,HUN,Europe,1986,1980,0.369,E
Hungary,HUN,Europe,1987,1980,-0.532,E
Hungary,HUN,Europe,1988,1980,0.401,E
Hungary,HUN,Europe,1989,1980,0.882,E
Hungary,HUN,Europe,1990,1990,1.091,E
Hungary,HUN,Europe,1991,1990,-0.038,E
Hungary,HUN,Europe,1992,1990,0.932,E
Hungary,HUN,Europe,1993,1990,0.087,E
Hungary,HUN,Europe,1994,1990,1.768,E
Hungary,HUN,Europe,1995,1990,0.655,E
Hungary,HUN,Europe,1996,1990,-0.315,E
Hungary,HUN,Europe,1997,1990,-0.121,E
Hungary,HUN,Europe,1998,1990,1.105,E
Hungary,HUN,Europe,1999,1990,0.627,E
Hungary,HUN,Europe,2000,2000,1.758,E
Hungary,HUN,Europe,2001,2000,1.416,E
Hungary,HUN,Europe,2002,2000,1.446,E
Hungary,HUN,Europe,2003,2000,0.732,E
Hungary,HUN,Europe,2004,2000,0.568,E
Hungary,HUN,Europe,2005,2000,0.252,E
Hungary,HUN,Europe,2006,2000,0.712,E
Hungary,HUN,Europe,2007,2000,2.152,E
Hungary,HUN,Europe,2008,2000,1.504,E
Hungary,HUN,Europe,2009,2000,1.62,E
Hungary,HUN,Europe,2010,2010,0.817,E
Hungary,HUN,Europe,2011,2010,0.901,E
Hungary,HUN,Europe,2012,2010,1.742,E
Hungary,HUN,Europe,2013,2010,1.171,E
Hungary,HUN,Europe,2014,2010,2.221,E
Hungary,HUN,Europe,2015,2010,2.069,E
Hungary,HUN,Europe,2016,2010,1.896,E
Hungary,HUN,Europe,2017,2010,1.341,E
Hungary,HUN,Europe,2018,2010,2.527,E
Hungary,HUN,Europe,2019,2010,2.348,E
Hungary,HUN,Europe,2020,2020,1.983,E
Hungary,HUN,Europe,2021,2020,1.429,E
Hungary,HUN,Europe,2022,2020,2.142,E
Hungary,HUN,Europe,2023,2020,2.575,E
Hungary,HUN,Europe,2024,2020,3.346,E
Hungary,HUN,Europe,2025,2020,2.014,E
Iceland,ISL,Europe,1961,1960,0.625,E
Iceland,ISL,Europe,1962,1960,-0.195,E
Iceland,ISL,Europe,1963,1960,-0.016,E
Iceland,ISL,Europe,1964,1960,1.152,E
Iceland,ISL,Europe,1965,1960,-0.122,E
Iceland,ISL,Europe,1966,1960,-0.511,E
Iceland,ISL,Europe,1967,1960,-0.609,E
Iceland,ISL,Europe,1968,1960,-0.647,E
Iceland,ISL,Europe,1969,1960,-0.939,E
Iceland,ISL,Europe,1970,1970,-0.684,E
Iceland,ISL,Europe,1971,1970,-0.019,E
Iceland,ISL,Europe,1972,1970,0.708,E
Iceland,ISL,Europe,1973,1970,-0.198,E
Iceland,ISL,Europe,1974,1970,0.425,E
Iceland,ISL,Europe,1975,1970,-0.518,E
Iceland,ISL,Europe,1976,1970,0.261,E
Iceland,ISL,Europe,1977,1970,-0.355,E
Iceland,ISL,Europe,1978,1970,-0.064,E
Iceland,ISL,Europe,1979,1970,-1.377,E
Iceland,ISL,Europe,1980,1980,0.267,E
Iceland,ISL,Europe,1981,1980,-1.037,E
Iceland,ISL,Europe,1982,1980,-0.385,E
Iceland,ISL,Europe,1983,1980,-0.98,E
Iceland,ISL,Europe,1984,1980,0.09,E
Iceland,ISL,Europe,1985,1980,0.042,E
Iceland,ISL,Europe,1986,1980,-0.202,E
Iceland,ISL,Europe,1987,1980,0.568,E
Iceland,ISL,Europe,1988,1980,-0.209,E
Iceland,ISL,Europe,1989,1980,-0.3,E
Iceland,ISL,Europe,1990,1990,0.038,E
Iceland,ISL,Europe,1991,1990,0.642,E
Iceland,ISL,Europe,1992,1990,0.099,E
Iceland,ISL,Europe,1993,1990,0.091,E
Iceland,ISL,Europe,1994,1990,-0.232,E
Iceland,ISL,Europe,1995,1990,-0.466,E
Iceland,ISL,Europe,1996,1990,0.428,E
Iceland,ISL,Europe,1997,1990,0.301,E
Iceland,ISL,Europe,1998,1990,0.108,E
Iceland,ISL,Europe,1999,1990,0.375,E
Iceland,ISL,Europe,2000,2000,0.203,E
Iceland,ISL,Europe,2001,2000,0.508,E
Iceland,ISL,Europe,2002,2000,0.722,E
Iceland,ISL,Europe,2003,2000,1.749,E
Iceland,ISL,Europe,2004,2000,1.198,E
Iceland,ISL,Europe,2005,2000,0.418,E
Iceland,ISL,Europe,2006,2000,0.999,E
Iceland,ISL,Europe,2007,2000,1.068,E
Iceland,ISL,Europe,2008,2000,0.722,E
Iceland,ISL,Europe,2009,2000,0.885,E
Iceland,ISL,Europe,2010,2010,1.14,E
Iceland,ISL,Europe,2011,2010,0.95,E
Iceland,ISL,Europe,2012,2010,0.674,E
Iceland,ISL,Europe,2013,2010,0.662,E
Iceland,ISL,Europe,2014,2010,1.582,E
Iceland,ISL,Europe,2015,2010,0.339,E
Iceland,ISL,Europe,2016,2010,1.333,E
Iceland,ISL,Europe,2017,2010,1.617,E
Iceland,ISL,Europe,2018,2010,0.746,E
Iceland,ISL,Europe,2019,2010,1.266,E
Iceland,ISL,Europe,2020,2020,0.711,E
Iceland,ISL,Europe,2021,2020,0.897,E
Iceland,ISL,Europe,2022,2020,1.244,E
Iceland,ISL,Europe,2023,2020,0.597,E
Iceland,ISL,Europe,2024,2020,0.117,E
Iceland,ISL,Europe,2025,2020,1.472,E
India,IND,Asia,1961,1960,-0.192,E
India,IND,Asia,1962,1960,-0.482,E
India,IND,Asia,1963,1960,-0.012,E
India,IND,Asia,1964,1960,-0.005,E
India,IND,Asia,1965,1960,-0.058,E
India,IND,Asia,1966,1960,0.311,E
India,IND,Asia,1967,1960,-0.204,E
India,IND,Asia,1968,1960,-0.228,E
India,IND,Asia,1969,1960,0.312,E
India,IND,Asia,1970,1970,0.014,E
India,IND,Asia,1971,1970,-0.538,E
India,IND,Asia,1972,1970,0.011,E
India,IND,Asia,1973,1970,0.31,E
India,IND,Asia,1974,1970,0.049,E
India,IND,Asia,1975,1970,-0.28,E
India,IND,Asia,1976,1970,0.002,E
India,IND,Asia,1977,1970,0.171,E
India,IND,Asia,1978,1970,-0.146,E
India,IND,Asia,1979,1970,0.326,E
India,IND,Asia,1980,1980,0.419,E
India,IND,Asia,1981,1980,0.089,E
India,IND,Asia,1982,1980,0.0,E
India,IND,Asia,1983,1980,-0.137,E
India,IND,Asia,1984,1980,-0.126,E
India,IND,Asia,1985,1980,0.205,E
India,IND,Asia,1986,1980,0.183,E
India,IND,Asia,1987,1980,0.588,E
India,IND,Asia,1988,1980,0.512,E
India,IND,Asia,1989,1980,0.017,E
India,IND,Asia,1990,1990,-0.037,E
India,IND,Asia,1991,1990,0.228,E
India,IND,Asia,1992,1990,0.064,E
India,IND,Asia,1993,1990,0.247,E
India,IND,Asia,1994,1990,0.136,E
India,IND,Asia,1995,1990,0.269,E
India,IND,Asia,1996,1990,0.367,E
India,IND,Asia,1997,1990,-0.042,E
India,IND,Asia,1998,1990,0.619,E
India,IND,Asia,1999,1990,0.504,E
India,IND,Asia,2000,2000,0.39,E
India,IND,Asia,2001,2000,0.51,E
India,IND,Asia,2002,2000,0.866,E
India,IND,Asia,2003,2000,0.717,E
India,IND,Asia,2004,2000,0.598,E
India,IND,Asia,2005,2000,0.624,E
India,IND,Asia,2006,2000,0.725,E
India,IND,Asia,2007,2000,0.68,E
India,IND,Asia,2008,2000,0.342,E
India,IND,Asia,2009,2000,1.211,E
India,IND,Asia,2010,2010,1.2,E
India,IND,Asia,2011,2010,0.415,E
India,IND,Asia,2012,2010,0.559,E
India,IND,Asia,2013,2010,0.482,E
India,IND,Asia,2014,2010,0.57,E
India,IND,Asia,2015,2010,0.775,E
India,IND,Asia,2016,2010,1.171,E
India,IND,Asia,2017,2010,1.075,E
India,IND,Asia,2018,2010,0.986,E
India,IND,Asia,2019,2010,0.903,E
India,IND,Asia,2020,2020,0.619,E
India,IND,Asia,2021,2020,0.838,E
India,IND,Asia,2022,2020,0.867,E
India,IND,Asia,2023,2020,0.948,E
India,IND,Asia,2024,2020,1.172,E
India,IND,Asia,2025,2020,0.954,E
Indonesia,IDN,Asia,1961,1960,-0.049,E
Indonesia,IDN,Asia,1962,1960,0.007,E
Indonesia,IDN,Asia,1963,1960,-0.116,E
Indonesia,IDN,Asia,1964,1960,-0.021,E
Indonesia,IDN,Asia,1965,1960,-0.251,E
Indonesia,IDN,Asia,1966,1960,0.065,E
Indonesia,IDN,Asia,1967,1960,-0.131,E
Indonesia,IDN,Asia,1968,1960,-0.053,E
Indonesia,IDN,Asia,1969,1960,0.183,E
Indonesia,IDN,Asia,1970,1970,0.152,E
Indonesia,IDN,Asia,1971,1970,-0.168,E
Indonesia,IDN,Asia,1972,1970,-0.063,E
Indonesia,IDN,Asia,1973,1970,0.268,E
Indonesia,IDN,Asia,1974,1970,-0.155,E
Indonesia,IDN,Asia,1975,1970,-0.127,E
Indonesia,IDN,Asia,1976,1970,-0.001,E
Indonesia,IDN,Asia,1977,1970,0.111,E
Indonesia,IDN,Asia,1978,1970,0.087,E
Indonesia,IDN,Asia,1979,1970,0.198,E
Indonesia,IDN,Asia,1980,1980,0.218,E
Indonesia,IDN,Asia,1981,1980,0.176,E
Indonesia,IDN,Asia,1982,1980,-0.004,E
Indonesia,IDN,Asia,1983,1980,0.421,E
Indonesia,IDN,Asia,1984,1980,-0.15,E
Indonesia,IDN,Asia,1985,1980,0.144,E
Indonesia,IDN,Asia,1986,1980,0.093,E
Indonesia,IDN,Asia,1987,1980,0.465,E
Indonesia,IDN,Asia,1988,1980,0.418,E
Indonesia,IDN,Asia,1989,1980,0.073,E
Indonesia,IDN,Asia,1990,1990,0.18,E
Indonesia,IDN,Asia,1991,1990,0.315,E
Indonesia,IDN,Asia,1992,1990,0.38,E
Indonesia,IDN,Asia,1993,1990,0.273,E
Indonesia,IDN,Asia,1994,1990,0.344,E
Indonesia,IDN,Asia,1995,1990,0.4,E
Indonesia,IDN,Asia,1996,1990,0.4,E
Indonesia,IDN,Asia,1997,1990,0.389,E
Indonesia,IDN,Asia,1998,1990,0.989,E
Indonesia,IDN,Asia,1999,1990,0.278,E
Indonesia,IDN,Asia,2000,2000,0.266,E
Indonesia,IDN,Asia,2001,2000,0.505,E
Indonesia,IDN,Asia,2002,2000,0.63,E
Indonesia,IDN,Asia,2003,2000,0.646,E
Indonesia,IDN,Asia,2004,2000,0.599,E
Indonesia,IDN,Asia,2005,2000,0.714,E
Indonesia,IDN,Asia,2006,2000,0.396,E
Indonesia,IDN,Asia,2007,2000,0.448,E
Indonesia,IDN,Asia,2008,2000,0.242,E
Indonesia,IDN,Asia,2009,2000,0.552,E
Indonesia,IDN,Asia,2010,2010,0.755,E
Indonesia,IDN,Asia,2011,2010,0.3,E
Indonesia,IDN,Asia,2012,2010,0.407,E
Indonesia,IDN,Asia,2013,2010,0.75,E
Indonesia,IDN,Asia,2014,2010,0.762,E
Indonesia,IDN,Asia,2015,2010,0.78,E
Indonesia,IDN,Asia,2016,2010,1.405,E
Indonesia,IDN,Asia,2017,2010,0.949,E
Indonesia,IDN,Asia,2018,2010,0.87,E
Indonesia,IDN,Asia,2019,2010,1.033,E
Indonesia,IDN,Asia,2020,2020,1.225,E
Indonesia,IDN,Asia,2021,2020,1.007,E
Indonesia,IDN,Asia,2022,2020,0.97,E
Indonesia,IDN,Asia,2023,2020,1.093,E
Indonesia,IDN,Asia,2024,2020,1.419,E
Indonesia,IDN,Asia,2025,2020,1.121,E
Iran (Islamic Republic of),IRN,Asia,1961,1960,-0.048,E
Iran (Islamic Republic of),IRN,Asia,1962,1960,0.276,E
Iran (Islamic Republic of),IRN,Asia,1963,1960,0.76,E
Iran (Islamic Republic of),IRN,Asia,1964,1960,-0.665,E
Iran (Islamic Republic of),IRN,Asia,1965,1960,-0.264,E
Iran (Islamic Republic of),IRN,Asia,1966,1960,0.769,E
Iran (Islamic Republic of),IRN,Asia,1967,1960,-0.249,E
Iran (Islamic Republic of),IRN,Asia,1968,1960,-0.232,E
Iran (Islamic Republic of),IRN,Asia,1969,1960,-0.342,E
Iran (Islamic Republic of),IRN,Asia,1970,1970,0.933,E
Iran (Islamic Republic of),IRN,Asia,1971,1970,0.077,E
Iran (Islamic Republic of),IRN,Asia,1972,1970,-0.96,E
Iran (Islamic Republic of),IRN,Asia,1973,1970,-0.204,E
Iran (Islamic Republic of),IRN,Asia,1974,1970,-0.677,E
Iran (Islamic Republic of),IRN,Asia,1975,1970,-0.207,E
Iran (Islamic Republic of),IRN,Asia,1976,1970,-0.545,E
Iran (Islamic Republic of),IRN,Asia,1977,1970,0.403,E
Iran (Islamic Republic of),IRN,Asia,1978,1970,0.273,E
Iran (Islamic Republic of),IRN,Asia,1979,1970,0.658,E
Iran (Islamic Republic of),IRN,Asia,1980,1980,0.5,E
Iran (Islamic Republic of),IRN,Asia,1981,1980,0.634,E
Iran (Islamic Republic of),IRN,Asia,1982,1980,-0.152,E
Iran (Islamic Republic of),IRN,Asia,1983,1980,-0.134,E
Iran (Islamic Republic of),IRN,Asia,1984,1980,0.118,E
Iran (Islamic Republic of),IRN,Asia,1985,1980,0.202,E
Iran (Islamic Republic of),IRN,Asia,1986,1980,0.165,E
Iran (Islamic Republic of),IRN,Asia,1987,1980,0.49,E
Iran (Islamic Republic of),IRN,Asia,1988,1980,0.663,E
Iran (Islamic Republic of),IRN,Asia,1989,1980,0.166,E
Iran (Islamic Republic of),IRN,Asia,1990,1990,0.674,E
Iran (Islamic Republic of),IRN,Asia,1991,1990,0.328,E
Iran (Islamic Republic of),IRN,Asia,1992,1990,-0.831,E
Iran (Islamic Republic of),IRN,Asia,1993,1990,-0.077,E
Iran (Islamic Republic of),IRN,Asia,1994,1990,0.764,E
Iran (Islamic Republic of),IRN,Asia,1995,1990,0.665,E
Iran (Islamic Republic of),IRN,Asia,1996,1990,0.215,E
Iran (Islamic Republic of),IRN,Asia,1997,1990,0.634,E
Iran (Islamic Republic of),IRN,Asia,1998,1990,1.149,E
Iran (Islamic Republic of),IRN,Asia,1999,1990,1.617,E
Iran (Islamic Republic of),IRN,Asia,2000,2000,1.164,E
Iran (Islamic Republic of),IRN,Asia,2001,2000,1.459,E
Iran (Islamic Republic of),IRN,Asia,2002,2000,1.605,E
Iran (Islamic Republic of),IRN,Asia,2003,2000,0.873,E
Iran (Islamic Republic of),IRN,Asia,2004,2000,1.45,E
Iran (Islamic Republic of),IRN,Asia,2005,2000,0.786,E
Iran (Islamic Republic of),IRN,Asia,2006,2000,1.805,E
Iran (Islamic Republic of),IRN,Asia,2007,2000,0.829,E
Iran (Islamic Republic of),IRN,Asia,2008,2000,1.066,E
Iran (Islamic Republic of),IRN,Asia,2009,2000,1.116,E
Iran (Islamic Republic of),IRN,Asia,2010,2010,2.151,E
Iran (Islamic Republic of),IRN,Asia,2011,2010,1.28,E
Iran (Islamic Republic of),IRN,Asia,2012,2010,1.036,E
Iran (Islamic Republic of),IRN,Asia,2013,2010,1.605,E
Iran (Islamic Republic of),IRN,Asia,2014,2010,1.02,E
Iran (Islamic Republic of),IRN,Asia,2015,2010,1.8,E
Iran (Islamic Republic of),IRN,Asia,2016,2010,1.615,E
Iran (Islamic Republic of),IRN,Asia,2017,2010,1.688,E
Iran (Islamic Republic of),IRN,Asia,2018,2010,1.997,E
Iran (Islamic Republic of),IRN,Asia,2019,2010,1.512,E
Iran (Islamic Republic of),IRN,Asia,2020,2020,1.261,E
Iran (Islamic Republic of),IRN,Asia,2021,2020,2.075,E
Iran (Islamic Republic of),IRN,Asia,2022,2020,2.276,E
Iran (Islamic Republic of),IRN,Asia,2023,2020,2.148,E
Iran (Islamic Republic of),IRN,Asia,2024,2020,2.435,E
Iran (Islamic Republic of),IRN,Asia,2025,2020,2.074,E
Iraq,IRQ,Asia,1961,1960,-0.17,E
Iraq,IRQ,Asia,1962,1960,0.91,E
Iraq,IRQ,Asia,1963,1960,0.468,E
Iraq,IRQ,Asia,1964,1960,-0.787,E
Iraq,IRQ,Asia,1965,1960,-0.111,E
Iraq,IRQ,Asia,1966,1960,0.995,E
Iraq,IRQ,Asia,1967,1960,-0.812,E
Iraq,IRQ,Asia,1968,1960,-0.242,E
Iraq,IRQ,Asia,1969,1960,0.273,E
Iraq,IRQ,Asia,1970,1970,0.688,E
Iraq,IRQ,Asia,1971,1970,-0.164,E
Iraq,IRQ,Asia,1972,1970,-0.725,E
Iraq,IRQ,Asia,1973,1970,-0.207,E
Iraq,IRQ,Asia,1974,1970,-0.416,E
Iraq,IRQ,Asia,1975,1970,-0.248,E
Iraq,IRQ,Asia,1976,1970,-0.798,E
Iraq,IRQ,Asia,1977,1970,0.28,E
Iraq,IRQ,Asia,1978,1970,0.121,E
Iraq,IRQ,Asia,1979,1970,1.209,E
Iraq,IRQ,Asia,1980,1980,-0.01,E
Iraq,IRQ,Asia,1981,1980,0.237,E
Iraq,IRQ,Asia,1982,1980,-0.413,E
Iraq,IRQ,Asia,1983,1980,-0.811,E
Iraq,IRQ,Asia,1984,1980,0.039,E
Iraq,IRQ,Asia,1985,1980,0.021,E
Iraq,IRQ,Asia,1986,1980,0.374,E
Iraq,IRQ,Asia,1987,1980,0.369,E
Iraq,IRQ,Asia,1988,1980,0.104,E
Iraq,IRQ,Asia,1989,1980,0.196,E
Iraq,IRQ,Asia,1990,1990,0.353,E
Iraq,IRQ,Asia,1991,1990,0.592,E
Iraq,IRQ,Asia,1992,1990,-1.193,E
Iraq,IRQ,Asia,1993,1990,-0.497,E
Iraq,IRQ,Asia,1994,1990,0.98,E
Iraq,IRQ,Asia,1995,1990,0.341,E
Iraq,IRQ,Asia,1996,1990,0.767,E
Iraq,IRQ,Asia,1997,1990,0.27,E
Iraq,IRQ,Asia,1998,1990,1.25,E
Iraq,IRQ,Asia,1999,1990,1.873,E
Iraq,IRQ,Asia,2000,2000,0.941,E
Iraq,IRQ,Asia,2001,2000,1.225,E
Iraq,IRQ,Asia,2002,2000,1.097,E
Iraq,IRQ,Asia,2003,2000,0.905,E
Iraq,IRQ,Asia,2004,2000,1.039,E
Iraq,IRQ,Asia,2005,2000,0.485,E
Iraq,IRQ,Asia,2006,2000,1.574,E
Iraq,IRQ,Asia,2007,2000,0.923,E
Iraq,IRQ,Asia,2008,2000,1.11,E
Iraq,IRQ,Asia,2009,2000,0.809,E
Iraq,IRQ,Asia,2010,2010,2.625,E
Iraq,IRQ,Asia,2011,2010,0.829,E
Iraq,IRQ,Asia,2012,2010,1.222,E
Iraq,IRQ,Asia,2013,2010,1.204,E
Iraq,IRQ,Asia,2014,2010,1.148,E
Iraq,IRQ,Asia,2015,2010,1.921,E
Iraq,IRQ,Asia,2016,2010,1.683,E
Iraq,IRQ,Asia,2017,2010,1.563,E
Iraq,IRQ,Asia,2018,2010,2.396,E
Iraq,IRQ,Asia,2019,2010,1.756,E
Iraq,IRQ,Asia,2020,2020,1.954,E
Iraq,IRQ,Asia,2021,2020,2.66,E
Iraq,IRQ,Asia,2022,2020,2.22,E
Iraq,IRQ,Asia,2023,2020,2.09,E
Iraq,IRQ,Asia,2024,2020,2.326,E
Iraq,IRQ,Asia,2025,2020,1.985,E
Ireland,IRL,Europe,1961,1960,0.27,E
Ireland,IRL,Europe,1962,1960,-0.693,E
Ireland,IRL,Europe,1963,1960,-0.783,E
Ireland,IRL,Europe,1964,1960,0.142,E
Ireland,IRL,Europe,1965,1960,-0.57,E
Ireland,IRL,Europe,1966,1960,-0.048,E
Ireland,IRL,Europe,1967,1960,-0.026,E
Ireland,IRL,Europe,1968,1960,0.048,E
Ireland,IRL,Europe,1969,1960,-0.293,E
Ireland,IRL,Europe,1970,1970,0.034,E
Ireland,IRL,Europe,1971,1970,0.315,E
Ireland,IRL,Europe,1972,1970,-0.295,E
Ireland,IRL,Europe,1973,1970,0.335,E
Ireland,IRL,Europe,1974,1970,-0.236,E
Ireland,IRL,Europe,1975,1970,0.683,E
Ireland,IRL,Europe,1976,1970,0.536,E
Ireland,IRL,Europe,1977,1970,-0.309,E
Ireland,IRL,Europe,1978,1970,0.226,E
Ireland,IRL,Europe,1979,1970,-0.718,E
Ireland,IRL,Europe,1980,1980,-0.096,E
Ireland,IRL,Europe,1981,1980,0.336,E
Ireland,IRL,Europe,1982,1980,0.112,E
Ireland,IRL,Europe,1983,1980,0.365,E
Ireland,IRL,Europe,1984,1980,0.302,E
Ireland,IRL,Europe,1985,1980,-0.469,E
Ireland,IRL,Europe,1986,1980,-0.756,E
Ireland,IRL,Europe,1987,1980,-0.172,E
Ireland,IRL,Europe,1988,1980,0.217,E
Ireland,IRL,Europe,1989,1980,1.022,E
Ireland,IRL,Europe,1990,1990,0.803,E
Ireland,IRL,Europe,1991,1990,0.174,E
Ireland,IRL,Europe,1992,1990,0.422,E
Ireland,IRL,Europe,1993,1990,0.04,E
Ireland,IRL,Europe,1994,1990,0.259,E
Ireland,IRL,Europe,1995,1990,1.175,E
Ireland,IRL,Europe,1996,1990,-0.027,E
Ireland,IRL,Europe,1997,1990,0.958,E
Ireland,IRL,Europe,1998,1990,0.917,E
Ireland,IRL,Europe,1999,1990,1.053,E
Ireland,IRL,Europe,2000,2000,0.547,E
Ireland,IRL,Europe,2001,2000,0.525,E
Ireland,IRL,Europe,2002,2000,0.801,E
Ireland,IRL,Europe,2003,2000,0.992,E
Ireland,IRL,Europe,2004,2000,0.863,E
Ireland,IRL,Europe,2005,2000,1.142,E
Ireland,IRL,Europe,2006,2000,1.132,E
Ireland,IRL,Europe,2007,2000,1.329,E
Ireland,IRL,Europe,2008,2000,0.808,E
Ireland,IRL,Europe,2009,2000,0.773,E
Ireland,IRL,Europe,2010,2010,-0.139,E
Ireland,IRL,Europe,2011,2010,0.524,E
Ireland,IRL,Europe,2012,2010,0.682,E
Ireland,IRL,Europe,2013,2010,0.563,E
Ireland,IRL,Europe,2014,2010,1.357,E
Ireland,IRL,Europe,2015,2010,0.43,E
Ireland,IRL,Europe,2016,2010,1.034,E
Ireland,IRL,Europe,2017,2010,1.262,E
Ireland,IRL,Europe,2018,2010,0.778,E
Ireland,IRL,Europe,2019,2010,1.193,E
Ireland,IRL,Europe,2020,2020,1.071,E
Ireland,IRL,Europe,2021,2020,1.012,E
Ireland,IRL,Europe,2022,2020,1.752,E
Ireland,IRL,Europe,2023,2020,1.609,E
Ireland,IRL,Europe,2024,2020,1.374,E
Ireland,IRL,Europe,2025,2020,1.885,E
Isle of Man,IMN,Europe,1961,1960,0.358,E
Isle of Man,IMN,Europe,1962,1960,-0.749,E
Isle of Man,IMN,Europe,1963,1960,-0.825,E
Isle of Man,IMN,Europe,1964,1960,0.087,E
Isle of Man,IMN,Europe,1965,1960,-0.588,E
Isle of Man,IMN,Europe,1966,1960,-0.108,E
Isle of Man,IMN,Europe,1967,1960,0.098,E
Isle of Man,IMN,Europe,1968,1960,0.022,E
Isle of Man,IMN,Europe,1969,1960,-0.306,E
Isle of Man,IMN,Europe,1970,1970,0.03,E
Isle of Man,IMN,Europe,1971,1970,0.294,E
Isle of Man,IMN,Europe,1972,1970,-0.21,E
Isle of Man,IMN,Europe,1973,1970,0.277,E
Isle of Man,IMN,Europe,1974,1970,-0.219,E
Isle of Man,IMN,Europe,1975,1970,0.679,E
Isle of Man,IMN,Europe,1976,1970,0.643,E
Isle of Man,IMN,Europe,1977,1970,-0.358,E
Isle of Man,IMN,Europe,1978,1970,0.189,E
Isle of Man,IMN,Europe,1979,1970,-0.797,E
Isle of Man,IMN,Europe,1980,1980,-0.058,E
Isle of Man,IMN,Europe,1981,1980,0.263,E
Isle of Man,IMN,Europe,1982,1980,0.045,E
Isle of Man,IMN,Europe,1983,1980,0.35,E
Isle of Man,IMN,Europe,1984,1980,0.324,E
Isle of Man,IMN,Europe,1985,1980,-0.524,E
Isle of Man,IMN,Europe,1986,1980,-0.719,E
Isle of Man,IMN,Europe,1987,1980,-0.255,E
Isle of Man,IMN,Europe,1988,1980,0.242,E
Isle of Man,IMN,Europe,1989,1980,1.08,E
Isle of Man,IMN,Europe,1990,1990,0.891,E
Isle of Man,IMN,Europe,1991,1990,0.157,E
Isle of Man,IMN,Europe,1992,1990,0.439,E
Isle of Man,IMN,Europe,1993,1990,-0.058,E
Isle of Man,IMN,Europe,1994,1990,0.251,E
Isle of Man,IMN,Europe,1995,1990,1.146,E
Isle of Man,IMN,Europe,1996,1990,-0.13,E
Isle of Man,IMN,Europe,1997,1990,0.907,E
Isle of Man,IMN,Europe,1998,1990,0.911,E
Isle of Man,IMN,Europe,1999,1990,1.091,E
Isle of Man,IMN,Europe,2000,2000,0.61,E
Isle of Man,IMN,Europe,2001,2000,0.496,E
Isle of Man,IMN,Europe,2002,2000,0.871,E
Isle of Man,IMN,Europe,2003,2000,1.025,E
Isle of Man,IMN,Europe,2004,2000,0.925,E
Isle of Man,IMN,Europe,2005,2000,1.14,E
Isle of Man,IMN,Europe,2006,2000,1.206,E
Isle of Man,IMN,Europe,2007,2000,1.308,E
Isle of Man,IMN,Europe,2008,2000,0.796,E
Isle of Man,IMN,Europe,2009,2000,0.838,E
Isle of Man,IMN,Europe,2010,2010,-0.148,E
Isle of Man,IMN,Europe,2011,2010,0.644,E
Isle of Man,IMN,Europe,2012,2010,0.576,E
Isle of Man,IMN,Europe,2013,2010,0.412,E
Isle of Man,IMN,Europe,2014,2010,1.473,E
Isle of Man,IMN,Europe,2015,2010,0.372,E
Isle of Man,IMN,Europe,2016,2010,1.078,E
Isle of Man,IMN,Europe,2017,2010,1.341,E
Isle of Man,IMN,Europe,2018,2010,0.855,E
Isle of Man,IMN,Europe,2019,2010,1.151,E
Isle of Man,IMN,Europe,2020,2020,1.188,E
Isle of Man,IMN,Europe,2021,2020,1.012,E
Isle of Man,IMN,Europe,2022,2020,1.829,E
Isle of Man,IMN,Europe,2023,2020,1.557,E
Isle of Man,IMN,Europe,2024,2020,1.448,E
Isle of Man,IMN,Europe,2025,2020,1.862,E
Israel,ISR,Asia,1961,1960,-0.115,E
Israel,ISR,Asia,1962,1960,0.869,E
Israel,ISR,Asia,1963,1960,0.848,E
Israel,ISR,Asia,1964,1960,-0.615,E
Israel,ISR,Asia,1965,1960,-0.021,E
Israel,ISR,Asia,1966,1960,0.632,E
Israel,ISR,Asia,1967,1960,-0.886,E
Israel,ISR,Asia,1968,1960,-0.077,E
Israel,ISR,Asia,1969,1960,0.279,E
Israel,ISR,Asia,1970,1970,0.223,E
Israel,ISR,Asia,1971,1970,-0.314,E
Israel,ISR,Asia,1972,1970,-0.474,E
Israel,ISR,Asia,1973,1970,-0.451,E
Israel,ISR,Asia,1974,1970,-0.233,E
Israel,ISR,Asia,1975,1970,-0.386,E
Israel,ISR,Asia,1976,1970,-0.551,E
Israel,ISR,Asia,1977,1970,0.032,E
Israel,ISR,Asia,1978,1970,-0.053,E
Israel,ISR,Asia,1979,1970,0.633,E
Israel,ISR,Asia,1980,1980,-0.177,E
Israel,ISR,Asia,1981,1980,-0.191,E
Israel,ISR,Asia,1982,1980,-0.545,E
Israel,ISR,Asia,1983,1980,-1.043,E
Israel,ISR,Asia,1984,1980,-0.187,E
Israel,ISR,Asia,1985,1980,0.032,E
Israel,ISR,Asia,1986,1980,0.076,E
Israel,ISR,Asia,1987,1980,-0.278,E
Israel,ISR,Asia,1988,1980,0.048,E
Israel,ISR,Asia,1989,1980,-0.162,E
Israel,ISR,Asia,1990,1990,-0.087,E
Israel,ISR,Asia,1991,1990,0.432,E
Israel,ISR,Asia,1992,1990,-0.994,E
Israel,ISR,Asia,1993,1990,-0.318,E
Israel,ISR,Asia,1994,1990,0.864,E
Israel,ISR,Asia,1995,1990,-0.089,E
Israel,ISR,Asia,1996,1990,0.401,E
Israel,ISR,Asia,1997,1990,-0.061,E
Israel,ISR,Asia,1998,1990,0.948,E
Israel,ISR,Asia,1999,1990,0.949,E
Israel,ISR,Asia,2000,2000,0.32,E
Israel,ISR,Asia,2001,2000,0.927,E
Israel,ISR,Asia,2002,2000,0.781,E
Israel,ISR,Asia,2003,2000,0.604,E
Israel,ISR,Asia,2004,2000,0.601,E
Israel,ISR,Asia,2005,2000,0.261,E
Israel,ISR,Asia,2006,2000,0.679,E
Israel,ISR,Asia,2007,2000,0.588,E
Israel,ISR,Asia,2008,2000,0.82,E
Israel,ISR,Asia,2009,2000,0.874,E
Israel,ISR,Asia,2010,2010,2.369,E
Israel,ISR,Asia,2011,2010,0.589,E
Israel,ISR,Asia,2012,2010,1.039,E
Israel,ISR,Asia,2013,2010,1.124,E
Israel,ISR,Asia,2014,2010,0.919,E
Israel,ISR,Asia,2015,2010,1.401,E
Israel,ISR,Asia,2016,2010,1.701,E
Israel,ISR,Asia,2017,2010,0.831,E
Israel,ISR,Asia,2018,2010,2.061,E
Israel,ISR,Asia,2019,2010,1.211,E
Israel,ISR,Asia,2020,2020,1.437,E
Israel,ISR,Asia,2021,2020,1.778,E
Israel,ISR,Asia,2022,2020,1.018,E
Israel,ISR,Asia,2023,2020,1.851,E
Israel,ISR,Asia,2024,2020,2.22,E
Israel,ISR,Asia,2025,2020,1.686,E
Italy,ITA,Europe,1961,1960,0.812,E
Italy,ITA,Europe,1962,1960,0.048,E
Italy,ITA,Europe,1963,1960,-0.347,E
Italy,ITA,Europe,1964,1960,0.144,E
Italy,ITA,Europe,1965,1960,-0.42,E
Italy,ITA,Europe,1966,1960,0.313,E
Italy,ITA,Europe,1967,1960,0.304,E
Italy,ITA,Europe,1968,1960,0.021,E
Italy,ITA,Europe,1969,1960,-0.097,E
Italy,ITA,Europe,1970,1970,-0.151,E
Italy,ITA,Europe,1971,1970,-0.151,E
Italy,ITA,Europe,1972,1970,-0.14,E
Italy,ITA,Europe,1973,1970,0.021,E
Italy,ITA,Europe,1974,1970,-0.13,E
Italy,ITA,Europe,1975,1970,0.055,E
Italy,ITA,Europe,1976,1970,-0.334,E
Italy,ITA,Europe,1977,1970,0.27,E
Italy,ITA,Europe,1978,1970,-0.555,E
Italy,ITA,Europe,1979,1970,0.0,E
Italy,ITA,Europe,1980,1980,-0.44,E
Italy,ITA,Europe,1981,1980,-0.303,E
Italy,ITA,Europe,1982,1980,0.482,E
Italy,ITA,Europe,1983,1980,0.357,E
Italy,ITA,Europe,1984,1980,-0.478,E
Italy,ITA,Europe,1985,1980,0.109,E
Italy,ITA,Europe,1986,1980,0.438,E
Italy,ITA,Europe,1987,1980,0.178,E
Italy,ITA,Europe,1988,1980,0.815,E
Italy,ITA,Europe,1989,1980,0.391,E
Italy,ITA,Europe,1990,1990,1.112,E
Italy,ITA,Europe,1991,1990,0.006,E
Italy,ITA,Europe,1992,1990,0.501,E
Italy,ITA,Europe,1993,1990,0.479,E
Italy,ITA,Europe,1994,1990,1.478,E
Italy,ITA,Europe,1995,1990,0.391,E
Italy,ITA,Europe,1996,1990,0.209,E
Italy,ITA,Europe,1997,1990,0.912,E
Italy,ITA,Europe,1998,1990,0.933,E
Italy,ITA,Europe,1999,1990,0.882,E
Italy,ITA,Europe,2000,2000,1.209,E
Italy,ITA,Europe,2001,2000,1.513,E
Italy,ITA,Europe,2002,2000,0.895,E
Italy,ITA,Europe,2003,2000,1.508,E
Italy,ITA,Europe,2004,2000,0.729,E
Italy,ITA,Europe,2005,2000,0.542,E
Italy,ITA,Europe,2006,2000,0.817,E
Italy,ITA,Europe,2007,2000,1.535,E
Italy,ITA,Europe,2008,2000,1.093,E
Italy,ITA,Europe,2009,2000,1.169,E
Italy,ITA,Europe,2010,2010,0.699,E
Italy,ITA,Europe,2011,2010,1.189,E
Italy,ITA,Europe,2012,2010,1.488,E
Italy,ITA,Europe,2013,2010,0.962,E
Italy,ITA,Europe,2014,2010,1.581,E
Italy,ITA,Europe,2015,2010,1.654,E
Italy,ITA,Europe,2016,2010,1.664,E
Italy,ITA,Europe,2017,2010,1.57,E
Italy,ITA,Europe,2018,2010,1.82,E
Italy,ITA,Europe,2019,2010,1.637,E
Italy,ITA,Europe,2020,2020,1.847,E
Italy,ITA,Europe,2021,2020,1.532,E
Italy,ITA,Europe,2022,2020,2.112,E
Italy,ITA,Europe,2023,2020,2.244,E
Italy,ITA,Europe,2024,2020,2.666,E
Italy,ITA,Europe,2025,2020,2.182,E
Jamaica,JAM,North America,1961,1960,-0.004,E
Jamaica,JAM,North America,1962,1960,-0.074,E
Jamaica,JAM,North America,1963,1960,-0.173,E
Jamaica,JAM,North America,1964,1960,-0.096,E
Jamaica,JAM,North America,1965,1960,-0.27,E
Jamaica,JAM,North America,1966,1960,-0.035,E
Jamaica,JAM,North America,1967,1960,-0.225,E
Jamaica,JAM,North America,1968,1960,-0.156,E
Jamaica,JAM,North America,1969,1960,0.217,E
Jamaica,JAM,North America,1970,1970,-0.26,E
Jamaica,JAM,North America,1971,1970,-0.377,E
Jamaica,JAM,North America,1972,1970,0.021,E
Jamaica,JAM,North America,1973,1970,0.382,E
Jamaica,JAM,North America,1974,1970,0.158,E
Jamaica,JAM,North America,1975,1970,0.269,E
Jamaica,JAM,North America,1976,1970,-0.314,E
Jamaica,JAM,North America,1977,1970,,O
Jamaica,JAM,North America,1978,1970,,O
Jamaica,JAM,North America,1979,1970,,O
Jamaica,JAM,North America,1980,1980,0.723,E
Jamaica,JAM,North America,1981,1980,0.97,E
Jamaica,JAM,North America,1982,1980,0.387,E
Jamaica,JAM,North America,1983,1980,0.636,E
Jamaica,JAM,North America,1984,1980,0.099,E
Jamaica,JAM,North America,1985,1980,0.124,E
Jamaica,JAM,North America,1986,1980,0.029,E
Jamaica,JAM,North America,1987,1980,1.028,E
Jamaica,JAM,North America,1988,1980,0.947,E
Jamaica,JAM,North America,1989,1980,0.516,E
Jamaica,JAM,North America,1990,1990,0.541,E
Jamaica,JAM,North America,1991,1990,0.601,E
Jamaica,JAM,North America,1992,1990,0.751,E
Jamaica,JAM,North America,1993,1990,0.355,E
Jamaica,JAM,North America,1994,1990,0.839,E
Jamaica,JAM,North America,1995,1990,0.811,E
Jamaica,JAM,North America,1996,1990,0.231,E
Jamaica,JAM,North America,1997,1990,0.701,E
Jamaica,JAM,North America,1998,1990,1.109,E
Jamaica,JAM,North America,1999,1990,0.466,E
Jamaica,JAM,North America,2000,2000,0.181,E
Jamaica,JAM,North America,2001,2000,0.442,E
Jamaica,JAM,North America,2002,2000,0.665,E
Jamaica,JAM,North America,2003,2000,0.827,E
Jamaica,JAM,North America,2004,2000,0.659,E
Jamaica,JAM,North America,2005,2000,0.751,E
Jamaica,JAM,North America,2006,2000,0.756,E
Jamaica,JAM,North America,2007,2000,0.768,E
Jamaica,JAM,North America,2008,2000,0.484,E
Jamaica,JAM,North America,2009,2000,0.742,E
Jamaica,JAM,North America,2010,2010,1.284,E
Jamaica,JAM,North America,2011,2010,0.526,E
Jamaica,JAM,North America,2012,2010,0.659,E
Jamaica,JAM,North America,2013,2010,0.924,E
Jamaica,JAM,North America,2014,2010,1.147,E
Jamaica,JAM,North America,2015,2010,1.219,E
Jamaica,JAM,North America,2016,2010,1.369,E
Jamaica,JAM,North America,2017,2010,1.05,E
Jamaica,JAM,North America,2018,2010,1.23,E
Jamaica,JAM,North America,2019,2010,1.547,E
Jamaica,JAM,North America,2020,2020,1.645,E
Jamaica,JAM,North America,2021,2020,1.289,E
Jamaica,JAM,North America,2022,2020,1.162,E
Jamaica,JAM,North America,2023,2020,1.618,E
Jamaica,JAM,North America,2024,2020,1.715,E
Jamaica,JAM,North America,2025,2020,1.758,E
Japan,JPN,Asia,1961,1960,0.665,E
Japan,JPN,Asia,1962,1960,0.123,E
Japan,JPN,Asia,1963,1960,-0.057,E
Japan,JPN,Asia,1964,1960,0.262,E
Japan,JPN,Asia,1965,1960,-0.522,E
Japan,JPN,Asia,1966,1960,0.02,E
Japan,JPN,Asia,1967,1960,0.035,E
Japan,JPN,Asia,1968,1960,-0.494,E
Japan,JPN,Asia,1969,1960,-0.041,E
Japan,JPN,Asia,1970,1970,-0.372,E
Japan,JPN,Asia,1971,1970,-0.326,E
Japan,JPN,Asia,1972,1970,0.236,E
Japan,JPN,Asia,1973,1970,0.336,E
Japan,JPN,Asia,1974,1970,-0.474,E
Japan,JPN,Asia,1975,1970,0.049,E
Japan,JPN,Asia,1976,1970,-0.498,E
Japan,JPN,Asia,1977,1970,-0.144,E
Japan,JPN,Asia,1978,1970,0.243,E
Japan,JPN,Asia,1979,1970,0.47,E
Japan,JPN,Asia,1980,1980,-0.201,E
Japan,JPN,Asia,1981,1980,-0.638,E
Japan,JPN,Asia,1982,1980,-0.046,E
Japan,JPN,Asia,1983,1980,0.101,E
Japan,JPN,Asia,1984,1980,-0.611,E
Japan,JPN,Asia,1985,1980,0.131,E
Japan,JPN,Asia,1986,1980,-0.683,E
Japan,JPN,Asia,1987,1980,0.333,E
Japan,JPN,Asia,1988,1980,-0.147,E
Japan,JPN,Asia,1989,1980,0.572,E
Japan,JPN,Asia,1990,1990,1.151,E
Japan,JPN,Asia,1991,1990,0.733,E
Japan,JPN,Asia,1992,1990,0.336,E
Japan,JPN,Asia,1993,1990,0.019,E
Japan,JPN,Asia,1994,1990,0.968,E
Japan,JPN,Asia,1995,1990,0.349,E
Japan,JPN,Asia,1996,1990,-0.127,E
Japan,JPN,Asia,1997,1990,0.452,E
Japan,JPN,Asia,1998,1990,1.199,E
Japan,JPN,Asia,1999,1990,0.948,E
Japan,JPN,Asia,2000,2000,0.641,E
Japan,JPN,Asia,2001,2000,0.429,E
Japan,JPN,Asia,2002,2000,0.639,E
Japan,JPN,Asia,2003,2000,0.331,E
Japan,JPN,Asia,2004,2000,1.132,E
Japan,JPN,Asia,2005,2000,0.751,E
Japan,JPN,Asia,2006,2000,0.404,E
Japan,JPN,Asia,2007,2000,1.018,E
Japan,JPN,Asia,2008,2000,0.682,E
Japan,JPN,Asia,2009,2000,0.816,E
Japan,JPN,Asia,2010,2010,0.935,E
Japan,JPN,Asia,2011,2010,0.607,E
Japan,JPN,Asia,2012,2010,0.397,E
Japan,JPN,Asia,2013,2010,0.62,E
Japan,JPN,Asia,2014,2010,0.556,E
Japan,JPN,Asia,2015,2010,0.829,E
Japan,JPN,Asia,2016,2010,1.313,E
Japan,JPN,Asia,2017,2010,0.783,E
Japan,JPN,Asia,2018,2010,0.908,E
Japan,JPN,Asia,2019,2010,1.254,E
Japan,JPN,Asia,2020,2020,1.417,E
Japan,JPN,Asia,2021,2020,1.247,E
Japan,JPN,Asia,2022,2020,1.303,E
Japan,JPN,Asia,2023,2020,1.838,E
Japan,JPN,Asia,2024,2020,2.204,E
Japan,JPN,Asia,2025,2020,1.861,E
Jersey,JEY,Europe,1961,1960,0.704,E
Jersey,JEY,Europe,1962,1960,-0.576,E
Jersey,JEY,Europe,1963,1960,-1.19,E
Jersey,JEY,Europe,1964,1960,-0.316,E
Jersey,JEY,Europe,1965,1960,-0.651,E
Jersey,JEY,Europe,1966,1960,0.406,E
Jersey,JEY,Europe,1967,1960,0.226,E
Jersey,JEY,Europe,1968,1960,-0.01,E
Jersey,JEY,Europe,1969,1960,0.237,E
Jersey,JEY,Europe,1970,1970,0.086,E
Jersey,JEY,Europe,1971,1970,0.035,E
Jersey,JEY,Europe,1972,1970,-0.395,E
Jersey,JEY,Europe,1973,1970,0.136,E
Jersey,JEY,Europe,1974,1970,-0.055,E
Jersey,JEY,Europe,1975,1970,0.64,E
Jersey,JEY,Europe,1976,1970,0.66,E
Jersey,JEY,Europe,1977,1970,-0.102,E
Jersey,JEY,Europe,1978,1970,0.056,E
Jersey,JEY,Europe,1979,1970,-0.522,E
Jersey,JEY,Europe,1980,1980,-0.19,E
Jersey,JEY,Europe,1981,1980,0.223,E
Jersey,JEY,Europe,1982,1980,0.62,E
Jersey,JEY,Europe,1983,1980,0.503,E
Jersey,JEY,Europe,1984,1980,0.274,E
Jersey,JEY,Europe,1985,1980,-0.444,E
Jersey,JEY,Europe,1986,1980,-0.64,E
Jersey,JEY,Europe,1987,1980,-0.215,E
Jersey,JEY,Europe,1988,1980,0.5,E
Jersey,JEY,Europe,1989,1980,1.53,E
Jersey,JEY,Europe,1990,1990,1.542,E
Jersey,JEY,Europe,1991,1990,0.102,E
Jersey,JEY,Europe,1992,1990,0.466,E
Jersey,JEY,Europe,1993,1990,0.13,E
Jersey,JEY,Europe,1994,1990,1.14,E
Jersey,JEY,Europe,1995,1990,1.54,E
Jersey,JEY,Europe,1996,1990,0.172,E
Jersey,JEY,Europe,1997,1990,0.918,E
Jersey,JEY,Europe,1998,1990,0.798,E
Jersey,JEY,Europe,1999,1990,1.353,E
Jersey,JEY,Europe,2000,2000,0.86,E
Jersey,JEY,Europe,2001,2000,1.126,E
Jersey,JEY,Europe,2002,2000,1.018,E
Jersey,JEY,Europe,2003,2000,1.411,E
Jersey,JEY,Europe,2004,2000,0.976,E
Jersey,JEY,Europe,2005,2000,1.176,E
Jersey,JEY,Europe,2006,2000,1.101,E
Jersey,JEY,Europe,2007,2000,1.28,E
Jersey,JEY,Europe,2008,2000,0.819,E
Jersey,JEY,Europe,2009,2000,0.71,E
Jersey,JEY,Europe,2010,2010,0.181,E
Jersey,JEY,Europe,2011,2010,1.135,E
Jersey,JEY,Europe,2012,2010,0.811,E
Jersey,JEY,Europe,2013,2010,0.611,E
Jersey,JEY,Europe,2014,2010,1.781,E
Jersey,JEY,Europe,2015,2010,1.169,E
Jersey,JEY,Europe,2016,2010,1.517,E
Jersey,JEY,Europe,2017,2010,1.493,E
Jersey,JEY,Europe,2018,2010,1.477,E
Jersey,JEY,Europe,2019,2010,1.6,E
Jersey,JEY,Europe,2020,2020,2.034,E
Jersey,JEY,Europe,2021,2020,1.07,E
Jersey,JEY,Europe,2022,2020,2.462,E
Jersey,JEY,Europe,2023,2020,2.1,E
Jersey,JEY,Europe,2024,2020,1.907,E
Jersey,JEY,Europe,2025,2020,1.995,E
Jordan,JOR,Asia,1961,1960,-0.202,E
Jordan,JOR,Asia,1962,1960,0.991,E
Jordan,JOR,Asia,1963,1960,0.779,E
Jordan,JOR,Asia,1964,1960,-0.665,E
Jordan,JOR,Asia,1965,1960,-0.021,E
Jordan,JOR,Asia,1966,1960,0.742,E
Jordan,JOR,Asia,1967,1960,-1.012,E
Jordan,JOR,Asia,1968,1960,-0.097,E
Jordan,JOR,Asia,1969,1960,0.416,E
Jordan,JOR,Asia,1970,1970,0.224,E
Jordan,JOR,Asia,1971,1970,-0.383,E
Jordan,JOR,Asia,1972,1970,-0.607,E
Jordan,JOR,Asia,1973,1970,-0.49,E
Jordan,JOR,Asia,1974,1970,-0.263,E
Jordan,JOR,Asia,1975,1970,-0.512,E
Jordan,JOR,Asia,1976,1970,-0.731,E
Jordan,JOR,Asia,1977,1970,0.059,E
Jordan,JOR,Asia,1978,1970,0.056,E
Jordan,JOR,Asia,1979,1970,0.788,E
Jordan,JOR,Asia,1980,1980,-0.095,E
Jordan,JOR,Asia,1981,1980,-0.142,E
Jordan,JOR,Asia,1982,1980,-0.684,E
Jordan,JOR,Asia,1983,1980,-1.077,E
Jordan,JOR,Asia,1984,1980,-0.249,E
Jordan,JOR,Asia,1985,1980,-0.029,E
Jordan,JOR,Asia,1986,1980,0.046,E
Jordan,JOR,Asia,1987,1980,-0.152,E
Jordan,JOR,Asia,1988,1980,0.001,E
Jordan,JOR,Asia,1989,1980,-0.091,E
Jordan,JOR,Asia,1990,1990,-0.043,E
Jordan,JOR,Asia,1991,1990,0.509,E
Jordan,JOR,Asia,1992,1990,-1.105,E
Jordan,JOR,Asia,1993,1990,-0.499,E
Jordan,JOR,Asia,1994,1990,0.963,E
Jordan,JOR,Asia,1995,1990,-0.023,E
Jordan,JOR,Asia,1996,1990,0.506,E
Jordan,JOR,Asia,1997,1990,-0.153,E
Jordan,JOR,Asia,1998,1990,1.05,E
Jordan,JOR,Asia,1999,1990,1.078,E
Jordan,JOR,Asia,2000,2000,0.404,E
Jordan,JOR,Asia,2001,2000,1.011,E
Jordan,JOR,Asia,2002,2000,0.688,E
Jordan,JOR,Asia,2003,2000,0.524,E
Jordan,JOR,Asia,2004,2000,0.65,E
Jordan,JOR,Asia,2005,2000,0.187,E
Jordan,JOR,Asia,2006,2000,0.78,E
Jordan,JOR,Asia,2007,2000,0.538,E
Jordan,JOR,Asia,2008,2000,0.755,E
Jordan,JOR,Asia,2009,2000,0.574,E
Jordan,JOR,Asia,2010,2010,2.603,E
Jordan,JOR,Asia,2011,2010,0.509,E
Jordan,JOR,Asia,2012,2010,1.068,E
Jordan,JOR,Asia,2013,2010,1.004,E
Jordan,JOR,Asia,2014,2010,0.796,E
Jordan,JOR,Asia,2015,2010,1.445,E
Jordan,JOR,Asia,2016,2010,1.642,E
Jordan,JOR,Asia,2017,2010,0.949,E
Jordan,JOR,Asia,2018,2010,1.978,E
Jordan,JOR,Asia,2019,2010,1.264,E
Jordan,JOR,Asia,2020,2020,1.59,E
Jordan,JOR,Asia,2021,2020,1.901,E
Jordan,JOR,Asia,2022,2020,1.276,E
Jordan,JOR,Asia,2023,2020,1.779,E
Jordan,JOR,Asia,2024,2020,2.036,E
Jordan,JOR,Asia,2025,2020,1.641,E
Kazakhstan,KAZ,Asia,1992,1990,0.287,E
Kazakhstan,KAZ,Asia,1993,1990,-0.375,E
Kazakhstan,KAZ,Asia,1994,1990,-0.044,E
Kazakhstan,KAZ,Asia,1995,1990,2.034,E
Kazakhstan,KAZ,Asia,1996,1990,-0.409,E
Kazakhstan,KAZ,Asia,1997,1990,1.882,E
Kazakhstan,KAZ,Asia,1998,1990,0.49,E
Kazakhstan,KAZ,Asia,1999,1990,1.377,E
Kazakhstan,KAZ,Asia,2000,2000,1.491,E
Kazakhstan,KAZ,Asia,2001,2000,1.654,E
Kazakhstan,KAZ,Asia,2002,2000,2.288,E
Kazakhstan,KAZ,Asia,2003,2000,0.124,E
Kazakhstan,KAZ,Asia,2004,2000,2.167,E
Kazakhstan,KAZ,Asia,2005,2000,1.565,E
Kazakhstan,KAZ,Asia,2006,2000,1.445,E
Kazakhstan,KAZ,Asia,2007,2000,2.183,E
Kazakhstan,KAZ,Asia,2008,2000,1.544,E
Kazakhstan,KAZ,Asia,2009,2000,1.175,E
Kazakhstan,KAZ,Asia,2010,2010,1.295,E
Kazakhstan,KAZ,Asia,2011,2010,0.724,E
Kazakhstan,KAZ,Asia,2012,2010,1.136,E
Kazakhstan,KAZ,Asia,2013,2010,1.599,E
Kazakhstan,KAZ,Asia,2014,2010,0.663,E
Kazakhstan,KAZ,Asia,2015,2010,1.585,E
Kazakhstan,KAZ,Asia,2016,2010,2.214,E
Kazakhstan,KAZ,Asia,2017,2010,1.742,E
Kazakhstan,KAZ,Asia,2018,2010,0.631,E
Kazakhstan,KAZ,Asia,2019,2010,1.473,E
Kazakhstan,KAZ,Asia,2020,2020,2.832,E
Kazakhstan,KAZ,Asia,2021,2020,1.438,E
Kazakhstan,KAZ,Asia,2022,2020,2.696,E
Kazakhstan,KAZ,Asia,2023,2020,2.631,E
Kazakhstan,KAZ,Asia,2024,2020,2.112,E
Kazakhstan,KAZ,Asia,2025,2020,3.294,E
Kenya,KEN,Africa,1961,1960,0.271,E
Kenya,KEN,Africa,1962,1960,-0.244,E
Kenya,KEN,Africa,1963,1960,-0.221,E
Kenya,KEN,Africa,1964,1960,-0.428,E
Kenya,KEN,Africa,1965,1960,-0.285,E
Kenya,KEN,Africa,1966,1960,0.084,E
Kenya,KEN,Africa,1967,1960,-0.07,E
Kenya,KEN,Africa,1968,1960,-0.633,E
Kenya,KEN,Africa,1969,1960,0.074,E
Kenya,KEN,Africa,1970,1970,0.196,E
Kenya,KEN,Africa,1971,1970,-0.237,E
Kenya,KEN,Africa,1972,1970,0.245,E
Kenya,KEN,Africa,1973,1970,0.559,E
Kenya,KEN,Africa,1974,1970,-0.036,E
Kenya,KEN,Africa,1975,1970,-0.025,E
Kenya,KEN,Africa,1976,1970,0.22,E
Kenya,KEN,Africa,1977,1970,0.179,E
Kenya,KEN,Africa,1978,1970,-0.03,E
Kenya,KEN,Africa,1979,1970,0.048,E
Kenya,KEN,Africa,1980,1980,0.627,E
Kenya,KEN,Africa,1981,1980,0.267,E
Kenya,KEN,Africa,1982,1980,0.304,E
Kenya,KEN,Africa,1983,1980,0.578,E
Kenya,KEN,Africa,1984,1980,0.17,E
Kenya,KEN,Africa,1985,1980,-0.037,E
Kenya,KEN,Africa,1986,1980,0.148,E
Kenya,KEN,Africa,1987,1980,0.736,E
Kenya,KEN,Africa,1988,1980,0.601,E
Kenya,KEN,Africa,1989,1980,-0.173,E
Kenya,KEN,Africa,1990,1990,-0.038,E
Kenya,KEN,Africa,1991,1990,0.26,E
Kenya,KEN,Africa,1992,1990,0.403,E
Kenya,KEN,Africa,1993,1990,0.036,E
Kenya,KEN,Africa,1994,1990,0.486,E
Kenya,KEN,Africa,1995,1990,0.369,E
Kenya,KEN,Africa,1996,1990,0.395,E
Kenya,KEN,Africa,1997,1990,0.458,E
Kenya,KEN,Africa,1998,1990,0.277,E
Kenya,KEN,Africa,1999,1990,0.279,E
Kenya,KEN,Africa,2000,2000,0.537,E
Kenya,KEN,Africa,2001,2000,0.554,E
Kenya,KEN,Africa,2002,2000,0.693,E
Kenya,KEN,Africa,2003,2000,0.846,E
Kenya,KEN,Africa,2004,2000,0.627,E
Kenya,KEN,Africa,2005,2000,0.893,E
Kenya,KEN,Africa,2006,2000,0.978,E
Kenya,KEN,Africa,2007,2000,0.698,E
Kenya,KEN,Africa,2008,2000,0.764,E
Kenya,KEN,Africa,2009,2000,1.329,E
Kenya,KEN,Africa,2010,2010,1.146,E
Kenya,KEN,Africa,2011,2010,1.072,E
Kenya,KEN,Africa,2012,2010,0.942,E
Kenya,KEN,Africa,2013,2010,0.846,E
Kenya,KEN,Africa,2014,2010,0.93,E
Kenya,KEN,Africa,2015,2010,1.148,E
Kenya,KEN,Africa,2016,2010,1.15,E
Kenya,KEN,Africa,2017,2010,1.393,E
Kenya,KEN,Africa,2018,2010,0.505,E
Kenya,KEN,Africa,2019,2010,1.467,E
Kenya,KEN,Africa,2020,2020,1.17,E
Kenya,KEN,Africa,2021,2020,1.232,E
Kenya,KEN,Africa,2022,2020,1.233,E
Kenya,KEN,Africa,2023,2020,1.413,E
Kenya,KEN,Africa,2024,2020,1.736,E
Kenya,KEN,Africa,2025,2020,1.117,E
Kiribati,KIR,Oceania,1961,1960,-0.038,E
Kiribati,KIR,Oceania,1962,1960,-0.133,E
Kiribati,KIR,Oceania,1963,1960,-0.071,E
Kiribati,KIR,Oceania,1964,1960,-0.178,E
Kiribati,KIR,Oceania,1965,1960,-0.348,E
Kiribati,KIR,Oceania,1966,1960,-0.032,E
Kiribati,KIR,Oceania,1967,1960,-0.037,E
Kiribati,KIR,Oceania,1968,1960,-0.013,E
Kiribati,KIR,Oceania,1969,1960,0.362,E
Kiribati,KIR,Oceania,1970,1970,0.118,E
Kiribati,KIR,Oceania,1971,1970,-0.429,E
Kiribati,KIR,Oceania,1972,1970,-0.285,E
Kiribati,KIR,Oceania,1973,1970,0.159,E
Kiribati,KIR,Oceania,1974,1970,-0.131,E
Kiribati,KIR,Oceania,1975,1970,-0.206,E
Kiribati,KIR,Oceania,1976,1970,-0.213,E
Kiribati,KIR,Oceania,1977,1970,0.121,E
Kiribati,KIR,Oceania,1978,1970,0.236,E
Kiribati,KIR,Oceania,1979,1970,0.171,E
Kiribati,KIR,Oceania,1980,1980,0.211,E
Kiribati,KIR,Oceania,1981,1980,0.262,E
Kiribati,KIR,Oceania,1982,1980,0.184,E
Kiribati,KIR,Oceania,1983,1980,0.127,E
Kiribati,KIR,Oceania,1984,1980,-0.132,E
Kiribati,KIR,Oceania,1985,1980,0.065,E
Kiribati,KIR,Oceania,1986,1980,0.349,E
Kiribati,KIR,Oceania,1987,1980,0.148,E
Kiribati,KIR,Oceania,1988,1980,0.107,E
Kiribati,KIR,Oceania,1989,1980,-0.17,E
Kiribati,KIR,Oceania,1990,1990,0.255,E
Kiribati,KIR,Oceania,1991,1990,0.244,E
Kiribati,KIR,Oceania,1992,1990,0.17,E
Kiribati,KIR,Oceania,1993,1990,-0.123,E
Kiribati,KIR,Oceania,1994,1990,0.166,E
Kiribati,KIR,Oceania,1995,1990,0.513,E
Kiribati,KIR,Oceania,1996,1990,0.366,E
Kiribati,KIR,Oceania,1997,1990,0.163,E
Kiribati,KIR,Oceania,1998,1990,0.583,E
Kiribati,KIR,Oceania,1999,1990,-0.023,E
Kiribati,KIR,Oceania,2000,2000,0.243,E
Kiribati,KIR,Oceania,2001,2000,0.526,E
Kiribati,KIR,Oceania,2002,2000,0.626,E
Kiribati,KIR,Oceania,2003,2000,0.304,E
Kiribati,KIR,Oceania,2004,2000,,O
Kiribati,KIR,Oceania,2005,2000,,O
Kiribati,KIR,Oceania,2006,2000,0.079,E
Kiribati,KIR,Oceania,2007,2000,0.354,E
Kiribati,KIR,Oceania,2008,2000,0.268,E
Kiribati,KIR,Oceania,2009,2000,0.622,E
Kiribati,KIR,Oceania,2010,2010,0.331,E
Kiribati,KIR,Oceania,2011,2010,0.347,E
Kiribati,KIR,Oceania,2012,2010,0.447,E
Kiribati,KIR,Oceania,2013,2010,0.646,E
Kiribati,KIR,Oceania,2014,2010,0.786,E
Kiribati,KIR,Oceania,2015,2010,0.921,E
Kiribati,KIR,Oceania,2016,2010,1.248,E
Kiribati,KIR,Oceania,2017,2010,1.06,E
Kiribati,KIR,Oceania,2018,2010,0.966,E
Kiribati,KIR,Oceania,2019,2010,0.968,E
Kiribati,KIR,Oceania,2020,2020,1.177,E
Kiribati,KIR,Oceania,2021,2020,0.791,E
Kiribati,KIR,Oceania,2022,2020,0.741,E
Kiribati,KIR,Oceania,2023,2020,1.254,E
Kiribati,KIR,Oceania,2024,2020,1.648,E
Kiribati,KIR,Oceania,2025,2020,1.017,E
Kuwait,KWT,Asia,1961,1960,-0.297,E
Kuwait,KWT,Asia,1962,1960,0.776,E
Kuwait,KWT,Asia,1963,1960,0.457,E
Kuwait,KWT,Asia,1964,1960,-0.793,E
Kuwait,KWT,Asia,1965,1960,0.046,E
Kuwait,KWT,Asia,1966,1960,0.792,E
Kuwait,KWT,Asia,1967,1960,-0.669,E
Kuwait,KWT,Asia,1968,1960,-0.3,E
Kuwait,KWT,Asia,1969,1960,0.369,E
Kuwait,KWT,Asia,1970,1970,0.489,E
Kuwait,KWT,Asia,1971,1970,-0.186,E
Kuwait,KWT,Asia,1972,1970,-0.789,E
Kuwait,KWT,Asia,1973,1970,-0.25,E
Kuwait,KWT,Asia,1974,1970,-0.347,E
Kuwait,KWT,Asia,1975,1970,-0.246,E
Kuwait,KWT,Asia,1976,1970,-0.659,E
Kuwait,KWT,Asia,1977,1970,0.342,E
Kuwait,KWT,Asia,1978,1970,0.005,E
Kuwait,KWT,Asia,1979,1970,1.28,E
Kuwait,KWT,Asia,1980,1980,0.391,E
Kuwait,KWT,Asia,1981,1980,0.238,E
Kuwait,KWT,Asia,1982,1980,-0.327,E
Kuwait,KWT,Asia,1983,1980,-0.808,E
Kuwait,KWT,Asia,1984,1980,0.116,E
Kuwait,KWT,Asia,1985,1980,-0.125,E
Kuwait,KWT,Asia,1986,1980,0.342,E
Kuwait,KWT,Asia,1987,1980,0.601,E
Kuwait,KWT,Asia,1988,1980,0.325,E
Kuwait,KWT,Asia,1989,1980,0.015,E
Kuwait,KWT,Asia,1990,1990,0.259,E
Kuwait,KWT,Asia,1991,1990,0.388,E
Kuwait,KWT,Asia,1992,1990,-0.671,E
Kuwait,KWT,Asia,1993,1990,-0.255,E
Kuwait,KWT,Asia,1994,1990,0.834,E
Kuwait,KWT,Asia,1995,1990,0.075,E
Kuwait,KWT,Asia,1996,1990,0.779,E
Kuwait,KWT,Asia,1997,1990,0.378,E
Kuwait,KWT,Asia,1998,1990,1.207,E
Kuwait,KWT,Asia,1999,1990,1.922,E
Kuwait,KWT,Asia,2000,2000,1.129,E
Kuwait,KWT,Asia,2001,2000,1.121,E
Kuwait,KWT,Asia,2002,2000,1.452,E
Kuwait,KWT,Asia,2003,2000,1.409,E
Kuwait,KWT,Asia,2004,2000,1.354,E
Kuwait,KWT,Asia,2005,2000,0.556,E
Kuwait,KWT,Asia,2006,2000,1.773,E
Kuwait,KWT,Asia,2007,2000,0.952,E
Kuwait,KWT,Asia,2008,2000,1.197,E
Kuwait,KWT,Asia,2009,2000,1.099,E
Kuwait,KWT,Asia,2010,2010,2.395,E
Kuwait,KWT,Asia,2011,2010,1.179,E
Kuwait,KWT,Asia,2012,2010,1.402,E
Kuwait,KWT,Asia,2013,2010,1.301,E
Kuwait,KWT,Asia,2014,2010,1.454,E
Kuwait,KWT,Asia,2015,2010,2.097,E
Kuwait,KWT,Asia,2016,2010,1.731,E
Kuwait,KWT,Asia,2017,2010,2.014,E
Kuwait,KWT,Asia,2018,2010,2.395,E
Kuwait,KWT,Asia,2019,2010,1.924,E
Kuwait,KWT,Asia,2020,2020,2.028,E
Kuwait,KWT,Asia,2021,2020,2.726,E
Kuwait,KWT,Asia,2022,2020,2.32,E
Kuwait,KWT,Asia,2023,2020,2.108,E
Kuwait,KWT,Asia,2024,2020,2.501,E
Kuwait,KWT,Asia,2025,2020,1.952,E
Kyrgyzstan,KGZ,Asia,1992,1990,0.096,E
Kyrgyzstan,KGZ,Asia,1993,1990,-0.064,E
Kyrgyzstan,KGZ,Asia,1994,1990,0.315,E
Kyrgyzstan,KGZ,Asia,1995,1990,0.493,E
Kyrgyzstan,KGZ,Asia,1996,1990,-0.385,E
Kyrgyzstan,KGZ,Asia,1997,1990,1.469,E
Kyrgyzstan,KGZ,Asia,1998,1990,0.85,E
Kyrgyzstan,KGZ,Asia,1999,1990,1.134,E
Kyrgyzstan,KGZ,Asia,2000,2000,1.147,E
Kyrgyzstan,KGZ,Asia,2001,2000,1.515,E
Kyrgyzstan,KGZ,Asia,2002,2000,1.485,E
Kyrgyzstan,KGZ,Asia,2003,2000,0.516,E
Kyrgyzstan,KGZ,Asia,2004,2000,1.584,E
Kyrgyzstan,KGZ,Asia,2005,2000,1.231,E
Kyrgyzstan,KGZ,Asia,2006,2000,1.684,E
Kyrgyzstan,KGZ,Asia,2007,2000,1.746,E
Kyrgyzstan,KGZ,Asia,2008,2000,1.049,E
Kyrgyzstan,KGZ,Asia,2009,2000,1.032,E
Kyrgyzstan,KGZ,Asia,2010,2010,1.406,E
Kyrgyzstan,KGZ,Asia,2011,2010,1.265,E
Kyrgyzstan,KGZ,Asia,2012,2010,0.323,E
Kyrgyzstan,KGZ,Asia,2013,2010,1.404,E
Kyrgyzstan,KGZ,Asia,2014,2010,0.499,E
Kyrgyzstan,KGZ,Asia,2015,2010,1.472,E
Kyrgyzstan,KGZ,Asia,2016,2010,1.851,E
Kyrgyzstan,KGZ,Asia,2017,2010,1.439,E
Kyrgyzstan,KGZ,Asia,2018,2010,1.248,E
Kyrgyzstan,KGZ,Asia,2019,2010,1.666,E
Kyrgyzstan,KGZ,Asia,2020,2020,1.452,E
Kyrgyzstan,KGZ,Asia,2021,2020,1.4,E
Kyrgyzstan,KGZ,Asia,2022,2020,2.605,E
Kyrgyzstan,KGZ,Asia,2023,2020,2.087,E
Kyrgyzstan,KGZ,Asia,2024,2020,2.322,E
Kyrgyzstan,KGZ,Asia,2025,2020,2.974,E
Lao People's Democratic Republic,LAO,Asia,1961,1960,0.094,E
Lao People's Democratic Republic,LAO,Asia,1962,1960,-0.223,E
Lao People's Democratic Republic,LAO,Asia,1963,1960,-0.382,E
Lao People's Democratic Republic,LAO,Asia,1964,1960,-0.051,E
Lao People's Democratic Republic,LAO,Asia,1965,1960,-0.168,E
Lao People's Democratic Republic,LAO,Asia,1966,1960,0.466,E
Lao People's Democratic Republic,LAO,Asia,1967,1960,-0.107,E
Lao People's Democratic Republic,LAO,Asia,1968,1960,-0.125,E
Lao People's Democratic Republic,LAO,Asia,1969,1960,0.509,E
Lao People's Democratic Republic,LAO,Asia,1970,1970,-0.042,E
Lao People's Democratic Republic,LAO,Asia,1971,1970,-0.506,E
Lao People's Democratic Republic,LAO,Asia,1972,1970,-0.03,E
Lao People's Democratic Republic,LAO,Asia,1973,1970,0.477,E
Lao People's Democratic Republic,LAO,Asia,1974,1970,-0.423,E
Lao People's Democratic Republic,LAO,Asia,1975,1970,0.215,E
Lao People's Democratic Republic,LAO,Asia,1976,1970,-0.568,E
Lao People's Democratic Republic,LAO,Asia,1977,1970,-0.071,E
Lao People's Democratic Republic,LAO,Asia,1978,1970,0.086,E
Lao People's Democratic Republic,LAO,Asia,1979,1970,0.418,E
Lao People's Democratic Republic,LAO,Asia,1980,1980,0.397,E
Lao People's Democratic Republic,LAO,Asia,1981,1980,0.363,E
Lao People's Democratic Republic,LAO,Asia,1982,1980,0.098,E
Lao People's Democratic Republic,LAO,Asia,1983,1980,0.192,E
Lao People's Democratic Republic,LAO,Asia,1984,1980,-0.005,E
Lao People's Democratic Republic,LAO,Asia,1985,1980,0.177,E
Lao People's Democratic Republic,LAO,Asia,1986,1980,-0.053,E
Lao People's Democratic Republic,LAO,Asia,1987,1980,0.873,E
Lao People's Democratic Republic,LAO,Asia,1988,1980,0.246,E
Lao People's Democratic Republic,LAO,Asia,1989,1980,0.176,E
Lao People's Democratic Republic,LAO,Asia,1990,1990,0.376,E
Lao People's Democratic Republic,LAO,Asia,1991,1990,0.637,E
Lao People's Democratic Republic,LAO,Asia,1992,1990,0.135,E
Lao People's Democratic Republic,LAO,Asia,1993,1990,0.248,E
Lao People's Democratic Republic,LAO,Asia,1994,1990,0.337,E
Lao People's Democratic Republic,LAO,Asia,1995,1990,0.554,E
Lao People's Democratic Republic,LAO,Asia,1996,1990,0.082,E
Lao People's Democratic Republic,LAO,Asia,1997,1990,0.253,E
Lao People's Democratic Republic,LAO,Asia,1998,1990,1.316,E
Lao People's Democratic Republic,LAO,Asia,1999,1990,0.58,E
Lao People's Democratic Republic,LAO,Asia,2000,2000,-0.011,E
Lao People's Democratic Republic,LAO,Asia,2001,2000,0.61,E
Lao People's Democratic Republic,LAO,Asia,2002,2000,0.578,E
Lao People's Democratic Republic,LAO,Asia,2003,2000,0.922,E
Lao People's Democratic Republic,LAO,Asia,2004,2000,0.335,E
Lao People's Democratic Republic,LAO,Asia,2005,2000,0.816,E
Lao People's Democratic Republic,LAO,Asia,2006,2000,0.784,E
Lao People's Democratic Republic,LAO,Asia,2007,2000,0.497,E
Lao People's Democratic Republic,LAO,Asia,2008,2000,0.199,E
Lao People's Democratic Republic,LAO,Asia,2009,2000,0.558,E
Lao People's Democratic Republic,LAO,Asia,2010,2010,1.262,E
Lao People's Democratic Republic,LAO,Asia,2011,2010,0.041,E
Lao People's Democratic Republic,LAO,Asia,2012,2010,0.886,E
Lao People's Democratic Republic,LAO,Asia,2013,2010,1.081,E
Lao People's Democratic Republic,LAO,Asia,2014,2010,0.67,E
Lao People's Democratic Republic,LAO,Asia,2015,2010,1.319,E
Lao People's Democratic Republic,LAO,Asia,2016,2010,1.348,E
Lao People's Democratic Republic,LAO,Asia,2017,2010,1.139,E
Lao People's Democratic Republic,LAO,Asia,2018,2010,0.854,E
Lao People's Democratic Republic,LAO,Asia,2019,2010,2.085,E
Lao People's Democratic Republic,LAO,Asia,2020,2020,1.618,E
Lao People's Democratic Republic,LAO,Asia,2021,2020,1.156,E
Lao People's Democratic Republic,LAO,Asia,2022,2020,0.981,E
Lao People's Democratic Republic,LAO,Asia,2023,2020,1.581,E
Lao People's Democratic Republic,LAO,Asia,2024,2020,2.098,E
Lao People's Democratic Republic,LAO,Asia,2025,2020,0.825,E
Latvia,LVA,Europe,1992,1990,1.577,E
Latvia,LVA,Europe,1993,1990,0.392,E
Latvia,LVA,Europe,1994,1990,0.679,E
Latvia,LVA,Europe,1995,1990,1.615,E
Latvia,LVA,Europe,1996,1990,-0.425,E
Latvia,LVA,Europe,1997,1990,0.756,E
Latvia,LVA,Europe,1998,1990,0.642,E
Latvia,LVA,Europe,1999,1990,1.538,E
Latvia,LVA,Europe,2000,2000,2.004,E
Latvia,LVA,Europe,2001,2000,1.8,E
Latvia,LVA,Europe,2002,2000,1.707,E
Latvia,LVA,Europe,2003,2000,0.236,E
Latvia,LVA,Europe,2004,2000,1.01,E
Latvia,LVA,Europe,2005,2000,1.352,E
Latvia,LVA,Europe,2006,2000,1.082,E
Latvia,LVA,Europe,2007,2000,2.197,E
Latvia,LVA,Europe,2008,2000,2.388,E
Latvia,LVA,Europe,2009,2000,1.506,E
Latvia,LVA,Europe,2010,2010,0.659,E
Latvia,LVA,Europe,2011,2010,1.127,E
Latvia,LVA,Europe,2012,2010,1.381,E
Latvia,LVA,Europe,2013,2010,1.045,E
Latvia,LVA,Europe,2014,2010,2.288,E
Latvia,LVA,Europe,2015,2010,2.123,E
Latvia,LVA,Europe,2016,2010,1.907,E
Latvia,LVA,Europe,2017,2010,1.465,E
Latvia,LVA,Europe,2018,2010,2.322,E
Latvia,LVA,Europe,2019,2010,2.408,E
Latvia,LVA,Europe,2020,2020,3.503,E
Latvia,LVA,Europe,2021,2020,1.927,E
Latvia,LVA,Europe,2022,2020,1.915,E
Latvia,LVA,Europe,2023,2020,2.292,E
Latvia,LVA,Europe,2024,2020,3.038,E
Latvia,LVA,Europe,2025,2020,2.565,E
Lebanon,LBN,Asia,1961,1960,-0.016,E
Lebanon,LBN,Asia,1962,1960,0.822,E
Lebanon,LBN,Asia,1963,1960,0.78,E
Lebanon,LBN,Asia,1964,1960,-0.688,E
Lebanon,LBN,Asia,1965,1960,-0.071,E
Lebanon,LBN,Asia,1966,1960,0.71,E
Lebanon,LBN,Asia,1967,1960,-0.915,E
Lebanon,LBN,Asia,1968,1960,-0.06,E
Lebanon,LBN,Asia,1969,1960,0.249,E
Lebanon,LBN,Asia,1970,1970,0.416,E
Lebanon,LBN,Asia,1971,1970,-0.271,E
Lebanon,LBN,Asia,1972,1970,-0.637,E
Lebanon,LBN,Asia,1973,1970,-0.515,E
Lebanon,LBN,Asia,1974,1970,-0.215,E
Lebanon,LBN,Asia,1975,1970,-0.247,E
Lebanon,LBN,Asia,1976,1970,-0.68,E
Lebanon,LBN,Asia,1977,1970,0.082,E
Lebanon,LBN,Asia,1978,1970,0.011,E
Lebanon,LBN,Asia,1979,1970,0.682,E
Lebanon,LBN,Asia,1980,1980,-0.242,E
Lebanon,LBN,Asia,1981,1980,-0.001,E
Lebanon,LBN,Asia,1982,1980,-0.519,E
Lebanon,LBN,Asia,1983,1980,-0.978,E
Lebanon,LBN,Asia,1984,1980,-0.104,E
Lebanon,LBN,Asia,1985,1980,-0.038,E
Lebanon,LBN,Asia,1986,1980,0.203,E
Lebanon,LBN,Asia,1987,1980,-0.275,E
Lebanon,LBN,Asia,1988,1980,-0.023,E
Lebanon,LBN,Asia,1989,1980,0.103,E
Lebanon,LBN,Asia,1990,1990,0.048,E
Lebanon,LBN,Asia,1991,1990,0.424,E
Lebanon,LBN,Asia,1992,1990,-1.005,E
Lebanon,LBN,Asia,1993,1990,-0.419,E
Lebanon,LBN,Asia,1994,1990,1.08,E
Lebanon,LBN,Asia,1995,1990,0.08,E
Lebanon,LBN,Asia,1996,1990,0.426,E
Lebanon,LBN,Asia,1997,1990,-0.078,E
Lebanon,LBN,Asia,1998,1990,1.018,E
Lebanon,LBN,Asia,1999,1990,1.111,E
Lebanon,LBN,Asia,2000,2000,0.564,E
Lebanon,LBN,Asia,2001,2000,1.157,E
Lebanon,LBN,Asia,2002,2000,0.832,E
Lebanon,LBN,Asia,2003,2000,0.643,E
Lebanon,LBN,Asia,2004,2000,0.657,E
Lebanon,LBN,Asia,2005,2000,0.305,E
Lebanon,LBN,Asia,2006,2000,0.734,E
Lebanon,LBN,Asia,2007,2000,0.716,E
Lebanon,LBN,Asia,2008,2000,0.988,E
Lebanon,LBN,Asia,2009,2000,0.823,E
Lebanon,LBN,Asia,2010,2010,2.317,E
Lebanon,LBN,Asia,2011,2010,0.605,E
Lebanon,LBN,Asia,2012,2010,0.966,E
Lebanon,LBN,Asia,2013,2010,1.182,E
Lebanon,LBN,Asia,2014,2010,0.995,E
Lebanon,LBN,Asia,2015,2010,1.381,E
Lebanon,LBN,Asia,2016,2010,1.67,E
Lebanon,LBN,Asia,2017,2010,1.052,E
Lebanon,LBN,Asia,2018,2010,2.141,E
Lebanon,LBN,Asia,2019,2010,1.343,E
Lebanon,LBN,Asia,2020,2020,1.548,E
Lebanon,LBN,Asia,2021,2020,1.936,E
Lebanon,LBN,Asia,2022,2020,1.141,E
Lebanon,LBN,Asia,2023,2020,1.744,E
Lebanon,LBN,Asia,2024,2020,2.19,E
Lebanon,LBN,Asia,2025,2020,1.885,E
Lesotho,LSO,Africa,1961,1960,0.325,E
Lesotho,LSO,Africa,1962,1960,0.226,E
Lesotho,LSO,Africa,1963,1960,-0.025,E
Lesotho,LSO,Africa,1964,1960,-0.051,E
Lesotho,LSO,Africa,1965,1960,-0.132,E
Lesotho,LSO,Africa,1966,1960,0.185,E
Lesotho,LSO,Africa,1967,1960,-0.151,E
Lesotho,LSO,Africa,1968,1960,-0.418,E
Lesotho,LSO,Africa,1969,1960,0.466,E
Lesotho,LSO,Africa,1970,1970,0.418,E
Lesotho,LSO,Africa,1971,1970,-0.061,E
Lesotho,LSO,Africa,1972,1970,-0.151,E
Lesotho,LSO,Africa,1973,1970,0.104,E
Lesotho,LSO,Africa,1974,1970,-0.15,E
Lesotho,LSO,Africa,1975,1970,-0.19,E
Lesotho,LSO,Africa,1976,1970,-0.47,E
Lesotho,LSO,Africa,1977,1970,0.237,E
Lesotho,LSO,Africa,1978,1970,0.092,E
Lesotho,LSO,Africa,1979,1970,0.293,E
Lesotho,LSO,Africa,1980,1980,0.175,E
Lesotho,LSO,Africa,1981,1980,-0.309,E
Lesotho,LSO,Africa,1982,1980,0.265,E
Lesotho,LSO,Africa,1983,1980,0.989,E
Lesotho,LSO,Africa,1984,1980,0.352,E
Lesotho,LSO,Africa,1985,1980,0.784,E
Lesotho,LSO,Africa,1986,1980,0.485,E
Lesotho,LSO,Africa,1987,1980,0.57,E
Lesotho,LSO,Africa,1988,1980,0.439,E
Lesotho,LSO,Africa,1989,1980,-0.033,E
Lesotho,LSO,Africa,1990,1990,0.31,E
Lesotho,LSO,Africa,1991,1990,0.467,E
Lesotho,LSO,Africa,1992,1990,0.92,E
Lesotho,LSO,Africa,1993,1990,0.967,E
Lesotho,LSO,Africa,1994,1990,0.052,E
Lesotho,LSO,Africa,1995,1990,0.675,E
Lesotho,LSO,Africa,1996,1990,-0.292,E
Lesotho,LSO,Africa,1997,1990,0.184,E
Lesotho,LSO,Africa,1998,1990,0.867,E
Lesotho,LSO,Africa,1999,1990,1.145,E
Lesotho,LSO,Africa,2000,2000,0.234,E
Lesotho,LSO,Africa,2001,2000,0.45,E
Lesotho,LSO,Africa,2002,2000,0.491,E
Lesotho,LSO,Africa,2003,2000,0.904,E
Lesotho,LSO,Africa,2004,2000,1.004,E
Lesotho,LSO,Africa,2005,2000,1.105,E
Lesotho,LSO,Africa,2006,2000,0.453,E
Lesotho,LSO,Africa,2007,2000,0.775,E
Lesotho,LSO,Africa,2008,2000,0.637,E
Lesotho,LSO,Africa,2009,2000,0.402,E
Lesotho,LSO,Africa,2010,2010,1.211,E
Lesotho,LSO,Africa,2011,2010,0.293,E
Lesotho,LSO,Africa,2012,2010,0.699,E
Lesotho,LSO,Africa,2013,2010,0.745,E
Lesotho,LSO,Africa,2014,2010,0.69,E
Lesotho,LSO,Africa,2015,2010,1.236,E
Lesotho,LSO,Africa,2016,2010,1.74,E
Lesotho,LSO,Africa,2017,2010,0.902,E
Lesotho,LSO,Africa,2018,2010,0.69,E
Lesotho,LSO,Africa,2019,2010,1.609,E
Lesotho,LSO,Africa,2020,2020,0.728,E
Lesotho,LSO,Africa,2021,2020,0.78,E
Lesotho,LSO,Africa,2022,2020,0.889,E
Lesotho,LSO,Africa,2023,2020,0.888,E
Lesotho,LSO,Africa,2024,2020,1.282,E
Lesotho,LSO,Africa,2025,2020,0.783,E
Liberia,LBR,Africa,1961,1960,-0.101,E
Liberia,LBR,Africa,1962,1960,-0.095,E
Liberia,LBR,Africa,1963,1960,0.131,E
Liberia,LBR,Africa,1964,1960,-0.145,E
Liberia,LBR,Africa,1965,1960,-0.258,E
Liberia,LBR,Africa,1966,1960,0.059,E
Liberia,LBR,Africa,1967,1960,-0.143,E
Liberia,LBR,Africa,1968,1960,-0.071,E
Liberia,LBR,Africa,1969,1960,0.147,E
Liberia,LBR,Africa,1970,1970,0.274,E
Liberia,LBR,Africa,1971,1970,-0.15,E
Liberia,LBR,Africa,1972,1970,-0.005,E
Liberia,LBR,Africa,1973,1970,0.477,E
Liberia,LBR,Africa,1974,1970,0.0,E
Liberia,LBR,Africa,1975,1970,-0.136,E
Liberia,LBR,Africa,1976,1970,-0.206,E
Liberia,LBR,Africa,1977,1970,0.234,E
Liberia,LBR,Africa,1978,1970,0.218,E
Liberia,LBR,Africa,1979,1970,0.474,E
Liberia,LBR,Africa,1980,1980,0.374,E
Liberia,LBR,Africa,1981,1980,0.13,E
Liberia,LBR,Africa,1982,1980,0.203,E
Liberia,LBR,Africa,1983,1980,0.471,E
Liberia,LBR,Africa,1984,1980,0.386,E
Liberia,LBR,Africa,1985,1980,0.272,E
Liberia,LBR,Africa,1986,1980,0.16,E
Liberia,LBR,Africa,1987,1980,0.931,E
Liberia,LBR,Africa,1988,1980,0.804,E
Liberia,LBR,Africa,1989,1980,0.367,E
Liberia,LBR,Africa,1990,1990,0.607,E
Liberia,LBR,Africa,1991,1990,0.537,E
Liberia,LBR,Africa,1992,1990,0.235,E
Liberia,LBR,Africa,1993,1990,0.486,E
Liberia,LBR,Africa,1994,1990,0.455,E
Liberia,LBR,Africa,1995,1990,0.552,E
Liberia,LBR,Africa,1996,1990,0.499,E
Liberia,LBR,Africa,1997,1990,0.908,E
Liberia,LBR,Africa,1998,1990,1.261,E
Liberia,LBR,Africa,1999,1990,0.737,E
Liberia,LBR,Africa,2000,2000,0.47,E
Liberia,LBR,Africa,2001,2000,0.492,E
Liberia,LBR,Africa,2002,2000,0.833,E
Liberia,LBR,Africa,2003,2000,0.944,E
Liberia,LBR,Africa,2004,2000,0.895,E
Liberia,LBR,Africa,2005,2000,1.011,E
Liberia,LBR,Africa,2006,2000,1.019,E
Liberia,LBR,Africa,2007,2000,0.927,E
Liberia,LBR,Africa,2008,2000,0.984,E
Liberia,LBR,Africa,2009,2000,1.138,E
Liberia,LBR,Africa,2010,2010,1.291,E
Liberia,LBR,Africa,2011,2010,0.967,E
Liberia,LBR,Africa,2012,2010,0.733,E
Liberia,LBR,Africa,2013,2010,0.84,E
Liberia,LBR,Africa,2014,2010,0.799,E
Liberia,LBR,Africa,2015,2010,1.125,E
Liberia,LBR,Africa,2016,2010,1.359,E
Liberia,LBR,Africa,2017,2010,1.333,E
Liberia,LBR,Africa,2018,2010,1.119,E
Liberia,LBR,Africa,2019,2010,1.216,E
Liberia,LBR,Africa,2020,2020,1.338,E
Liberia,LBR,Africa,2021,2020,1.234,E
Liberia,LBR,Africa,2022,2020,1.341,E
Liberia,LBR,Africa,2023,2020,1.27,E
Liberia,LBR,Africa,2024,2020,1.548,E
Liberia,LBR,Africa,2025,2020,1.42,E
Libya,LBY,Africa,1961,1960,-0.401,E
Libya,LBY,Africa,1962,1960,0.283,E
Libya,LBY,Africa,1963,1960,0.315,E
Libya,LBY,Africa,1964,1960,-0.022,E
Libya,LBY,Africa,1965,1960,-0.035,E
Libya,LBY,Africa,1966,1960,0.343,E
Libya,LBY,Africa,1967,1960,-0.497,E
Libya,LBY,Africa,1968,1960,-0.022,E
Libya,LBY,Africa,1969,1960,0.762,E
Libya,LBY,Africa,1970,1970,-0.261,E
Libya,LBY,Africa,1971,1970,-0.25,E
Libya,LBY,Africa,1972,1970,0.095,E
Libya,LBY,Africa,1973,1970,-0.149,E
Libya,LBY,Africa,1974,1970,-0.142,E
Libya,LBY,Africa,1975,1970,-0.488,E
Libya,LBY,Africa,1976,1970,-0.603,E
Libya,LBY,Africa,1977,1970,0.222,E
Libya,LBY,Africa,1978,1970,-0.323,E
Libya,LBY,Africa,1979,1970,0.145,E
Libya,LBY,Africa,1980,1980,-0.114,E
Libya,LBY,Africa,1981,1980,-0.064,E
Libya,LBY,Africa,1982,1980,0.052,E
Libya,LBY,Africa,1983,1980,-0.345,E
Libya,LBY,Africa,1984,1980,-0.05,E
Libya,LBY,Africa,1985,1980,0.086,E
Libya,LBY,Africa,1986,1980,0.242,E
Libya,LBY,Africa,1987,1980,-0.028,E
Libya,LBY,Africa,1988,1980,0.911,E
Libya,LBY,Africa,1989,1980,-0.026,E
Libya,LBY,Africa,1990,1990,0.578,E
Libya,LBY,Africa,1991,1990,0.302,E
Libya,LBY,Africa,1992,1990,-0.348,E
Libya,LBY,Africa,1993,1990,0.339,E
Libya,LBY,Africa,1994,1990,0.447,E
Libya,LBY,Africa,1995,1990,0.321,E
Libya,LBY,Africa,1996,1990,0.569,E
Libya,LBY,Africa,1997,1990,0.466,E
Libya,LBY,Africa,1998,1990,0.758,E
Libya,LBY,Africa,1999,1990,1.208,E
Libya,LBY,Africa,2000,2000,0.254,E
Libya,LBY,Africa,2001,2000,1.237,E
Libya,LBY,Africa,2002,2000,0.885,E
Libya,LBY,Africa,2003,2000,0.959,E
Libya,LBY,Africa,2004,2000,0.729,E
Libya,LBY,Africa,2005,2000,0.695,E
Libya,LBY,Africa,2006,2000,0.727,E
Libya,LBY,Africa,2007,2000,0.718,E
Libya,LBY,Africa,2008,2000,0.744,E
Libya,LBY,Africa,2009,2000,0.618,E
Libya,LBY,Africa,2010,2010,1.921,E
Libya,LBY,Africa,2011,2010,0.686,E
Libya,LBY,Africa,2012,2010,0.631,E
Libya,LBY,Africa,2013,2010,1.022,E
Libya,LBY,Africa,2014,2010,1.147,E
Libya,LBY,Africa,2015,2010,0.63,E
Libya,LBY,Africa,2016,2010,1.54,E
Libya,LBY,Africa,2017,2010,0.236,E
Libya,LBY,Africa,2018,2010,1.682,E
Libya,LBY,Africa,2019,2010,0.903,E
Libya,LBY,Africa,2020,2020,1.154,E
Libya,LBY,Africa,2021,2020,1.897,E
Libya,LBY,Africa,2022,2020,0.556,E
Libya,LBY,Africa,2023,2020,1.466,E
Libya,LBY,Africa,2024,2020,2.444,E
Libya,LBY,Africa,2025,2020,1.403,E
Liechtenstein,LIE,Europe,1961,1960,1.048,E
Liechtenstein,LIE,Europe,1962,1960,-0.477,E
Liechtenstein,LIE,Europe,1963,1960,-0.771,E
Liechtenstein,LIE,Europe,1964,1960,0.062,E
Liechtenstein,LIE,Europe,1965,1960,-0.839,E
Liechtenstein,LIE,Europe,1966,1960,0.409,E
Liechtenstein,LIE,Europe,1967,1960,0.546,E
Liechtenstein,LIE,Europe,1968,1960,0.013,E
Liechtenstein,LIE,Europe,1969,1960,-0.019,E
Liechtenstein,LIE,Europe,1970,1970,-0.557,E
Liechtenstein,LIE,Europe,1971,1970,-0.083,E
Liechtenstein,LIE,Europe,1972,1970,0.068,E
Liechtenstein,LIE,Europe,1973,1970,-0.025,E
Liechtenstein,LIE,Europe,1974,1970,0.175,E
Liechtenstein,LIE,Europe,1975,1970,0.682,E
Liechtenstein,LIE,Europe,1976,1970,0.294,E
Liechtenstein,LIE,Europe,1977,1970,0.27,E
Liechtenstein,LIE,Europe,1978,1970,-0.345,E
Liechtenstein,LIE,Europe,1979,1970,-0.082,E
Liechtenstein,LIE,Europe,1980,1980,-0.157,E
Liechtenstein,LIE,Europe,1981,1980,0.05,E
Liechtenstein,LIE,Europe,1982,1980,0.552,E
Liechtenstein,LIE,Europe,1983,1980,0.953,E
Liechtenstein,LIE,Europe,1984,1980,-0.356,E
Liechtenstein,LIE,Europe,1985,1980,-0.322,E
Liechtenstein,LIE,Europe,1986,1980,0.397,E
Liechtenstein,LIE,Europe,1987,1980,-0.028,E
Liechtenstein,LIE,Europe,1988,1980,0.945,E
Liechtenstein,LIE,Europe,1989,1980,1.105,E
Liechtenstein,LIE,Europe,1990,1990,1.324,E
Liechtenstein,LIE,Europe,1991,1990,0.199,E
Liechtenstein,LIE,Europe,1992,1990,1.102,E
Liechtenstein,LIE,Europe,1993,1990,0.649,E
Liechtenstein,LIE,Europe,1994,1990,1.945,E
Liechtenstein,LIE,Europe,1995,1990,0.923,E
Liechtenstein,LIE,Europe,1996,1990,-0.012,E
Liechtenstein,LIE,Europe,1997,1990,0.961,E
Liechtenstein,LIE,Europe,1998,1990,1.219,E
Liechtenstein,LIE,Europe,1999,1990,0.982,E
Liechtenstein,LIE,Europe,2000,2000,1.465,E
Liechtenstein,LIE,Europe,2001,2000,1.446,E
Liechtenstein,LIE,Europe,2002,2000,1.393,E
Liechtenstein,LIE,Europe,2003,2000,1.68,E
Liechtenstein,LIE,Europe,2004,2000,0.902,E
Liechtenstein,LIE,Europe,2005,2000,0.668,E
Liechtenstein,LIE,Europe,2006,2000,0.962,E
Liechtenstein,LIE,Europe,2007,2000,1.941,E
Liechtenstein,LIE,Europe,2008,2000,1.4,E
Liechtenstein,LIE,Europe,2009,2000,1.414,E
Liechtenstein,LIE,Europe,2010,2010,0.489,E
Liechtenstein,LIE,Europe,2011,2010,1.673,E
Liechtenstein,LIE,Europe,2012,2010,1.624,E
Liechtenstein,LIE,Europe,2013,2010,0.94,E
Liechtenstein,LIE,Europe,2014,2010,2.263,E
Liechtenstein,LIE,Europe,2015,2010,2.071,E
Liechtenstein,LIE,Europe,2016,2010,2.059,E
Liechtenstein,LIE,Europe,2017,2010,1.819,E
Liechtenstein,LIE,Europe,2018,2010,2.307,E
Liechtenstein,LIE,Europe,2019,2010,2.112,E
Liechtenstein,LIE,Europe,2020,2020,2.395,E
Liechtenstein,LIE,Europe,2021,2020,1.274,E
Liechtenstein,LIE,Europe,2022,2020,2.655,E
Liechtenstein,LIE,Europe,2023,2020,2.684,E
Liechtenstein,LIE,Europe,2024,2020,3.127,E
Liechtenstein,LIE,Europe,2025,2020,2.278,E
Lithuania,LTU,Europe,1992,1990,1.476,E
Lithuania,LTU,Europe,1993,1990,0.288,E
Lithuania,LTU,Europe,1994,1990,0.939,E
Lithuania,LTU,Europe,1995,1990,1.508,E
Lithuania,LTU,Europe,1996,1990,-0.526,E
Lithuania,LTU,Europe,1997,1990,0.52,E
Lithuania,LTU,Europe,1998,1990,0.731,E
Lithuania,LTU,Europe,1999,1990,1.471,E
Lithuania,LTU,Europe,2000,2000,2.014,E
Lithuania,LTU,Europe,2001,2000,1.783,E
Lithuania,LTU,Europe,2002,2000,1.901,E
Lithuania,LTU,Europe,2003,2000,0.175,E
Lithuania,LTU,Europe,2004,2000,0.876,E
Lithuania,LTU,Europe,2005,2000,1.207,E
Lithuania,LTU,Europe,2006,2000,0.923,E
Lithuania,LTU,Europe,2007,2000,2.195,E
Lithuania,LTU,Europe,2008,2000,2.216,E
Lithuania,LTU,Europe,2009,2000,1.386,E
Lithuania,LTU,Europe,2010,2010,0.723,E
Lithuania,LTU,Europe,2011,2010,0.931,E
Lithuania,LTU,Europe,2012,2010,1.345,E
Lithuania,LTU,Europe,2013,2010,0.935,E
Lithuania,LTU,Europe,2014,2010,2.203,E
Lithuania,LTU,Europe,2015,2010,2.062,E
Lithuania,LTU,Europe,2016,2010,1.909,E
Lithuania,LTU,Europe,2017,2010,1.504,E
Lithuania,LTU,Europe,2018,2010,2.389,E
Lithuania,LTU,Europe,2019,2010,2.576,E
Lithuania,LTU,Europe,2020,2020,3.38,E
Lithuania,LTU,Europe,2021,2020,1.713,E
Lithuania,LTU,Europe,2022,2020,1.893,E
Lithuania,LTU,Europe,2023,2020,2.428,E
Lithuania,LTU,Europe,2024,2020,3.257,E
Lithuania,LTU,Europe,2025,2020,2.409,E
Luxembourg,LUX,Europe,2000,2000,1.653,E
Luxembourg,LUX,Europe,2001,2000,1.437,E
Luxembourg,LUX,Europe,2002,2000,1.395,E
Luxembourg,LUX,Europe,2003,2000,1.694,E
Luxembourg,LUX,Europe,2004,2000,1.017,E
Luxembourg,LUX,Europe,2005,2000,1.135,E
Luxembourg,LUX,Europe,2006,2000,1.366,E
Luxembourg,LUX,Europe,2007,2000,1.952,E
Luxembourg,LUX,Europe,2008,2000,1.289,E
Luxembourg,LUX,Europe,2009,2000,1.189,E
Luxembourg,LUX,Europe,2010,2010,0.325,E
Luxembourg,LUX,Europe,2011,2010,1.339,E
Luxembourg,LUX,Europe,2012,2010,1.264,E
Luxembourg,LUX,Europe,2013,2010,0.574,E
Luxembourg,LUX,Europe,2014,2010,2.472,E
Luxembourg,LUX,Europe,2015,2010,1.523,E
Luxembourg,LUX,Europe,2016,2010,1.876,E
Luxembourg,LUX,Europe,2017,2010,1.643,E
Luxembourg,LUX,Europe,2018,2010,2.46,E
Luxembourg,LUX,Europe,2019,2010,2.146,E
Luxembourg,LUX,Europe,2020,2020,2.619,E
Luxembourg,LUX,Europe,2021,2020,1.161,E
Luxembourg,LUX,Europe,2022,2020,2.917,E
Luxembourg,LUX,Europe,2023,2020,2.597,E
Luxembourg,LUX,Europe,2024,2020,2.766,E
Luxembourg,LUX,Europe,2025,2020,2.178,E
Madagascar,MDG,Africa,1961,1960,0.549,E
Madagascar,MDG,Africa,1962,1960,-0.076,E
Madagascar,MDG,Africa,1963,1960,-0.311,E
Madagascar,MDG,Africa,1964,1960,-0.409,E
Madagascar,MDG,Africa,1965,1960,-0.595,E
Madagascar,MDG,Africa,1966,1960,-0.011,E
Madagascar,MDG,Africa,1967,1960,0.318,E
Madagascar,MDG,Africa,1968,1960,-0.432,E
Madagascar,MDG,Africa,1969,1960,0.394,E
Madagascar,MDG,Africa,1970,1970,0.221,E
Madagascar,MDG,Africa,1971,1970,-0.238,E
Madagascar,MDG,Africa,1972,1970,-0.051,E
Madagascar,MDG,Africa,1973,1970,0.166,E
Madagascar,MDG,Africa,1974,1970,-0.257,E
Madagascar,MDG,Africa,1975,1970,-0.204,E
Madagascar,MDG,Africa,1976,1970,0.054,E
Madagascar,MDG,Africa,1977,1970,0.399,E
Madagascar,MDG,Africa,1978,1970,0.564,E
Madagascar,MDG,Africa,1979,1970,0.336,E
Madagascar,MDG,Africa,1980,1980,0.381,E
Madagascar,MDG,Africa,1981,1980,0.183,E
Madagascar,MDG,Africa,1982,1980,0.371,E
Madagascar,MDG,Africa,1983,1980,0.496,E
Madagascar,MDG,Africa,1984,1980,-0.058,E
Madagascar,MDG,Africa,1985,1980,0.148,E
Madagascar,MDG,Africa,1986,1980,0.032,E
Madagascar,MDG,Africa,1987,1980,0.578,E
Madagascar,MDG,Africa,1988,1980,0.632,E
Madagascar,MDG,Africa,1989,1980,0.157,E
Madagascar,MDG,Africa,1990,1990,0.223,E
Madagascar,MDG,Africa,1991,1990,0.476,E
Madagascar,MDG,Africa,1992,1990,0.405,E
Madagascar,MDG,Africa,1993,1990,0.392,E
Madagascar,MDG,Africa,1994,1990,0.329,E
Madagascar,MDG,Africa,1995,1990,0.415,E
Madagascar,MDG,Africa,1996,1990,0.24,E
Madagascar,MDG,Africa,1997,1990,0.702,E
Madagascar,MDG,Africa,1998,1990,0.905,E
Madagascar,MDG,Africa,1999,1990,0.515,E
Madagascar,MDG,Africa,2000,2000,0.556,E
Madagascar,MDG,Africa,2001,2000,0.705,E
Madagascar,MDG,Africa,2002,2000,0.757,E
Madagascar,MDG,Africa,2003,2000,0.754,E
Madagascar,MDG,Africa,2004,2000,0.511,E
Madagascar,MDG,Africa,2005,2000,0.668,E
Madagascar,MDG,Africa,2006,2000,0.839,E
Madagascar,MDG,Africa,2007,2000,0.771,E
Madagascar,MDG,Africa,2008,2000,0.566,E
Madagascar,MDG,Africa,2009,2000,0.936,E
Madagascar,MDG,Africa,2010,2010,1.211,E
Madagascar,MDG,Africa,2011,2010,1.139,E
Madagascar,MDG,Africa,2012,2010,0.932,E
Madagascar,MDG,Africa,2013,2010,0.837,E
Madagascar,MDG,Africa,2014,2010,0.863,E
Madagascar,MDG,Africa,2015,2010,1.216,E
Madagascar,MDG,Africa,2016,2010,1.187,E
Madagascar,MDG,Africa,2017,2010,1.435,E
Madagascar,MDG,Africa,2018,2010,1.093,E
Madagascar,MDG,Africa,2019,2010,1.505,E
Madagascar,MDG,Africa,2020,2020,1.245,E
Madagascar,MDG,Africa,2021,2020,1.231,E
Madagascar,MDG,Africa,2022,2020,0.923,E
Madagascar,MDG,Africa,2023,2020,1.385,E
Madagascar,MDG,Africa,2024,2020,1.374,E
Madagascar,MDG,Africa,2025,2020,1.169,E
Malawi,MWI,Africa,1961,1960,0.334,E
Malawi,MWI,Africa,1962,1960,-0.154,E
Malawi,MWI,Africa,1963,1960,-0.39,E
Malawi,MWI,Africa,1964,1960,-0.275,E
Malawi,MWI,Africa,1965,1960,-0.517,E
Malawi,MWI,Africa,1966,1960,0.165,E
Malawi,MWI,Africa,1967,1960,0.091,E
Malawi,MWI,Africa,1968,1960,-0.259,E
Malawi,MWI,Africa,1969,1960,0.288,E
Malawi,MWI,Africa,1970,1970,0.165,E
Malawi,MWI,Africa,1971,1970,-0.228,E
Malawi,MWI,Africa,1972,1970,0.063,E
Malawi,MWI,Africa,1973,1970,0.333,E
Malawi,MWI,Africa,1974,1970,-0.31,E
Malawi,MWI,Africa,1975,1970,-0.138,E
Malawi,MWI,Africa,1976,1970,-0.079,E
Malawi,MWI,Africa,1977,1970,0.499,E
Malawi,MWI,Africa,1978,1970,0.262,E
Malawi,MWI,Africa,1979,1970,0.088,E
Malawi,MWI,Africa,1980,1980,0.213,E
Malawi,MWI,Africa,1981,1980,-0.193,E
Malawi,MWI,Africa,1982,1980,-0.006,E
Malawi,MWI,Africa,1983,1980,0.851,E
Malawi,MWI,Africa,1984,1980,0.243,E
Malawi,MWI,Africa,1985,1980,-0.023,E
Malawi,MWI,Africa,1986,1980,0.187,E
Malawi,MWI,Africa,1987,1980,0.614,E
Malawi,MWI,Africa,1988,1980,0.77,E
Malawi,MWI,Africa,1989,1980,0.268,E
Malawi,MWI,Africa,1990,1990,0.702,E
Malawi,MWI,Africa,1991,1990,0.265,E
Malawi,MWI,Africa,1992,1990,0.662,E
Malawi,MWI,Africa,1993,1990,0.104,E
Malawi,MWI,Africa,1994,1990,0.194,E
Malawi,MWI,Africa,1995,1990,0.772,E
Malawi,MWI,Africa,1996,1990,0.587,E
Malawi,MWI,Africa,1997,1990,0.65,E
Malawi,MWI,Africa,1998,1990,1.018,E
Malawi,MWI,Africa,1999,1990,0.247,E
Malawi,MWI,Africa,2000,2000,0.769,E
Malawi,MWI,Africa,2001,2000,0.654,E
Malawi,MWI,Africa,2002,2000,0.813,E
Malawi,MWI,Africa,2003,2000,0.983,E
Malawi,MWI,Africa,2004,2000,0.702,E
Malawi,MWI,Africa,2005,2000,1.308,E
Malawi,MWI,Africa,2006,2000,0.942,E
Malawi,MWI,Africa,2007,2000,0.952,E
Malawi,MWI,Africa,2008,2000,0.389,E
Malawi,MWI,Africa,2009,2000,0.559,E
Malawi,MWI,Africa,2010,2010,1.053,E
Malawi,MWI,Africa,2011,2010,0.667,E
Malawi,MWI,Africa,2012,2010,0.782,E
Malawi,MWI,Africa,2013,2010,0.614,E
Malawi,MWI,Africa,2014,2010,0.81,E
Malawi,MWI,Africa,2015,2010,0.841,E
Malawi,MWI,Africa,2016,2010,1.066,E
Malawi,MWI,Africa,2017,2010,0.833,E
Malawi,MWI,Africa,2018,2010,0.801,E
Malawi,MWI,Africa,2019,2010,0.87,E
Malawi,MWI,Africa,2020,2020,1.128,E
Malawi,MWI,Africa,2021,2020,0.973,E
Malawi,MWI,Africa,2022,2020,1.049,E
Malawi,MWI,Africa,2023,2020,1.202,E
Malawi,MWI,Africa,2024,2020,1.616,E
Malawi,MWI,Africa,2025,2020,1.067,E
Malaysia,MYS,Asia,1961,1960,-0.037,E
Malaysia,MYS,Asia,1962,1960,-0.083,E
Malaysia,MYS,Asia,1963,1960,-0.137,E
Malaysia,MYS,Asia,1964,1960,0.016,E
Malaysia,MYS,Asia,1965,1960,-0.24,E
Malaysia,MYS,Asia,1966,1960,0.135,E
Malaysia,MYS,Asia,1967,1960,-0.14,E
Malaysia,MYS,Asia,1968,1960,-0.11,E
Malaysia,MYS,Asia,1969,1960,0.214,E
Malaysia,MYS,Asia,1970,1970,0.106,E
Malaysia,MYS,Asia,1971,1970,-0.261,E
Malaysia,MYS,Asia,1972,1970,0.026,E
Malaysia,MYS,Asia,1973,1970,0.247,E
Malaysia,MYS,Asia,1974,1970,-0.269,E
Malaysia,MYS,Asia,1975,1970,-0.031,E
Malaysia,MYS,Asia,1976,1970,-0.198,E
Malaysia,MYS,Asia,1977,1970,0.076,E
Malaysia,MYS,Asia,1978,1970,0.241,E
Malaysia,MYS,Asia,1979,1970,0.346,E
Malaysia,MYS,Asia,1980,1980,0.266,E
Malaysia,MYS,Asia,1981,1980,0.229,E
Malaysia,MYS,Asia,1982,1980,0.218,E
Malaysia,MYS,Asia,1983,1980,0.675,E
Malaysia,MYS,Asia,1984,1980,0.056,E
Malaysia,MYS,Asia,1985,1980,0.253,E
Malaysia,MYS,Asia,1986,1980,0.271,E
Malaysia,MYS,Asia,1987,1980,0.548,E
Malaysia,MYS,Asia,1988,1980,0.487,E
Malaysia,MYS,Asia,1989,1980,0.152,E
Malaysia,MYS,Asia,1990,1990,0.544,E
Malaysia,MYS,Asia,1991,1990,0.498,E
Malaysia,MYS,Asia,1992,1990,0.463,E
Malaysia,MYS,Asia,1993,1990,0.273,E
Malaysia,MYS,Asia,1994,1990,0.412,E
Malaysia,MYS,Asia,1995,1990,0.54,E
Malaysia,MYS,Asia,1996,1990,0.463,E
Malaysia,MYS,Asia,1997,1990,0.643,E
Malaysia,MYS,Asia,1998,1990,1.237,E
Malaysia,MYS,Asia,1999,1990,0.443,E
Malaysia,MYS,Asia,2000,2000,0.43,E
Malaysia,MYS,Asia,2001,2000,0.623,E
Malaysia,MYS,Asia,2002,2000,0.726,E
Malaysia,MYS,Asia,2003,2000,0.755,E
Malaysia,MYS,Asia,2004,2000,0.683,E
Malaysia,MYS,Asia,2005,2000,0.883,E
Malaysia,MYS,Asia,2006,2000,0.623,E
Malaysia,MYS,Asia,2007,2000,0.673,E
Malaysia,MYS,Asia,2008,2000,0.512,E
Malaysia,MYS,Asia,2009,2000,0.742,E
Malaysia,MYS,Asia,2010,2010,0.968,E
Malaysia,MYS,Asia,2011,2010,0.576,E
Malaysia,MYS,Asia,2012,2010,0.721,E
Malaysia,MYS,Asia,2013,2010,0.958,E
Malaysia,MYS,Asia,2014,2010,0.95,E
Malaysia,MYS,Asia,2015,2010,1.139,E
Malaysia,MYS,Asia,2016,2010,1.558,E
Malaysia,MYS,Asia,2017,2010,1.11,E
Malaysia,MYS,Asia,2018,2010,1.078,E
Malaysia,MYS,Asia,2019,2010,1.338,E
Malaysia,MYS,Asia,2020,2020,1.337,E
Malaysia,MYS,Asia,2021,2020,1.114,E
Malaysia,MYS,Asia,2022,2020,1.053,E
Malaysia,MYS,Asia,2023,2020,1.281,E
Malaysia,MYS,Asia,2024,2020,1.65,E
Malaysia,MYS,Asia,2025,2020,1.249,E
Maldives,MDV,Asia,1961,1960,,O
Maldives,MDV,Asia,1962,1960,-0.028,E
Maldives,MDV,Asia,1963,1960,,O
Maldives,MDV,Asia,1964,1960,,O
Maldives,MDV,Asia,1965,1960,,O
Maldives,MDV,Asia,1966,1960,0.436,E
Maldives,MDV,Asia,1967,1960,-0.042,E
Maldives,MDV,Asia,1968,1960,-0.142,E
Maldives,MDV,Asia,1969,1960,0.325,E
Maldives,MDV,Asia,1970,1970,,O
Maldives,MDV,Asia,1971,1970,,O
Maldives,MDV,Asia,1972,1970,0.095,E
Maldives,MDV,Asia,1973,1970,0.452,E
Maldives,MDV,Asia,1974,1970,-0.262,E
Maldives,MDV,Asia,1975,1970,-0.477,E
Maldives,MDV,Asia,1976,1970,-0.169,E
Maldives,MDV,Asia,1977,1970,-0.04,E
Maldives,MDV,Asia,1978,1970,-0.178,E
Maldives,MDV,Asia,1979,1970,0.071,E
Maldives,MDV,Asia,1980,1980,0.168,E
Maldives,MDV,Asia,1981,1980,0.057,E
Maldives,MDV,Asia,1982,1980,0.242,E
Maldives,MDV,Asia,1983,1980,0.384,E
Maldives,MDV,Asia,1984,1980,0.052,E
Maldives,MDV,Asia,1985,1980,0.023,E
Maldives,MDV,Asia,1986,1980,0.163,E
Maldives,MDV,Asia,1987,1980,0.536,E
Maldives,MDV,Asia,1988,1980,0.626,E
Maldives,MDV,Asia,1989,1980,-0.108,E
Maldives,MDV,Asia,1990,1990,0.34,E
Maldives,MDV,Asia,1991,1990,0.38,E
Maldives,MDV,Asia,1992,1990,-0.014,E
Maldives,MDV,Asia,1993,1990,0.158,E
Maldives,MDV,Asia,1994,1990,0.357,E
Maldives,MDV,Asia,1995,1990,0.65,E
Maldives,MDV,Asia,1996,1990,0.318,E
Maldives,MDV,Asia,1997,1990,0.411,E
Maldives,MDV,Asia,1998,1990,0.929,E
Maldives,MDV,Asia,1999,1990,0.273,E
Maldives,MDV,Asia,2000,2000,0.232,E
Maldives,MDV,Asia,2001,2000,0.527,E
Maldives,MDV,Asia,2002,2000,0.683,E
Maldives,MDV,Asia,2003,2000,0.582,E
Maldives,MDV,Asia,2004,2000,0.448,E
Maldives,MDV,Asia,2005,2000,0.823,E
Maldives,MDV,Asia,2006,2000,0.363,E
Maldives,MDV,Asia,2007,2000,0.407,E
Maldives,MDV,Asia,2008,2000,0.204,E
Maldives,MDV,Asia,2009,2000,0.542,E
Maldives,MDV,Asia,2010,2010,0.678,E
Maldives,MDV,Asia,2011,2010,0.54,E
Maldives,MDV,Asia,2012,2010,0.537,E
Maldives,MDV,Asia,2013,2010,0.61,E
Maldives,MDV,Asia,2014,2010,0.699,E
Maldives,MDV,Asia,2015,2010,0.758,E
Maldives,MDV,Asia,2016,2010,1.134,E
Maldives,MDV,Asia,2017,2010,0.776,E
Maldives,MDV,Asia,2018,2010,0.545,E
Maldives,MDV,Asia,2019,2010,0.859,E
Maldives,MDV,Asia,2020,2020,0.844,E
Maldives,MDV,Asia,2021,2020,0.781,E
Maldives,MDV,Asia,2022,2020,0.485,E
Maldives,MDV,Asia,2023,2020,0.723,E
Maldives,MDV,Asia,2024,2020,1.031,E
Maldives,MDV,Asia,2025,2020,0.911,E
Mali,MLI,Africa,1961,1960,-0.291,E
Mali,MLI,Africa,1962,1960,-0.153,E
Mali,MLI,Africa,1963,1960,0.189,E
Mali,MLI,Africa,1964,1960,-0.152,E
Mali,MLI,Africa,1965,1960,-0.312,E
Mali,MLI,Africa,1966,1960,0.001,E
Mali,MLI,Africa,1967,1960,-0.119,E
Mali,MLI,Africa,1968,1960,-0.265,E
Mali,MLI,Africa,1969,1960,0.688,E
Mali,MLI,Africa,1970,1970,0.421,E
Mali,MLI,Africa,1971,1970,0.037,E
Mali,MLI,Africa,1972,1970,0.324,E
Mali,MLI,Africa,1973,1970,0.536,E
Mali,MLI,Africa,1974,1970,-0.414,E
Mali,MLI,Africa,1975,1970,-0.458,E
Mali,MLI,Africa,1976,1970,-0.392,E
Mali,MLI,Africa,1977,1970,0.325,E
Mali,MLI,Africa,1978,1970,0.328,E
Mali,MLI,Africa,1979,1970,0.638,E
Mali,MLI,Africa,1980,1980,0.996,E
Mali,MLI,Africa,1981,1980,0.397,E
Mali,MLI,Africa,1982,1980,0.283,E
Mali,MLI,Africa,1983,1980,0.858,E
Mali,MLI,Africa,1984,1980,0.632,E
Mali,MLI,Africa,1985,1980,0.584,E
Mali,MLI,Africa,1986,1980,0.352,E
Mali,MLI,Africa,1987,1980,1.131,E
Mali,MLI,Africa,1988,1980,0.812,E
Mali,MLI,Africa,1989,1980,0.174,E
Mali,MLI,Africa,1990,1990,0.987,E
Mali,MLI,Africa,1991,1990,0.733,E
Mali,MLI,Africa,1992,1990,0.235,E
Mali,MLI,Africa,1993,1990,1.072,E
Mali,MLI,Africa,1994,1990,0.24,E
Mali,MLI,Africa,1995,1990,0.602,E
Mali,MLI,Africa,1996,1990,1.223,E
Mali,MLI,Africa,1997,1990,0.902,E
Mali,MLI,Africa,1998,1990,1.262,E
Mali,MLI,Africa,1999,1990,0.46,E
Mali,MLI,Africa,2000,2000,0.696,E
Mali,MLI,Africa,2001,2000,0.622,E
Mali,MLI,Africa,2002,2000,1.248,E
Mali,MLI,Africa,2003,2000,1.252,E
Mali,MLI,Africa,2004,2000,1.243,E
Mali,MLI,Africa,2005,2000,1.448,E
Mali,MLI,Africa,2006,2000,1.159,E
Mali,MLI,Africa,2007,2000,1.015,E
Mali,MLI,Africa,2008,2000,0.631,E
Mali,MLI,Africa,2009,2000,1.038,E
Mali,MLI,Africa,2010,2010,1.71,E
Mali,MLI,Africa,2011,2010,1.285,E
Mali,MLI,Africa,2012,2010,0.534,E
Mali,MLI,Africa,2013,2010,1.101,E
Mali,MLI,Africa,2014,2010,0.965,E
Mali,MLI,Africa,2015,2010,1.183,E
Mali,MLI,Africa,2016,2010,1.264,E
Mali,MLI,Africa,2017,2010,1.522,E
Mali,MLI,Africa,2018,2010,1.192,E
Mali,MLI,Africa,2019,2010,1.254,E
Mali,MLI,Africa,2020,2020,1.226,E
Mali,MLI,Africa,2021,2020,1.9,E
Mali,MLI,Africa,2022,2020,1.073,E
Mali,MLI,Africa,2023,2020,1.723,E
Mali,MLI,Africa,2024,2020,1.727,E
Mali,MLI,Africa,2025,2020,1.441,E
Malta,MLT,Europe,1961,1960,0.563,E
Malta,MLT,Europe,1962,1960,0.397,E
Malta,MLT,Europe,1963,1960,-0.155,E
Malta,MLT,Europe,1964,1960,0.29,E
Malta,MLT,Europe,1965,1960,-0.19,E
Malta,MLT,Europe,1966,1960,0.169,E
Malta,MLT,Europe,1967,1960,0.15,E
Malta,MLT,Europe,1968,1960,-0.001,E
Malta,MLT,Europe,1969,1960,-0.092,E
Malta,MLT,Europe,1970,1970,-0.109,E
Malta,MLT,Europe,1971,1970,-0.247,E
Malta,MLT,Europe,1972,1970,-0.271,E
Malta,MLT,Europe,1973,1970,-0.034,E
Malta,MLT,Europe,1974,1970,-0.237,E
Malta,MLT,Europe,1975,1970,-0.371,E
Malta,MLT,Europe,1976,1970,-0.694,E
Malta,MLT,Europe,1977,1970,0.314,E
Malta,MLT,Europe,1978,1970,-0.592,E
Malta,MLT,Europe,1979,1970,0.046,E
Malta,MLT,Europe,1980,1980,-0.49,E
Malta,MLT,Europe,1981,1980,-0.35,E
Malta,MLT,Europe,1982,1980,0.607,E
Malta,MLT,Europe,1983,1980,0.021,E
Malta,MLT,Europe,1984,1980,-0.282,E
Malta,MLT,Europe,1985,1980,0.416,E
Malta,MLT,Europe,1986,1980,0.372,E
Malta,MLT,Europe,1987,1980,0.462,E
Malta,MLT,Europe,1988,1980,1.115,E
Malta,MLT,Europe,1989,1980,0.125,E
Malta,MLT,Europe,1990,1990,1.153,E
Malta,MLT,Europe,1991,1990,0.062,E
Malta,MLT,Europe,1992,1990,0.184,E
Malta,MLT,Europe,1993,1990,0.534,E
Malta,MLT,Europe,1994,1990,1.333,E
Malta,MLT,Europe,1995,1990,0.368,E
Malta,MLT,Europe,1996,1990,0.546,E
Malta,MLT,Europe,1997,1990,0.961,E
Malta,MLT,Europe,1998,1990,0.783,E
Malta,MLT,Europe,1999,1990,1.183,E
Malta,MLT,Europe,2000,2000,0.965,E
Malta,MLT,Europe,2001,2000,1.576,E
Malta,MLT,Europe,2002,2000,0.846,E
Malta,MLT,Europe,2003,2000,1.327,E
Malta,MLT,Europe,2004,2000,0.631,E
Malta,MLT,Europe,2005,2000,0.628,E
Malta,MLT,Europe,2006,2000,0.912,E
Malta,MLT,Europe,2007,2000,1.326,E
Malta,MLT,Europe,2008,2000,1.169,E
Malta,MLT,Europe,2009,2000,0.934,E
Malta,MLT,Europe,2010,2010,1.153,E
Malta,MLT,Europe,2011,2010,0.887,E
Malta,MLT,Europe,2012,2010,1.399,E
Malta,MLT,Europe,2013,2010,1.325,E
Malta,MLT,Europe,2014,2010,1.46,E
Malta,MLT,Europe,2015,2010,1.457,E
Malta,MLT,Europe,2016,2010,1.691,E
Malta,MLT,Europe,2017,2010,1.254,E
Malta,MLT,Europe,2018,2010,1.521,E
Malta,MLT,Europe,2019,2010,1.325,E
Malta,MLT,Europe,2020,2020,1.631,E
Malta,MLT,Europe,2021,2020,2.091,E
Malta,MLT,Europe,2022,2020,1.9,E
Malta,MLT,Europe,2023,2020,2.225,E
Malta,MLT,Europe,2024,2020,2.727,E
Malta,MLT,Europe,2025,2020,2.156,E
Marshall Islands,MHL,Oceania,1991,1990,0.043,E
Marshall Islands,MHL,Oceania,1992,1990,0.089,E
Marshall Islands,MHL,Oceania,1993,1990,-0.086,E
Marshall Islands,MHL,Oceania,1994,1990,0.18,E
Marshall Islands,MHL,Oceania,1995,1990,-0.017,E
Marshall Islands,MHL,Oceania,1996,1990,0.091,E
Marshall Islands,MHL,Oceania,1997,1990,0.176,E
Marshall Islands,MHL,Oceania,1998,1990,0.157,E
Marshall Islands,MHL,Oceania,1999,1990,-0.12,E
Marshall Islands,MHL,Oceania,2000,2000,-0.006,E
Marshall Islands,MHL,Oceania,2001,2000,0.318,E
Marshall Islands,MHL,Oceania,2002,2000,0.478,E
Marshall Islands,MHL,Oceania,2003,2000,0.444,E
Marshall Islands,MHL,Oceania,2004,2000,0.588,E
Marshall Islands,MHL,Oceania,2005,2000,0.595,E
Marshall Islands,MHL,Oceania,2006,2000,0.526,E
Marshall Islands,MHL,Oceania,2007,2000,0.531,E
Marshall Islands,MHL,Oceania,2008,2000,0.283,E
Marshall Islands,MHL,Oceania,2009,2000,0.486,E
Marshall Islands,MHL,Oceania,2010,2010,0.657,E
Marshall Islands,MHL,Oceania,2011,2010,0.467,E
Marshall Islands,MHL,Oceania,2012,2010,0.85,E
Marshall Islands,MHL,Oceania,2013,2010,0.855,E
Marshall Islands,MHL,Oceania,2014,2010,0.876,E
Marshall Islands,MHL,Oceania,2015,2010,0.789,E
Marshall Islands,MHL,Oceania,2016,2010,1.161,E
Marshall Islands,MHL,Oceania,2017,2010,1.019,E
Marshall Islands,MHL,Oceania,2018,2010,0.804,E
Marshall Islands,MHL,Oceania,2019,2010,1.012,E
Marshall Islands,MHL,Oceania,2020,2020,1.123,E
Marshall Islands,MHL,Oceania,2021,2020,0.834,E
Marshall Islands,MHL,Oceania,2022,2020,0.457,E
Marshall Islands,MHL,Oceania,2023,2020,0.744,E
Marshall Islands,MHL,Oceania,2024,2020,0.864,E
Marshall Islands,MHL,Oceania,2025,2020,0.507,E
Martinique,MTQ,North America,1961,1960,0.015,E
Martinique,MTQ,North America,1962,1960,0.025,E
Martinique,MTQ,North America,1963,1960,0.122,E
Martinique,MTQ,North America,1964,1960,-0.059,E
Martinique,MTQ,North America,1965,1960,-0.365,E
Martinique,MTQ,North America,1966,1960,-0.008,E
Martinique,MTQ,North America,1967,1960,-0.327,E
Martinique,MTQ,North America,1968,1960,-0.269,E
Martinique,MTQ,North America,1969,1960,0.346,E
Martinique,MTQ,North America,1970,1970,0.095,E
Martinique,MTQ,North America,1971,1970,-0.317,E
Martinique,MTQ,North America,1972,1970,-0.157,E
Martinique,MTQ,North America,1973,1970,0.161,E
Martinique,MTQ,North America,1974,1970,-0.381,E
Martinique,MTQ,North America,1975,1970,-0.371,E
Martinique,MTQ,North America,1976,1970,-0.403,E
Martinique,MTQ,North America,1977,1970,0.049,E
Martinique,MTQ,North America,1978,1970,0.111,E
Martinique,MTQ,North America,1979,1970,0.211,E
Martinique,MTQ,North America,1980,1980,0.423,E
Martinique,MTQ,North America,1981,1980,0.417,E
Martinique,MTQ,North America,1982,1980,0.094,E
Martinique,MTQ,North America,1983,1980,0.445,E
Martinique,MTQ,North America,1984,1980,-0.013,E
Martinique,MTQ,North America,1985,1980,-0.038,E
Martinique,MTQ,North America,1986,1980,0.039,E
Martinique,MTQ,North America,1987,1980,0.616,E
Martinique,MTQ,North America,1988,1980,0.433,E
Martinique,MTQ,North America,1989,1980,0.007,E
Martinique,MTQ,North America,1990,1990,0.539,E
Martinique,MTQ,North America,1991,1990,0.444,E
Martinique,MTQ,North America,1992,1990,0.395,E
Martinique,MTQ,North America,1993,1990,0.525,E
Martinique,MTQ,North America,1994,1990,0.611,E
Martinique,MTQ,North America,1995,1990,0.714,E
Martinique,MTQ,North America,1996,1990,0.496,E
Martinique,MTQ,North America,1997,1990,0.681,E
Martinique,MTQ,North America,1998,1990,1.116,E
Martinique,MTQ,North America,1999,1990,0.555,E
Martinique,MTQ,North America,2000,2000,0.373,E
Martinique,MTQ,North America,2001,2000,0.686,E
Martinique,MTQ,North America,2002,2000,0.784,E
Martinique,MTQ,North America,2003,2000,0.756,E
Martinique,MTQ,North America,2004,2000,0.512,E
Martinique,MTQ,North America,2005,2000,0.85,E
Martinique,MTQ,North America,2006,2000,0.707,E
Martinique,MTQ,North America,2007,2000,0.77,E
Martinique,MTQ,North America,2008,2000,0.327,E
Martinique,MTQ,North America,2009,2000,0.521,E
Martinique,MTQ,North America,2010,2010,1.119,E
Martinique,MTQ,North America,2011,2010,0.497,E
Martinique,MTQ,North America,2012,2010,0.651,E
Martinique,MTQ,North America,2013,2010,0.696,E
Martinique,MTQ,North America,2014,2010,0.651,E
Martinique,MTQ,North America,2015,2010,0.875,E
Martinique,MTQ,North America,2016,2010,1.028,E
Martinique,MTQ,North America,2017,2010,0.806,E
Martinique,MTQ,North America,2018,2010,0.652,E
Martinique,MTQ,North America,2019,2010,0.82,E
Martinique,MTQ,North America,2020,2020,1.087,E
Martinique,MTQ,North America,2021,2020,0.817,E
Martinique,MTQ,North America,2022,2020,0.768,E
Martinique,MTQ,North America,2023,2020,0.974,E
Martinique,MTQ,North America,2024,2020,1.629,E
Martinique,MTQ,North America,2025,2020,1.202,E
Mauritania,MRT,Africa,1961,1960,-0.005,E
Mauritania,MRT,Africa,1962,1960,0.172,E
Mauritania,MRT,Africa,1963,1960,0.119,E
Mauritania,MRT,Africa,1964,1960,0.066,E
Mauritania,MRT,Africa,1965,1960,-0.508,E
Mauritania,MRT,Africa,1966,1960,0.121,E
Mauritania,MRT,Africa,1967,1960,-0.21,E
Mauritania,MRT,Africa,1968,1960,-0.475,E
Mauritania,MRT,Africa,1969,1960,0.568,E
Mauritania,MRT,Africa,1970,1970,0.649,E
Mauritania,MRT,Africa,1971,1970,-0.375,E
Mauritania,MRT,Africa,1972,1970,-0.115,E
Mauritania,MRT,Africa,1973,1970,0.439,E
Mauritania,MRT,Africa,1974,1970,-0.733,E
Mauritania,MRT,Africa,1975,1970,-0.372,E
Mauritania,MRT,Africa,1976,1970,-0.623,E
Mauritania,MRT,Africa,1977,1970,0.607,E
Mauritania,MRT,Africa,1978,1970,0.512,E
Mauritania,MRT,Africa,1979,1970,0.933,E
Mauritania,MRT,Africa,1980,1980,0.891,E
Mauritania,MRT,Africa,1981,1980,0.848,E
Mauritania,MRT,Africa,1982,1980,0.561,E
Mauritania,MRT,Africa,1983,1980,1.579,E
Mauritania,MRT,Africa,1984,1980,0.509,E
Mauritania,MRT,Africa,1985,1980,0.557,E
Mauritania,MRT,Africa,1986,1980,0.255,E
Mauritania,MRT,Africa,1987,1980,1.51,E
Mauritania,MRT,Africa,1988,1980,0.842,E
Mauritania,MRT,Africa,1989,1980,0.659,E
Mauritania,MRT,Africa,1990,1990,1.433,E
Mauritania,MRT,Africa,1991,1990,0.784,E
Mauritania,MRT,Africa,1992,1990,0.803,E
Mauritania,MRT,Africa,1993,1990,0.935,E
Mauritania,MRT,Africa,1994,1990,0.614,E
Mauritania,MRT,Africa,1995,1990,1.142,E
Mauritania,MRT,Africa,1996,1990,1.491,E
Mauritania,MRT,Africa,1997,1990,1.188,E
Mauritania,MRT,Africa,1998,1990,1.666,E
Mauritania,MRT,Africa,1999,1990,0.49,E
Mauritania,MRT,Africa,2000,2000,1.129,E
Mauritania,MRT,Africa,2001,2000,1.254,E
Mauritania,MRT,Africa,2002,2000,1.251,E
Mauritania,MRT,Africa,2003,2000,1.265,E
Mauritania,MRT,Africa,2004,2000,1.399,E
Mauritania,MRT,Africa,2005,2000,1.295,E
Mauritania,MRT,Africa,2006,2000,1.349,E
Mauritania,MRT,Africa,2007,2000,0.96,E
Mauritania,MRT,Africa,2008,2000,1.211,E
Mauritania,MRT,Africa,2009,2000,0.88,E
Mauritania,MRT,Africa,2010,2010,1.937,E
Mauritania,MRT,Africa,2011,2010,1.578,E
Mauritania,MRT,Africa,2012,2010,0.852,E
Mauritania,MRT,Africa,2013,2010,1.409,E
Mauritania,MRT,Africa,2014,2010,1.319,E
Mauritania,MRT,Africa,2015,2010,1.341,E
Mauritania,MRT,Africa,2016,2010,1.651,E
Mauritania,MRT,Africa,2017,2010,2.07,E
Mauritania,MRT,Africa,2018,2010,1.115,E
Mauritania,MRT,Africa,2019,2010,1.522,E
Mauritania,MRT,Africa,2020,2020,1.971,E
Mauritania,MRT,Africa,2021,2020,1.917,E
Mauritania,MRT,Africa,2022,2020,1.786,E
Mauritania,MRT,Africa,2023,2020,2.163,E
Mauritania,MRT,Africa,2024,2020,2.252,E
Mauritania,MRT,Africa,2025,2020,1.855,E
Mauritius,MUS,Africa,1961,1960,0.411,E
Mauritius,MUS,Africa,1962,1960,-0.098,E
Mauritius,MUS,Africa,1963,1960,-0.167,E
Mauritius,MUS,Africa,1964,1960,-0.24,E
Mauritius,MUS,Africa,1965,1960,-0.191,E
Mauritius,MUS,Africa,1966,1960,-0.001,E
Mauritius,MUS,Africa,1967,1960,0.142,E
Mauritius,MUS,Africa,1968,1960,-0.27,E
Mauritius,MUS,Africa,1969,1960,0.223,E
Mauritius,MUS,Africa,1970,1970,0.254,E
Mauritius,MUS,Africa,1971,1970,-0.423,E
Mauritius,MUS,Africa,1972,1970,0.166,E
Mauritius,MUS,Africa,1973,1970,-0.063,E
Mauritius,MUS,Africa,1974,1970,-0.685,E
Mauritius,MUS,Africa,1975,1970,-0.06,E
Mauritius,MUS,Africa,1976,1970,0.099,E
Mauritius,MUS,Africa,1977,1970,0.612,E
Mauritius,MUS,Africa,1978,1970,0.431,E
Mauritius,MUS,Africa,1979,1970,0.456,E
Mauritius,MUS,Africa,1980,1980,0.498,E
Mauritius,MUS,Africa,1981,1980,0.286,E
Mauritius,MUS,Africa,1982,1980,0.366,E
Mauritius,MUS,Africa,1983,1980,0.308,E
Mauritius,MUS,Africa,1984,1980,-0.369,E
Mauritius,MUS,Africa,1985,1980,-0.098,E
Mauritius,MUS,Africa,1986,1980,0.179,E
Mauritius,MUS,Africa,1987,1980,0.647,E
Mauritius,MUS,Africa,1988,1980,0.438,E
Mauritius,MUS,Africa,1989,1980,0.058,E
Mauritius,MUS,Africa,1990,1990,0.215,E
Mauritius,MUS,Africa,1991,1990,0.489,E
Mauritius,MUS,Africa,1992,1990,0.159,E
Mauritius,MUS,Africa,1993,1990,0.125,E
Mauritius,MUS,Africa,1994,1990,0.51,E
Mauritius,MUS,Africa,1995,1990,0.386,E
Mauritius,MUS,Africa,1996,1990,0.114,E
Mauritius,MUS,Africa,1997,1990,0.69,E
Mauritius,MUS,Africa,1998,1990,0.935,E
Mauritius,MUS,Africa,1999,1990,0.271,E
Mauritius,MUS,Africa,2000,2000,0.232,E
Mauritius,MUS,Africa,2001,2000,0.577,E
Mauritius,MUS,Africa,2002,2000,0.479,E
Mauritius,MUS,Africa,2003,2000,0.768,E
Mauritius,MUS,Africa,2004,2000,0.344,E
Mauritius,MUS,Africa,2005,2000,0.436,E
Mauritius,MUS,Africa,2006,2000,0.28,E
Mauritius,MUS,Africa,2007,2000,0.53,E
Mauritius,MUS,Africa,2008,2000,0.351,E
Mauritius,MUS,Africa,2009,2000,0.831,E
Mauritius,MUS,Africa,2010,2010,0.95,E
Mauritius,MUS,Africa,2011,2010,0.791,E
Mauritius,MUS,Africa,2012,2010,0.545,E
Mauritius,MUS,Africa,2013,2010,0.693,E
Mauritius,MUS,Africa,2014,2010,0.768,E
Mauritius,MUS,Africa,2015,2010,1.06,E
Mauritius,MUS,Africa,2016,2010,0.908,E
Mauritius,MUS,Africa,2017,2010,1.122,E
Mauritius,MUS,Africa,2018,2010,0.926,E
Mauritius,MUS,Africa,2019,2010,1.355,E
Mauritius,MUS,Africa,2020,2020,1.14,E
Mauritius,MUS,Africa,2021,2020,1.02,E
Mauritius,MUS,Africa,2022,2020,0.611,E
Mauritius,MUS,Africa,2023,2020,1.523,E
Mauritius,MUS,Africa,2024,2020,1.411,E
Mauritius,MUS,Africa,2025,2020,1.047,E
Mayotte,MYT,Africa,1961,1960,0.298,E
Mayotte,MYT,Africa,1962,1960,-0.017,E
Mayotte,MYT,Africa,1963,1960,-0.24,E
Mayotte,MYT,Africa,1964,1960,-0.184,E
Mayotte,MYT,Africa,1965,1960,-0.543,E
Mayotte,MYT,Africa,1966,1960,0.068,E
Mayotte,MYT,Africa,1967,1960,0.252,E
Mayotte,MYT,Africa,1968,1960,-0.361,E
Mayotte,MYT,Africa,1969,1960,0.243,E
Mayotte,MYT,Africa,1970,1970,0.259,E
Mayotte,MYT,Africa,1971,1970,-0.644,E
Mayotte,MYT,Africa,1972,1970,-0.083,E
Mayotte,MYT,Africa,1973,1970,0.263,E
Mayotte,MYT,Africa,1974,1970,-0.424,E
Mayotte,MYT,Africa,1975,1970,0.022,E
Mayotte,MYT,Africa,1976,1970,,O
Mayotte,MYT,Africa,1977,1970,,O
Mayotte,MYT,Africa,1978,1970,0.569,E
Mayotte,MYT,Africa,1979,1970,0.482,E
Mayotte,MYT,Africa,1980,1980,0.394,E
Mayotte,MYT,Africa,1981,1980,0.259,E
Mayotte,MYT,Africa,1982,1980,0.577,E
Mayotte,MYT,Africa,1983,1980,0.341,E
Mayotte,MYT,Africa,1984,1980,-0.407,E
Mayotte,MYT,Africa,1985,1980,-0.102,E
Mayotte,MYT,Africa,1986,1980,0.074,E
Mayotte,MYT,Africa,1987,1980,0.47,E
Mayotte,MYT,Africa,1988,1980,0.459,E
Mayotte,MYT,Africa,1989,1980,-0.198,E
Mayotte,MYT,Africa,1990,1990,0.173,E
Mayotte,MYT,Africa,1991,1990,0.314,E
Mayotte,MYT,Africa,1992,1990,0.136,E
Mayotte,MYT,Africa,1993,1990,0.239,E
Mayotte,MYT,Africa,1994,1990,0.548,E
Mayotte,MYT,Africa,1995,1990,0.413,E
Mayotte,MYT,Africa,1996,1990,0.051,E
Mayotte,MYT,Africa,1997,1990,0.414,E
Mayotte,MYT,Africa,1998,1990,0.816,E
Mayotte,MYT,Africa,1999,1990,0.245,E
Mayotte,MYT,Africa,2000,2000,0.241,E
Mayotte,MYT,Africa,2001,2000,0.403,E
Mayotte,MYT,Africa,2002,2000,0.848,E
Mayotte,MYT,Africa,2003,2000,0.523,E
Mayotte,MYT,Africa,2004,2000,0.365,E
Mayotte,MYT,Africa,2005,2000,0.496,E
Mayotte,MYT,Africa,2006,2000,0.314,E
Mayotte,MYT,Africa,2007,2000,0.714,E
Mayotte,MYT,Africa,2008,2000,0.304,E
Mayotte,MYT,Africa,2009,2000,0.482,E
Mayotte,MYT,Africa,2010,2010,0.723,E
Mayotte,MYT,Africa,2011,2010,0.468,E
Mayotte,MYT,Africa,2012,2010,0.402,E
Mayotte,MYT,Africa,2013,2010,0.488,E
Mayotte,MYT,Africa,2014,2010,0.706,E
Mayotte,MYT,Africa,2015,2010,0.932,E
Mayotte,MYT,Africa,2016,2010,0.849,E
Mayotte,MYT,Africa,2017,2010,1.117,E
Mayotte,MYT,Africa,2018,2010,0.902,E
Mayotte,MYT,Africa,2019,2010,1.461,E
Mayotte,MYT,Africa,2020,2020,1.212,E
Mayotte,MYT,Africa,2021,2020,0.8,E
Mayotte,MYT,Africa,2022,2020,0.647,E
Mayotte,MYT,Africa,2023,2020,1.321,E
Mayotte,MYT,Africa,2024,2020,1.662,E
Mayotte,MYT,Africa,2025,2020,1.374,E
Mexico,MEX,North America,1961,1960,-0.153,E
Mexico,MEX,North America,1962,1960,0.18,E
Mexico,MEX,North America,1963,1960,0.217,E
Mexico,MEX,North America,1964,1960,-0.298,E
Mexico,MEX,North America,1965,1960,-0.074,E
Mexico,MEX,North America,1966,1960,-0.252,E
Mexico,MEX,North America,1967,1960,-0.115,E
Mexico,MEX,North America,1968,1960,-0.433,E
Mexico,MEX,North America,1969,1960,0.178,E
Mexico,MEX,North America,1970,1970,-0.296,E
Mexico,MEX,North America,1971,1970,-0.055,E
Mexico,MEX,North America,1972,1970,0.314,E
Mexico,MEX,North America,1973,1970,-0.154,E
Mexico,MEX,North America,1974,1970,-0.073,E
Mexico,MEX,North America,1975,1970,-0.316,E
Mexico,MEX,North America,1976,1970,-0.471,E
Mexico,MEX,North America,1977,1970,0.03,E
Mexico,MEX,North America,1978,1970,0.209,E
Mexico,MEX,North America,1979,1970,-0.033,E
Mexico,MEX,North America,1980,1980,0.413,E
Mexico,MEX,North America,1981,1980,0.193,E
Mexico,MEX,North America,1982,1980,0.59,E
Mexico,MEX,North America,1983,1980,0.026,E
Mexico,MEX,North America,1984,1980,-0.1,E
Mexico,MEX,North America,1985,1980,0.096,E
Mexico,MEX,North America,1986,1980,0.288,E
Mexico,MEX,North America,1987,1980,-0.133,E
Mexico,MEX,North America,1988,1980,0.166,E
Mexico,MEX,North America,1989,1980,0.472,E
Mexico,MEX,North America,1990,1990,0.254,E
Mexico,MEX,North America,1991,1990,0.25,E
Mexico,MEX,North America,1992,1990,0.072,E
Mexico,MEX,North America,1993,1990,0.314,E
Mexico,MEX,North America,1994,1990,0.696,E
Mexico,MEX,North America,1995,1990,0.789,E
Mexico,MEX,North America,1996,1990,0.54,E
Mexico,MEX,North America,1997,1990,0.463,E
Mexico,MEX,North America,1998,1990,0.699,E
Mexico,MEX,North America,1999,1990,0.62,E
Mexico,MEX,North America,2000,2000,0.594,E
Mexico,MEX,North America,2001,2000,0.508,E
Mexico,MEX,North America,2002,2000,0.683,E
Mexico,MEX,North America,2003,2000,0.829,E
Mexico,MEX,North America,2004,2000,0.313,E
Mexico,MEX,North America,2005,2000,0.736,E
Mexico,MEX,North America,2006,2000,0.863,E
Mexico,MEX,North America,2007,2000,0.431,E
Mexico,MEX,North America,2008,2000,0.503,E
Mexico,MEX,North America,2009,2000,0.992,E
Mexico,MEX,North America,2010,2010,0.25,E
Mexico,MEX,North America,2011,2010,0.974,E
Mexico,MEX,North America,2012,2010,0.881,E
Mexico,MEX,North America,2013,2010,0.707,E
Mexico,MEX,North America,2014,2010,0.858,E
Mexico,MEX,North America,2015,2010,1.072,E
Mexico,MEX,North America,2016,2010,1.266,E
Mexico,MEX,North America,2017,2010,1.526,E
Mexico,MEX,North America,2018,2010,1.125,E
Mexico,MEX,North America,2019,2010,1.264,E
Mexico,MEX,North America,2020,2020,1.615,E
Mexico,MEX,North America,2021,2020,1.054,E
Mexico,MEX,North America,2022,2020,1.159,E
Mexico,MEX,North America,2023,2020,1.728,E
Mexico,MEX,North America,2024,2020,1.791,E
Mexico,MEX,North America,2025,2020,1.623,E
Micronesia (Federated States of),FSM,Oceania,1991,1990,0.202,E
Micronesia (Federated States of),FSM,Oceania,1992,1990,0.387,E
Micronesia (Federated States of),FSM,Oceania,1993,1990,0.113,E
Micronesia (Federated States of),FSM,Oceania,1994,1990,0.327,E
Micronesia (Federated States of),FSM,Oceania,1995,1990,0.414,E
Micronesia (Federated States of),FSM,Oceania,1996,1990,0.492,E
Micronesia (Federated States of),FSM,Oceania,1997,1990,0.249,E
Micronesia (Federated States of),FSM,Oceania,1998,1990,0.515,E
Micronesia (Federated States of),FSM,Oceania,1999,1990,0.244,E
Micronesia (Federated States of),FSM,Oceania,2000,2000,0.432,E
Micronesia (Federated States of),FSM,Oceania,2001,2000,0.611,E
Micronesia (Federated States of),FSM,Oceania,2002,2000,0.506,E
Micronesia (Federated States of),FSM,Oceania,2003,2000,0.501,E
Micronesia (Federated States of),FSM,Oceania,2004,2000,0.665,E
Micronesia (Federated States of),FSM,Oceania,2005,2000,0.699,E
Micronesia (Federated States of),FSM,Oceania,2006,2000,0.735,E
Micronesia (Federated States of),FSM,Oceania,2007,2000,0.608,E
Micronesia (Federated States of),FSM,Oceania,2008,2000,0.439,E
Micronesia (Federated States of),FSM,Oceania,2009,2000,0.784,E
Micronesia (Federated States of),FSM,Oceania,2010,2010,0.912,E
Micronesia (Federated States of),FSM,Oceania,2011,2010,0.685,E
Micronesia (Federated States of),FSM,Oceania,2012,2010,1.03,E
Micronesia (Federated States of),FSM,Oceania,2013,2010,1.09,E
Micronesia (Federated States of),FSM,Oceania,2014,2010,0.955,E
Micronesia (Federated States of),FSM,Oceania,2015,2010,0.994,E
Micronesia (Federated States of),FSM,Oceania,2016,2010,1.39,E
Micronesia (Federated States of),FSM,Oceania,2017,2010,1.402,E
Micronesia (Federated States of),FSM,Oceania,2018,2010,1.272,E
Micronesia (Federated States of),FSM,Oceania,2019,2010,1.373,E
Micronesia (Federated States of),FSM,Oceania,2020,2020,1.45,E
Micronesia (Federated States of),FSM,Oceania,2021,2020,1.181,E
Micronesia (Federated States of),FSM,Oceania,2022,2020,1.15,E
Micronesia (Federated States of),FSM,Oceania,2023,2020,1.275,E
Micronesia (Federated States of),FSM,Oceania,2024,2020,1.532,E
Micronesia (Federated States of),FSM,Oceania,2025,2020,1.325,E
Monaco,MCO,Europe,1961,1960,0.78,E
Monaco,MCO,Europe,1962,1960,-0.008,E
Monaco,MCO,Europe,1963,1960,-0.592,E
Monaco,MCO,Europe,1964,1960,0.428,E
Monaco,MCO,Europe,1965,1960,-0.452,E
Monaco,MCO,Europe,1966,1960,0.219,E
Monaco,MCO,Europe,1967,1960,0.438,E
Monaco,MCO,Europe,1968,1960,0.002,E
Monaco,MCO,Europe,1969,1960,-0.247,E
Monaco,MCO,Europe,1970,1970,-0.048,E
Monaco,MCO,Europe,1971,1970,-0.04,E
Monaco,MCO,Europe,1972,1970,-0.161,E
Monaco,MCO,Europe,1973,1970,0.236,E
Monaco,MCO,Europe,1974,1970,-0.119,E
Monaco,MCO,Europe,1975,1970,0.154,E
Monaco,MCO,Europe,1976,1970,-0.003,E
Monaco,MCO,Europe,1977,1970,-0.058,E
Monaco,MCO,Europe,1978,1970,-0.43,E
Monaco,MCO,Europe,1979,1970,-0.04,E
Monaco,MCO,Europe,1980,1980,-0.369,E
Monaco,MCO,Europe,1981,1980,-0.074,E
Monaco,MCO,Europe,1982,1980,0.563,E
Monaco,MCO,Europe,1983,1980,0.49,E
Monaco,MCO,Europe,1984,1980,-0.609,E
Monaco,MCO,Europe,1985,1980,-0.11,E
Monaco,MCO,Europe,1986,1980,0.435,E
Monaco,MCO,Europe,1987,1980,0.199,E
Monaco,MCO,Europe,1988,1980,0.763,E
Monaco,MCO,Europe,1989,1980,0.911,E
Monaco,MCO,Europe,1990,1990,1.287,E
Monaco,MCO,Europe,1991,1990,0.109,E
Monaco,MCO,Europe,1992,1990,0.66,E
Monaco,MCO,Europe,1993,1990,0.501,E
Monaco,MCO,Europe,1994,1990,1.337,E
Monaco,MCO,Europe,1995,1990,0.731,E
Monaco,MCO,Europe,1996,1990,0.254,E
Monaco,MCO,Europe,1997,1990,1.363,E
Monaco,MCO,Europe,1998,1990,0.989,E
Monaco,MCO,Europe,1999,1990,0.989,E
Monaco,MCO,Europe,2000,2000,1.182,E
Monaco,MCO,Europe,2001,2000,1.455,E
Monaco,MCO,Europe,2002,2000,0.988,E
Monaco,MCO,Europe,2003,2000,1.724,E
Monaco,MCO,Europe,2004,2000,0.921,E
Monaco,MCO,Europe,2005,2000,0.858,E
Monaco,MCO,Europe,2006,2000,1.204,E
Monaco,MCO,Europe,2007,2000,1.661,E
Monaco,MCO,Europe,2008,2000,1.105,E
Monaco,MCO,Europe,2009,2000,1.455,E
Monaco,MCO,Europe,2010,2010,0.437,E
Monaco,MCO,Europe,2011,2010,1.354,E
Monaco,MCO,Europe,2012,2010,1.378,E
Monaco,MCO,Europe,2013,2010,0.729,E
Monaco,MCO,Europe,2014,2010,1.826,E
Monaco,MCO,Europe,2015,2010,1.903,E
Monaco,MCO,Europe,2016,2010,1.735,E
Monaco,MCO,Europe,2017,2010,1.943,E
Monaco,MCO,Europe,2018,2010,1.94,E
Monaco,MCO,Europe,2019,2010,1.939,E
Monaco,MCO,Europe,2020,2020,2.234,E
Monaco,MCO,Europe,2021,2020,1.546,E
Monaco,MCO,Europe,2022,2020,2.793,E
Monaco,MCO,Europe,2023,2020,2.444,E
Monaco,MCO,Europe,2024,2020,2.526,E
Monaco,MCO,Europe,2025,2020,2.41,E
Mongolia,MNG,Asia,1961,1960,0.148,E
Mongolia,MNG,Asia,1962,1960,-0.134,E
Mongolia,MNG,Asia,1963,1960,1.153,E
Mongolia,MNG,Asia,1964,1960,-0.188,E
Mongolia,MNG,Asia,1965,1960,0.855,E
Mongolia,MNG,Asia,1966,1960,0.369,E
Mongolia,MNG,Asia,1967,1960,-0.458,E
Mongolia,MNG,Asia,1968,1960,-0.807,E
Mongolia,MNG,Asia,1969,1960,-0.854,E
Mongolia,MNG,Asia,1970,1970,-0.3,E
Mongolia,MNG,Asia,1971,1970,-0.034,E
Mongolia,MNG,Asia,1972,1970,0.241,E
Mongolia,MNG,Asia,1973,1970,0.695,E
Mongolia,MNG,Asia,1974,1970,0.198,E
Mongolia,MNG,Asia,1975,1970,0.495,E
Mongolia,MNG,Asia,1976,1970,-0.2,E
Mongolia,MNG,Asia,1977,1970,0.066,E
Mongolia,MNG,Asia,1978,1970,0.906,E
Mongolia,MNG,Asia,1979,1970,0.949,E
Mongolia,MNG,Asia,1980,1980,0.493,E
Mongolia,MNG,Asia,1981,1980,0.236,E
Mongolia,MNG,Asia,1982,1980,1.158,E
Mongolia,MNG,Asia,1983,1980,0.628,E
Mongolia,MNG,Asia,1984,1980,-0.325,E
Mongolia,MNG,Asia,1985,1980,-0.419,E
Mongolia,MNG,Asia,1986,1980,0.389,E
Mongolia,MNG,Asia,1987,1980,0.192,E
Mongolia,MNG,Asia,1988,1980,0.652,E
Mongolia,MNG,Asia,1989,1980,1.355,E
Mongolia,MNG,Asia,1990,1990,1.554,E
Mongolia,MNG,Asia,1991,1990,1.109,E
Mongolia,MNG,Asia,1992,1990,0.836,E
Mongolia,MNG,Asia,1993,1990,0.468,E
Mongolia,MNG,Asia,1994,1990,1.338,E
Mongolia,MNG,Asia,1995,1990,1.275,E
Mongolia,MNG,Asia,1996,1990,0.424,E
Mongolia,MNG,Asia,1997,1990,1.962,E
Mongolia,MNG,Asia,1998,1990,2.145,E
Mongolia,MNG,Asia,1999,1990,1.791,E
Mongolia,MNG,Asia,2000,2000,1.007,E
Mongolia,MNG,Asia,2001,2000,1.704,E
Mongolia,MNG,Asia,2002,2000,1.801,E
Mongolia,MNG,Asia,2003,2000,0.517,E
Mongolia,MNG,Asia,2004,2000,1.785,E
Mongolia,MNG,Asia,2005,2000,0.944,E
Mongolia,MNG,Asia,2006,2000,1.244,E
Mongolia,MNG,Asia,2007,2000,2.752,E
Mongolia,MNG,Asia,2008,2000,1.788,E
Mongolia,MNG,Asia,2009,2000,1.418,E
Mongolia,MNG,Asia,2010,2010,0.323,E
Mongolia,MNG,Asia,2011,2010,0.777,E
Mongolia,MNG,Asia,2012,2010,0.254,E
Mongolia,MNG,Asia,2013,2010,1.039,E
Mongolia,MNG,Asia,2014,2010,1.896,E
Mongolia,MNG,Asia,2015,2010,2.143,E
Mongolia,MNG,Asia,2016,2010,1.409,E
Mongolia,MNG,Asia,2017,2010,2.518,E
Mongolia,MNG,Asia,2018,2010,2.234,E
Mongolia,MNG,Asia,2019,2010,1.869,E
Mongolia,MNG,Asia,2020,2020,2.394,E
Mongolia,MNG,Asia,2021,2020,2.022,E
Mongolia,MNG,Asia,2022,2020,2.226,E
Mongolia,MNG,Asia,2023,2020,2.196,E
Mongolia,MNG,Asia,2024,2020,2.587,E
Mongolia,MNG,Asia,2025,2020,2.372,E
Montenegro,MNE,Europe,2006,2000,0.514,E
Montenegro,MNE,Europe,2007,2000,1.742,E
Montenegro,MNE,Europe,2008,2000,1.283,E
Montenegro,MNE,Europe,2009,2000,1.25,E
Montenegro,MNE,Europe,2010,2010,1.199,E
Montenegro,MNE,Europe,2011,2010,0.99,E
Montenegro,MNE,Europe,2012,2010,1.663,E
Montenegro,MNE,Europe,2013,2010,1.459,E
Montenegro,MNE,Europe,2014,2010,1.569,E
Montenegro,MNE,Europe,2015,2010,1.766,E
Montenegro,MNE,Europe,2016,2010,1.549,E
Montenegro,MNE,Europe,2017,2010,1.304,E
Montenegro,MNE,Europe,2018,2010,2.26,E
Montenegro,MNE,Europe,2019,2010,1.842,E
Montenegro,MNE,Europe,2020,2020,1.696,E
Montenegro,MNE,Europe,2021,2020,1.605,E
Montenegro,MNE,Europe,2022,2020,1.81,E
Montenegro,MNE,Europe,2023,2020,2.352,E
Montenegro,MNE,Europe,2024,2020,3.218,E
Montenegro,MNE,Europe,2025,2020,2.057,E
Montserrat,MSR,North America,1961,1960,-0.027,E
Montserrat,MSR,North America,1962,1960,-0.127,E
Montserrat,MSR,North America,1963,1960,0.144,E
Montserrat,MSR,North America,1964,1960,0.068,E
Montserrat,MSR,North America,1965,1960,-0.454,E
Montserrat,MSR,North America,1966,1960,0.035,E
Montserrat,MSR,North America,1967,1960,-0.254,E
Montserrat,MSR,North America,1968,1960,-0.235,E
Montserrat,MSR,North America,1969,1960,0.262,E
Montserrat,MSR,North America,1970,1970,0.103,E
Montserrat,MSR,North America,1971,1970,-0.236,E
Montserrat,MSR,North America,1972,1970,-0.21,E
Montserrat,MSR,North America,1973,1970,0.162,E
Montserrat,MSR,North America,1974,1970,-0.379,E
Montserrat,MSR,North America,1975,1970,-0.422,E
Montserrat,MSR,North America,1976,1970,-0.45,E
Montserrat,MSR,North America,1977,1970,0.186,E
Montserrat,MSR,North America,1978,1970,0.157,E
Montserrat,MSR,North America,1979,1970,0.155,E
Montserrat,MSR,North America,1980,1980,0.658,E
Montserrat,MSR,North America,1981,1980,0.586,E
Montserrat,MSR,North America,1982,1980,0.199,E
Montserrat,MSR,North America,1983,1980,0.498,E
Montserrat,MSR,North America,1984,1980,0.017,E
Montserrat,MSR,North America,1985,1980,-0.041,E
Montserrat,MSR,North America,1986,1980,-0.015,E
Montserrat,MSR,North America,1987,1980,0.652,E
Montserrat,MSR,North America,1988,1980,0.381,E
Montserrat,MSR,North America,1989,1980,-0.086,E
Montserrat,MSR,North America,1990,1990,0.412,E
Montserrat,MSR,North America,1991,1990,0.478,E
Montserrat,MSR,North America,1992,1990,0.462,E
Montserrat,MSR,North America,1993,1990,0.528,E
Montserrat,MSR,North America,1994,1990,0.471,E
Montserrat,MSR,North America,1995,1990,0.671,E
Montserrat,MSR,North America,1996,1990,0.398,E
Montserrat,MSR,North America,1997,1990,0.551,E
Montserrat,MSR,North America,1998,1990,1.113,E
Montserrat,MSR,North America,1999,1990,0.565,E
Montserrat,MSR,North America,2000,2000,0.333,E
Montserrat,MSR,North America,2001,2000,,O
Montserrat,MSR,North America,2002,2000,0.661,E
Montserrat,MSR,North America,2003,2000,0.865,E
Montserrat,MSR,North America,2004,2000,0.555,E
Montserrat,MSR,North America,2005,2000,0.889,E
Montserrat,MSR,North America,2006,2000,0.6,E
Montserrat,MSR,North America,2007,2000,0.794,E
Montserrat,MSR,North America,2008,2000,0.249,E
Montserrat,MSR,North America,2009,2000,0.409,E
Montserrat,MSR,North America,2010,2010,1.062,E
Montserrat,MSR,North America,2011,2010,0.456,E
Montserrat,MSR,North America,2012,2010,0.557,E
Montserrat,MSR,North America,2013,2010,0.639,E
Montserrat,MSR,North America,2014,2010,0.595,E
Montserrat,MSR,North America,2015,2010,0.875,E
Montserrat,MSR,North America,2016,2010,0.934,E
Montserrat,MSR,North America,2017,2010,0.782,E
Montserrat,MSR,North America,2018,2010,0.556,E
Montserrat,MSR,North America,2019,2010,0.811,E
Montserrat,MSR,North America,2020,2020,1.131,E
Montserrat,MSR,North America,2021,2020,0.857,E
Montserrat,MSR,North America,2022,2020,0.758,E
Montserrat,MSR,North America,2023,2020,1.113,E
Montserrat,MSR,North America,2024,2020,1.54,E
Montserrat,MSR,North America,2025,2020,1.194,E
Morocco,MAR,Africa,1961,1960,0.726,E
Morocco,MAR,Africa,1962,1960,0.645,E
Morocco,MAR,Africa,1963,1960,0.262,E
Morocco,MAR,Africa,1964,1960,0.548,E
Morocco,MAR,Africa,1965,1960,-0.277,E
Morocco,MAR,Africa,1966,1960,0.487,E
Morocco,MAR,Africa,1967,1960,0.011,E
Morocco,MAR,Africa,1968,1960,-0.197,E
Morocco,MAR,Africa,1969,1960,-0.068,E
Morocco,MAR,Africa,1970,1970,0.015,E
Morocco,MAR,Africa,1971,1970,-0.902,E
Morocco,MAR,Africa,1972,1970,-1.39,E
Morocco,MAR,Africa,1973,1970,-0.015,E
Morocco,MAR,Africa,1974,1970,-0.55,E
Morocco,MAR,Africa,1975,1970,-0.349,E
Morocco,MAR,Africa,1976,1970,-0.941,E
Morocco,MAR,Africa,1977,1970,-0.038,E
Morocco,MAR,Africa,1978,1970,0.219,E
Morocco,MAR,Africa,1979,1970,0.365,E
Morocco,MAR,Africa,1980,1980,0.461,E
Morocco,MAR,Africa,1981,1980,0.355,E
Morocco,MAR,Africa,1982,1980,0.327,E
Morocco,MAR,Africa,1983,1980,0.616,E
Morocco,MAR,Africa,1984,1980,0.085,E
Morocco,MAR,Africa,1985,1980,0.666,E
Morocco,MAR,Africa,1986,1980,0.074,E
Morocco,MAR,Africa,1987,1980,0.889,E
Morocco,MAR,Africa,1988,1980,0.832,E
Morocco,MAR,Africa,1989,1980,0.537,E
Morocco,MAR,Africa,1990,1990,1.27,E
Morocco,MAR,Africa,1991,1990,-0.003,E
Morocco,MAR,Africa,1992,1990,0.065,E
Morocco,MAR,Africa,1993,1990,0.13,E
Morocco,MAR,Africa,1994,1990,0.902,E
Morocco,MAR,Africa,1995,1990,1.048,E
Morocco,MAR,Africa,1996,1990,0.804,E
Morocco,MAR,Africa,1997,1990,1.138,E
Morocco,MAR,Africa,1998,1990,1.472,E
Morocco,MAR,Africa,1999,1990,0.941,E
Morocco,MAR,Africa,2000,2000,0.858,E
Morocco,MAR,Africa,2001,2000,1.691,E
Morocco,MAR,Africa,2002,2000,1.062,E
Morocco,MAR,Africa,2003,2000,1.556,E
Morocco,MAR,Africa,2004,2000,1.01,E
Morocco,MAR,Africa,2005,2000,1.16,E
Morocco,MAR,Africa,2006,2000,1.359,E
Morocco,MAR,Africa,2007,2000,0.896,E
Morocco,MAR,Africa,2008,2000,1.039,E
Morocco,MAR,Africa,2009,2000,1.137,E
Morocco,MAR,Africa,2010,2010,2.009,E
Morocco,MAR,Africa,2011,2010,1.683,E
Morocco,MAR,Africa,2012,2010,1.287,E
Morocco,MAR,Africa,2013,2010,1.197,E
Morocco,MAR,Africa,2014,2010,1.631,E
Morocco,MAR,Africa,2015,2010,1.166,E
Morocco,MAR,Africa,2016,2010,1.788,E
Morocco,MAR,Africa,2017,2010,2.095,E
Morocco,MAR,Africa,2018,2010,0.541,E
Morocco,MAR,Africa,2019,2010,1.462,E
Morocco,MAR,Africa,2020,2020,2.083,E
Morocco,MAR,Africa,2021,2020,1.771,E
Morocco,MAR,Africa,2022,2020,2.247,E
Morocco,MAR,Africa,2023,2020,2.524,E
Morocco,MAR,Africa,2024,2020,2.644,E
Morocco,MAR,Africa,2025,2020,2.139,E
Mozambique,MOZ,Africa,1961,1960,0.396,E
Mozambique,MOZ,Africa,1962,1960,0.03,E
Mozambique,MOZ,Africa,1963,1960,-0.408,E
Mozambique,MOZ,Africa,1964,1960,-0.188,E
Mozambique,MOZ,Africa,1965,1960,-0.56,E
Mozambique,MOZ,Africa,1966,1960,0.158,E
Mozambique,MOZ,Africa,1967,1960,0.134,E
Mozambique,MOZ,Africa,1968,1960,-0.361,E
Mozambique,MOZ,Africa,1969,1960,0.303,E
Mozambique,MOZ,Africa,1970,1970,0.234,E
Mozambique,MOZ,Africa,1971,1970,-0.11,E
Mozambique,MOZ,Africa,1972,1970,-0.174,E
Mozambique,MOZ,Africa,1973,1970,0.264,E
Mozambique,MOZ,Africa,1974,1970,-0.286,E
Mozambique,MOZ,Africa,1975,1970,-0.141,E
Mozambique,MOZ,Africa,1976,1970,-0.122,E
Mozambique,MOZ,Africa,1977,1970,0.478,E
Mozambique,MOZ,Africa,1978,1970,0.353,E
Mozambique,MOZ,Africa,1979,1970,0.085,E
Mozambique,MOZ,Africa,1980,1980,0.049,E
Mozambique,MOZ,Africa,1981,1980,-0.231,E
Mozambique,MOZ,Africa,1982,1980,-0.075,E
Mozambique,MOZ,Africa,1983,1980,0.81,E
Mozambique,MOZ,Africa,1984,1980,0.164,E
Mozambique,MOZ,Africa,1985,1980,-0.045,E
Mozambique,MOZ,Africa,1986,1980,0.081,E
Mozambique,MOZ,Africa,1987,1980,0.601,E
Mozambique,MOZ,Africa,1988,1980,0.588,E
Mozambique,MOZ,Africa,1989,1980,0.11,E
Mozambique,MOZ,Africa,1990,1990,0.382,E
Mozambique,MOZ,Africa,1991,1990,0.34,E
Mozambique,MOZ,Africa,1992,1990,0.79,E
Mozambique,MOZ,Africa,1993,1990,0.315,E
Mozambique,MOZ,Africa,1994,1990,0.107,E
Mozambique,MOZ,Africa,1995,1990,0.584,E
Mozambique,MOZ,Africa,1996,1990,0.18,E
Mozambique,MOZ,Africa,1997,1990,0.257,E
Mozambique,MOZ,Africa,1998,1990,0.96,E
Mozambique,MOZ,Africa,1999,1990,0.325,E
Mozambique,MOZ,Africa,2000,2000,0.417,E
Mozambique,MOZ,Africa,2001,2000,0.512,E
Mozambique,MOZ,Africa,2002,2000,0.618,E
Mozambique,MOZ,Africa,2003,2000,0.606,E
Mozambique,MOZ,Africa,2004,2000,0.364,E
Mozambique,MOZ,Africa,2005,2000,1.003,E
Mozambique,MOZ,Africa,2006,2000,0.523,E
Mozambique,MOZ,Africa,2007,2000,0.628,E
Mozambique,MOZ,Africa,2008,2000,0.283,E
Mozambique,MOZ,Africa,2009,2000,0.474,E
Mozambique,MOZ,Africa,2010,2010,0.962,E
Mozambique,MOZ,Africa,2011,2010,0.718,E
Mozambique,MOZ,Africa,2012,2010,0.715,E
Mozambique,MOZ,Africa,2013,2010,0.438,E
Mozambique,MOZ,Africa,2014,2010,0.633,E
Mozambique,MOZ,Africa,2015,2010,0.93,E
Mozambique,MOZ,Africa,2016,2010,1.108,E
Mozambique,MOZ,Africa,2017,2010,0.78,E
Mozambique,MOZ,Africa,2018,2010,0.68,E
Mozambique,MOZ,Africa,2019,2010,1.069,E
Mozambique,MOZ,Africa,2020,2020,0.897,E
Mozambique,MOZ,Africa,2021,2020,0.724,E
Mozambique,MOZ,Africa,2022,2020,0.847,E
Mozambique,MOZ,Africa,2023,2020,1.069,E
Mozambique,MOZ,Africa,2024,2020,1.328,E
Mozambique,MOZ,Africa,2025,2020,1.229,E
Myanmar,MMR,Asia,1961,1960,-0.017,E
Myanmar,MMR,Asia,1962,1960,-0.116,E
Myanmar,MMR,Asia,1963,1960,-0.178,E
Myanmar,MMR,Asia,1964,1960,0.032,E
Myanmar,MMR,Asia,1965,1960,-0.313,E
Myanmar,MMR,Asia,1966,1960,0.371,E
Myanmar,MMR,Asia,1967,1960,-0.06,E
Myanmar,MMR,Asia,1968,1960,-0.173,E
Myanmar,MMR,Asia,1969,1960,0.201,E
Myanmar,MMR,Asia,1970,1970,-0.026,E
Myanmar,MMR,Asia,1971,1970,-0.399,E
Myanmar,MMR,Asia,1972,1970,0.003,E
Myanmar,MMR,Asia,1973,1970,0.271,E
Myanmar,MMR,Asia,1974,1970,-0.248,E
Myanmar,MMR,Asia,1975,1970,0.113,E
Myanmar,MMR,Asia,1976,1970,-0.42,E
Myanmar,MMR,Asia,1977,1970,-0.062,E
Myanmar,MMR,Asia,1978,1970,0.088,E
Myanmar,MMR,Asia,1979,1970,0.51,E
Myanmar,MMR,Asia,1980,1980,0.264,E
Myanmar,MMR,Asia,1981,1980,0.262,E
Myanmar,MMR,Asia,1982,1980,0.029,E
Myanmar,MMR,Asia,1983,1980,0.124,E
Myanmar,MMR,Asia,1984,1980,0.062,E
Myanmar,MMR,Asia,1985,1980,0.162,E
Myanmar,MMR,Asia,1986,1980,0.05,E
Myanmar,MMR,Asia,1987,1980,0.533,E
Myanmar,MMR,Asia,1988,1980,0.391,E
Myanmar,MMR,Asia,1989,1980,0.323,E
Myanmar,MMR,Asia,1990,1990,0.197,E
Myanmar,MMR,Asia,1991,1990,0.526,E
Myanmar,MMR,Asia,1992,1990,0.057,E
Myanmar,MMR,Asia,1993,1990,0.106,E
Myanmar,MMR,Asia,1994,1990,0.46,E
Myanmar,MMR,Asia,1995,1990,0.574,E
Myanmar,MMR,Asia,1996,1990,0.369,E
Myanmar,MMR,Asia,1997,1990,0.196,E
Myanmar,MMR,Asia,1998,1990,1.125,E
Myanmar,MMR,Asia,1999,1990,0.836,E
Myanmar,MMR,Asia,2000,2000,0.143,E
Myanmar,MMR,Asia,2001,2000,0.592,E
Myanmar,MMR,Asia,2002,2000,0.626,E
Myanmar,MMR,Asia,2003,2000,0.623,E
Myanmar,MMR,Asia,2004,2000,0.551,E
Myanmar,MMR,Asia,2005,2000,0.914,E
Myanmar,MMR,Asia,2006,2000,0.789,E
Myanmar,MMR,Asia,2007,2000,0.489,E
Myanmar,MMR,Asia,2008,2000,0.495,E
Myanmar,MMR,Asia,2009,2000,0.93,E
Myanmar,MMR,Asia,2010,2010,1.228,E
Myanmar,MMR,Asia,2011,2010,0.512,E
Myanmar,MMR,Asia,2012,2010,0.952,E
Myanmar,MMR,Asia,2013,2010,0.991,E
Myanmar,MMR,Asia,2014,2010,0.81,E
Myanmar,MMR,Asia,2015,2010,1.192,E
Myanmar,MMR,Asia,2016,2010,1.418,E
Myanmar,MMR,Asia,2017,2010,1.339,E
Myanmar,MMR,Asia,2018,2010,1.12,E
Myanmar,MMR,Asia,2019,2010,1.776,E
Myanmar,MMR,Asia,2020,2020,1.589,E
Myanmar,MMR,Asia,2021,2020,1.636,E
Myanmar,MMR,Asia,2022,2020,1.38,E
Myanmar,MMR,Asia,2023,2020,1.792,E
Myanmar,MMR,Asia,2024,2020,2.016,E
Myanmar,MMR,Asia,2025,2020,1.432,E
Namibia,NAM,Africa,1961,1960,0.178,E
Namibia,NAM,Africa,1962,1960,-0.06,E
Namibia,NAM,Africa,1963,1960,0.087,E
Namibia,NAM,Africa,1964,1960,-0.063,E
Namibia,NAM,Africa,1965,1960,-0.07,E
Namibia,NAM,Africa,1966,1960,0.128,E
Namibia,NAM,Africa,1967,1960,-0.129,E
Namibia,NAM,Africa,1968,1960,-0.149,E
Namibia,NAM,Africa,1969,1960,0.23,E
Namibia,NAM,Africa,1970,1970,0.476,E
Namibia,NAM,Africa,1971,1970,-0.105,E
Namibia,NAM,Africa,1972,1970,0.091,E
Namibia,NAM,Africa,1973,1970,0.617,E
Namibia,NAM,Africa,1974,1970,-0.728,E
Namibia,NAM,Africa,1975,1970,-0.005,E
Namibia,NAM,Africa,1976,1970,-0.566,E
Namibia,NAM,Africa,1977,1970,0.185,E
Namibia,NAM,Africa,1978,1970,-0.077,E
Namibia,NAM,Africa,1979,1970,0.363,E
Namibia,NAM,Africa,1980,1980,0.158,E
Namibia,NAM,Africa,1981,1980,-0.014,E
Namibia,NAM,Africa,1982,1980,0.331,E
Namibia,NAM,Africa,1983,1980,0.652,E
Namibia,NAM,Africa,1984,1980,0.734,E
Namibia,NAM,Africa,1985,1980,0.475,E
Namibia,NAM,Africa,1986,1980,0.244,E
Namibia,NAM,Africa,1987,1980,0.978,E
Namibia,NAM,Africa,1988,1980,0.353,E
Namibia,NAM,Africa,1989,1980,-0.398,E
Namibia,NAM,Africa,1990,1990,0.599,E
Namibia,NAM,Africa,1991,1990,0.056,E
Namibia,NAM,Africa,1992,1990,0.525,E
Namibia,NAM,Africa,1993,1990,0.593,E
Namibia,NAM,Africa,1994,1990,0.197,E
Namibia,NAM,Africa,1995,1990,0.858,E
Namibia,NAM,Africa,1996,1990,0.067,E
Namibia,NAM,Africa,1997,1990,-0.045,E
Namibia,NAM,Africa,1998,1990,1.187,E
Namibia,NAM,Africa,1999,1990,0.748,E
Namibia,NAM,Africa,2000,2000,-0.174,E
Namibia,NAM,Africa,2001,2000,0.306,E
Namibia,NAM,Africa,2002,2000,0.801,E
Namibia,NAM,Africa,2003,2000,1.144,E
Namibia,NAM,Africa,2004,2000,0.821,E
Namibia,NAM,Africa,2005,2000,0.661,E
Namibia,NAM,Africa,2006,2000,-0.173,E
Namibia,NAM,Africa,2007,2000,1.028,E
Namibia,NAM,Africa,2008,2000,0.677,E
Namibia,NAM,Africa,2009,2000,0.52,E
Namibia,NAM,Africa,2010,2010,1.202,E
Namibia,NAM,Africa,2011,2010,-0.48,E
Namibia,NAM,Africa,2012,2010,-0.142,E
Namibia,NAM,Africa,2013,2010,0.727,E
Namibia,NAM,Africa,2014,2010,0.377,E
Namibia,NAM,Africa,2015,2010,1.179,E
Namibia,NAM,Africa,2016,2010,1.433,E
Namibia,NAM,Africa,2017,2010,0.728,E
Namibia,NAM,Africa,2018,2010,1.006,E
Namibia,NAM,Africa,2019,2010,2.071,E
Namibia,NAM,Africa,2020,2020,0.558,E
Namibia,NAM,Africa,2021,2020,0.015,E
Namibia,NAM,Africa,2022,2020,0.085,E
Namibia,NAM,Africa,2023,2020,0.806,E
Namibia,NAM,Africa,2024,2020,1.386,E
Namibia,NAM,Africa,2025,2020,0.979,E
Nauru,NRU,Oceania,1961,1960,-0.385,E
Nauru,NRU,Oceania,1962,1960,,O
Nauru,NRU,Oceania,1963,1960,,O
Nauru,NRU,Oceania,1964,1960,,O
Nauru,NRU,Oceania,1965,1960,,O
Nauru,NRU,Oceania,1966,1960,-0.616,E
Nauru,NRU,Oceania,1967,1960,,O
Nauru,NRU,Oceania,1968,1960,,O
Nauru,NRU,Oceania,1969,1960,,O
Nauru,NRU,Oceania,1970,1970,,O
Nauru,NRU,Oceania,1971,1970,-0.388,E
Nauru,NRU,Oceania,1972,1970,-0.722,E
Nauru,NRU,Oceania,1973,1970,0.335,E
Nauru,NRU,Oceania,1974,1970,0.347,E
Nauru,NRU,Oceania,1975,1970,0.561,E
Nauru,NRU,Oceania,1976,1970,,O
Nauru,NRU,Oceania,1977,1970,-0.868,E
Nauru,NRU,Oceania,1978,1970,0.145,E
Nauru,NRU,Oceania,1979,1970,0.305,E
Nauru,NRU,Oceania,1980,1980,0.005,E
Nauru,NRU,Oceania,1981,1980,0.179,E
Nauru,NRU,Oceania,1982,1980,-0.679,E
Nauru,NRU,Oceania,1983,1980,-0.411,E
Nauru,NRU,Oceania,1984,1980,-0.527,E
Nauru,NRU,Oceania,1985,1980,-0.458,E
Nauru,NRU,Oceania,1986,1980,,O
Nauru,NRU,Oceania,1987,1980,,O
Nauru,NRU,Oceania,1988,1980,,O
Nauru,NRU,Oceania,1989,1980,-0.2,E
Nauru,NRU,Oceania,1990,1990,-0.579,E
Nauru,NRU,Oceania,1991,1990,-0.405,E
Nauru,NRU,Oceania,1992,1990,-0.833,E
Nauru,NRU,Oceania,1993,1990,,O
Nauru,NRU,Oceania,1994,1990,,O
Nauru,NRU,Oceania,1995,1990,,O
Nauru,NRU,Oceania,1996,1990,,O
Nauru,NRU,Oceania,1997,1990,,O
Nauru,NRU,Oceania,1998,1990,,O
Nauru,NRU,Oceania,1999,1990,,O
Nauru,NRU,Oceania,2000,2000,,O
Nauru,NRU,Oceania,2001,2000,,O
Nauru,NRU,Oceania,2002,2000,,O
Nauru,NRU,Oceania,2003,2000,,O
Nauru,NRU,Oceania,2004,2000,,O
Nauru,NRU,Oceania,2005,2000,,O
Nauru,NRU,Oceania,2006,2000,,O
Nauru,NRU,Oceania,2007,2000,,O
Nauru,NRU,Oceania,2008,2000,,O
Nauru,NRU,Oceania,2009,2000,,O
Nauru,NRU,Oceania,2010,2010,,O
Nauru,NRU,Oceania,2011,2010,,O
Nauru,NRU,Oceania,2012,2010,,O
Nauru,NRU,Oceania,2013,2010,,O
Nauru,NRU,Oceania,2014,2010,,O
Nauru,NRU,Oceania,2015,2010,,O
Nauru,NRU,Oceania,2016,2010,,O
Nauru,NRU,Oceania,2017,2010,,O
Nauru,NRU,Oceania,2018,2010,,O
Nauru,NRU,Oceania,2019,2010,,O
Nauru,NRU,Oceania,2020,2020,,O
Nauru,NRU,Oceania,2021,2020,,O
Nauru,NRU,Oceania,2022,2020,,O
Nauru,NRU,Oceania,2023,2020,,O
Nauru,NRU,Oceania,2024,2020,,O
Nauru,NRU,Oceania,2025,2020,,O
Nepal,NPL,Asia,1961,1960,0.105,E
Nepal,NPL,Asia,1962,1960,-0.453,E
Nepal,NPL,Asia,1963,1960,-0.179,E
Nepal,NPL,Asia,1964,1960,0.171,E
Nepal,NPL,Asia,1965,1960,-0.35,E
Nepal,NPL,Asia,1966,1960,0.316,E
Nepal,NPL,Asia,1967,1960,-0.26,E
Nepal,NPL,Asia,1968,1960,-0.405,E
Nepal,NPL,Asia,1969,1960,0.112,E
Nepal,NPL,Asia,1970,1970,0.113,E
Nepal,NPL,Asia,1971,1970,-0.509,E
Nepal,NPL,Asia,1972,1970,0.076,E
Nepal,NPL,Asia,1973,1970,0.303,E
Nepal,NPL,Asia,1974,1970,0.23,E
Nepal,NPL,Asia,1975,1970,-0.042,E
Nepal,NPL,Asia,1976,1970,0.052,E
Nepal,NPL,Asia,1977,1970,0.073,E
Nepal,NPL,Asia,1978,1970,-0.321,E
Nepal,NPL,Asia,1979,1970,0.43,E
Nepal,NPL,Asia,1980,1980,0.211,E
Nepal,NPL,Asia,1981,1980,0.007,E
Nepal,NPL,Asia,1982,1980,-0.103,E
Nepal,NPL,Asia,1983,1980,-0.363,E
Nepal,NPL,Asia,1984,1980,-0.031,E
Nepal,NPL,Asia,1985,1980,0.352,E
Nepal,NPL,Asia,1986,1980,-0.052,E
Nepal,NPL,Asia,1987,1980,0.345,E
Nepal,NPL,Asia,1988,1980,0.572,E
Nepal,NPL,Asia,1989,1980,0.097,E
Nepal,NPL,Asia,1990,1990,-0.015,E
Nepal,NPL,Asia,1991,1990,0.111,E
Nepal,NPL,Asia,1992,1990,-0.013,E
Nepal,NPL,Asia,1993,1990,-0.152,E
Nepal,NPL,Asia,1994,1990,0.187,E
Nepal,NPL,Asia,1995,1990,0.368,E
Nepal,NPL,Asia,1996,1990,0.262,E
Nepal,NPL,Asia,1997,1990,-0.388,E
Nepal,NPL,Asia,1998,1990,0.384,E
Nepal,NPL,Asia,1999,1990,0.708,E
Nepal,NPL,Asia,2000,2000,0.17,E
Nepal,NPL,Asia,2001,2000,0.525,E
Nepal,NPL,Asia,2002,2000,0.619,E
Nepal,NPL,Asia,2003,2000,0.364,E
Nepal,NPL,Asia,2004,2000,0.462,E
Nepal,NPL,Asia,2005,2000,0.839,E
Nepal,NPL,Asia,2006,2000,0.969,E
Nepal,NPL,Asia,2007,2000,0.622,E
Nepal,NPL,Asia,2008,2000,0.458,E
Nepal,NPL,Asia,2009,2000,1.234,E
Nepal,NPL,Asia,2010,2010,1.261,E
Nepal,NPL,Asia,2011,2010,0.33,E
Nepal,NPL,Asia,2012,2010,0.52,E
Nepal,NPL,Asia,2013,2010,0.289,E
Nepal,NPL,Asia,2014,2010,0.425,E
Nepal,NPL,Asia,2015,2010,0.771,E
Nepal,NPL,Asia,2016,2010,1.32,E
Nepal,NPL,Asia,2017,2010,1.292,E
Nepal,NPL,Asia,2018,2010,0.785,E
Nepal,NPL,Asia,2019,2010,0.815,E
Nepal,NPL,Asia,2020,2020,0.295,E
Nepal,NPL,Asia,2021,2020,0.655,E
Nepal,NPL,Asia,2022,2020,0.964,E
Nepal,NPL,Asia,2023,2020,1.171,E
Nepal,NPL,Asia,2024,2020,1.303,E
Nepal,NPL,Asia,2025,2020,1.429,E
Netherlands (Kingdom of the),NLD,Europe,1961,1960,0.851,E
Netherlands (Kingdom of the),NLD,Europe,1962,1960,-0.91,E
Netherlands (Kingdom of the),NLD,Europe,1963,1960,-1.274,E
Netherlands (Kingdom of the),NLD,Europe,1964,1960,-0.341,E
Netherlands (Kingdom of the),NLD,Europe,1965,1960,-0.73,E
Netherlands (Kingdom of the),NLD,Europe,1966,1960,0.269,E
Netherlands (Kingdom of the),NLD,Europe,1967,1960,0.755,E
Netherlands (Kingdom of the),NLD,Europe,1968,1960,0.154,E
Netherlands (Kingdom of the),NLD,Europe,1969,1960,-0.008,E
Netherlands (Kingdom of the),NLD,Europe,1970,1970,-0.589,E
Netherlands (Kingdom of the),NLD,Europe,1971,1970,0.048,E
Netherlands (Kingdom of the),NLD,Europe,1972,1970,-0.115,E
Netherlands (Kingdom of the),NLD,Europe,1973,1970,0.291,E
Netherlands (Kingdom of the),NLD,Europe,1974,1970,0.23,E
Netherlands (Kingdom of the),NLD,Europe,1975,1970,1.035,E
Netherlands (Kingdom of the),NLD,Europe,1976,1970,0.711,E
Netherlands (Kingdom of the),NLD,Europe,1977,1970,0.161,E
Netherlands (Kingdom of the),NLD,Europe,1978,1970,-0.067,E
Netherlands (Kingdom of the),NLD,Europe,1979,1970,-0.907,E
Netherlands (Kingdom of the),NLD,Europe,1980,1980,0.008,E
Netherlands (Kingdom of the),NLD,Europe,1981,1980,0.332,E
Netherlands (Kingdom of the),NLD,Europe,1982,1980,0.462,E
Netherlands (Kingdom of the),NLD,Europe,1983,1980,0.865,E
Netherlands (Kingdom of the),NLD,Europe,1984,1980,0.062,E
Netherlands (Kingdom of the),NLD,Europe,1985,1980,-0.85,E
Netherlands (Kingdom of the),NLD,Europe,1986,1980,-0.194,E
Netherlands (Kingdom of the),NLD,Europe,1987,1980,-0.501,E
Netherlands (Kingdom of the),NLD,Europe,1988,1980,0.797,E
Netherlands (Kingdom of the),NLD,Europe,1989,1980,1.541,E
Netherlands (Kingdom of the),NLD,Europe,1990,1990,1.566,E
Netherlands (Kingdom of the),NLD,Europe,1991,1990,0.264,E
Netherlands (Kingdom of the),NLD,Europe,1992,1990,1.185,E
Netherlands (Kingdom of the),NLD,Europe,1993,1990,0.251,E
Netherlands (Kingdom of the),NLD,Europe,1994,1990,1.371,E
Netherlands (Kingdom of the),NLD,Europe,1995,1990,1.548,E
Netherlands (Kingdom of the),NLD,Europe,1996,1990,-0.771,E
Netherlands (Kingdom of the),NLD,Europe,1997,1990,0.619,E
Netherlands (Kingdom of the),NLD,Europe,1998,1990,1.075,E
Netherlands (Kingdom of the),NLD,Europe,1999,1990,1.582,E
Netherlands (Kingdom of the),NLD,Europe,2000,2000,1.602,E
Netherlands (Kingdom of the),NLD,Europe,2001,2000,1.275,E
Netherlands (Kingdom of the),NLD,Europe,2002,2000,1.533,E
Netherlands (Kingdom of the),NLD,Europe,2003,2000,1.213,E
Netherlands (Kingdom of the),NLD,Europe,2004,2000,1.167,E
Netherlands (Kingdom of the),NLD,Europe,2005,2000,1.26,E
Netherlands (Kingdom of the),NLD,Europe,2006,2000,1.515,E
Netherlands (Kingdom of the),NLD,Europe,2007,2000,2.081,E
Netherlands (Kingdom of the),NLD,Europe,2008,2000,1.435,E
Netherlands (Kingdom of the),NLD,Europe,2009,2000,1.217,E
Netherlands (Kingdom of the),NLD,Europe,2010,2010,0.097,E
Netherlands (Kingdom of the),NLD,Europe,2011,2010,1.064,E
Netherlands (Kingdom of the),NLD,Europe,2012,2010,1.148,E
Netherlands (Kingdom of the),NLD,Europe,2013,2010,0.423,E
Netherlands (Kingdom of the),NLD,Europe,2014,2010,2.553,E
Netherlands (Kingdom of the),NLD,Europe,2015,2010,1.282,E
Netherlands (Kingdom of the),NLD,Europe,2016,2010,1.926,E
Netherlands (Kingdom of the),NLD,Europe,2017,2010,1.714,E
Netherlands (Kingdom of the),NLD,Europe,2018,2010,2.128,E
Netherlands (Kingdom of the),NLD,Europe,2019,2010,2.129,E
Netherlands (Kingdom of the),NLD,Europe,2020,2020,2.461,E
Netherlands (Kingdom of the),NLD,Europe,2021,2020,1.3,E
Netherlands (Kingdom of the),NLD,Europe,2022,2020,2.579,E
Netherlands (Kingdom of the),NLD,Europe,2023,2020,2.329,E
Netherlands (Kingdom of the),NLD,Europe,2024,2020,2.721,E
Netherlands (Kingdom of the),NLD,Europe,2025,2020,2.163,E
New Caledonia,NCL,Oceania,1961,1960,-0.184,E
New Caledonia,NCL,Oceania,1962,1960,0.148,E
New Caledonia,NCL,Oceania,1963,1960,-0.144,E
New Caledonia,NCL,Oceania,1964,1960,0.232,E
New Caledonia,NCL,Oceania,1965,1960,-0.738,E
New Caledonia,NCL,Oceania,1966,1960,-0.567,E
New Caledonia,NCL,Oceania,1967,1960,0.11,E
New Caledonia,NCL,Oceania,1968,1960,-0.349,E
New Caledonia,NCL,Oceania,1969,1960,-0.096,E
New Caledonia,NCL,Oceania,1970,1970,0.499,E
New Caledonia,NCL,Oceania,1971,1970,0.17,E
New Caledonia,NCL,Oceania,1972,1970,-0.166,E
New Caledonia,NCL,Oceania,1973,1970,0.847,E
New Caledonia,NCL,Oceania,1974,1970,0.323,E
New Caledonia,NCL,Oceania,1975,1970,0.262,E
New Caledonia,NCL,Oceania,1976,1970,0.118,E
New Caledonia,NCL,Oceania,1977,1970,-0.129,E
New Caledonia,NCL,Oceania,1978,1970,0.004,E
New Caledonia,NCL,Oceania,1979,1970,-0.086,E
New Caledonia,NCL,Oceania,1980,1980,0.124,E
New Caledonia,NCL,Oceania,1981,1980,0.103,E
New Caledonia,NCL,Oceania,1982,1980,-0.005,E
New Caledonia,NCL,Oceania,1983,1980,0.487,E
New Caledonia,NCL,Oceania,1984,1980,0.094,E
New Caledonia,NCL,Oceania,1985,1980,0.269,E
New Caledonia,NCL,Oceania,1986,1980,0.137,E
New Caledonia,NCL,Oceania,1987,1980,-0.163,E
New Caledonia,NCL,Oceania,1988,1980,0.816,E
New Caledonia,NCL,Oceania,1989,1980,0.237,E
New Caledonia,NCL,Oceania,1990,1990,0.523,E
New Caledonia,NCL,Oceania,1991,1990,0.095,E
New Caledonia,NCL,Oceania,1992,1990,0.211,E
New Caledonia,NCL,Oceania,1993,1990,-0.041,E
New Caledonia,NCL,Oceania,1994,1990,-0.102,E
New Caledonia,NCL,Oceania,1995,1990,0.746,E
New Caledonia,NCL,Oceania,1996,1990,0.933,E
New Caledonia,NCL,Oceania,1997,1990,0.237,E
New Caledonia,NCL,Oceania,1998,1990,1.705,E
New Caledonia,NCL,Oceania,1999,1990,0.919,E
New Caledonia,NCL,Oceania,2000,2000,0.419,E
New Caledonia,NCL,Oceania,2001,2000,0.68,E
New Caledonia,NCL,Oceania,2002,2000,0.714,E
New Caledonia,NCL,Oceania,2003,2000,0.495,E
New Caledonia,NCL,Oceania,2004,2000,0.621,E
New Caledonia,NCL,Oceania,2005,2000,0.472,E
New Caledonia,NCL,Oceania,2006,2000,0.376,E
New Caledonia,NCL,Oceania,2007,2000,0.819,E
New Caledonia,NCL,Oceania,2008,2000,0.82,E
New Caledonia,NCL,Oceania,2009,2000,0.598,E
New Caledonia,NCL,Oceania,2010,2010,0.973,E
New Caledonia,NCL,Oceania,2011,2010,0.787,E
New Caledonia,NCL,Oceania,2012,2010,0.588,E
New Caledonia,NCL,Oceania,2013,2010,0.683,E
New Caledonia,NCL,Oceania,2014,2010,0.705,E
New Caledonia,NCL,Oceania,2015,2010,0.918,E
New Caledonia,NCL,Oceania,2016,2010,1.75,E
New Caledonia,NCL,Oceania,2017,2010,1.536,E
New Caledonia,NCL,Oceania,2018,2010,1.184,E
New Caledonia,NCL,Oceania,2019,2010,1.094,E
New Caledonia,NCL,Oceania,2020,2020,1.172,E
New Caledonia,NCL,Oceania,2021,2020,0.946,E
New Caledonia,NCL,Oceania,2022,2020,1.676,E
New Caledonia,NCL,Oceania,2023,2020,0.613,E
New Caledonia,NCL,Oceania,2024,2020,1.306,E
New Caledonia,NCL,Oceania,2025,2020,1.685,E
New Zealand,NZL,Oceania,1961,1960,-0.273,E
New Zealand,NZL,Oceania,1962,1960,0.591,E
New Zealand,NZL,Oceania,1963,1960,-0.348,E
New Zealand,NZL,Oceania,1964,1960,-0.449,E
New Zealand,NZL,Oceania,1965,1960,-0.447,E
New Zealand,NZL,Oceania,1966,1960,-0.211,E
New Zealand,NZL,Oceania,1967,1960,-0.155,E
New Zealand,NZL,Oceania,1968,1960,-0.057,E
New Zealand,NZL,Oceania,1969,1960,-0.376,E
New Zealand,NZL,Oceania,1970,1970,0.595,E
New Zealand,NZL,Oceania,1971,1970,0.674,E
New Zealand,NZL,Oceania,1972,1970,0.111,E
New Zealand,NZL,Oceania,1973,1970,0.185,E
New Zealand,NZL,Oceania,1974,1970,0.357,E
New Zealand,NZL,Oceania,1975,1970,0.583,E
New Zealand,NZL,Oceania,1976,1970,-0.514,E
New Zealand,NZL,Oceania,1977,1970,-0.391,E
New Zealand,NZL,Oceania,1978,1970,0.382,E
New Zealand,NZL,Oceania,1979,1970,0.309,E
New Zealand,NZL,Oceania,1980,1980,-0.001,E
New Zealand,NZL,Oceania,1981,1980,0.418,E
New Zealand,NZL,Oceania,1982,1980,-0.073,E
New Zealand,NZL,Oceania,1983,1980,-0.307,E
New Zealand,NZL,Oceania,1984,1980,0.159,E
New Zealand,NZL,Oceania,1985,1980,0.382,E
New Zealand,NZL,Oceania,1986,1980,0.365,E
New Zealand,NZL,Oceania,1987,1980,0.397,E
New Zealand,NZL,Oceania,1988,1980,0.514,E
New Zealand,NZL,Oceania,1989,1980,0.769,E
New Zealand,NZL,Oceania,1990,1990,0.609,E
New Zealand,NZL,Oceania,1991,1990,0.043,E
New Zealand,NZL,Oceania,1992,1990,-0.663,E
New Zealand,NZL,Oceania,1993,1990,-0.385,E
New Zealand,NZL,Oceania,1994,1990,-0.074,E
New Zealand,NZL,Oceania,1995,1990,0.122,E
New Zealand,NZL,Oceania,1996,1990,0.246,E
New Zealand,NZL,Oceania,1997,1990,-0.116,E
New Zealand,NZL,Oceania,1998,1990,0.99,E
New Zealand,NZL,Oceania,1999,1990,1.026,E
New Zealand,NZL,Oceania,2000,2000,0.282,E
New Zealand,NZL,Oceania,2001,2000,0.584,E
New Zealand,NZL,Oceania,2002,2000,0.43,E
New Zealand,NZL,Oceania,2003,2000,0.243,E
New Zealand,NZL,Oceania,2004,2000,0.037,E
New Zealand,NZL,Oceania,2005,2000,0.442,E
New Zealand,NZL,Oceania,2006,2000,0.399,E
New Zealand,NZL,Oceania,2007,2000,0.213,E
New Zealand,NZL,Oceania,2008,2000,0.541,E
New Zealand,NZL,Oceania,2009,2000,0.058,E
New Zealand,NZL,Oceania,2010,2010,0.597,E
New Zealand,NZL,Oceania,2011,2010,0.668,E
New Zealand,NZL,Oceania,2012,2010,0.118,E
New Zealand,NZL,Oceania,2013,2010,0.971,E
New Zealand,NZL,Oceania,2014,2010,0.483,E
New Zealand,NZL,Oceania,2015,2010,0.501,E
New Zealand,NZL,Oceania,2016,2010,1.147,E
New Zealand,NZL,Oceania,2017,2010,0.549,E
New Zealand,NZL,Oceania,2018,2010,1.078,E
New Zealand,NZL,Oceania,2019,2010,1.026,E
New Zealand,NZL,Oceania,2020,2020,0.828,E
New Zealand,NZL,Oceania,2021,2020,0.899,E
New Zealand,NZL,Oceania,2022,2020,1.269,E
New Zealand,NZL,Oceania,2023,2020,1.065,E
New Zealand,NZL,Oceania,2024,2020,0.766,E
New Zealand,NZL,Oceania,2025,2020,1.225,E
Nicaragua,NIC,North America,1961,1960,-0.139,E
Nicaragua,NIC,North America,1962,1960,-0.089,E
Nicaragua,NIC,North America,1963,1960,-0.133,E
Nicaragua,NIC,North America,1964,1960,-0.164,E
Nicaragua,NIC,North America,1965,1960,-0.095,E
Nicaragua,NIC,North America,1966,1960,0.26,E
Nicaragua,NIC,North America,1967,1960,-0.272,E
Nicaragua,NIC,North America,1968,1960,-0.334,E
Nicaragua,NIC,North America,1969,1960,0.122,E
Nicaragua,NIC,North America,1970,1970,-0.275,E
Nicaragua,NIC,North America,1971,1970,-0.424,E
Nicaragua,NIC,North America,1972,1970,0.193,E
Nicaragua,NIC,North America,1973,1970,0.336,E
Nicaragua,NIC,North America,1974,1970,-0.221,E
Nicaragua,NIC,North America,1975,1970,0.031,E
Nicaragua,NIC,North America,1976,1970,-0.101,E
Nicaragua,NIC,North America,1977,1970,0.504,E
Nicaragua,NIC,North America,1978,1970,0.236,E
Nicaragua,NIC,North America,1979,1970,0.219,E
Nicaragua,NIC,North America,1980,1980,0.479,E
Nicaragua,NIC,North America,1981,1980,0.227,E
Nicaragua,NIC,North America,1982,1980,0.309,E
Nicaragua,NIC,North America,1983,1980,0.638,E
Nicaragua,NIC,North America,1984,1980,0.102,E
Nicaragua,NIC,North America,1985,1980,-0.068,E
Nicaragua,NIC,North America,1986,1980,0.012,E
Nicaragua,NIC,North America,1987,1980,0.671,E
Nicaragua,NIC,North America,1988,1980,0.43,E
Nicaragua,NIC,North America,1989,1980,0.009,E
Nicaragua,NIC,North America,1990,1990,0.306,E
Nicaragua,NIC,North America,1991,1990,0.302,E
Nicaragua,NIC,North America,1992,1990,0.326,E
Nicaragua,NIC,North America,1993,1990,0.321,E
Nicaragua,NIC,North America,1994,1990,0.618,E
Nicaragua,NIC,North America,1995,1990,0.825,E
Nicaragua,NIC,North America,1996,1990,0.009,E
Nicaragua,NIC,North America,1997,1990,0.735,E
Nicaragua,NIC,North America,1998,1990,1.291,E
Nicaragua,NIC,North America,1999,1990,0.263,E
Nicaragua,NIC,North America,2000,2000,0.185,E
Nicaragua,NIC,North America,2001,2000,0.34,E
Nicaragua,NIC,North America,2002,2000,0.629,E
Nicaragua,NIC,North America,2003,2000,0.937,E
Nicaragua,NIC,North America,2004,2000,0.79,E
Nicaragua,NIC,North America,2005,2000,0.901,E
Nicaragua,NIC,North America,2006,2000,0.856,E
Nicaragua,NIC,North America,2007,2000,0.971,E
Nicaragua,NIC,North America,2008,2000,0.473,E
Nicaragua,NIC,North America,2009,2000,0.975,E
Nicaragua,NIC,North America,2010,2010,0.877,E
Nicaragua,NIC,North America,2011,2010,0.589,E
Nicaragua,NIC,North America,2012,2010,0.686,E
Nicaragua,NIC,North America,2013,2010,1.037,E
Nicaragua,NIC,North America,2014,2010,0.997,E
Nicaragua,NIC,North America,2015,2010,1.254,E
Nicaragua,NIC,North America,2016,2010,1.363,E
Nicaragua,NIC,North America,2017,2010,0.968,E
Nicaragua,NIC,North America,2018,2010,0.985,E
Nicaragua,NIC,North America,2019,2010,1.419,E
Nicaragua,NIC,North America,2020,2020,1.459,E
Nicaragua,NIC,North America,2021,2020,1.177,E
Nicaragua,NIC,North America,2022,2020,0.994,E
Nicaragua,NIC,North America,2023,2020,1.667,E
Nicaragua,NIC,North America,2024,2020,1.887,E
Nicaragua,NIC,North America,2025,2020,,L
Niger,NER,Africa,1961,1960,-0.642,E
Niger,NER,Africa,1962,1960,-0.147,E
Niger,NER,Africa,1963,1960,0.407,E
Niger,NER,Africa,1964,1960,-0.286,E
Niger,NER,Africa,1965,1960,-0.035,E
Niger,NER,Africa,1966,1960,-0.093,E
Niger,NER,Africa,1967,1960,-0.372,E
Niger,NER,Africa,1968,1960,0.066,E
Niger,NER,Africa,1969,1960,0.748,E
Niger,NER,Africa,1970,1970,0.039,E
Niger,NER,Africa,1971,1970,-0.106,E
Niger,NER,Africa,1972,1970,0.324,E
Niger,NER,Africa,1973,1970,0.411,E
Niger,NER,Africa,1974,1970,-0.036,E
Niger,NER,Africa,1975,1970,-0.461,E
Niger,NER,Africa,1976,1970,0.237,E
Niger,NER,Africa,1977,1970,-0.398,E
Niger,NER,Africa,1978,1970,0.157,E
Niger,NER,Africa,1979,1970,0.683,E
Niger,NER,Africa,1980,1980,0.489,E
Niger,NER,Africa,1981,1980,0.028,E
Niger,NER,Africa,1982,1980,0.365,E
Niger,NER,Africa,1983,1980,0.02,E
Niger,NER,Africa,1984,1980,0.591,E
Niger,NER,Africa,1985,1980,0.273,E
Niger,NER,Africa,1986,1980,0.716,E
Niger,NER,Africa,1987,1980,0.646,E
Niger,NER,Africa,1988,1980,0.568,E
Niger,NER,Africa,1989,1980,-0.406,E
Niger,NER,Africa,1990,1990,0.505,E
Niger,NER,Africa,1991,1990,0.91,E
Niger,NER,Africa,1992,1990,-0.247,E
Niger,NER,Africa,1993,1990,0.447,E
Niger,NER,Africa,1994,1990,0.352,E
Niger,NER,Africa,1995,1990,0.414,E
Niger,NER,Africa,1996,1990,1.093,E
Niger,NER,Africa,1997,1990,0.734,E
Niger,NER,Africa,1998,1990,0.679,E
Niger,NER,Africa,1999,1990,0.578,E
Niger,NER,Africa,2000,2000,0.706,E
Niger,NER,Africa,2001,2000,0.2,E
Niger,NER,Africa,2002,2000,0.575,E
Niger,NER,Africa,2003,2000,0.812,E
Niger,NER,Africa,2004,2000,0.641,E
Niger,NER,Africa,2005,2000,1.204,E
Niger,NER,Africa,2006,2000,1.22,E
Niger,NER,Africa,2007,2000,0.932,E
Niger,NER,Africa,2008,2000,0.38,E
Niger,NER,Africa,2009,2000,1.471,E
Niger,NER,Africa,2010,2010,1.664,E
Niger,NER,Africa,2011,2010,1.065,E
Niger,NER,Africa,2012,2010,0.699,E
Niger,NER,Africa,2013,2010,0.919,E
Niger,NER,Africa,2014,2010,1.099,E
Niger,NER,Africa,2015,2010,0.904,E
Niger,NER,Africa,2016,2010,1.042,E
Niger,NER,Africa,2017,2010,0.869,E
Niger,NER,Africa,2018,2010,1.081,E
Niger,NER,Africa,2019,2010,0.98,E
Niger,NER,Africa,2020,2020,0.809,E
Niger,NER,Africa,2021,2020,1.476,E
Niger,NER,Africa,2022,2020,0.449,E
Niger,NER,Africa,2023,2020,1.523,E
Niger,NER,Africa,2024,2020,1.165,E
Niger,NER,Africa,2025,2020,1.048,E
Nigeria,NGA,Africa,1961,1960,-0.237,E
Nigeria,NGA,Africa,1962,1960,-0.25,E
Nigeria,NGA,Africa,1963,1960,0.276,E
Nigeria,NGA,Africa,1964,1960,-0.275,E
Nigeria,NGA,Africa,1965,1960,-0.039,E
Nigeria,NGA,Africa,1966,1960,-0.092,E
Nigeria,NGA,Africa,1967,1960,-0.34,E
Nigeria,NGA,Africa,1968,1960,-0.078,E
Nigeria,NGA,Africa,1969,1960,0.369,E
Nigeria,NGA,Africa,1970,1970,0.198,E
Nigeria,NGA,Africa,1971,1970,-0.079,E
Nigeria,NGA,Africa,1972,1970,0.092,E
Nigeria,NGA,Africa,1973,1970,0.822,E
Nigeria,NGA,Africa,1974,1970,0.099,E
Nigeria,NGA,Africa,1975,1970,-0.301,E
Nigeria,NGA,Africa,1976,1970,0.043,E
Nigeria,NGA,Africa,1977,1970,0.291,E
Nigeria,NGA,Africa,1978,1970,0.025,E
Nigeria,NGA,Africa,1979,1970,0.549,E
Nigeria,NGA,Africa,1980,1980,0.4,E
Nigeria,NGA,Africa,1981,1980,0.176,E
Nigeria,NGA,Africa,1982,1980,0.365,E
Nigeria,NGA,Africa,1983,1980,0.257,E
Nigeria,NGA,Africa,1984,1980,0.795,E
Nigeria,NGA,Africa,1985,1980,0.406,E
Nigeria,NGA,Africa,1986,1980,0.534,E
Nigeria,NGA,Africa,1987,1980,0.838,E
Nigeria,NGA,Africa,1988,1980,0.533,E
Nigeria,NGA,Africa,1989,1980,-0.383,E
Nigeria,NGA,Africa,1990,1990,0.596,E
Nigeria,NGA,Africa,1991,1990,0.64,E
Nigeria,NGA,Africa,1992,1990,-0.083,E
Nigeria,NGA,Africa,1993,1990,0.493,E
Nigeria,NGA,Africa,1994,1990,0.421,E
Nigeria,NGA,Africa,1995,1990,0.379,E
Nigeria,NGA,Africa,1996,1990,0.754,E
Nigeria,NGA,Africa,1997,1990,0.665,E
Nigeria,NGA,Africa,1998,1990,1.061,E
Nigeria,NGA,Africa,1999,1990,0.784,E
Nigeria,NGA,Africa,2000,2000,0.547,E
Nigeria,NGA,Africa,2001,2000,0.263,E
Nigeria,NGA,Africa,2002,2000,0.78,E
Nigeria,NGA,Africa,2003,2000,0.83,E
Nigeria,NGA,Africa,2004,2000,0.758,E
Nigeria,NGA,Africa,2005,2000,1.176,E
Nigeria,NGA,Africa,2006,2000,1.201,E
Nigeria,NGA,Africa,2007,2000,0.831,E
Nigeria,NGA,Africa,2008,2000,0.603,E
Nigeria,NGA,Africa,2009,2000,1.314,E
Nigeria,NGA,Africa,2010,2010,1.453,E
Nigeria,NGA,Africa,2011,2010,0.876,E
Nigeria,NGA,Africa,2012,2010,0.553,E
Nigeria,NGA,Africa,2013,2010,0.947,E
Nigeria,NGA,Africa,2014,2010,1.038,E
Nigeria,NGA,Africa,2015,2010,1.22,E
Nigeria,NGA,Africa,2016,2010,1.202,E
Nigeria,NGA,Africa,2017,2010,1.17,E
Nigeria,NGA,Africa,2018,2010,1.096,E
Nigeria,NGA,Africa,2019,2010,1.236,E
Nigeria,NGA,Africa,2020,2020,1.107,E
Nigeria,NGA,Africa,2021,2020,1.62,E
Nigeria,NGA,Africa,2022,2020,0.874,E
Nigeria,NGA,Africa,2023,2020,1.485,E
Nigeria,NGA,Africa,2024,2020,1.417,E
Nigeria,NGA,Africa,2025,2020,1.152,E
Niue,NIU,Oceania,1961,1960,0.357,E
Niue,NIU,Oceania,1962,1960,-0.22,E
Niue,NIU,Oceania,1963,1960,-0.33,E
Niue,NIU,Oceania,1964,1960,0.22,E
Niue,NIU,Oceania,1965,1960,-0.397,E
Niue,NIU,Oceania,1966,1960,-0.058,E
Niue,NIU,Oceania,1967,1960,0.202,E
Niue,NIU,Oceania,1968,1960,0.358,E
Niue,NIU,Oceania,1969,1960,,O
Niue,NIU,Oceania,1970,1970,,O
Niue,NIU,Oceania,1971,1970,,O
Niue,NIU,Oceania,1972,1970,-0.306,E
Niue,NIU,Oceania,1973,1970,0.352,E
Niue,NIU,Oceania,1974,1970,-0.132,E
Niue,NIU,Oceania,1975,1970,-0.3,E
Niue,NIU,Oceania,1976,1970,0.024,E
Niue,NIU,Oceania,1977,1970,-0.136,E
Niue,NIU,Oceania,1978,1970,0.016,E
Niue,NIU,Oceania,1979,1970,-0.042,E
Niue,NIU,Oceania,1980,1980,-0.118,E
Niue,NIU,Oceania,1981,1980,-0.318,E
Niue,NIU,Oceania,1982,1980,-0.106,E
Niue,NIU,Oceania,1983,1980,0.156,E
Niue,NIU,Oceania,1984,1980,0.257,E
Niue,NIU,Oceania,1985,1980,0.062,E
Niue,NIU,Oceania,1986,1980,-0.056,E
Niue,NIU,Oceania,1987,1980,0.054,E
Niue,NIU,Oceania,1988,1980,0.523,E
Niue,NIU,Oceania,1989,1980,0.085,E
Niue,NIU,Oceania,1990,1990,0.185,E
Niue,NIU,Oceania,1991,1990,0.427,E
Niue,NIU,Oceania,1992,1990,0.058,E
Niue,NIU,Oceania,1993,1990,,O
Niue,NIU,Oceania,1994,1990,,O
Niue,NIU,Oceania,1995,1990,,O
Niue,NIU,Oceania,1996,1990,,O
Niue,NIU,Oceania,1997,1990,,O
Niue,NIU,Oceania,1998,1990,,O
Niue,NIU,Oceania,1999,1990,,O
Niue,NIU,Oceania,2000,2000,,O
Niue,NIU,Oceania,2001,2000,,O
Niue,NIU,Oceania,2002,2000,,O
Niue,NIU,Oceania,2003,2000,,O
Niue,NIU,Oceania,2004,2000,,O
Niue,NIU,Oceania,2005,2000,,O
Niue,NIU,Oceania,2006,2000,,O
Niue,NIU,Oceania,2007,2000,,O
Niue,NIU,Oceania,2008,2000,,O
Niue,NIU,Oceania,2009,2000,,O
Niue,NIU,Oceania,2010,2010,,O
Niue,NIU,Oceania,2011,2010,,O
Niue,NIU,Oceania,2012,2010,,O
Niue,NIU,Oceania,2013,2010,,O
Niue,NIU,Oceania,2014,2010,,O
Niue,NIU,Oceania,2015,2010,,O
Niue,NIU,Oceania,2016,2010,,O
Niue,NIU,Oceania,2017,2010,,O
Niue,NIU,Oceania,2018,2010,,O
Niue,NIU,Oceania,2019,2010,,O
Niue,NIU,Oceania,2020,2020,,O
Niue,NIU,Oceania,2021,2020,,O
Niue,NIU,Oceania,2022,2020,,O
Niue,NIU,Oceania,2023,2020,,O
Niue,NIU,Oceania,2024,2020,,O
Niue,NIU,Oceania,2025,2020,,O
Norfolk Island,NFK,Oceania,1961,1960,-0.315,E
Norfolk Island,NFK,Oceania,1962,1960,0.396,E
Norfolk Island,NFK,Oceania,1963,1960,0.1,E
Norfolk Island,NFK,Oceania,1964,1960,0.17,E
Norfolk Island,NFK,Oceania,1965,1960,-0.452,E
Norfolk Island,NFK,Oceania,1966,1960,-0.265,E
Norfolk Island,NFK,Oceania,1967,1960,0.201,E
Norfolk Island,NFK,Oceania,1968,1960,-0.005,E
Norfolk Island,NFK,Oceania,1969,1960,-0.365,E
Norfolk Island,NFK,Oceania,1970,1970,0.446,E
Norfolk Island,NFK,Oceania,1971,1970,0.378,E
Norfolk Island,NFK,Oceania,1972,1970,-0.088,E
Norfolk Island,NFK,Oceania,1973,1970,0.758,E
Norfolk Island,NFK,Oceania,1974,1970,,O
Norfolk Island,NFK,Oceania,1975,1970,,O
Norfolk Island,NFK,Oceania,1976,1970,-0.179,E
Norfolk Island,NFK,Oceania,1977,1970,-0.246,E
Norfolk Island,NFK,Oceania,1978,1970,-0.118,E
Norfolk Island,NFK,Oceania,1979,1970,0.015,E
Norfolk Island,NFK,Oceania,1980,1980,-0.032,E
Norfolk Island,NFK,Oceania,1981,1980,0.195,E
Norfolk Island,NFK,Oceania,1982,1980,-0.042,E
Norfolk Island,NFK,Oceania,1983,1980,0.269,E
Norfolk Island,NFK,Oceania,1984,1980,0.149,E
Norfolk Island,NFK,Oceania,1985,1980,0.212,E
Norfolk Island,NFK,Oceania,1986,1980,0.282,E
Norfolk Island,NFK,Oceania,1987,1980,-0.015,E
Norfolk Island,NFK,Oceania,1988,1980,0.8,E
Norfolk Island,NFK,Oceania,1989,1980,0.516,E
Norfolk Island,NFK,Oceania,1990,1990,0.486,E
Norfolk Island,NFK,Oceania,1991,1990,0.131,E
Norfolk Island,NFK,Oceania,1992,1990,-0.143,E
Norfolk Island,NFK,Oceania,1993,1990,-0.107,E
Norfolk Island,NFK,Oceania,1994,1990,-0.161,E
Norfolk Island,NFK,Oceania,1995,1990,0.463,E
Norfolk Island,NFK,Oceania,1996,1990,0.818,E
Norfolk Island,NFK,Oceania,1997,1990,-0.165,E
Norfolk Island,NFK,Oceania,1998,1990,1.409,E
Norfolk Island,NFK,Oceania,1999,1990,,O
Norfolk Island,NFK,Oceania,2000,2000,-0.051,E
Norfolk Island,NFK,Oceania,2001,2000,0.25,E
Norfolk Island,NFK,Oceania,2002,2000,0.166,E
Norfolk Island,NFK,Oceania,2003,2000,0.045,E
Norfolk Island,NFK,Oceania,2004,2000,0.294,E
Norfolk Island,NFK,Oceania,2005,2000,0.326,E
Norfolk Island,NFK,Oceania,2006,2000,0.208,E
Norfolk Island,NFK,Oceania,2007,2000,0.294,E
Norfolk Island,NFK,Oceania,2008,2000,0.183,E
Norfolk Island,NFK,Oceania,2009,2000,0.357,E
Norfolk Island,NFK,Oceania,2010,2010,0.62,E
Norfolk Island,NFK,Oceania,2011,2010,0.721,E
Norfolk Island,NFK,Oceania,2012,2010,0.251,E
Norfolk Island,NFK,Oceania,2013,2010,0.303,E
Norfolk Island,NFK,Oceania,2014,2010,0.145,E
Norfolk Island,NFK,Oceania,2015,2010,0.682,E
Norfolk Island,NFK,Oceania,2016,2010,1.2,E
Norfolk Island,NFK,Oceania,2017,2010,0.867,E
Norfolk Island,NFK,Oceania,2018,2010,0.851,E
Norfolk Island,NFK,Oceania,2019,2010,0.817,E
Norfolk Island,NFK,Oceania,2020,2020,0.854,E
Norfolk Island,NFK,Oceania,2021,2020,0.763,E
Norfolk Island,NFK,Oceania,2022,2020,1.375,E
Norfolk Island,NFK,Oceania,2023,2020,0.384,E
Norfolk Island,NFK,Oceania,2024,2020,1.317,E
Norfolk Island,NFK,Oceania,2025,2020,1.605,E
North Macedonia,MKD,Europe,1992,1990,0.063,E
North Macedonia,MKD,Europe,1993,1990,0.044,E
North Macedonia,MKD,Europe,1994,1990,1.516,E
North Macedonia,MKD,Europe,1995,1990,-0.003,E
North Macedonia,MKD,Europe,1996,1990,-0.084,E
North Macedonia,MKD,Europe,1997,1990,-0.067,E
North Macedonia,MKD,Europe,1998,1990,0.81,E
North Macedonia,MKD,Europe,1999,1990,0.651,E
North Macedonia,MKD,Europe,2000,2000,1.127,E
North Macedonia,MKD,Europe,2001,2000,1.649,E
North Macedonia,MKD,Europe,2002,2000,0.413,E
North Macedonia,MKD,Europe,2003,2000,0.69,E
North Macedonia,MKD,Europe,2004,2000,0.426,E
North Macedonia,MKD,Europe,2005,2000,0.201,E
North Macedonia,MKD,Europe,2006,2000,0.437,E
North Macedonia,MKD,Europe,2007,2000,1.606,E
North Macedonia,MKD,Europe,2008,2000,1.188,E
North Macedonia,MKD,Europe,2009,2000,1.06,E
North Macedonia,MKD,Europe,2010,2010,1.367,E
North Macedonia,MKD,Europe,2011,2010,0.746,E
North Macedonia,MKD,Europe,2012,2010,1.481,E
North Macedonia,MKD,Europe,2013,2010,1.453,E
North Macedonia,MKD,Europe,2014,2010,1.35,E
North Macedonia,MKD,Europe,2015,2010,1.543,E
North Macedonia,MKD,Europe,2016,2010,1.689,E
North Macedonia,MKD,Europe,2017,2010,1.128,E
North Macedonia,MKD,Europe,2018,2010,2.143,E
North Macedonia,MKD,Europe,2019,2010,1.923,E
North Macedonia,MKD,Europe,2020,2020,1.628,E
North Macedonia,MKD,Europe,2021,2020,1.739,E
North Macedonia,MKD,Europe,2022,2020,1.583,E
North Macedonia,MKD,Europe,2023,2020,2.416,E
North Macedonia,MKD,Europe,2024,2020,2.999,E
North Macedonia,MKD,Europe,2025,2020,2.216,E
Norway,NOR,Europe,1961,1960,1.235,E
Norway,NOR,Europe,1962,1960,-0.775,E
Norway,NOR,Europe,1963,1960,-0.127,E
Norway,NOR,Europe,1964,1960,0.374,E
Norway,NOR,Europe,1965,1960,-0.263,E
Norway,NOR,Europe,1966,1960,-1.638,E
Norway,NOR,Europe,1967,1960,0.56,E
Norway,NOR,Europe,1968,1960,-0.933,E
Norway,NOR,Europe,1969,1960,-0.167,E
Norway,NOR,Europe,1970,1970,-0.689,E
Norway,NOR,Europe,1971,1970,-0.073,E
Norway,NOR,Europe,1972,1970,0.938,E
Norway,NOR,Europe,1973,1970,0.925,E
Norway,NOR,Europe,1974,1970,0.975,E
Norway,NOR,Europe,1975,1970,1.068,E
Norway,NOR,Europe,1976,1970,-0.032,E
Norway,NOR,Europe,1977,1970,-0.545,E
Norway,NOR,Europe,1978,1970,-0.093,E
Norway,NOR,Europe,1979,1970,-1.064,E
Norway,NOR,Europe,1980,1980,-0.306,E
Norway,NOR,Europe,1981,1980,-0.487,E
Norway,NOR,Europe,1982,1980,-0.045,E
Norway,NOR,Europe,1983,1980,0.643,E
Norway,NOR,Europe,1984,1980,0.544,E
Norway,NOR,Europe,1985,1980,-0.583,E
Norway,NOR,Europe,1986,1980,-0.42,E
Norway,NOR,Europe,1987,1980,-0.819,E
Norway,NOR,Europe,1988,1980,0.489,E
Norway,NOR,Europe,1989,1980,1.752,E
Norway,NOR,Europe,1990,1990,1.529,E
Norway,NOR,Europe,1991,1990,0.991,E
Norway,NOR,Europe,1992,1990,1.135,E
Norway,NOR,Europe,1993,1990,0.709,E
Norway,NOR,Europe,1994,1990,0.076,E
Norway,NOR,Europe,1995,1990,0.955,E
Norway,NOR,Europe,1996,1990,-0.048,E
Norway,NOR,Europe,1997,1990,0.776,E
Norway,NOR,Europe,1998,1990,0.396,E
Norway,NOR,Europe,1999,1990,1.272,E
Norway,NOR,Europe,2000,2000,1.442,E
Norway,NOR,Europe,2001,2000,0.628,E
Norway,NOR,Europe,2002,2000,1.406,E
Norway,NOR,Europe,2003,2000,1.104,E
Norway,NOR,Europe,2004,2000,1.313,E
Norway,NOR,Europe,2005,2000,1.769,E
Norway,NOR,Europe,2006,2000,1.517,E
Norway,NOR,Europe,2007,2000,1.708,E
Norway,NOR,Europe,2008,2000,1.62,E
Norway,NOR,Europe,2009,2000,1.401,E
Norway,NOR,Europe,2010,2010,-0.333,E
Norway,NOR,Europe,2011,2010,1.413,E
Norway,NOR,Europe,2012,2010,1.07,E
Norway,NOR,Europe,2013,2010,0.806,E
Norway,NOR,Europe,2014,2010,2.43,E
Norway,NOR,Europe,2015,2010,1.791,E
Norway,NOR,Europe,2016,2010,1.733,E
Norway,NOR,Europe,2017,2010,1.563,E
Norway,NOR,Europe,2018,2010,1.505,E
Norway,NOR,Europe,2019,2010,1.212,E
Norway,NOR,Europe,2020,2020,2.393,E
Norway,NOR,Europe,2021,2020,1.52,E
Norway,NOR,Europe,2022,2020,1.923,E
Norway,NOR,Europe,2023,2020,1.222,E
Norway,NOR,Europe,2024,2020,1.933,E
Norway,NOR,Europe,2025,2020,2.523,E
Oman,OMN,Asia,1961,1960,-0.247,E
Oman,OMN,Asia,1962,1960,0.403,E
Oman,OMN,Asia,1963,1960,0.408,E
Oman,OMN,Asia,1964,1960,-0.453,E
Oman,OMN,Asia,1965,1960,-0.247,E
Oman,OMN,Asia,1966,1960,0.21,E
Oman,OMN,Asia,1967,1960,0.053,E
Oman,OMN,Asia,1968,1960,-0.609,E
Oman,OMN,Asia,1969,1960,0.199,E
Oman,OMN,Asia,1970,1970,0.805,E
Oman,OMN,Asia,1971,1970,-0.044,E
Oman,OMN,Asia,1972,1970,-0.23,E
Oman,OMN,Asia,1973,1970,-0.302,E
Oman,OMN,Asia,1974,1970,-0.267,E
Oman,OMN,Asia,1975,1970,-0.355,E
Oman,OMN,Asia,1976,1970,0.198,E
Oman,OMN,Asia,1977,1970,0.625,E
Oman,OMN,Asia,1978,1970,0.311,E
Oman,OMN,Asia,1979,1970,0.329,E
Oman,OMN,Asia,1980,1980,0.18,E
Oman,OMN,Asia,1981,1980,0.387,E
Oman,OMN,Asia,1982,1980,-0.353,E
Oman,OMN,Asia,1983,1980,-0.505,E
Oman,OMN,Asia,1984,1980,-0.484,E
Oman,OMN,Asia,1985,1980,0.075,E
Oman,OMN,Asia,1986,1980,0.102,E
Oman,OMN,Asia,1987,1980,0.23,E
Oman,OMN,Asia,1988,1980,0.338,E
Oman,OMN,Asia,1989,1980,-0.225,E
Oman,OMN,Asia,1990,1990,0.203,E
Oman,OMN,Asia,1991,1990,-0.178,E
Oman,OMN,Asia,1992,1990,-0.35,E
Oman,OMN,Asia,1993,1990,0.481,E
Oman,OMN,Asia,1994,1990,0.32,E
Oman,OMN,Asia,1995,1990,0.093,E
Oman,OMN,Asia,1996,1990,0.027,E
Oman,OMN,Asia,1997,1990,-0.12,E
Oman,OMN,Asia,1998,1990,0.966,E
Oman,OMN,Asia,1999,1990,0.828,E
Oman,OMN,Asia,2000,2000,0.782,E
Oman,OMN,Asia,2001,2000,0.872,E
Oman,OMN,Asia,2002,2000,1.143,E
Oman,OMN,Asia,2003,2000,1.054,E
Oman,OMN,Asia,2004,2000,0.991,E
Oman,OMN,Asia,2005,2000,1.022,E
Oman,OMN,Asia,2006,2000,1.071,E
Oman,OMN,Asia,2007,2000,0.919,E
Oman,OMN,Asia,2008,2000,0.772,E
Oman,OMN,Asia,2009,2000,0.977,E
Oman,OMN,Asia,2010,2010,1.37,E
Oman,OMN,Asia,2011,2010,1.088,E
Oman,OMN,Asia,2012,2010,1.036,E
Oman,OMN,Asia,2013,2010,0.772,E
Oman,OMN,Asia,2014,2010,0.805,E
Oman,OMN,Asia,2015,2010,1.571,E
Oman,OMN,Asia,2016,2010,1.212,E
Oman,OMN,Asia,2017,2010,1.743,E
Oman,OMN,Asia,2018,2010,1.476,E
Oman,OMN,Asia,2019,2010,1.211,E
Oman,OMN,Asia,2020,2020,0.836,E
Oman,OMN,Asia,2021,2020,1.598,E
Oman,OMN,Asia,2022,2020,1.342,E
Oman,OMN,Asia,2023,2020,1.482,E
Oman,OMN,Asia,2024,2020,1.638,E
Oman,OMN,Asia,2025,2020,1.278,E
Pakistan,PAK,Asia,1961,1960,-0.258,E
Pakistan,PAK,Asia,1962,1960,-0.227,E
Pakistan,PAK,Asia,1963,1960,0.428,E
Pakistan,PAK,Asia,1964,1960,-0.373,E
Pakistan,PAK,Asia,1965,1960,-0.3,E
Pakistan,PAK,Asia,1966,1960,-0.153,E
Pakistan,PAK,Asia,1967,1960,-0.32,E
Pakistan,PAK,Asia,1968,1960,-0.468,E
Pakistan,PAK,Asia,1969,1960,0.251,E
Pakistan,PAK,Asia,1970,1970,0.55,E
Pakistan,PAK,Asia,1971,1970,0.163,E
Pakistan,PAK,Asia,1972,1970,-0.516,E
Pakistan,PAK,Asia,1973,1970,0.064,E
Pakistan,PAK,Asia,1974,1970,-0.211,E
Pakistan,PAK,Asia,1975,1970,-0.595,E
Pakistan,PAK,Asia,1976,1970,-0.276,E
Pakistan,PAK,Asia,1977,1970,0.373,E
Pakistan,PAK,Asia,1978,1970,-0.036,E
Pakistan,PAK,Asia,1979,1970,-0.026,E
Pakistan,PAK,Asia,1980,1980,0.479,E
Pakistan,PAK,Asia,1981,1980,0.283,E
Pakistan,PAK,Asia,1982,1980,-0.389,E
Pakistan,PAK,Asia,1983,1980,-0.436,E
Pakistan,PAK,Asia,1984,1980,-0.226,E
Pakistan,PAK,Asia,1985,1980,0.196,E
Pakistan,PAK,Asia,1986,1980,-0.34,E
Pakistan,PAK,Asia,1987,1980,0.12,E
Pakistan,PAK,Asia,1988,1980,0.67,E
Pakistan,PAK,Asia,1989,1980,-0.348,E
Pakistan,PAK,Asia,1990,1990,0.304,E
Pakistan,PAK,Asia,1991,1990,-0.342,E
Pakistan,PAK,Asia,1992,1990,-0.429,E
Pakistan,PAK,Asia,1993,1990,0.404,E
Pakistan,PAK,Asia,1994,1990,0.149,E
Pakistan,PAK,Asia,1995,1990,-0.126,E
Pakistan,PAK,Asia,1996,1990,-0.16,E
Pakistan,PAK,Asia,1997,1990,-0.4,E
Pakistan,PAK,Asia,1998,1990,0.437,E
Pakistan,PAK,Asia,1999,1990,0.814,E
Pakistan,PAK,Asia,2000,2000,0.656,E
Pakistan,PAK,Asia,2001,2000,0.728,E
Pakistan,PAK,Asia,2002,2000,0.997,E
Pakistan,PAK,Asia,2003,2000,0.489,E
Pakistan,PAK,Asia,2004,2000,1.037,E
Pakistan,PAK,Asia,2005,2000,0.214,E
Pakistan,PAK,Asia,2006,2000,1.037,E
Pakistan,PAK,Asia,2007,2000,0.628,E
Pakistan,PAK,Asia,2008,2000,0.352,E
Pakistan,PAK,Asia,2009,2000,1.008,E
Pakistan,PAK,Asia,2010,2010,1.282,E
Pakistan,PAK,Asia,2011,2010,0.804,E
Pakistan,PAK,Asia,2012,2010,0.278,E
Pakistan,PAK,Asia,2013,2010,0.789,E
Pakistan,PAK,Asia,2014,2010,0.383,E
Pakistan,PAK,Asia,2015,2010,0.592,E
Pakistan,PAK,Asia,2016,2010,1.254,E
Pakistan,PAK,Asia,2017,2010,1.33,E
Pakistan,PAK,Asia,2018,2010,1.431,E
Pakistan,PAK,Asia,2019,2010,0.616,E
Pakistan,PAK,Asia,2020,2020,0.441,E
Pakistan,PAK,Asia,2021,2020,1.133,E
Pakistan,PAK,Asia,2022,2020,1.39,E
Pakistan,PAK,Asia,2023,2020,1.088,E
Pakistan,PAK,Asia,2024,2020,1.526,E
Pakistan,PAK,Asia,2025,2020,1.581,E
Palau,PLW,Oceania,1991,1990,,O
Palau,PLW,Oceania,1992,1990,0.097,E
Palau,PLW,Oceania,1993,1990,0.056,E
Palau,PLW,Oceania,1994,1990,0.253,E
Palau,PLW,Oceania,1995,1990,0.131,E
Palau,PLW,Oceania,1996,1990,0.215,E
Palau,PLW,Oceania,1997,1990,0.383,E
Palau,PLW,Oceania,1998,1990,0.498,E
Palau,PLW,Oceania,1999,1990,0.31,E
Palau,PLW,Oceania,2000,2000,0.351,E
Palau,PLW,Oceania,2001,2000,0.314,E
Palau,PLW,Oceania,2002,2000,0.475,E
Palau,PLW,Oceania,2003,2000,0.315,E
Palau,PLW,Oceania,2004,2000,0.564,E
Palau,PLW,Oceania,2005,2000,0.424,E
Palau,PLW,Oceania,2006,2000,0.468,E
Palau,PLW,Oceania,2007,2000,0.57,E
Palau,PLW,Oceania,2008,2000,,O
Palau,PLW,Oceania,2009,2000,0.691,E
Palau,PLW,Oceania,2010,2010,0.642,E
Palau,PLW,Oceania,2011,2010,0.649,E
Palau,PLW,Oceania,2012,2010,,O
Palau,PLW,Oceania,2013,2010,0.539,E
Palau,PLW,Oceania,2014,2010,0.597,E
Palau,PLW,Oceania,2015,2010,0.867,E
Palau,PLW,Oceania,2016,2010,0.92,E
Palau,PLW,Oceania,2017,2010,0.923,E
Palau,PLW,Oceania,2018,2010,1.12,E
Palau,PLW,Oceania,2019,2010,,O
Palau,PLW,Oceania,2020,2020,1.116,E
Palau,PLW,Oceania,2021,2020,0.912,E
Palau,PLW,Oceania,2022,2020,0.833,E
Palau,PLW,Oceania,2023,2020,0.752,E
Palau,PLW,Oceania,2024,2020,1.203,E
Palau,PLW,Oceania,2025,2020,1.049,E
Palestine,PSE,Asia,1961,1960,-0.116,E
Palestine,PSE,Asia,1962,1960,0.868,E
Palestine,PSE,Asia,1963,1960,0.851,E
Palestine,PSE,Asia,1964,1960,-0.622,E
Palestine,PSE,Asia,1965,1960,-0.025,E
Palestine,PSE,Asia,1966,1960,0.625,E
Palestine,PSE,Asia,1967,1960,-0.891,E
Palestine,PSE,Asia,1968,1960,-0.069,E
Palestine,PSE,Asia,1969,1960,0.271,E
Palestine,PSE,Asia,1970,1970,0.226,E
Palestine,PSE,Asia,1971,1970,-0.313,E
Palestine,PSE,Asia,1972,1970,-0.468,E
Palestine,PSE,Asia,1973,1970,-0.451,E
Palestine,PSE,Asia,1974,1970,-0.231,E
Palestine,PSE,Asia,1975,1970,-0.383,E
Palestine,PSE,Asia,1976,1970,-0.547,E
Palestine,PSE,Asia,1977,1970,0.028,E
Palestine,PSE,Asia,1978,1970,-0.055,E
Palestine,PSE,Asia,1979,1970,0.628,E
Palestine,PSE,Asia,1980,1980,-0.182,E
Palestine,PSE,Asia,1981,1980,-0.197,E
Palestine,PSE,Asia,1982,1980,-0.543,E
Palestine,PSE,Asia,1983,1980,-1.047,E
Palestine,PSE,Asia,1984,1980,-0.18,E
Palestine,PSE,Asia,1985,1980,0.038,E
Palestine,PSE,Asia,1986,1980,0.075,E
Palestine,PSE,Asia,1987,1980,-0.29,E
Palestine,PSE,Asia,1988,1980,0.043,E
Palestine,PSE,Asia,1989,1980,-0.163,E
Palestine,PSE,Asia,1990,1990,-0.089,E
Palestine,PSE,Asia,1991,1990,0.435,E
Palestine,PSE,Asia,1992,1990,-1.004,E
Palestine,PSE,Asia,1993,1990,-0.319,E
Palestine,PSE,Asia,1994,1990,0.866,E
Palestine,PSE,Asia,1995,1990,-0.103,E
Palestine,PSE,Asia,1996,1990,0.398,E
Palestine,PSE,Asia,1997,1990,-0.063,E
Palestine,PSE,Asia,1998,1990,0.949,E
Palestine,PSE,Asia,1999,1990,0.955,E
Palestine,PSE,Asia,2000,2000,0.319,E
Palestine,PSE,Asia,2001,2000,0.928,E
Palestine,PSE,Asia,2002,2000,0.779,E
Palestine,PSE,Asia,2003,2000,0.602,E
Palestine,PSE,Asia,2004,2000,0.596,E
Palestine,PSE,Asia,2005,2000,0.26,E
Palestine,PSE,Asia,2006,2000,0.675,E
Palestine,PSE,Asia,2007,2000,0.587,E
Palestine,PSE,Asia,2008,2000,0.821,E
Palestine,PSE,Asia,2009,2000,0.879,E
Palestine,PSE,Asia,2010,2010,2.373,E
Palestine,PSE,Asia,2011,2010,0.589,E
Palestine,PSE,Asia,2012,2010,1.042,E
Palestine,PSE,Asia,2013,2010,1.125,E
Palestine,PSE,Asia,2014,2010,0.91,E
Palestine,PSE,Asia,2015,2010,1.397,E
Palestine,PSE,Asia,2016,2010,1.709,E
Palestine,PSE,Asia,2017,2010,0.833,E
Palestine,PSE,Asia,2018,2010,2.064,E
Palestine,PSE,Asia,2019,2010,1.203,E
Palestine,PSE,Asia,2020,2020,1.441,E
Palestine,PSE,Asia,2021,2020,1.777,E
Palestine,PSE,Asia,2022,2020,1.012,E
Palestine,PSE,Asia,2023,2020,1.855,E
Palestine,PSE,Asia,2024,2020,2.225,E
Palestine,PSE,Asia,2025,2020,1.702,E
Panama,PAN,North America,1961,1960,-0.117,E
Panama,PAN,North America,1962,1960,-0.479,E
Panama,PAN,North America,1963,1960,-0.167,E
Panama,PAN,North America,1964,1960,-0.344,E
Panama,PAN,North America,1965,1960,-0.27,E
Panama,PAN,North America,1966,1960,0.025,E
Panama,PAN,North America,1967,1960,-0.301,E
Panama,PAN,North America,1968,1960,-0.222,E
Panama,PAN,North America,1969,1960,0.173,E
Panama,PAN,North America,1970,1970,0.069,E
Panama,PAN,North America,1971,1970,-0.329,E
Panama,PAN,North America,1972,1970,0.121,E
Panama,PAN,North America,1973,1970,0.168,E
Panama,PAN,North America,1974,1970,-0.382,E
Panama,PAN,North America,1975,1970,-0.327,E
Panama,PAN,North America,1976,1970,-0.016,E
Panama,PAN,North America,1977,1970,0.298,E
Panama,PAN,North America,1978,1970,0.201,E
Panama,PAN,North America,1979,1970,0.229,E
Panama,PAN,North America,1980,1980,0.522,E
Panama,PAN,North America,1981,1980,0.313,E
Panama,PAN,North America,1982,1980,0.346,E
Panama,PAN,North America,1983,1980,0.933,E
Panama,PAN,North America,1984,1980,0.048,E
Panama,PAN,North America,1985,1980,-0.103,E
Panama,PAN,North America,1986,1980,0.217,E
Panama,PAN,North America,1987,1980,0.682,E
Panama,PAN,North America,1988,1980,0.302,E
Panama,PAN,North America,1989,1980,0.148,E
Panama,PAN,North America,1990,1990,0.441,E
Panama,PAN,North America,1991,1990,0.544,E
Panama,PAN,North America,1992,1990,0.401,E
Panama,PAN,North America,1993,1990,0.475,E
Panama,PAN,North America,1994,1990,0.415,E
Panama,PAN,North America,1995,1990,0.547,E
Panama,PAN,North America,1996,1990,0.38,E
Panama,PAN,North America,1997,1990,0.683,E
Panama,PAN,North America,1998,1990,1.084,E
Panama,PAN,North America,1999,1990,0.028,E
Panama,PAN,North America,2000,2000,0.13,E
Panama,PAN,North America,2001,2000,0.679,E
Panama,PAN,North America,2002,2000,0.99,E
Panama,PAN,North America,2003,2000,0.976,E
Panama,PAN,North America,2004,2000,0.773,E
Panama,PAN,North America,2005,2000,0.897,E
Panama,PAN,North America,2006,2000,0.742,E
Panama,PAN,North America,2007,2000,0.764,E
Panama,PAN,North America,2008,2000,0.472,E
Panama,PAN,North America,2009,2000,0.98,E
Panama,PAN,North America,2010,2010,1.059,E
Panama,PAN,North America,2011,2010,0.654,E
Panama,PAN,North America,2012,2010,0.602,E
Panama,PAN,North America,2013,2010,0.905,E
Panama,PAN,North America,2014,2010,0.871,E
Panama,PAN,North America,2015,2010,1.113,E
Panama,PAN,North America,2016,2010,1.033,E
Panama,PAN,North America,2017,2010,0.887,E
Panama,PAN,North America,2018,2010,1.29,E
Panama,PAN,North America,2019,2010,1.487,E
Panama,PAN,North America,2020,2020,1.565,E
Panama,PAN,North America,2021,2020,1.146,E
Panama,PAN,North America,2022,2020,0.944,E
Panama,PAN,North America,2023,2020,1.652,E
Panama,PAN,North America,2024,2020,1.98,E
Panama,PAN,North America,2025,2020,1.865,E
Papua New Guinea,PNG,Oceania,1961,1960,-0.187,E
Papua New Guinea,PNG,Oceania,1962,1960,0.207,E
Papua New Guinea,PNG,Oceania,1963,1960,-0.032,E
Papua New Guinea,PNG,Oceania,1964,1960,0.075,E
Papua New Guinea,PNG,Oceania,1965,1960,-0.505,E
Papua New Guinea,PNG,Oceania,1966,1960,-0.098,E
Papua New Guinea,PNG,Oceania,1967,1960,-0.229,E
Papua New Guinea,PNG,Oceania,1968,1960,-0.082,E
Papua New Guinea,PNG,Oceania,1969,1960,0.174,E
Papua New Guinea,PNG,Oceania,1970,1970,0.214,E
Papua New Guinea,PNG,Oceania,1971,1970,-0.013,E
Papua New Guinea,PNG,Oceania,1972,1970,-0.349,E
Papua New Guinea,PNG,Oceania,1973,1970,0.168,E
Papua New Guinea,PNG,Oceania,1974,1970,0.02,E
Papua New Guinea,PNG,Oceania,1975,1970,0.039,E
Papua New Guinea,PNG,Oceania,1976,1970,-0.304,E
Papua New Guinea,PNG,Oceania,1977,1970,-0.119,E
Papua New Guinea,PNG,Oceania,1978,1970,0.143,E
Papua New Guinea,PNG,Oceania,1979,1970,0.085,E
Papua New Guinea,PNG,Oceania,1980,1980,0.123,E
Papua New Guinea,PNG,Oceania,1981,1980,0.232,E
Papua New Guinea,PNG,Oceania,1982,1980,-0.147,E
Papua New Guinea,PNG,Oceania,1983,1980,0.263,E
Papua New Guinea,PNG,Oceania,1984,1980,0.224,E
Papua New Guinea,PNG,Oceania,1985,1980,0.136,E
Papua New Guinea,PNG,Oceania,1986,1980,0.214,E
Papua New Guinea,PNG,Oceania,1987,1980,0.245,E
Papua New Guinea,PNG,Oceania,1988,1980,0.541,E
Papua New Guinea,PNG,Oceania,1989,1980,0.287,E
Papua New Guinea,PNG,Oceania,1990,1990,0.278,E
Papua New Guinea,PNG,Oceania,1991,1990,0.123,E
Papua New Guinea,PNG,Oceania,1992,1990,0.379,E
Papua New Guinea,PNG,Oceania,1993,1990,0.206,E
Papua New Guinea,PNG,Oceania,1994,1990,0.197,E
Papua New Guinea,PNG,Oceania,1995,1990,0.434,E
Papua New Guinea,PNG,Oceania,1996,1990,0.354,E
Papua New Guinea,PNG,Oceania,1997,1990,-0.093,E
Papua New Guinea,PNG,Oceania,1998,1990,0.86,E
Papua New Guinea,PNG,Oceania,1999,1990,0.124,E
Papua New Guinea,PNG,Oceania,2000,2000,0.183,E
Papua New Guinea,PNG,Oceania,2001,2000,0.3,E
Papua New Guinea,PNG,Oceania,2002,2000,0.519,E
Papua New Guinea,PNG,Oceania,2003,2000,0.523,E
Papua New Guinea,PNG,Oceania,2004,2000,0.231,E
Papua New Guinea,PNG,Oceania,2005,2000,0.501,E
Papua New Guinea,PNG,Oceania,2006,2000,0.122,E
Papua New Guinea,PNG,Oceania,2007,2000,0.296,E
Papua New Guinea,PNG,Oceania,2008,2000,0.148,E
Papua New Guinea,PNG,Oceania,2009,2000,0.189,E
Papua New Guinea,PNG,Oceania,2010,2010,0.809,E
Papua New Guinea,PNG,Oceania,2011,2010,0.129,E
Papua New Guinea,PNG,Oceania,2012,2010,0.055,E
Papua New Guinea,PNG,Oceania,2013,2010,0.508,E
Papua New Guinea,PNG,Oceania,2014,2010,0.253,E
Papua New Guinea,PNG,Oceania,2015,2010,0.188,E
Papua New Guinea,PNG,Oceania,2016,2010,0.834,E
Papua New Guinea,PNG,Oceania,2017,2010,0.661,E
Papua New Guinea,PNG,Oceania,2018,2010,0.428,E
Papua New Guinea,PNG,Oceania,2019,2010,0.445,E
Papua New Guinea,PNG,Oceania,2020,2020,0.818,E
Papua New Guinea,PNG,Oceania,2021,2020,0.947,E
Papua New Guinea,PNG,Oceania,2022,2020,0.979,E
Papua New Guinea,PNG,Oceania,2023,2020,0.529,E
Papua New Guinea,PNG,Oceania,2024,2020,1.045,E
Papua New Guinea,PNG,Oceania,2025,2020,0.834,E
Paraguay,PRY,South America,1961,1960,0.528,E
Paraguay,PRY,South America,1962,1960,-0.693,E
Paraguay,PRY,South America,1963,1960,0.847,E
Paraguay,PRY,South America,1964,1960,-0.291,E
Paraguay,PRY,South America,1965,1960,-0.092,E
Paraguay,PRY,South America,1966,1960,-0.082,E
Paraguay,PRY,South America,1967,1960,0.488,E
Paraguay,PRY,South America,1968,1960,-0.059,E
Paraguay,PRY,South America,1969,1960,0.392,E
Paraguay,PRY,South America,1970,1970,0.293,E
Paraguay,PRY,South America,1971,1970,-0.378,E
Paraguay,PRY,South America,1972,1970,0.454,E
Paraguay,PRY,South America,1973,1970,0.114,E
Paraguay,PRY,South America,1974,1970,-0.204,E
Paraguay,PRY,South America,1975,1970,-0.028,E
Paraguay,PRY,South America,1976,1970,-0.35,E
Paraguay,PRY,South America,1977,1970,0.793,E
Paraguay,PRY,South America,1978,1970,0.705,E
Paraguay,PRY,South America,1979,1970,0.174,E
Paraguay,PRY,South America,1980,1980,0.254,E
Paraguay,PRY,South America,1981,1980,0.487,E
Paraguay,PRY,South America,1982,1980,0.44,E
Paraguay,PRY,South America,1983,1980,-0.248,E
Paraguay,PRY,South America,1984,1980,0.523,E
Paraguay,PRY,South America,1985,1980,0.449,E
Paraguay,PRY,South America,1986,1980,0.891,E
Paraguay,PRY,South America,1987,1980,0.246,E
Paraguay,PRY,South America,1988,1980,0.011,E
Paraguay,PRY,South America,1989,1980,-0.008,E
Paraguay,PRY,South America,1990,1990,0.122,E
Paraguay,PRY,South America,1991,1990,0.755,E
Paraguay,PRY,South America,1992,1990,-0.295,E
Paraguay,PRY,South America,1993,1990,0.299,E
Paraguay,PRY,South America,1994,1990,0.977,E
Paraguay,PRY,South America,1995,1990,0.651,E
Paraguay,PRY,South America,1996,1990,0.222,E
Paraguay,PRY,South America,1997,1990,0.994,E
Paraguay,PRY,South America,1998,1990,0.293,E
Paraguay,PRY,South America,1999,1990,0.145,E
Paraguay,PRY,South America,2000,2000,0.209,E
Paraguay,PRY,South America,2001,2000,0.731,E
Paraguay,PRY,South America,2002,2000,1.207,E
Paraguay,PRY,South America,2003,2000,0.851,E
Paraguay,PRY,South America,2004,2000,0.483,E
Paraguay,PRY,South America,2005,2000,0.634,E
Paraguay,PRY,South America,2006,2000,1.018,E
Paraguay,PRY,South America,2007,2000,0.378,E
Paraguay,PRY,South America,2008,2000,0.393,E
Paraguay,PRY,South America,2009,2000,1.04,E
Paraguay,PRY,South America,2010,2010,0.483,E
Paraguay,PRY,South America,2011,2010,0.721,E
Paraguay,PRY,South America,2012,2010,0.963,E
Paraguay,PRY,South America,2013,2010,0.486,E
Paraguay,PRY,South America,2014,2010,1.294,E
Paraguay,PRY,South America,2015,2010,1.64,E
Paraguay,PRY,South America,2016,2010,0.375,E
Paraguay,PRY,South America,2017,2010,1.269,E
Paraguay,PRY,South America,2018,2010,0.652,E
Paraguay,PRY,South America,2019,2010,1.43,E
Paraguay,PRY,South America,2020,2020,1.527,E
Paraguay,PRY,South America,2021,2020,0.862,E
Paraguay,PRY,South America,2022,2020,0.829,E
Paraguay,PRY,South America,2023,2020,1.934,E
Paraguay,PRY,South America,2024,2020,2.096,E
Paraguay,PRY,South America,2025,2020,0.698,E
Peru,PER,South America,1961,1960,-0.013,E
Peru,PER,South America,1962,1960,-0.155,E
Peru,PER,South America,1963,1960,0.01,E
Peru,PER,South America,1964,1960,-0.238,E
Peru,PER,South America,1965,1960,0.135,E
Peru,PER,South America,1966,1960,0.047,E
Peru,PER,South America,1967,1960,-0.267,E
Peru,PER,South America,1968,1960,-0.305,E
Peru,PER,South America,1969,1960,0.451,E
Peru,PER,South America,1970,1970,-0.055,E
Peru,PER,South America,1971,1970,-0.473,E
Peru,PER,South America,1972,1970,0.302,E
Peru,PER,South America,1973,1970,0.152,E
Peru,PER,South America,1974,1970,-0.297,E
Peru,PER,South America,1975,1970,-0.261,E
Peru,PER,South America,1976,1970,-0.077,E
Peru,PER,South America,1977,1970,0.283,E
Peru,PER,South America,1978,1970,0.151,E
Peru,PER,South America,1979,1970,0.282,E
Peru,PER,South America,1980,1980,0.414,E
Peru,PER,South America,1981,1980,0.087,E
Peru,PER,South America,1982,1980,0.202,E
Peru,PER,South America,1983,1980,1.242,E
Peru,PER,South America,1984,1980,0.213,E
Peru,PER,South America,1985,1980,0.1,E
Peru,PER,South America,1986,1980,0.125,E
Peru,PER,South America,1987,1980,0.874,E
Peru,PER,South America,1988,1980,0.451,E
Peru,PER,South America,1989,1980,0.047,E
Peru,PER,South America,1990,1990,0.345,E
Peru,PER,South America,1991,1990,0.511,E
Peru,PER,South America,1992,1990,0.902,E
Peru,PER,South America,1993,1990,0.538,E
Peru,PER,South America,1994,1990,0.483,E
Peru,PER,South America,1995,1990,0.737,E
Peru,PER,South America,1996,1990,0.128,E
Peru,PER,South America,1997,1990,0.881,E
Peru,PER,South America,1998,1990,1.25,E
Peru,PER,South America,1999,1990,0.209,E
Peru,PER,South America,2000,2000,0.324,E
Peru,PER,South America,2001,2000,0.338,E
Peru,PER,South America,2002,2000,0.728,E
Peru,PER,South America,2003,2000,0.673,E
Peru,PER,South America,2004,2000,0.702,E
Peru,PER,South America,2005,2000,0.778,E
Peru,PER,South America,2006,2000,0.773,E
Peru,PER,South America,2007,2000,0.483,E
Peru,PER,South America,2008,2000,0.605,E
Peru,PER,South America,2009,2000,0.877,E
Peru,PER,South America,2010,2010,1.031,E
Peru,PER,South America,2011,2010,0.821,E
Peru,PER,South America,2012,2010,0.965,E
Peru,PER,South America,2013,2010,0.663,E
Peru,PER,South America,2014,2010,0.947,E
Peru,PER,South America,2015,2010,1.342,E
Peru,PER,South America,2016,2010,1.431,E
Peru,PER,South America,2017,2010,1.044,E
Peru,PER,South America,2018,2010,0.799,E
Peru,PER,South America,2019,2010,1.157,E
Peru,PER,South America,2020,2020,1.542,E
Peru,PER,South America,2021,2020,1.091,E
Peru,PER,South America,2022,2020,0.512,E
Peru,PER,South America,2023,2020,2.012,E
Peru,PER,South America,2024,2020,1.915,E
Peru,PER,South America,2025,2020,1.184,E
Philippines,PHL,Asia,1961,1960,-0.135,E
Philippines,PHL,Asia,1962,1960,-0.101,E
Philippines,PHL,Asia,1963,1960,-0.341,E
Philippines,PHL,Asia,1964,1960,0.009,E
Philippines,PHL,Asia,1965,1960,-0.277,E
Philippines,PHL,Asia,1966,1960,0.18,E
Philippines,PHL,Asia,1967,1960,-0.138,E
Philippines,PHL,Asia,1968,1960,-0.109,E
Philippines,PHL,Asia,1969,1960,0.124,E
Philippines,PHL,Asia,1970,1970,0.19,E
Philippines,PHL,Asia,1971,1970,-0.293,E
Philippines,PHL,Asia,1972,1970,0.016,E
Philippines,PHL,Asia,1973,1970,0.263,E
Philippines,PHL,Asia,1974,1970,-0.097,E
Philippines,PHL,Asia,1975,1970,0.029,E
Philippines,PHL,Asia,1976,1970,-0.142,E
Philippines,PHL,Asia,1977,1970,0.259,E
Philippines,PHL,Asia,1978,1970,0.183,E
Philippines,PHL,Asia,1979,1970,0.328,E
Philippines,PHL,Asia,1980,1980,0.105,E
Philippines,PHL,Asia,1981,1980,0.244,E
Philippines,PHL,Asia,1982,1980,0.157,E
Philippines,PHL,Asia,1983,1980,0.636,E
Philippines,PHL,Asia,1984,1980,0.168,E
Philippines,PHL,Asia,1985,1980,0.356,E
Philippines,PHL,Asia,1986,1980,0.288,E
Philippines,PHL,Asia,1987,1980,0.566,E
Philippines,PHL,Asia,1988,1980,0.746,E
Philippines,PHL,Asia,1989,1980,0.224,E
Philippines,PHL,Asia,1990,1990,0.4,E
Philippines,PHL,Asia,1991,1990,0.343,E
Philippines,PHL,Asia,1992,1990,0.343,E
Philippines,PHL,Asia,1993,1990,0.295,E
Philippines,PHL,Asia,1994,1990,0.359,E
Philippines,PHL,Asia,1995,1990,0.396,E
Philippines,PHL,Asia,1996,1990,0.336,E
Philippines,PHL,Asia,1997,1990,0.412,E
Philippines,PHL,Asia,1998,1990,1.22,E
Philippines,PHL,Asia,1999,1990,0.448,E
Philippines,PHL,Asia,2000,2000,0.565,E
Philippines,PHL,Asia,2001,2000,0.641,E
Philippines,PHL,Asia,2002,2000,0.541,E
Philippines,PHL,Asia,2003,2000,0.665,E
Philippines,PHL,Asia,2004,2000,0.563,E
Philippines,PHL,Asia,2005,2000,0.67,E
Philippines,PHL,Asia,2006,2000,0.714,E
Philippines,PHL,Asia,2007,2000,0.771,E
Philippines,PHL,Asia,2008,2000,0.439,E
Philippines,PHL,Asia,2009,2000,0.569,E
Philippines,PHL,Asia,2010,2010,0.902,E
Philippines,PHL,Asia,2011,2010,0.472,E
Philippines,PHL,Asia,2012,2010,0.778,E
Philippines,PHL,Asia,2013,2010,0.905,E
Philippines,PHL,Asia,2014,2010,0.737,E
Philippines,PHL,Asia,2015,2010,0.953,E
Philippines,PHL,Asia,2016,2010,1.416,E
Philippines,PHL,Asia,2017,2010,1.016,E
Philippines,PHL,Asia,2018,2010,1.03,E
Philippines,PHL,Asia,2019,2010,1.118,E
Philippines,PHL,Asia,2020,2020,1.289,E
Philippines,PHL,Asia,2021,2020,1.141,E
Philippines,PHL,Asia,2022,2020,1.107,E
Philippines,PHL,Asia,2023,2020,1.307,E
Philippines,PHL,Asia,2024,2020,1.443,E
Philippines,PHL,Asia,2025,2020,0.905,E
Pitcairn,PCN,Oceania,1961,1960,0.561,E
Pitcairn,PCN,Oceania,1962,1960,0.109,E
Pitcairn,PCN,Oceania,1963,1960,0.182,E
Pitcairn,PCN,Oceania,1964,1960,0.245,E
Pitcairn,PCN,Oceania,1965,1960,0.232,E
Pitcairn,PCN,Oceania,1966,1960,-0.485,E
Pitcairn,PCN,Oceania,1967,1960,0.388,E
Pitcairn,PCN,Oceania,1968,1960,-0.385,E
Pitcairn,PCN,Oceania,1969,1960,-0.276,E
Pitcairn,PCN,Oceania,1970,1970,0.372,E
Pitcairn,PCN,Oceania,1971,1970,0.061,E
Pitcairn,PCN,Oceania,1972,1970,-0.33,E
Pitcairn,PCN,Oceania,1973,1970,-0.317,E
Pitcairn,PCN,Oceania,1974,1970,0.039,E
Pitcairn,PCN,Oceania,1975,1970,0.134,E
Pitcairn,PCN,Oceania,1976,1970,-0.229,E
Pitcairn,PCN,Oceania,1977,1970,-0.557,E
Pitcairn,PCN,Oceania,1978,1970,-0.099,E
Pitcairn,PCN,Oceania,1979,1970,-0.39,E
Pitcairn,PCN,Oceania,1980,1980,-0.05,E
Pitcairn,PCN,Oceania,1981,1980,0.012,E
Pitcairn,PCN,Oceania,1982,1980,0.108,E
Pitcairn,PCN,Oceania,1983,1980,-0.547,E
Pitcairn,PCN,Oceania,1984,1980,0.338,E
Pitcairn,PCN,Oceania,1985,1980,0.535,E
Pitcairn,PCN,Oceania,1986,1980,0.319,E
Pitcairn,PCN,Oceania,1987,1980,-0.086,E
Pitcairn,PCN,Oceania,1988,1980,0.172,E
Pitcairn,PCN,Oceania,1989,1980,0.486,E
Pitcairn,PCN,Oceania,1990,1990,0.264,E
Pitcairn,PCN,Oceania,1991,1990,-0.16,E
Pitcairn,PCN,Oceania,1992,1990,-0.27,E
Pitcairn,PCN,Oceania,1993,1990,-0.449,E
Pitcairn,PCN,Oceania,1994,1990,-0.088,E
Pitcairn,PCN,Oceania,1995,1990,0.069,E
Pitcairn,PCN,Oceania,1996,1990,-0.144,E
Pitcairn,PCN,Oceania,1997,1990,-0.163,E
Pitcairn,PCN,Oceania,1998,1990,-0.356,E
Pitcairn,PCN,Oceania,1999,1990,,O
Pitcairn,PCN,Oceania,2000,2000,0.584,E
Pitcairn,PCN,Oceania,2001,2000,0.34,E
Pitcairn,PCN,Oceania,2002,2000,0.679,E
Pitcairn,PCN,Oceania,2003,2000,0.025,E
Pitcairn,PCN,Oceania,2004,2000,-0.37,E
Pitcairn,PCN,Oceania,2005,2000,-0.142,E
Pitcairn,PCN,Oceania,2006,2000,0.618,E
Pitcairn,PCN,Oceania,2007,2000,0.195,E
Pitcairn,PCN,Oceania,2008,2000,0.113,E
Pitcairn,PCN,Oceania,2009,2000,-0.047,E
Pitcairn,PCN,Oceania,2010,2010,0.142,E
Pitcairn,PCN,Oceania,2011,2010,,O
Pitcairn,PCN,Oceania,2012,2010,,O
Pitcairn,PCN,Oceania,2013,2010,,O
Pitcairn,PCN,Oceania,2014,2010,,O
Pitcairn,PCN,Oceania,2015,2010,,O
Pitcairn,PCN,Oceania,2016,2010,,O
Pitcairn,PCN,Oceania,2017,2010,,O
Pitcairn,PCN,Oceania,2018,2010,,O
Pitcairn,PCN,Oceania,2019,2010,,O
Pitcairn,PCN,Oceania,2020,2020,,O
Pitcairn,PCN,Oceania,2021,2020,,O
Pitcairn,PCN,Oceania,2022,2020,,O
Pitcairn,PCN,Oceania,2023,2020,,O
Pitcairn,PCN,Oceania,2024,2020,,O
Pitcairn,PCN,Oceania,2025,2020,,O
Poland,POL,Europe,1961,1960,1.398,E
Poland,POL,Europe,1962,1960,-0.512,E
Poland,POL,Europe,1963,1960,-0.881,E
Poland,POL,Europe,1964,1960,-0.712,E
Poland,POL,Europe,1965,1960,-1.061,E
Poland,POL,Europe,1966,1960,0.558,E
Poland,POL,Europe,1967,1960,1.14,E
Poland,POL,Europe,1968,1960,0.462,E
Poland,POL,Europe,1969,1960,-0.487,E
Poland,POL,Europe,1970,1970,-1.281,E
Poland,POL,Europe,1971,1970,0.14,E
Poland,POL,Europe,1972,1970,0.482,E
Poland,POL,Europe,1973,1970,0.422,E
Poland,POL,Europe,1974,1970,0.493,E
Poland,POL,Europe,1975,1970,1.489,E
Poland,POL,Europe,1976,1970,-0.293,E
Poland,POL,Europe,1977,1970,0.428,E
Poland,POL,Europe,1978,1970,-0.231,E
Poland,POL,Europe,1979,1970,-0.775,E
Poland,POL,Europe,1980,1980,-0.762,E
Poland,POL,Europe,1981,1980,0.431,E
Poland,POL,Europe,1982,1980,0.318,E
Poland,POL,Europe,1983,1980,1.444,E
Poland,POL,Europe,1984,1980,0.23,E
Poland,POL,Europe,1985,1980,-1.052,E
Poland,POL,Europe,1986,1980,0.01,E
Poland,POL,Europe,1987,1980,-1.086,E
Poland,POL,Europe,1988,1980,0.672,E
Poland,POL,Europe,1989,1980,1.686,E
Poland,POL,Europe,1990,1990,1.701,E
Poland,POL,Europe,1991,1990,0.404,E
Poland,POL,Europe,1992,1990,1.138,E
Poland,POL,Europe,1993,1990,0.059,E
Poland,POL,Europe,1994,1990,1.364,E
Poland,POL,Europe,1995,1990,1.104,E
Poland,POL,Europe,1996,1990,-0.797,E
Poland,POL,Europe,1997,1990,0.004,E
Poland,POL,Europe,1998,1990,0.937,E
Poland,POL,Europe,1999,1990,1.189,E
Poland,POL,Europe,2000,2000,1.871,E
Poland,POL,Europe,2001,2000,1.275,E
Poland,POL,Europe,2002,2000,1.691,E
Poland,POL,Europe,2003,2000,0.356,E
Poland,POL,Europe,2004,2000,0.77,E
Poland,POL,Europe,2005,2000,0.869,E
Poland,POL,Europe,2006,2000,0.822,E
Poland,POL,Europe,2007,2000,2.134,E
Poland,POL,Europe,2008,2000,1.737,E
Poland,POL,Europe,2009,2000,1.255,E
Poland,POL,Europe,2010,2010,0.383,E
Poland,POL,Europe,2011,2010,0.745,E
Poland,POL,Europe,2012,2010,1.361,E
Poland,POL,Europe,2013,2010,0.631,E
Poland,POL,Europe,2014,2010,2.353,E
Poland,POL,Europe,2015,2010,1.988,E
Poland,POL,Europe,2016,2010,2.03,E
Poland,POL,Europe,2017,2010,1.45,E
Poland,POL,Europe,2018,2010,2.41,E
Poland,POL,Europe,2019,2010,2.622,E
Poland,POL,Europe,2020,2020,2.648,E
Poland,POL,Europe,2021,2020,1.429,E
Poland,POL,Europe,2022,2020,2.017,E
Poland,POL,Europe,2023,2020,2.456,E
Poland,POL,Europe,2024,2020,3.35,E
Poland,POL,Europe,2025,2020,2.056,E
Portugal,PRT,Europe,1961,1960,0.826,E
Portugal,PRT,Europe,1962,1960,0.541,E
Portugal,PRT,Europe,1963,1960,-0.07,E
Portugal,PRT,Europe,1964,1960,0.534,E
Portugal,PRT,Europe,1965,1960,-0.218,E
Portugal,PRT,Europe,1966,1960,0.289,E
Portugal,PRT,Europe,1967,1960,-0.043,E
Portugal,PRT,Europe,1968,1960,0.023,E
Portugal,PRT,Europe,1969,1960,-0.351,E
Portugal,PRT,Europe,1970,1970,0.08,E
Portugal,PRT,Europe,1971,1970,-0.881,E
Portugal,PRT,Europe,1972,1970,-0.924,E
Portugal,PRT,Europe,1973,1970,-0.087,E
Portugal,PRT,Europe,1974,1970,-0.459,E
Portugal,PRT,Europe,1975,1970,-0.107,E
Portugal,PRT,Europe,1976,1970,-0.38,E
Portugal,PRT,Europe,1977,1970,-0.303,E
Portugal,PRT,Europe,1978,1970,0.136,E
Portugal,PRT,Europe,1979,1970,0.131,E
Portugal,PRT,Europe,1980,1980,0.243,E
Portugal,PRT,Europe,1981,1980,0.524,E
Portugal,PRT,Europe,1982,1980,0.538,E
Portugal,PRT,Europe,1983,1980,0.262,E
Portugal,PRT,Europe,1984,1980,-0.156,E
Portugal,PRT,Europe,1985,1980,0.489,E
Portugal,PRT,Europe,1986,1980,0.055,E
Portugal,PRT,Europe,1987,1980,0.704,E
Portugal,PRT,Europe,1988,1980,0.588,E
Portugal,PRT,Europe,1989,1980,1.075,E
Portugal,PRT,Europe,1990,1990,1.358,E
Portugal,PRT,Europe,1991,1990,0.396,E
Portugal,PRT,Europe,1992,1990,0.383,E
Portugal,PRT,Europe,1993,1990,-0.233,E
Portugal,PRT,Europe,1994,1990,0.644,E
Portugal,PRT,Europe,1995,1990,1.622,E
Portugal,PRT,Europe,1996,1990,0.7,E
Portugal,PRT,Europe,1997,1990,1.569,E
Portugal,PRT,Europe,1998,1990,1.186,E
Portugal,PRT,Europe,1999,1990,0.568,E
Portugal,PRT,Europe,2000,2000,0.6,E
Portugal,PRT,Europe,2001,2000,1.091,E
Portugal,PRT,Europe,2002,2000,0.636,E
Portugal,PRT,Europe,2003,2000,1.403,E
Portugal,PRT,Europe,2004,2000,0.961,E
Portugal,PRT,Europe,2005,2000,0.937,E
Portugal,PRT,Europe,2006,2000,1.508,E
Portugal,PRT,Europe,2007,2000,0.734,E
Portugal,PRT,Europe,2008,2000,0.623,E
Portugal,PRT,Europe,2009,2000,1.331,E
Portugal,PRT,Europe,2010,2010,1.077,E
Portugal,PRT,Europe,2011,2010,1.583,E
Portugal,PRT,Europe,2012,2010,0.769,E
Portugal,PRT,Europe,2013,2010,0.909,E
Portugal,PRT,Europe,2014,2010,1.329,E
Portugal,PRT,Europe,2015,2010,1.376,E
Portugal,PRT,Europe,2016,2010,1.658,E
Portugal,PRT,Europe,2017,2010,2.085,E
Portugal,PRT,Europe,2018,2010,0.841,E
Portugal,PRT,Europe,2019,2010,1.225,E
Portugal,PRT,Europe,2020,2020,1.921,E
Portugal,PRT,Europe,2021,2020,1.153,E
Portugal,PRT,Europe,2022,2020,2.188,E
Portugal,PRT,Europe,2023,2020,2.482,E
Portugal,PRT,Europe,2024,2020,2.069,E
Portugal,PRT,Europe,2025,2020,2.151,E
Puerto Rico,PRI,North America,1961,1960,0.001,E
Puerto Rico,PRI,North America,1962,1960,-0.097,E
Puerto Rico,PRI,North America,1963,1960,0.164,E
Puerto Rico,PRI,North America,1964,1960,0.126,E
Puerto Rico,PRI,North America,1965,1960,-0.345,E
Puerto Rico,PRI,North America,1966,1960,-0.06,E
Puerto Rico,PRI,North America,1967,1960,-0.323,E
Puerto Rico,PRI,North America,1968,1960,-0.321,E
Puerto Rico,PRI,North America,1969,1960,0.379,E
Puerto Rico,PRI,North America,1970,1970,0.03,E
Puerto Rico,PRI,North America,1971,1970,-0.317,E
Puerto Rico,PRI,North America,1972,1970,-0.079,E
Puerto Rico,PRI,North America,1973,1970,0.173,E
Puerto Rico,PRI,North America,1974,1970,-0.405,E
Puerto Rico,PRI,North America,1975,1970,-0.207,E
Puerto Rico,PRI,North America,1976,1970,-0.436,E
Puerto Rico,PRI,North America,1977,1970,0.161,E
Puerto Rico,PRI,North America,1978,1970,0.26,E
Puerto Rico,PRI,North America,1979,1970,0.124,E
Puerto Rico,PRI,North America,1980,1980,0.608,E
Puerto Rico,PRI,North America,1981,1980,0.521,E
Puerto Rico,PRI,North America,1982,1980,0.147,E
Puerto Rico,PRI,North America,1983,1980,0.521,E
Puerto Rico,PRI,North America,1984,1980,0.141,E
Puerto Rico,PRI,North America,1985,1980,-0.06,E
Puerto Rico,PRI,North America,1986,1980,0.121,E
Puerto Rico,PRI,North America,1987,1980,0.62,E
Puerto Rico,PRI,North America,1988,1980,0.498,E
Puerto Rico,PRI,North America,1989,1980,0.053,E
Puerto Rico,PRI,North America,1990,1990,0.437,E
Puerto Rico,PRI,North America,1991,1990,0.363,E
Puerto Rico,PRI,North America,1992,1990,0.274,E
Puerto Rico,PRI,North America,1993,1990,0.44,E
Puerto Rico,PRI,North America,1994,1990,0.546,E
Puerto Rico,PRI,North America,1995,1990,0.607,E
Puerto Rico,PRI,North America,1996,1990,0.326,E
Puerto Rico,PRI,North America,1997,1990,0.558,E
Puerto Rico,PRI,North America,1998,1990,1.132,E
Puerto Rico,PRI,North America,1999,1990,0.577,E
Puerto Rico,PRI,North America,2000,2000,0.162,E
Puerto Rico,PRI,North America,2001,2000,0.654,E
Puerto Rico,PRI,North America,2002,2000,0.82,E
Puerto Rico,PRI,North America,2003,2000,0.936,E
Puerto Rico,PRI,North America,2004,2000,0.479,E
Puerto Rico,PRI,North America,2005,2000,0.823,E
Puerto Rico,PRI,North America,2006,2000,0.743,E
Puerto Rico,PRI,North America,2007,2000,0.947,E
Puerto Rico,PRI,North America,2008,2000,0.417,E
Puerto Rico,PRI,North America,2009,2000,0.492,E
Puerto Rico,PRI,North America,2010,2010,1.044,E
Puerto Rico,PRI,North America,2011,2010,0.374,E
Puerto Rico,PRI,North America,2012,2010,0.631,E
Puerto Rico,PRI,North America,2013,2010,0.632,E
Puerto Rico,PRI,North America,2014,2010,0.701,E
Puerto Rico,PRI,North America,2015,2010,0.961,E
Puerto Rico,PRI,North America,2016,2010,1.049,E
Puerto Rico,PRI,North America,2017,2010,0.855,E
Puerto Rico,PRI,North America,2018,2010,0.648,E
Puerto Rico,PRI,North America,2019,2010,0.808,E
Puerto Rico,PRI,North America,2020,2020,1.241,E
Puerto Rico,PRI,North America,2021,2020,0.779,E
Puerto Rico,PRI,North America,2022,2020,0.765,E
Puerto Rico,PRI,North America,2023,2020,1.215,E
Puerto Rico,PRI,North America,2024,2020,1.557,E
Puerto Rico,PRI,North America,2025,2020,1.156,E
Qatar,QAT,Asia,1961,1960,-0.54,E
Qatar,QAT,Asia,1962,1960,0.387,E
Qatar,QAT,Asia,1963,1960,0.303,E
Qatar,QAT,Asia,1964,1960,-0.507,E
Qatar,QAT,Asia,1965,1960,0.239,E
Qatar,QAT,Asia,1966,1960,0.283,E
Qatar,QAT,Asia,1967,1960,-0.453,E
Qatar,QAT,Asia,1968,1960,-0.738,E
Qatar,QAT,Asia,1969,1960,0.489,E
Qatar,QAT,Asia,1970,1970,0.125,E
Qatar,QAT,Asia,1971,1970,-0.262,E
Qatar,QAT,Asia,1972,1970,-0.423,E
Qatar,QAT,Asia,1973,1970,0.076,E
Qatar,QAT,Asia,1974,1970,-0.012,E
Qatar,QAT,Asia,1975,1970,-0.233,E
Qatar,QAT,Asia,1976,1970,-0.516,E
Qatar,QAT,Asia,1977,1970,0.336,E
Qatar,QAT,Asia,1978,1970,0.233,E
Qatar,QAT,Asia,1979,1970,0.873,E
Qatar,QAT,Asia,1980,1980,0.519,E
Qatar,QAT,Asia,1981,1980,0.566,E
Qatar,QAT,Asia,1982,1980,-0.21,E
Qatar,QAT,Asia,1983,1980,-0.924,E
Qatar,QAT,Asia,1984,1980,-0.037,E
Qatar,QAT,Asia,1985,1980,0.336,E
Qatar,QAT,Asia,1986,1980,0.494,E
Qatar,QAT,Asia,1987,1980,0.313,E
Qatar,QAT,Asia,1988,1980,0.422,E
Qatar,QAT,Asia,1989,1980,-0.14,E
Qatar,QAT,Asia,1990,1990,0.315,E
Qatar,QAT,Asia,1991,1990,-0.232,E
Qatar,QAT,Asia,1992,1990,-0.605,E
Qatar,QAT,Asia,1993,1990,-0.054,E
Qatar,QAT,Asia,1994,1990,0.582,E
Qatar,QAT,Asia,1995,1990,-0.021,E
Qatar,QAT,Asia,1996,1990,0.412,E
Qatar,QAT,Asia,1997,1990,-0.019,E
Qatar,QAT,Asia,1998,1990,1.091,E
Qatar,QAT,Asia,1999,1990,1.66,E
Qatar,QAT,Asia,2000,2000,0.892,E
Qatar,QAT,Asia,2001,2000,0.919,E
Qatar,QAT,Asia,2002,2000,1.401,E
Qatar,QAT,Asia,2003,2000,1.133,E
Qatar,QAT,Asia,2004,2000,1.183,E
Qatar,QAT,Asia,2005,2000,0.802,E
Qatar,QAT,Asia,2006,2000,1.612,E
Qatar,QAT,Asia,2007,2000,0.946,E
Qatar,QAT,Asia,2008,2000,1.13,E
Qatar,QAT,Asia,2009,2000,1.078,E
Qatar,QAT,Asia,2010,2010,1.97,E
Qatar,QAT,Asia,2011,2010,1.419,E
Qatar,QAT,Asia,2012,2010,1.354,E
Qatar,QAT,Asia,2013,2010,1.213,E
Qatar,QAT,Asia,2014,2010,1.609,E
Qatar,QAT,Asia,2015,2010,2.041,E
Qatar,QAT,Asia,2016,2010,1.548,E
Qatar,QAT,Asia,2017,2010,1.911,E
Qatar,QAT,Asia,2018,2010,2.016,E
Qatar,QAT,Asia,2019,2010,1.844,E
Qatar,QAT,Asia,2020,2020,1.759,E
Qatar,QAT,Asia,2021,2020,2.179,E
Qatar,QAT,Asia,2022,2020,1.887,E
Qatar,QAT,Asia,2023,2020,2.106,E
Qatar,QAT,Asia,2024,2020,2.281,E
Qatar,QAT,Asia,2025,2020,1.77,E
Republic of Korea,KOR,Asia,1961,1960,0.633,E
Republic of Korea,KOR,Asia,1962,1960,-0.098,E
Republic of Korea,KOR,Asia,1963,1960,-0.486,E
Republic of Korea,KOR,Asia,1964,1960,0.596,E
Republic of Korea,KOR,Asia,1965,1960,-0.191,E
Republic of Korea,KOR,Asia,1966,1960,0.087,E
Republic of Korea,KOR,Asia,1967,1960,0.159,E
Republic of Korea,KOR,Asia,1968,1960,-0.689,E
Republic of Korea,KOR,Asia,1969,1960,-0.299,E
Republic of Korea,KOR,Asia,1970,1970,-0.501,E
Republic of Korea,KOR,Asia,1971,1970,-0.203,E
Republic of Korea,KOR,Asia,1972,1970,-0.091,E
Republic of Korea,KOR,Asia,1973,1970,0.519,E
Republic of Korea,KOR,Asia,1974,1970,-0.804,E
Republic of Korea,KOR,Asia,1975,1970,0.578,E
Republic of Korea,KOR,Asia,1976,1970,-0.482,E
Republic of Korea,KOR,Asia,1977,1970,0.123,E
Republic of Korea,KOR,Asia,1978,1970,0.796,E
Republic of Korea,KOR,Asia,1979,1970,0.604,E
Republic of Korea,KOR,Asia,1980,1980,-0.457,E
Republic of Korea,KOR,Asia,1981,1980,-0.762,E
Republic of Korea,KOR,Asia,1982,1980,0.423,E
Republic of Korea,KOR,Asia,1983,1980,0.453,E
Republic of Korea,KOR,Asia,1984,1980,-0.288,E
Republic of Korea,KOR,Asia,1985,1980,0.254,E
Republic of Korea,KOR,Asia,1986,1980,-0.772,E
Republic of Korea,KOR,Asia,1987,1980,0.361,E
Republic of Korea,KOR,Asia,1988,1980,0.242,E
Republic of Korea,KOR,Asia,1989,1980,0.77,E
Republic of Korea,KOR,Asia,1990,1990,1.222,E
Republic of Korea,KOR,Asia,1991,1990,0.275,E
Republic of Korea,KOR,Asia,1992,1990,0.617,E
Republic of Korea,KOR,Asia,1993,1990,0.036,E
Republic of Korea,KOR,Asia,1994,1990,1.263,E
Republic of Korea,KOR,Asia,1995,1990,0.433,E
Republic of Korea,KOR,Asia,1996,1990,-0.024,E
Republic of Korea,KOR,Asia,1997,1990,0.728,E
Republic of Korea,KOR,Asia,1998,1990,1.485,E
Republic of Korea,KOR,Asia,1999,1990,1.062,E
Republic of Korea,KOR,Asia,2000,2000,0.448,E
Republic of Korea,KOR,Asia,2001,2000,0.923,E
Republic of Korea,KOR,Asia,2002,2000,0.69,E
Republic of Korea,KOR,Asia,2003,2000,0.662,E
Republic of Korea,KOR,Asia,2004,2000,1.237,E
Republic of Korea,KOR,Asia,2005,2000,0.95,E
Republic of Korea,KOR,Asia,2006,2000,0.514,E
Republic of Korea,KOR,Asia,2007,2000,1.28,E
Republic of Korea,KOR,Asia,2008,2000,0.987,E
Republic of Korea,KOR,Asia,2009,2000,0.987,E
Republic of Korea,KOR,Asia,2010,2010,0.524,E
Republic of Korea,KOR,Asia,2011,2010,0.326,E
Republic of Korea,KOR,Asia,2012,2010,0.412,E
Republic of Korea,KOR,Asia,2013,2010,0.545,E
Republic of Korea,KOR,Asia,2014,2010,1.081,E
Republic of Korea,KOR,Asia,2015,2010,1.035,E
Republic of Korea,KOR,Asia,2016,2010,1.722,E
Republic of Korea,KOR,Asia,2017,2010,1.535,E
Republic of Korea,KOR,Asia,2018,2010,1.04,E
Republic of Korea,KOR,Asia,2019,2010,1.604,E
Republic of Korea,KOR,Asia,2020,2020,1.592,E
Republic of Korea,KOR,Asia,2021,2020,1.793,E
Republic of Korea,KOR,Asia,2022,2020,1.636,E
Republic of Korea,KOR,Asia,2023,2020,1.744,E
Republic of Korea,KOR,Asia,2024,2020,2.663,E
Republic of Korea,KOR,Asia,2025,2020,1.897,E
Republic of Moldova,MDA,Europe,1992,1990,0.448,E
Republic of Moldova,MDA,Europe,1993,1990,-0.691,E
Republic of Moldova,MDA,Europe,1994,1990,1.614,E
Republic of Moldova,MDA,Europe,1995,1990,0.589,E
Republic of Moldova,MDA,Europe,1996,1990,-0.695,E
Republic of Moldova,MDA,Europe,1997,1990,-0.468,E
Republic of Moldova,MDA,Europe,1998,1990,0.772,E
Republic of Moldova,MDA,Europe,1999,1990,0.885,E
Republic of Moldova,MDA,Europe,2000,2000,1.456,E
Republic of Moldova,MDA,Europe,2001,2000,1.67,E
Republic of Moldova,MDA,Europe,2002,2000,1.41,E
Republic of Moldova,MDA,Europe,2003,2000,-0.221,E
Republic of Moldova,MDA,Europe,2004,2000,0.689,E
Republic of Moldova,MDA,Europe,2005,2000,0.832,E
Republic of Moldova,MDA,Europe,2006,2000,0.246,E
Republic of Moldova,MDA,Europe,2007,2000,2.34,E
Republic of Moldova,MDA,Europe,2008,2000,1.512,E
Republic of Moldova,MDA,Europe,2009,2000,1.723,E
Republic of Moldova,MDA,Europe,2010,2010,1.268,E
Republic of Moldova,MDA,Europe,2011,2010,0.407,E
Republic of Moldova,MDA,Europe,2012,2010,1.979,E
Republic of Moldova,MDA,Europe,2013,2010,1.23,E
Republic of Moldova,MDA,Europe,2014,2010,1.304,E
Republic of Moldova,MDA,Europe,2015,2010,1.822,E
Republic of Moldova,MDA,Europe,2016,2010,1.89,E
Republic of Moldova,MDA,Europe,2017,2010,1.209,E
Republic of Moldova,MDA,Europe,2018,2010,1.866,E
Republic of Moldova,MDA,Europe,2019,2010,2.175,E
Republic of Moldova,MDA,Europe,2020,2020,2.933,E
Republic of Moldova,MDA,Europe,2021,2020,1.122,E
Republic of Moldova,MDA,Europe,2022,2020,1.921,E
Republic of Moldova,MDA,Europe,2023,2020,2.781,E
Republic of Moldova,MDA,Europe,2024,2020,3.168,E
Republic of Moldova,MDA,Europe,2025,2020,1.947,E
Romania,ROU,Europe,1961,1960,1.076,E
Romania,ROU,Europe,1962,1960,0.17,E
Romania,ROU,Europe,1963,1960,-0.297,E
Romania,ROU,Europe,1964,1960,-0.78,E
Romania,ROU,Europe,1965,1960,-0.654,E
Romania,ROU,Europe,1966,1960,1.077,E
Romania,ROU,Europe,1967,1960,0.306,E
Romania,ROU,Europe,1968,1960,0.456,E
Romania,ROU,Europe,1969,1960,-0.569,E
Romania,ROU,Europe,1970,1970,-0.029,E
Romania,ROU,Europe,1971,1970,-0.005,E
Romania,ROU,Europe,1972,1970,0.397,E
Romania,ROU,Europe,1973,1970,-0.204,E
Romania,ROU,Europe,1974,1970,-0.078,E
Romania,ROU,Europe,1975,1970,0.811,E
Romania,ROU,Europe,1976,1970,-0.805,E
Romania,ROU,Europe,1977,1970,0.546,E
Romania,ROU,Europe,1978,1970,-0.821,E
Romania,ROU,Europe,1979,1970,0.161,E
Romania,ROU,Europe,1980,1980,-0.632,E
Romania,ROU,Europe,1981,1980,0.052,E
Romania,ROU,Europe,1982,1980,-0.052,E
Romania,ROU,Europe,1983,1980,0.852,E
Romania,ROU,Europe,1984,1980,-0.112,E
Romania,ROU,Europe,1985,1980,-1.17,E
Romania,ROU,Europe,1986,1980,0.453,E
Romania,ROU,Europe,1987,1980,-0.703,E
Romania,ROU,Europe,1988,1980,0.124,E
Romania,ROU,Europe,1989,1980,0.784,E
Romania,ROU,Europe,1990,1990,1.132,E
Romania,ROU,Europe,1991,1990,0.07,E
Romania,ROU,Europe,1992,1990,0.403,E
Romania,ROU,Europe,1993,1990,-0.39,E
Romania,ROU,Europe,1994,1990,1.756,E
Romania,ROU,Europe,1995,1990,0.451,E
Romania,ROU,Europe,1996,1990,-0.38,E
Romania,ROU,Europe,1997,1990,-0.377,E
Romania,ROU,Europe,1998,1990,0.828,E
Romania,ROU,Europe,1999,1990,0.661,E
Romania,ROU,Europe,2000,2000,1.363,E
Romania,ROU,Europe,2001,2000,1.557,E
Romania,ROU,Europe,2002,2000,1.237,E
Romania,ROU,Europe,2003,2000,0.156,E
Romania,ROU,Europe,2004,2000,0.574,E
Romania,ROU,Europe,2005,2000,0.316,E
Romania,ROU,Europe,2006,2000,0.535,E
Romania,ROU,Europe,2007,2000,2.128,E
Romania,ROU,Europe,2008,2000,1.336,E
Romania,ROU,Europe,2009,2000,1.611,E
Romania,ROU,Europe,2010,2010,1.167,E
Romania,ROU,Europe,2011,2010,0.5,E
Romania,ROU,Europe,2012,2010,1.829,E
Romania,ROU,Europe,2013,2010,1.375,E
Romania,ROU,Europe,2014,2010,1.553,E
Romania,ROU,Europe,2015,2010,1.774,E
Romania,ROU,Europe,2016,2010,1.847,E
Romania,ROU,Europe,2017,2010,1.123,E
Romania,ROU,Europe,2018,2010,2.226,E
Romania,ROU,Europe,2019,2010,2.205,E
Romania,ROU,Europe,2020,2020,2.208,E
Romania,ROU,Europe,2021,2020,1.372,E
Romania,ROU,Europe,2022,2020,1.892,E
Romania,ROU,Europe,2023,2020,2.659,E
Romania,ROU,Europe,2024,2020,3.253,E
Romania,ROU,Europe,2025,2020,2.029,E
Russian Federation,RUS,Europe,1992,1990,0.362,E
Russian Federation,RUS,Europe,1993,1990,0.952,E
Russian Federation,RUS,Europe,1994,1990,0.573,E
Russian Federation,RUS,Europe,1995,1990,2.103,E
Russian Federation,RUS,Europe,1996,1990,0.806,E
Russian Federation,RUS,Europe,1997,1990,1.277,E
Russian Federation,RUS,Europe,1998,1990,-0.035,E
Russian Federation,RUS,Europe,1999,1990,0.409,E
Russian Federation,RUS,Europe,2000,2000,1.317,E
Russian Federation,RUS,Europe,2001,2000,0.813,E
Russian Federation,RUS,Europe,2002,2000,1.587,E
Russian Federation,RUS,Europe,2003,2000,0.99,E
Russian Federation,RUS,Europe,2004,2000,1.397,E
Russian Federation,RUS,Europe,2005,2000,1.701,E
Russian Federation,RUS,Europe,2006,2000,0.547,E
Russian Federation,RUS,Europe,2007,2000,2.482,E
Russian Federation,RUS,Europe,2008,2000,2.213,E
Russian Federation,RUS,Europe,2009,2000,1.183,E
Russian Federation,RUS,Europe,2010,2010,0.872,E
Russian Federation,RUS,Europe,2011,2010,1.696,E
Russian Federation,RUS,Europe,2012,2010,1.925,E
Russian Federation,RUS,Europe,2013,2010,1.159,E
Russian Federation,RUS,Europe,2014,2010,1.748,E
Russian Federation,RUS,Europe,2015,2010,2.241,E
Russian Federation,RUS,Europe,2016,2010,2.451,E
Russian Federation,RUS,Europe,2017,2010,2.121,E
Russian Federation,RUS,Europe,2018,2010,2.037,E
Russian Federation,RUS,Europe,2019,2010,2.184,E
Russian Federation,RUS,Europe,2020,2020,3.697,E
Russian Federation,RUS,Europe,2021,2020,1.63,E
Russian Federation,RUS,Europe,2022,2020,2.269,E
Russian Federation,RUS,Europe,2023,2020,2.505,E
Russian Federation,RUS,Europe,2024,2020,2.313,E
Russian Federation,RUS,Europe,2025,2020,2.871,E
Rwanda,RWA,Africa,1961,1960,-0.035,E
Rwanda,RWA,Africa,1962,1960,-0.379,E
Rwanda,RWA,Africa,1963,1960,-0.196,E
Rwanda,RWA,Africa,1964,1960,-0.22,E
Rwanda,RWA,Africa,1965,1960,-0.286,E
Rwanda,RWA,Africa,1966,1960,0.045,E
Rwanda,RWA,Africa,1967,1960,-0.218,E
Rwanda,RWA,Africa,1968,1960,-0.057,E
Rwanda,RWA,Africa,1969,1960,0.178,E
Rwanda,RWA,Africa,1970,1970,0.133,E
Rwanda,RWA,Africa,1971,1970,-0.307,E
Rwanda,RWA,Africa,1972,1970,0.07,E
Rwanda,RWA,Africa,1973,1970,0.487,E
Rwanda,RWA,Africa,1974,1970,-0.007,E
Rwanda,RWA,Africa,1975,1970,,O
Rwanda,RWA,Africa,1976,1970,,O
Rwanda,RWA,Africa,1977,1970,,O
Rwanda,RWA,Africa,1978,1970,,O
Rwanda,RWA,Africa,1979,1970,,O
Rwanda,RWA,Africa,1980,1980,,O
Rwanda,RWA,Africa,1981,1980,,O
Rwanda,RWA,Africa,1982,1980,0.667,E
Rwanda,RWA,Africa,1983,1980,0.939,E
Rwanda,RWA,Africa,1984,1980,,O
Rwanda,RWA,Africa,1985,1980,,O
Rwanda,RWA,Africa,1986,1980,0.804,E
Rwanda,RWA,Africa,1987,1980,0.609,E
Rwanda,RWA,Africa,1988,1980,0.462,E
Rwanda,RWA,Africa,1989,1980,0.172,E
Rwanda,RWA,Africa,1990,1990,0.508,E
Rwanda,RWA,Africa,1991,1990,0.096,E
Rwanda,RWA,Africa,1992,1990,0.234,E
Rwanda,RWA,Africa,1993,1990,,O
Rwanda,RWA,Africa,1994,1990,,O
Rwanda,RWA,Africa,1995,1990,,O
Rwanda,RWA,Africa,1996,1990,,O
Rwanda,RWA,Africa,1997,1990,,O
Rwanda,RWA,Africa,1998,1990,0.775,E
Rwanda,RWA,Africa,1999,1990,,O
Rwanda,RWA,Africa,2000,2000,,O
Rwanda,RWA,Africa,2001,2000,0.377,E
Rwanda,RWA,Africa,2002,2000,0.774,E
Rwanda,RWA,Africa,2003,2000,0.984,E
Rwanda,RWA,Africa,2004,2000,0.847,E
Rwanda,RWA,Africa,2005,2000,,O
Rwanda,RWA,Africa,2006,2000,,O
Rwanda,RWA,Africa,2007,2000,1.291,E
Rwanda,RWA,Africa,2008,2000,,O
Rwanda,RWA,Africa,2009,2000,,O
Rwanda,RWA,Africa,2010,2010,,O
Rwanda,RWA,Africa,2011,2010,,O
Rwanda,RWA,Africa,2012,2010,,O
Rwanda,RWA,Africa,2013,2010,,O
Rwanda,RWA,Africa,2014,2010,,O
Rwanda,RWA,Africa,2015,2010,,O
Rwanda,RWA,Africa,2016,2010,,O
Rwanda,RWA,Africa,2017,2010,,O
Rwanda,RWA,Africa,2018,2010,,O
Rwanda,RWA,Africa,2019,2010,,O
Rwanda,RWA,Africa,2020,2020,,O
Rwanda,RWA,Africa,2021,2020,,O
Rwanda,RWA,Africa,2022,2020,,O
Rwanda,RWA,Africa,2023,2020,,O
Rwanda,RWA,Africa,2024,2020,,O
Rwanda,RWA,Africa,2025,2020,,O
Réunion,REU,Africa,1961,1960,0.422,E
Réunion,REU,Africa,1962,1960,-0.205,E
Réunion,REU,Africa,1963,1960,-0.423,E
Réunion,REU,Africa,1964,1960,-0.448,E
Réunion,REU,Africa,1965,1960,-0.567,E
Réunion,REU,Africa,1966,1960,-0.11,E
Réunion,REU,Africa,1967,1960,0.322,E
Réunion,REU,Africa,1968,1960,-0.279,E
Réunion,REU,Africa,1969,1960,0.163,E
Réunion,REU,Africa,1970,1970,0.233,E
Réunion,REU,Africa,1971,1970,-0.431,E
Réunion,REU,Africa,1972,1970,0.201,E
Réunion,REU,Africa,1973,1970,0.259,E
Réunion,REU,Africa,1974,1970,-0.417,E
Réunion,REU,Africa,1975,1970,0.046,E
Réunion,REU,Africa,1976,1970,0.266,E
Réunion,REU,Africa,1977,1970,0.847,E
Réunion,REU,Africa,1978,1970,0.431,E
Réunion,REU,Africa,1979,1970,0.502,E
Réunion,REU,Africa,1980,1980,0.207,E
Réunion,REU,Africa,1981,1980,,O
Réunion,REU,Africa,1982,1980,0.121,E
Réunion,REU,Africa,1983,1980,0.326,E
Réunion,REU,Africa,1984,1980,-0.118,E
Réunion,REU,Africa,1985,1980,0.328,E
Réunion,REU,Africa,1986,1980,0.161,E
Réunion,REU,Africa,1987,1980,0.788,E
Réunion,REU,Africa,1988,1980,0.645,E
Réunion,REU,Africa,1989,1980,0.38,E
Réunion,REU,Africa,1990,1990,0.388,E
Réunion,REU,Africa,1991,1990,0.522,E
Réunion,REU,Africa,1992,1990,0.441,E
Réunion,REU,Africa,1993,1990,0.425,E
Réunion,REU,Africa,1994,1990,0.637,E
Réunion,REU,Africa,1995,1990,0.42,E
Réunion,REU,Africa,1996,1990,0.262,E
Réunion,REU,Africa,1997,1990,0.381,E
Réunion,REU,Africa,1998,1990,1.129,E
Réunion,REU,Africa,1999,1990,0.512,E
Réunion,REU,Africa,2000,2000,0.576,E
Réunion,REU,Africa,2001,2000,1.03,E
Réunion,REU,Africa,2002,2000,0.713,E
Réunion,REU,Africa,2003,2000,0.841,E
Réunion,REU,Africa,2004,2000,,O
Réunion,REU,Africa,2005,2000,,O
Réunion,REU,Africa,2006,2000,0.475,E
Réunion,REU,Africa,2007,2000,0.676,E
Réunion,REU,Africa,2008,2000,0.513,E
Réunion,REU,Africa,2009,2000,1.048,E
Réunion,REU,Africa,2010,2010,0.957,E
Réunion,REU,Africa,2011,2010,0.975,E
Réunion,REU,Africa,2012,2010,1.119,E
Réunion,REU,Africa,2013,2010,,O
Réunion,REU,Africa,2014,2010,,O
Réunion,REU,Africa,2015,2010,1.378,E
Réunion,REU,Africa,2016,2010,1.134,E
Réunion,REU,Africa,2017,2010,1.456,E
Réunion,REU,Africa,2018,2010,1.315,E
Réunion,REU,Africa,2019,2010,1.741,E
Réunion,REU,Africa,2020,2020,1.109,E
Réunion,REU,Africa,2021,2020,1.339,E
Réunion,REU,Africa,2022,2020,0.998,E
Réunion,REU,Africa,2023,2020,1.675,E
Réunion,REU,Africa,2024,2020,1.525,E
Réunion,REU,Africa,2025,2020,1.768,E
Saint Kitts and Nevis,KNA,North America,1961,1960,-0.027,E
Saint Kitts and Nevis,KNA,North America,1962,1960,-0.127,E
Saint Kitts and Nevis,KNA,North America,1963,1960,0.144,E
Saint Kitts and Nevis,KNA,North America,1964,1960,0.068,E
Saint Kitts and Nevis,KNA,North America,1965,1960,-0.454,E
Saint Kitts and Nevis,KNA,North America,1966,1960,0.035,E
Saint Kitts and Nevis,KNA,North America,1967,1960,-0.254,E
Saint Kitts and Nevis,KNA,North America,1968,1960,-0.235,E
Saint Kitts and Nevis,KNA,North America,1969,1960,0.262,E
Saint Kitts and Nevis,KNA,North America,1970,1970,0.103,E
Saint Kitts and Nevis,KNA,North America,1971,1970,-0.236,E
Saint Kitts and Nevis,KNA,North America,1972,1970,-0.21,E
Saint Kitts and Nevis,KNA,North America,1973,1970,0.162,E
Saint Kitts and Nevis,KNA,North America,1974,1970,-0.379,E
Saint Kitts and Nevis,KNA,North America,1975,1970,-0.422,E
Saint Kitts and Nevis,KNA,North America,1976,1970,-0.45,E
Saint Kitts and Nevis,KNA,North America,1977,1970,0.186,E
Saint Kitts and Nevis,KNA,North America,1978,1970,0.157,E
Saint Kitts and Nevis,KNA,North America,1979,1970,0.155,E
Saint Kitts and Nevis,KNA,North America,1980,1980,0.658,E
Saint Kitts and Nevis,KNA,North America,1981,1980,0.586,E
Saint Kitts and Nevis,KNA,North America,1982,1980,0.199,E
Saint Kitts and Nevis,KNA,North America,1983,1980,0.498,E
Saint Kitts and Nevis,KNA,North America,1984,1980,0.017,E
Saint Kitts and Nevis,KNA,North America,1985,1980,-0.041,E
Saint Kitts and Nevis,KNA,North America,1986,1980,-0.015,E
Saint Kitts and Nevis,KNA,North America,1987,1980,0.652,E
Saint Kitts and Nevis,KNA,North America,1988,1980,0.381,E
Saint Kitts and Nevis,KNA,North America,1989,1980,-0.086,E
Saint Kitts and Nevis,KNA,North America,1990,1990,0.412,E
Saint Kitts and Nevis,KNA,North America,1991,1990,0.478,E
Saint Kitts and Nevis,KNA,North America,1992,1990,0.462,E
Saint Kitts and Nevis,KNA,North America,1993,1990,0.528,E
Saint Kitts and Nevis,KNA,North America,1994,1990,0.471,E
Saint Kitts and Nevis,KNA,North America,1995,1990,0.671,E
Saint Kitts and Nevis,KNA,North America,1996,1990,0.398,E
Saint Kitts and Nevis,KNA,North America,1997,1990,0.551,E
Saint Kitts and Nevis,KNA,North America,1998,1990,1.113,E
Saint Kitts and Nevis,KNA,North America,1999,1990,0.565,E
Saint Kitts and Nevis,KNA,North America,2000,2000,0.333,E
Saint Kitts and Nevis,KNA,North America,2001,2000,,O
Saint Kitts and Nevis,KNA,North America,2002,2000,0.661,E
Saint Kitts and Nevis,KNA,North America,2003,2000,0.865,E
Saint Kitts and Nevis,KNA,North America,2004,2000,0.555,E
Saint Kitts and Nevis,KNA,North America,2005,2000,0.889,E
Saint Kitts and Nevis,KNA,North America,2006,2000,0.6,E
Saint Kitts and Nevis,KNA,North America,2007,2000,0.794,E
Saint Kitts and Nevis,KNA,North America,2008,2000,0.249,E
Saint Kitts and Nevis,KNA,North America,2009,2000,0.409,E
Saint Kitts and Nevis,KNA,North America,2010,2010,1.062,E
Saint Kitts and Nevis,KNA,North America,2011,2010,0.456,E
Saint Kitts and Nevis,KNA,North America,2012,2010,0.557,E
Saint Kitts and Nevis,KNA,North America,2013,2010,0.639,E
Saint Kitts and Nevis,KNA,North America,2014,2010,0.595,E
Saint Kitts and Nevis,KNA,North America,2015,2010,0.875,E
Saint Kitts and Nevis,KNA,North America,2016,2010,0.934,E
Saint Kitts and Nevis,KNA,North America,2017,2010,0.782,E
Saint Kitts and Nevis,KNA,North America,2018,2010,0.556,E
Saint Kitts and Nevis,KNA,North America,2019,2010,0.811,E
Saint Kitts and Nevis,KNA,North America,2020,2020,1.131,E
Saint Kitts and Nevis,KNA,North America,2021,2020,0.857,E
Saint Kitts and Nevis,KNA,North America,2022,2020,0.758,E
Saint Kitts and Nevis,KNA,North America,2023,2020,1.113,E
Saint Kitts and Nevis,KNA,North America,2024,2020,1.54,E
Saint Kitts and Nevis,KNA,North America,2025,2020,1.194,E
Saint Lucia,LCA,North America,1961,1960,0.143,E
Saint Lucia,LCA,North America,1962,1960,0.021,E
Saint Lucia,LCA,North America,1963,1960,0.158,E
Saint Lucia,LCA,North America,1964,1960,-0.099,E
Saint Lucia,LCA,North America,1965,1960,-0.331,E
Saint Lucia,LCA,North America,1966,1960,-0.072,E
Saint Lucia,LCA,North America,1967,1960,-0.334,E
Saint Lucia,LCA,North America,1968,1960,-0.276,E
Saint Lucia,LCA,North America,1969,1960,0.361,E
Saint Lucia,LCA,North America,1970,1970,0.121,E
Saint Lucia,LCA,North America,1971,1970,-0.364,E
Saint Lucia,LCA,North America,1972,1970,-0.176,E
Saint Lucia,LCA,North America,1973,1970,0.084,E
Saint Lucia,LCA,North America,1974,1970,-0.415,E
Saint Lucia,LCA,North America,1975,1970,-0.407,E
Saint Lucia,LCA,North America,1976,1970,-0.278,E
Saint Lucia,LCA,North America,1977,1970,0.021,E
Saint Lucia,LCA,North America,1978,1970,0.164,E
Saint Lucia,LCA,North America,1979,1970,0.279,E
Saint Lucia,LCA,North America,1980,1980,0.397,E
Saint Lucia,LCA,North America,1981,1980,0.409,E
Saint Lucia,LCA,North America,1982,1980,0.155,E
Saint Lucia,LCA,North America,1983,1980,0.452,E
Saint Lucia,LCA,North America,1984,1980,0.054,E
Saint Lucia,LCA,North America,1985,1980,-0.132,E
Saint Lucia,LCA,North America,1986,1980,0.037,E
Saint Lucia,LCA,North America,1987,1980,0.65,E
Saint Lucia,LCA,North America,1988,1980,0.558,E
Saint Lucia,LCA,North America,1989,1980,0.088,E
Saint Lucia,LCA,North America,1990,1990,0.536,E
Saint Lucia,LCA,North America,1991,1990,0.509,E
Saint Lucia,LCA,North America,1992,1990,0.499,E
Saint Lucia,LCA,North America,1993,1990,0.598,E
Saint Lucia,LCA,North America,1994,1990,0.681,E
Saint Lucia,LCA,North America,1995,1990,0.841,E
Saint Lucia,LCA,North America,1996,1990,0.627,E
Saint Lucia,LCA,North America,1997,1990,0.773,E
Saint Lucia,LCA,North America,1998,1990,1.318,E
Saint Lucia,LCA,North America,1999,1990,0.753,E
Saint Lucia,LCA,North America,2000,2000,0.585,E
Saint Lucia,LCA,North America,2001,2000,0.84,E
Saint Lucia,LCA,North America,2002,2000,0.874,E
Saint Lucia,LCA,North America,2003,2000,0.975,E
Saint Lucia,LCA,North America,2004,2000,0.647,E
Saint Lucia,LCA,North America,2005,2000,1.042,E
Saint Lucia,LCA,North America,2006,2000,0.859,E
Saint Lucia,LCA,North America,2007,2000,0.848,E
Saint Lucia,LCA,North America,2008,2000,0.541,E
Saint Lucia,LCA,North America,2009,2000,0.658,E
Saint Lucia,LCA,North America,2010,2010,1.296,E
Saint Lucia,LCA,North America,2011,2010,0.75,E
Saint Lucia,LCA,North America,2012,2010,0.781,E
Saint Lucia,LCA,North America,2013,2010,0.915,E
Saint Lucia,LCA,North America,2014,2010,0.787,E
Saint Lucia,LCA,North America,2015,2010,1.017,E
Saint Lucia,LCA,North America,2016,2010,1.173,E
Saint Lucia,LCA,North America,2017,2010,1.008,E
Saint Lucia,LCA,North America,2018,2010,0.776,E
Saint Lucia,LCA,North America,2019,2010,1.009,E
Saint Lucia,LCA,North America,2020,2020,1.226,E
Saint Lucia,LCA,North America,2021,2020,0.969,E
Saint Lucia,LCA,North America,2022,2020,0.894,E
Saint Lucia,LCA,North America,2023,2020,1.08,E
Saint Lucia,LCA,North America,2024,2020,1.838,E
Saint Lucia,LCA,North America,2025,2020,1.316,E
Saint Pierre and Miquelon,SPM,North America,1961,1960,-0.032,E
Saint Pierre and Miquelon,SPM,North America,1962,1960,-0.112,E
Saint Pierre and Miquelon,SPM,North America,1963,1960,-0.177,E
Saint Pierre and Miquelon,SPM,North America,1964,1960,-0.514,E
Saint Pierre and Miquelon,SPM,North America,1965,1960,-0.487,E
Saint Pierre and Miquelon,SPM,North America,1966,1960,0.126,E
Saint Pierre and Miquelon,SPM,North America,1967,1960,0.211,E
Saint Pierre and Miquelon,SPM,North America,1968,1960,0.081,E
Saint Pierre and Miquelon,SPM,North America,1969,1960,0.588,E
Saint Pierre and Miquelon,SPM,North America,1970,1970,0.979,E
Saint Pierre and Miquelon,SPM,North America,1971,1970,0.298,E
Saint Pierre and Miquelon,SPM,North America,1972,1970,-1.244,E
Saint Pierre and Miquelon,SPM,North America,1973,1970,-0.779,E
Saint Pierre and Miquelon,SPM,North America,1974,1970,-0.949,E
Saint Pierre and Miquelon,SPM,North America,1975,1970,-0.696,E
Saint Pierre and Miquelon,SPM,North America,1976,1970,-0.121,E
Saint Pierre and Miquelon,SPM,North America,1977,1970,-0.134,E
Saint Pierre and Miquelon,SPM,North America,1978,1970,-0.32,E
Saint Pierre and Miquelon,SPM,North America,1979,1970,0.466,E
Saint Pierre and Miquelon,SPM,North America,1980,1980,-0.208,E
Saint Pierre and Miquelon,SPM,North America,1981,1980,1.018,E
Saint Pierre and Miquelon,SPM,North America,1982,1980,-0.453,E
Saint Pierre and Miquelon,SPM,North America,1983,1980,0.795,E
Saint Pierre and Miquelon,SPM,North America,1984,1980,0.179,E
Saint Pierre and Miquelon,SPM,North America,1985,1980,-0.992,E
Saint Pierre and Miquelon,SPM,North America,1986,1980,-0.68,E
Saint Pierre and Miquelon,SPM,North America,1987,1980,-0.017,E
Saint Pierre and Miquelon,SPM,North America,1988,1980,0.268,E
Saint Pierre and Miquelon,SPM,North America,1989,1980,-0.333,E
Saint Pierre and Miquelon,SPM,North America,1990,1990,-0.667,E
Saint Pierre and Miquelon,SPM,North America,1991,1990,-0.642,E
Saint Pierre and Miquelon,SPM,North America,1992,1990,-1.294,E
Saint Pierre and Miquelon,SPM,North America,1993,1990,-0.999,E
Saint Pierre and Miquelon,SPM,North America,1994,1990,-0.241,E
Saint Pierre and Miquelon,SPM,North America,1995,1990,-0.213,E
Saint Pierre and Miquelon,SPM,North America,1996,1990,0.2,E
Saint Pierre and Miquelon,SPM,North America,1997,1990,-0.286,E
Saint Pierre and Miquelon,SPM,North America,1998,1990,0.828,E
Saint Pierre and Miquelon,SPM,North America,1999,1990,1.75,E
Saint Pierre and Miquelon,SPM,North America,2000,2000,1.18,E
Saint Pierre and Miquelon,SPM,North America,2001,2000,0.592,E
Saint Pierre and Miquelon,SPM,North America,2002,2000,0.044,E
Saint Pierre and Miquelon,SPM,North America,2003,2000,0.238,E
Saint Pierre and Miquelon,SPM,North America,2004,2000,0.647,E
Saint Pierre and Miquelon,SPM,North America,2005,2000,0.982,E
Saint Pierre and Miquelon,SPM,North America,2006,2000,1.907,E
Saint Pierre and Miquelon,SPM,North America,2007,2000,0.438,E
Saint Pierre and Miquelon,SPM,North America,2008,2000,0.483,E
Saint Pierre and Miquelon,SPM,North America,2009,2000,0.718,E
Saint Pierre and Miquelon,SPM,North America,2010,2010,1.349,E
Saint Pierre and Miquelon,SPM,North America,2011,2010,1.188,E
Saint Pierre and Miquelon,SPM,North America,2012,2010,2.017,E
Saint Pierre and Miquelon,SPM,North America,2013,2010,1.334,E
Saint Pierre and Miquelon,SPM,North America,2014,2010,0.408,E
Saint Pierre and Miquelon,SPM,North America,2015,2010,0.118,E
Saint Pierre and Miquelon,SPM,North America,2016,2010,0.867,E
Saint Pierre and Miquelon,SPM,North America,2017,2010,0.391,E
Saint Pierre and Miquelon,SPM,North America,2018,2010,0.702,E
Saint Pierre and Miquelon,SPM,North America,2019,2010,0.074,E
Saint Pierre and Miquelon,SPM,North America,2020,2020,0.761,E
Saint Pierre and Miquelon,SPM,North America,2021,2020,2.298,E
Saint Pierre and Miquelon,SPM,North America,2022,2020,1.925,E
Saint Pierre and Miquelon,SPM,North America,2023,2020,1.508,E
Saint Pierre and Miquelon,SPM,North America,2024,2020,2.228,E
Saint Pierre and Miquelon,SPM,North America,2025,2020,1.724,E
Saint Vincent and the Grenadines,VCT,North America,1961,1960,0.279,E
Saint Vincent and the Grenadines,VCT,North America,1962,1960,-0.006,E
Saint Vincent and the Grenadines,VCT,North America,1963,1960,0.207,E
Saint Vincent and the Grenadines,VCT,North America,1964,1960,-0.153,E
Saint Vincent and the Grenadines,VCT,North America,1965,1960,-0.298,E
Saint Vincent and the Grenadines,VCT,North America,1966,1960,-0.07,E
Saint Vincent and the Grenadines,VCT,North America,1967,1960,-0.335,E
Saint Vincent and the Grenadines,VCT,North America,1968,1960,-0.234,E
Saint Vincent and the Grenadines,VCT,North America,1969,1960,0.41,E
Saint Vincent and the Grenadines,VCT,North America,1970,1970,0.19,E
Saint Vincent and the Grenadines,VCT,North America,1971,1970,-0.473,E
Saint Vincent and the Grenadines,VCT,North America,1972,1970,-0.255,E
Saint Vincent and the Grenadines,VCT,North America,1973,1970,0.03,E
Saint Vincent and the Grenadines,VCT,North America,1974,1970,-0.481,E
Saint Vincent and the Grenadines,VCT,North America,1975,1970,-0.402,E
Saint Vincent and the Grenadines,VCT,North America,1976,1970,-0.094,E
Saint Vincent and the Grenadines,VCT,North America,1977,1970,0.007,E
Saint Vincent and the Grenadines,VCT,North America,1978,1970,0.175,E
Saint Vincent and the Grenadines,VCT,North America,1979,1970,0.405,E
Saint Vincent and the Grenadines,VCT,North America,1980,1980,0.332,E
Saint Vincent and the Grenadines,VCT,North America,1981,1980,0.438,E
Saint Vincent and the Grenadines,VCT,North America,1982,1980,0.206,E
Saint Vincent and the Grenadines,VCT,North America,1983,1980,0.5,E
Saint Vincent and the Grenadines,VCT,North America,1984,1980,0.127,E
Saint Vincent and the Grenadines,VCT,North America,1985,1980,-0.255,E
Saint Vincent and the Grenadines,VCT,North America,1986,1980,0.026,E
Saint Vincent and the Grenadines,VCT,North America,1987,1980,0.669,E
Saint Vincent and the Grenadines,VCT,North America,1988,1980,0.692,E
Saint Vincent and the Grenadines,VCT,North America,1989,1980,0.083,E
Saint Vincent and the Grenadines,VCT,North America,1990,1990,0.518,E
Saint Vincent and the Grenadines,VCT,North America,1991,1990,0.554,E
Saint Vincent and the Grenadines,VCT,North America,1992,1990,0.6,E
Saint Vincent and the Grenadines,VCT,North America,1993,1990,0.673,E
Saint Vincent and the Grenadines,VCT,North America,1994,1990,0.767,E
Saint Vincent and the Grenadines,VCT,North America,1995,1990,1.037,E
Saint Vincent and the Grenadines,VCT,North America,1996,1990,0.785,E
Saint Vincent and the Grenadines,VCT,North America,1997,1990,0.957,E
Saint Vincent and the Grenadines,VCT,North America,1998,1990,1.532,E
Saint Vincent and the Grenadines,VCT,North America,1999,1990,0.973,E
Saint Vincent and the Grenadines,VCT,North America,2000,2000,0.819,E
Saint Vincent and the Grenadines,VCT,North America,2001,2000,1.022,E
Saint Vincent and the Grenadines,VCT,North America,2002,2000,0.952,E
Saint Vincent and the Grenadines,VCT,North America,2003,2000,1.203,E
Saint Vincent and the Grenadines,VCT,North America,2004,2000,0.725,E
Saint Vincent and the Grenadines,VCT,North America,2005,2000,1.189,E
Saint Vincent and the Grenadines,VCT,North America,2006,2000,0.967,E
Saint Vincent and the Grenadines,VCT,North America,2007,2000,0.929,E
Saint Vincent and the Grenadines,VCT,North America,2008,2000,0.776,E
Saint Vincent and the Grenadines,VCT,North America,2009,2000,0.795,E
Saint Vincent and the Grenadines,VCT,North America,2010,2010,1.481,E
Saint Vincent and the Grenadines,VCT,North America,2011,2010,0.974,E
Saint Vincent and the Grenadines,VCT,North America,2012,2010,0.911,E
Saint Vincent and the Grenadines,VCT,North America,2013,2010,1.087,E
Saint Vincent and the Grenadines,VCT,North America,2014,2010,0.947,E
Saint Vincent and the Grenadines,VCT,North America,2015,2010,1.105,E
Saint Vincent and the Grenadines,VCT,North America,2016,2010,1.196,E
Saint Vincent and the Grenadines,VCT,North America,2017,2010,1.158,E
Saint Vincent and the Grenadines,VCT,North America,2018,2010,0.849,E
Saint Vincent and the Grenadines,VCT,North America,2019,2010,1.069,E
Saint Vincent and the Grenadines,VCT,North America,2020,2020,1.328,E
Saint Vincent and the Grenadines,VCT,North America,2021,2020,1.01,E
Saint Vincent and the Grenadines,VCT,North America,2022,2020,0.939,E
Saint Vincent and the Grenadines,VCT,North America,2023,2020,1.199,E
Saint Vincent and the Grenadines,VCT,North America,2024,2020,1.988,E
Saint Vincent and the Grenadines,VCT,North America,2025,2020,1.439,E
Samoa,WSM,Oceania,1961,1960,0.048,E
Samoa,WSM,Oceania,1962,1960,-0.019,E
Samoa,WSM,Oceania,1963,1960,0.106,E
Samoa,WSM,Oceania,1964,1960,0.113,E
Samoa,WSM,Oceania,1965,1960,-0.302,E
Samoa,WSM,Oceania,1966,1960,0.106,E
Samoa,WSM,Oceania,1967,1960,-0.301,E
Samoa,WSM,Oceania,1968,1960,-0.241,E
Samoa,WSM,Oceania,1969,1960,0.199,E
Samoa,WSM,Oceania,1970,1970,0.189,E
Samoa,WSM,Oceania,1971,1970,-0.454,E
Samoa,WSM,Oceania,1972,1970,-0.113,E
Samoa,WSM,Oceania,1973,1970,0.182,E
Samoa,WSM,Oceania,1974,1970,-0.425,E
Samoa,WSM,Oceania,1975,1970,-0.241,E
Samoa,WSM,Oceania,1976,1970,-0.363,E
Samoa,WSM,Oceania,1977,1970,0.005,E
Samoa,WSM,Oceania,1978,1970,0.023,E
Samoa,WSM,Oceania,1979,1970,0.179,E
Samoa,WSM,Oceania,1980,1980,0.239,E
Samoa,WSM,Oceania,1981,1980,0.051,E
Samoa,WSM,Oceania,1982,1980,0.224,E
Samoa,WSM,Oceania,1983,1980,0.293,E
Samoa,WSM,Oceania,1984,1980,0.137,E
Samoa,WSM,Oceania,1985,1980,0.116,E
Samoa,WSM,Oceania,1986,1980,0.267,E
Samoa,WSM,Oceania,1987,1980,0.2,E
Samoa,WSM,Oceania,1988,1980,0.512,E
Samoa,WSM,Oceania,1989,1980,0.072,E
Samoa,WSM,Oceania,1990,1990,0.498,E
Samoa,WSM,Oceania,1991,1990,0.556,E
Samoa,WSM,Oceania,1992,1990,0.363,E
Samoa,WSM,Oceania,1993,1990,-0.038,E
Samoa,WSM,Oceania,1994,1990,0.347,E
Samoa,WSM,Oceania,1995,1990,0.705,E
Samoa,WSM,Oceania,1996,1990,0.637,E
Samoa,WSM,Oceania,1997,1990,,O
Samoa,WSM,Oceania,1998,1990,,O
Samoa,WSM,Oceania,1999,1990,0.115,E
Samoa,WSM,Oceania,2000,2000,0.577,E
Samoa,WSM,Oceania,2001,2000,0.855,E
Samoa,WSM,Oceania,2002,2000,1.103,E
Samoa,WSM,Oceania,2003,2000,0.789,E
Samoa,WSM,Oceania,2004,2000,0.36,E
Samoa,WSM,Oceania,2005,2000,0.994,E
Samoa,WSM,Oceania,2006,2000,0.584,E
Samoa,WSM,Oceania,2007,2000,0.968,E
Samoa,WSM,Oceania,2008,2000,0.523,E
Samoa,WSM,Oceania,2009,2000,0.866,E
Samoa,WSM,Oceania,2010,2010,1.026,E
Samoa,WSM,Oceania,2011,2010,0.686,E
Samoa,WSM,Oceania,2012,2010,0.781,E
Samoa,WSM,Oceania,2013,2010,1.073,E
Samoa,WSM,Oceania,2014,2010,0.886,E
Samoa,WSM,Oceania,2015,2010,0.725,E
Samoa,WSM,Oceania,2016,2010,1.255,E
Samoa,WSM,Oceania,2017,2010,1.151,E
Samoa,WSM,Oceania,2018,2010,0.905,E
Samoa,WSM,Oceania,2019,2010,1.255,E
Samoa,WSM,Oceania,2020,2020,1.147,E
Samoa,WSM,Oceania,2021,2020,0.984,E
Samoa,WSM,Oceania,2022,2020,0.971,E
Samoa,WSM,Oceania,2023,2020,0.996,E
Samoa,WSM,Oceania,2024,2020,1.573,E
Samoa,WSM,Oceania,2025,2020,0.919,E
San Marino,SMR,Europe,1961,1960,0.922,E
San Marino,SMR,Europe,1962,1960,-0.104,E
San Marino,SMR,Europe,1963,1960,-0.377,E
San Marino,SMR,Europe,1964,1960,-0.086,E
San Marino,SMR,Europe,1965,1960,-0.396,E
San Marino,SMR,Europe,1966,1960,0.402,E
San Marino,SMR,Europe,1967,1960,0.381,E
San Marino,SMR,Europe,1968,1960,-0.023,E
San Marino,SMR,Europe,1969,1960,-0.104,E
San Marino,SMR,Europe,1970,1970,-0.096,E
San Marino,SMR,Europe,1971,1970,-0.137,E
San Marino,SMR,Europe,1972,1970,-0.052,E
San Marino,SMR,Europe,1973,1970,0.011,E
San Marino,SMR,Europe,1974,1970,-0.041,E
San Marino,SMR,Europe,1975,1970,0.25,E
San Marino,SMR,Europe,1976,1970,-0.423,E
San Marino,SMR,Europe,1977,1970,0.34,E
San Marino,SMR,Europe,1978,1970,-0.589,E
San Marino,SMR,Europe,1979,1970,0.019,E
San Marino,SMR,Europe,1980,1980,-0.464,E
San Marino,SMR,Europe,1981,1980,-0.339,E
San Marino,SMR,Europe,1982,1980,0.39,E
San Marino,SMR,Europe,1983,1980,0.416,E
San Marino,SMR,Europe,1984,1980,-0.58,E
San Marino,SMR,Europe,1985,1980,0.195,E
San Marino,SMR,Europe,1986,1980,0.353,E
San Marino,SMR,Europe,1987,1980,0.112,E
San Marino,SMR,Europe,1988,1980,0.779,E
San Marino,SMR,Europe,1989,1980,0.293,E
San Marino,SMR,Europe,1990,1990,1.02,E
San Marino,SMR,Europe,1991,1990,-0.058,E
San Marino,SMR,Europe,1992,1990,0.507,E
San Marino,SMR,Europe,1993,1990,0.47,E
San Marino,SMR,Europe,1994,1990,1.492,E
San Marino,SMR,Europe,1995,1990,0.279,E
San Marino,SMR,Europe,1996,1990,0.204,E
San Marino,SMR,Europe,1997,1990,0.923,E
San Marino,SMR,Europe,1998,1990,1.092,E
San Marino,SMR,Europe,1999,1990,0.824,E
San Marino,SMR,Europe,2000,2000,1.369,E
San Marino,SMR,Europe,2001,2000,1.678,E
San Marino,SMR,Europe,2002,2000,1.119,E
San Marino,SMR,Europe,2003,2000,1.615,E
San Marino,SMR,Europe,2004,2000,0.831,E
San Marino,SMR,Europe,2005,2000,0.43,E
San Marino,SMR,Europe,2006,2000,0.845,E
San Marino,SMR,Europe,2007,2000,1.802,E
San Marino,SMR,Europe,2008,2000,1.24,E
San Marino,SMR,Europe,2009,2000,1.337,E
San Marino,SMR,Europe,2010,2010,0.659,E
San Marino,SMR,Europe,2011,2010,1.241,E
San Marino,SMR,Europe,2012,2010,1.654,E
San Marino,SMR,Europe,2013,2010,0.965,E
San Marino,SMR,Europe,2014,2010,1.549,E
San Marino,SMR,Europe,2015,2010,1.795,E
San Marino,SMR,Europe,2016,2010,1.704,E
San Marino,SMR,Europe,2017,2010,1.599,E
San Marino,SMR,Europe,2018,2010,1.872,E
San Marino,SMR,Europe,2019,2010,1.695,E
San Marino,SMR,Europe,2020,2020,1.857,E
San Marino,SMR,Europe,2021,2020,1.407,E
San Marino,SMR,Europe,2022,2020,2.007,E
San Marino,SMR,Europe,2023,2020,2.24,E
San Marino,SMR,Europe,2024,2020,2.808,E
San Marino,SMR,Europe,2025,2020,2.11,E
Sao Tome and Principe,STP,Africa,1961,1960,-0.116,E
Sao Tome and Principe,STP,Africa,1962,1960,-0.049,E
Sao Tome and Principe,STP,Africa,1963,1960,0.254,E
Sao Tome and Principe,STP,Africa,1964,1960,-0.144,E
Sao Tome and Principe,STP,Africa,1965,1960,-0.109,E
Sao Tome and Principe,STP,Africa,1966,1960,0.219,E
Sao Tome and Principe,STP,Africa,1967,1960,-0.078,E
Sao Tome and Principe,STP,Africa,1968,1960,-0.076,E
Sao Tome and Principe,STP,Africa,1969,1960,0.135,E
Sao Tome and Principe,STP,Africa,1970,1970,0.232,E
Sao Tome and Principe,STP,Africa,1971,1970,-0.062,E
Sao Tome and Principe,STP,Africa,1972,1970,-0.039,E
Sao Tome and Principe,STP,Africa,1973,1970,0.467,E
Sao Tome and Principe,STP,Africa,1974,1970,-0.097,E
Sao Tome and Principe,STP,Africa,1975,1970,-0.112,E
Sao Tome and Principe,STP,Africa,1976,1970,-0.35,E
Sao Tome and Principe,STP,Africa,1977,1970,0.2,E
Sao Tome and Principe,STP,Africa,1978,1970,0.113,E
Sao Tome and Principe,STP,Africa,1979,1970,0.389,E
Sao Tome and Principe,STP,Africa,1980,1980,0.257,E
Sao Tome and Principe,STP,Africa,1981,1980,0.147,E
Sao Tome and Principe,STP,Africa,1982,1980,-0.023,E
Sao Tome and Principe,STP,Africa,1983,1980,0.095,E
Sao Tome and Principe,STP,Africa,1984,1980,0.375,E
Sao Tome and Principe,STP,Africa,1985,1980,0.083,E
Sao Tome and Principe,STP,Africa,1986,1980,-0.112,E
Sao Tome and Principe,STP,Africa,1987,1980,0.424,E
Sao Tome and Principe,STP,Africa,1988,1980,0.446,E
Sao Tome and Principe,STP,Africa,1989,1980,-0.15,E
Sao Tome and Principe,STP,Africa,1990,1990,,O
Sao Tome and Principe,STP,Africa,1991,1990,,O
Sao Tome and Principe,STP,Africa,1992,1990,-0.062,E
Sao Tome and Principe,STP,Africa,1993,1990,0.391,E
Sao Tome and Principe,STP,Africa,1994,1990,0.295,E
Sao Tome and Principe,STP,Africa,1995,1990,0.853,E
Sao Tome and Principe,STP,Africa,1996,1990,,O
Sao Tome and Principe,STP,Africa,1997,1990,,O
Sao Tome and Principe,STP,Africa,1998,1990,1.233,E
Sao Tome and Principe,STP,Africa,1999,1990,0.951,E
Sao Tome and Principe,STP,Africa,2000,2000,0.482,E
Sao Tome and Principe,STP,Africa,2001,2000,0.33,E
Sao Tome and Principe,STP,Africa,2002,2000,0.718,E
Sao Tome and Principe,STP,Africa,2003,2000,0.953,E
Sao Tome and Principe,STP,Africa,2004,2000,0.78,E
Sao Tome and Principe,STP,Africa,2005,2000,0.676,E
Sao Tome and Principe,STP,Africa,2006,2000,0.724,E
Sao Tome and Principe,STP,Africa,2007,2000,0.958,E
Sao Tome and Principe,STP,Africa,2008,2000,0.663,E
Sao Tome and Principe,STP,Africa,2009,2000,0.859,E
Sao Tome and Principe,STP,Africa,2010,2010,0.975,E
Sao Tome and Principe,STP,Africa,2011,2010,0.669,E
Sao Tome and Principe,STP,Africa,2012,2010,0.732,E
Sao Tome and Principe,STP,Africa,2013,2010,0.839,E
Sao Tome and Principe,STP,Africa,2014,2010,0.919,E
Sao Tome and Principe,STP,Africa,2015,2010,0.867,E
Sao Tome and Principe,STP,Africa,2016,2010,1.557,E
Sao Tome and Principe,STP,Africa,2017,2010,1.226,E
Sao Tome and Principe,STP,Africa,2018,2010,0.91,E
Sao Tome and Principe,STP,Africa,2019,2010,1.254,E
Sao Tome and Principe,STP,Africa,2020,2020,1.434,E
Sao Tome and Principe,STP,Africa,2021,2020,1.203,E
Sao Tome and Principe,STP,Africa,2022,2020,1.178,E
Sao Tome and Principe,STP,Africa,2023,2020,1.187,E
Sao Tome and Principe,STP,Africa,2024,2020,1.57,E
Sao Tome and Principe,STP,Africa,2025,2020,1.161,E
Saudi Arabia,SAU,Asia,1961,1960,-0.189,E
Saudi Arabia,SAU,Asia,1962,1960,0.656,E
Saudi Arabia,SAU,Asia,1963,1960,0.459,E
Saudi Arabia,SAU,Asia,1964,1960,-0.492,E
Saudi Arabia,SAU,Asia,1965,1960,0.139,E
Saudi Arabia,SAU,Asia,1966,1960,0.632,E
Saudi Arabia,SAU,Asia,1967,1960,-0.72,E
Saudi Arabia,SAU,Asia,1968,1960,-0.475,E
Saudi Arabia,SAU,Asia,1969,1960,0.507,E
Saudi Arabia,SAU,Asia,1970,1970,0.349,E
Saudi Arabia,SAU,Asia,1971,1970,-0.472,E
Saudi Arabia,SAU,Asia,1972,1970,-0.54,E
Saudi Arabia,SAU,Asia,1973,1970,-0.197,E
Saudi Arabia,SAU,Asia,1974,1970,-0.195,E
Saudi Arabia,SAU,Asia,1975,1970,-0.332,E
Saudi Arabia,SAU,Asia,1976,1970,-0.42,E
Saudi Arabia,SAU,Asia,1977,1970,0.18,E
Saudi Arabia,SAU,Asia,1978,1970,-0.095,E
Saudi Arabia,SAU,Asia,1979,1970,0.928,E
Saudi Arabia,SAU,Asia,1980,1980,0.064,E
Saudi Arabia,SAU,Asia,1981,1980,0.063,E
Saudi Arabia,SAU,Asia,1982,1980,-0.475,E
Saudi Arabia,SAU,Asia,1983,1980,-0.939,E
Saudi Arabia,SAU,Asia,1984,1980,-0.376,E
Saudi Arabia,SAU,Asia,1985,1980,-0.043,E
Saudi Arabia,SAU,Asia,1986,1980,0.136,E
Saudi Arabia,SAU,Asia,1987,1980,0.45,E
Saudi Arabia,SAU,Asia,1988,1980,0.391,E
Saudi Arabia,SAU,Asia,1989,1980,-0.175,E
Saudi Arabia,SAU,Asia,1990,1990,0.02,E
Saudi Arabia,SAU,Asia,1991,1990,0.295,E
Saudi Arabia,SAU,Asia,1992,1990,-1.051,E
Saudi Arabia,SAU,Asia,1993,1990,-0.278,E
Saudi Arabia,SAU,Asia,1994,1990,0.571,E
Saudi Arabia,SAU,Asia,1995,1990,0.111,E
Saudi Arabia,SAU,Asia,1996,1990,0.5,E
Saudi Arabia,SAU,Asia,1997,1990,-0.077,E
Saudi Arabia,SAU,Asia,1998,1990,0.961,E
Saudi Arabia,SAU,Asia,1999,1990,1.412,E
Saudi Arabia,SAU,Asia,2000,2000,0.712,E
Saudi Arabia,SAU,Asia,2001,2000,0.825,E
Saudi Arabia,SAU,Asia,2002,2000,1.033,E
Saudi Arabia,SAU,Asia,2003,2000,0.925,E
Saudi Arabia,SAU,Asia,2004,2000,0.92,E
Saudi Arabia,SAU,Asia,2005,2000,0.484,E
Saudi Arabia,SAU,Asia,2006,2000,1.135,E
Saudi Arabia,SAU,Asia,2007,2000,0.653,E
Saudi Arabia,SAU,Asia,2008,2000,0.836,E
Saudi Arabia,SAU,Asia,2009,2000,0.941,E
Saudi Arabia,SAU,Asia,2010,2010,2.079,E
Saudi Arabia,SAU,Asia,2011,2010,0.772,E
Saudi Arabia,SAU,Asia,2012,2010,1.141,E
Saudi Arabia,SAU,Asia,2013,2010,1.147,E
Saudi Arabia,SAU,Asia,2014,2010,1.234,E
Saudi Arabia,SAU,Asia,2015,2010,1.875,E
Saudi Arabia,SAU,Asia,2016,2010,1.528,E
Saudi Arabia,SAU,Asia,2017,2010,1.733,E
Saudi Arabia,SAU,Asia,2018,2010,1.792,E
Saudi Arabia,SAU,Asia,2019,2010,1.672,E
Saudi Arabia,SAU,Asia,2020,2020,1.484,E
Saudi Arabia,SAU,Asia,2021,2020,2.224,E
Saudi Arabia,SAU,Asia,2022,2020,1.804,E
Saudi Arabia,SAU,Asia,2023,2020,1.844,E
Saudi Arabia,SAU,Asia,2024,2020,2.238,E
Saudi Arabia,SAU,Asia,2025,2020,1.584,E
Senegal,SEN,Africa,1961,1960,-0.138,E
Senegal,SEN,Africa,1962,1960,-0.003,E
Senegal,SEN,Africa,1963,1960,0.085,E
Senegal,SEN,Africa,1964,1960,-0.209,E
Senegal,SEN,Africa,1965,1960,-0.45,E
Senegal,SEN,Africa,1966,1960,-0.071,E
Senegal,SEN,Africa,1967,1960,-0.401,E
Senegal,SEN,Africa,1968,1960,-0.557,E
Senegal,SEN,Africa,1969,1960,0.719,E
Senegal,SEN,Africa,1970,1970,0.512,E
Senegal,SEN,Africa,1971,1970,-0.088,E
Senegal,SEN,Africa,1972,1970,0.334,E
Senegal,SEN,Africa,1973,1970,0.703,E
Senegal,SEN,Africa,1974,1970,-0.453,E
Senegal,SEN,Africa,1975,1970,-0.25,E
Senegal,SEN,Africa,1976,1970,-0.073,E
Senegal,SEN,Africa,1977,1970,0.543,E
Senegal,SEN,Africa,1978,1970,0.494,E
Senegal,SEN,Africa,1979,1970,0.794,E
Senegal,SEN,Africa,1980,1980,0.943,E
Senegal,SEN,Africa,1981,1980,0.771,E
Senegal,SEN,Africa,1982,1980,0.346,E
Senegal,SEN,Africa,1983,1980,1.253,E
Senegal,SEN,Africa,1984,1980,0.653,E
Senegal,SEN,Africa,1985,1980,0.526,E
Senegal,SEN,Africa,1986,1980,0.474,E
Senegal,SEN,Africa,1987,1980,1.014,E
Senegal,SEN,Africa,1988,1980,0.877,E
Senegal,SEN,Africa,1989,1980,0.592,E
Senegal,SEN,Africa,1990,1990,1.207,E
Senegal,SEN,Africa,1991,1990,0.818,E
Senegal,SEN,Africa,1992,1990,0.899,E
Senegal,SEN,Africa,1993,1990,1.114,E
Senegal,SEN,Africa,1994,1990,0.641,E
Senegal,SEN,Africa,1995,1990,0.929,E
Senegal,SEN,Africa,1996,1990,1.209,E
Senegal,SEN,Africa,1997,1990,1.369,E
Senegal,SEN,Africa,1998,1990,1.556,E
Senegal,SEN,Africa,1999,1990,0.56,E
Senegal,SEN,Africa,2000,2000,0.899,E
Senegal,SEN,Africa,2001,2000,1.139,E
Senegal,SEN,Africa,2002,2000,1.421,E
Senegal,SEN,Africa,2003,2000,1.119,E
Senegal,SEN,Africa,2004,2000,1.096,E
Senegal,SEN,Africa,2005,2000,1.296,E
Senegal,SEN,Africa,2006,2000,1.311,E
Senegal,SEN,Africa,2007,2000,1.169,E
Senegal,SEN,Africa,2008,2000,1.255,E
Senegal,SEN,Africa,2009,2000,0.693,E
Senegal,SEN,Africa,2010,2010,1.497,E
Senegal,SEN,Africa,2011,2010,1.238,E
Senegal,SEN,Africa,2012,2010,0.915,E
Senegal,SEN,Africa,2013,2010,1.26,E
Senegal,SEN,Africa,2014,2010,1.167,E
Senegal,SEN,Africa,2015,2010,1.283,E
Senegal,SEN,Africa,2016,2010,1.601,E
Senegal,SEN,Africa,2017,2010,1.8,E
Senegal,SEN,Africa,2018,2010,1.029,E
Senegal,SEN,Africa,2019,2010,1.486,E
Senegal,SEN,Africa,2020,2020,1.777,E
Senegal,SEN,Africa,2021,2020,1.892,E
Senegal,SEN,Africa,2022,2020,1.54,E
Senegal,SEN,Africa,2023,2020,2.052,E
Senegal,SEN,Africa,2024,2020,1.926,E
Senegal,SEN,Africa,2025,2020,1.476,E
Serbia,SRB,Europe,2006,2000,0.591,E
Serbia,SRB,Europe,2007,2000,1.923,E
Serbia,SRB,Europe,2008,2000,1.366,E
Serbia,SRB,Europe,2009,2000,1.403,E
Serbia,SRB,Europe,2010,2010,1.199,E
Serbia,SRB,Europe,2011,2010,0.771,E
Serbia,SRB,Europe,2012,2010,1.726,E
Serbia,SRB,Europe,2013,2010,1.448,E
Serbia,SRB,Europe,2014,2010,1.637,E
Serbia,SRB,Europe,2015,2010,1.787,E
Serbia,SRB,Europe,2016,2010,1.745,E
Serbia,SRB,Europe,2017,2010,1.312,E
Serbia,SRB,Europe,2018,2010,2.353,E
Serbia,SRB,Europe,2019,2010,2.117,E
Serbia,SRB,Europe,2020,2020,1.847,E
Serbia,SRB,Europe,2021,2020,1.628,E
Serbia,SRB,Europe,2022,2020,1.977,E
Serbia,SRB,Europe,2023,2020,2.606,E
Serbia,SRB,Europe,2024,2020,3.402,E
Serbia,SRB,Europe,2025,2020,2.115,E
Seychelles,SYC,Africa,1961,1960,0.234,E
Seychelles,SYC,Africa,1962,1960,0.065,E
Seychelles,SYC,Africa,1963,1960,-0.116,E
Seychelles,SYC,Africa,1964,1960,-0.19,E
Seychelles,SYC,Africa,1965,1960,-0.55,E
Seychelles,SYC,Africa,1966,1960,0.044,E
Seychelles,SYC,Africa,1967,1960,0.004,E
Seychelles,SYC,Africa,1968,1960,-0.176,E
Seychelles,SYC,Africa,1969,1960,0.181,E
Seychelles,SYC,Africa,1970,1970,0.292,E
Seychelles,SYC,Africa,1971,1970,-0.498,E
Seychelles,SYC,Africa,1972,1970,-0.059,E
Seychelles,SYC,Africa,1973,1970,0.406,E
Seychelles,SYC,Africa,1974,1970,-0.304,E
Seychelles,SYC,Africa,1975,1970,-0.124,E
Seychelles,SYC,Africa,1976,1970,-0.139,E
Seychelles,SYC,Africa,1977,1970,0.304,E
Seychelles,SYC,Africa,1978,1970,0.44,E
Seychelles,SYC,Africa,1979,1970,0.312,E
Seychelles,SYC,Africa,1980,1980,0.343,E
Seychelles,SYC,Africa,1981,1980,0.249,E
Seychelles,SYC,Africa,1982,1980,0.465,E
Seychelles,SYC,Africa,1983,1980,0.533,E
Seychelles,SYC,Africa,1984,1980,-0.292,E
Seychelles,SYC,Africa,1985,1980,-0.104,E
Seychelles,SYC,Africa,1986,1980,0.261,E
Seychelles,SYC,Africa,1987,1980,0.502,E
Seychelles,SYC,Africa,1988,1980,0.43,E
Seychelles,SYC,Africa,1989,1980,0.007,E
Seychelles,SYC,Africa,1990,1990,0.39,E
Seychelles,SYC,Africa,1991,1990,0.565,E
Seychelles,SYC,Africa,1992,1990,0.056,E
Seychelles,SYC,Africa,1993,1990,0.091,E
Seychelles,SYC,Africa,1994,1990,0.374,E
Seychelles,SYC,Africa,1995,1990,0.358,E
Seychelles,SYC,Africa,1996,1990,0.037,E
Seychelles,SYC,Africa,1997,1990,0.522,E
Seychelles,SYC,Africa,1998,1990,0.903,E
Seychelles,SYC,Africa,1999,1990,0.278,E
Seychelles,SYC,Africa,2000,2000,0.384,E
Seychelles,SYC,Africa,2001,2000,0.702,E
Seychelles,SYC,Africa,2002,2000,0.496,E
Seychelles,SYC,Africa,2003,2000,0.706,E
Seychelles,SYC,Africa,2004,2000,0.246,E
Seychelles,SYC,Africa,2005,2000,0.44,E
Seychelles,SYC,Africa,2006,2000,0.47,E
Seychelles,SYC,Africa,2007,2000,0.734,E
Seychelles,SYC,Africa,2008,2000,0.344,E
Seychelles,SYC,Africa,2009,2000,0.57,E
Seychelles,SYC,Africa,2010,2010,0.735,E
Seychelles,SYC,Africa,2011,2010,0.635,E
Seychelles,SYC,Africa,2012,2010,0.668,E
Seychelles,SYC,Africa,2013,2010,0.488,E
Seychelles,SYC,Africa,2014,2010,0.615,E
Seychelles,SYC,Africa,2015,2010,0.913,E
Seychelles,SYC,Africa,2016,2010,0.86,E
Seychelles,SYC,Africa,2017,2010,1.004,E
Seychelles,SYC,Africa,2018,2010,0.738,E
Seychelles,SYC,Africa,2019,2010,1.199,E
Seychelles,SYC,Africa,2020,2020,1.256,E
Seychelles,SYC,Africa,2021,2020,0.707,E
Seychelles,SYC,Africa,2022,2020,0.547,E
Seychelles,SYC,Africa,2023,2020,0.984,E
Seychelles,SYC,Africa,2024,2020,1.585,E
Seychelles,SYC,Africa,2025,2020,1.046,E
Sierra Leone,SLE,Africa,1961,1960,-0.085,E
Sierra Leone,SLE,Africa,1962,1960,-0.079,E
Sierra Leone,SLE,Africa,1963,1960,0.162,E
Sierra Leone,SLE,Africa,1964,1960,-0.168,E
Sierra Leone,SLE,Africa,1965,1960,-0.295,E
Sierra Leone,SLE,Africa,1966,1960,-0.013,E
Sierra Leone,SLE,Africa,1967,1960,-0.141,E
Sierra Leone,SLE,Africa,1968,1960,-0.068,E
Sierra Leone,SLE,Africa,1969,1960,0.266,E
Sierra Leone,SLE,Africa,1970,1970,0.327,E
Sierra Leone,SLE,Africa,1971,1970,-0.168,E
Sierra Leone,SLE,Africa,1972,1970,0.123,E
Sierra Leone,SLE,Africa,1973,1970,0.484,E
Sierra Leone,SLE,Africa,1974,1970,-0.016,E
Sierra Leone,SLE,Africa,1975,1970,-0.119,E
Sierra Leone,SLE,Africa,1976,1970,-0.209,E
Sierra Leone,SLE,Africa,1977,1970,0.179,E
Sierra Leone,SLE,Africa,1978,1970,0.223,E
Sierra Leone,SLE,Africa,1979,1970,0.506,E
Sierra Leone,SLE,Africa,1980,1980,0.379,E
Sierra Leone,SLE,Africa,1981,1980,0.221,E
Sierra Leone,SLE,Africa,1982,1980,0.291,E
Sierra Leone,SLE,Africa,1983,1980,0.553,E
Sierra Leone,SLE,Africa,1984,1980,0.4,E
Sierra Leone,SLE,Africa,1985,1980,0.317,E
Sierra Leone,SLE,Africa,1986,1980,0.022,E
Sierra Leone,SLE,Africa,1987,1980,0.817,E
Sierra Leone,SLE,Africa,1988,1980,0.689,E
Sierra Leone,SLE,Africa,1989,1980,0.317,E
Sierra Leone,SLE,Africa,1990,1990,0.588,E
Sierra Leone,SLE,Africa,1991,1990,0.602,E
Sierra Leone,SLE,Africa,1992,1990,0.205,E
Sierra Leone,SLE,Africa,1993,1990,0.517,E
Sierra Leone,SLE,Africa,1994,1990,0.431,E
Sierra Leone,SLE,Africa,1995,1990,0.42,E
Sierra Leone,SLE,Africa,1996,1990,0.553,E
Sierra Leone,SLE,Africa,1997,1990,0.727,E
Sierra Leone,SLE,Africa,1998,1990,1.017,E
Sierra Leone,SLE,Africa,1999,1990,0.546,E
Sierra Leone,SLE,Africa,2000,2000,,O
Sierra Leone,SLE,Africa,2001,2000,0.803,E
Sierra Leone,SLE,Africa,2002,2000,0.967,E
Sierra Leone,SLE,Africa,2003,2000,0.787,E
Sierra Leone,SLE,Africa,2004,2000,0.992,E
Sierra Leone,SLE,Africa,2005,2000,1.127,E
Sierra Leone,SLE,Africa,2006,2000,1.043,E
Sierra Leone,SLE,Africa,2007,2000,0.773,E
Sierra Leone,SLE,Africa,2008,2000,1.15,E
Sierra Leone,SLE,Africa,2009,2000,0.751,E
Sierra Leone,SLE,Africa,2010,2010,1.206,E
Sierra Leone,SLE,Africa,2011,2010,0.952,E
Sierra Leone,SLE,Africa,2012,2010,0.405,E
Sierra Leone,SLE,Africa,2013,2010,0.71,E
Sierra Leone,SLE,Africa,2014,2010,0.671,E
Sierra Leone,SLE,Africa,2015,2010,0.903,E
Sierra Leone,SLE,Africa,2016,2010,0.886,E
Sierra Leone,SLE,Africa,2017,2010,1.408,E
Sierra Leone,SLE,Africa,2018,2010,0.951,E
Sierra Leone,SLE,Africa,2019,2010,1.4,E
Sierra Leone,SLE,Africa,2020,2020,1.579,E
Sierra Leone,SLE,Africa,2021,2020,1.589,E
Sierra Leone,SLE,Africa,2022,2020,1.482,E
Sierra Leone,SLE,Africa,2023,2020,1.343,E
Sierra Leone,SLE,Africa,2024,2020,1.616,E
Sierra Leone,SLE,Africa,2025,2020,1.282,E
Singapore,SGP,Asia,1961,1960,0.089,E
Singapore,SGP,Asia,1962,1960,-0.099,E
Singapore,SGP,Asia,1963,1960,-0.006,E
Singapore,SGP,Asia,1964,1960,-0.017,E
Singapore,SGP,Asia,1965,1960,-0.144,E
Singapore,SGP,Asia,1966,1960,0.122,E
Singapore,SGP,Asia,1967,1960,-0.172,E
Singapore,SGP,Asia,1968,1960,,O
Singapore,SGP,Asia,1969,1960,0.224,E
Singapore,SGP,Asia,1970,1970,0.077,E
Singapore,SGP,Asia,1971,1970,-0.204,E
Singapore,SGP,Asia,1972,1970,0.067,E
Singapore,SGP,Asia,1973,1970,0.228,E
Singapore,SGP,Asia,1974,1970,-0.176,E
Singapore,SGP,Asia,1975,1970,-0.095,E
Singapore,SGP,Asia,1976,1970,,O
Singapore,SGP,Asia,1977,1970,0.101,E
Singapore,SGP,Asia,1978,1970,0.214,E
Singapore,SGP,Asia,1979,1970,0.232,E
Singapore,SGP,Asia,1980,1980,0.347,E
Singapore,SGP,Asia,1981,1980,0.276,E
Singapore,SGP,Asia,1982,1980,0.145,E
Singapore,SGP,Asia,1983,1980,0.597,E
Singapore,SGP,Asia,1984,1980,-0.326,E
Singapore,SGP,Asia,1985,1980,0.139,E
Singapore,SGP,Asia,1986,1980,0.26,E
Singapore,SGP,Asia,1987,1980,0.45,E
Singapore,SGP,Asia,1988,1980,0.355,E
Singapore,SGP,Asia,1989,1980,0.077,E
Singapore,SGP,Asia,1990,1990,,O
Singapore,SGP,Asia,1991,1990,,O
Singapore,SGP,Asia,1992,1990,,O
Singapore,SGP,Asia,1993,1990,,O
Singapore,SGP,Asia,1994,1990,,O
Singapore,SGP,Asia,1995,1990,,O
Singapore,SGP,Asia,1996,1990,,O
Singapore,SGP,Asia,1997,1990,,O
Singapore,SGP,Asia,1998,1990,,O
Singapore,SGP,Asia,1999,1990,,O
Singapore,SGP,Asia,2000,2000,,O
Singapore,SGP,Asia,2001,2000,,O
Singapore,SGP,Asia,2002,2000,,O
Singapore,SGP,Asia,2003,2000,,O
Singapore,SGP,Asia,2004,2000,,O
Singapore,SGP,Asia,2005,2000,,O
Singapore,SGP,Asia,2006,2000,,O
Singapore,SGP,Asia,2007,2000,,O
Singapore,SGP,Asia,2008,2000,,O
Singapore,SGP,Asia,2009,2000,,O
Singapore,SGP,Asia,2010,2010,,O
Singapore,SGP,Asia,2011,2010,,O
Singapore,SGP,Asia,2012,2010,,O
Singapore,SGP,Asia,2013,2010,,O
Singapore,SGP,Asia,2014,2010,,O
Singapore,SGP,Asia,2015,2010,,O
Singapore,SGP,Asia,2016,2010,,O
Singapore,SGP,Asia,2017,2010,,O
Singapore,SGP,Asia,2018,2010,,O
Singapore,SGP,Asia,2019,2010,,O
Singapore,SGP,Asia,2020,2020,,O
Singapore,SGP,Asia,2021,2020,,O
Singapore,SGP,Asia,2022,2020,,O
Singapore,SGP,Asia,2023,2020,,O
Singapore,SGP,Asia,2024,2020,,O
Singapore,SGP,Asia,2025,2020,,O
Slovakia,SVK,Europe,1993,1990,0.048,E
Slovakia,SVK,Europe,1994,1990,1.704,E
Slovakia,SVK,Europe,1995,1990,0.704,E
Slovakia,SVK,Europe,1996,1990,-0.406,E
Slovakia,SVK,Europe,1997,1990,-0.239,E
Slovakia,SVK,Europe,1998,1990,1.036,E
Slovakia,SVK,Europe,1999,1990,0.781,E
Slovakia,SVK,Europe,2000,2000,1.636,E
Slovakia,SVK,Europe,2001,2000,1.255,E
Slovakia,SVK,Europe,2002,2000,1.394,E
Slovakia,SVK,Europe,2003,2000,0.663,E
Slovakia,SVK,Europe,2004,2000,0.559,E
Slovakia,SVK,Europe,2005,2000,0.405,E
Slovakia,SVK,Europe,2006,2000,0.634,E
Slovakia,SVK,Europe,2007,2000,2.152,E
Slovakia,SVK,Europe,2008,2000,1.524,E
Slovakia,SVK,Europe,2009,2000,1.492,E
Slovakia,SVK,Europe,2010,2010,0.681,E
Slovakia,SVK,Europe,2011,2010,0.835,E
Slovakia,SVK,Europe,2012,2010,1.567,E
Slovakia,SVK,Europe,2013,2010,0.947,E
Slovakia,SVK,Europe,2014,2010,2.361,E
Slovakia,SVK,Europe,2015,2010,2.108,E
Slovakia,SVK,Europe,2016,2010,1.949,E
Slovakia,SVK,Europe,2017,2010,1.267,E
Slovakia,SVK,Europe,2018,2010,2.54,E
Slovakia,SVK,Europe,2019,2010,2.412,E
Slovakia,SVK,Europe,2020,2020,2.038,E
Slovakia,SVK,Europe,2021,2020,1.288,E
Slovakia,SVK,Europe,2022,2020,2.028,E
Slovakia,SVK,Europe,2023,2020,2.468,E
Slovakia,SVK,Europe,2024,2020,3.358,E
Slovakia,SVK,Europe,2025,2020,1.896,E
Slovenia,SVN,Europe,1992,1990,1.143,E
Slovenia,SVN,Europe,1993,1990,0.548,E
Slovenia,SVN,Europe,1994,1990,1.862,E
Slovenia,SVN,Europe,1995,1990,0.794,E
Slovenia,SVN,Europe,1996,1990,-0.123,E
Slovenia,SVN,Europe,1997,1990,0.458,E
Slovenia,SVN,Europe,1998,1990,1.355,E
Slovenia,SVN,Europe,1999,1990,0.867,E
Slovenia,SVN,Europe,2000,2000,1.784,E
Slovenia,SVN,Europe,2001,2000,1.708,E
Slovenia,SVN,Europe,2002,2000,1.501,E
Slovenia,SVN,Europe,2003,2000,1.424,E
Slovenia,SVN,Europe,2004,2000,0.719,E
Slovenia,SVN,Europe,2005,2000,0.472,E
Slovenia,SVN,Europe,2006,2000,0.86,E
Slovenia,SVN,Europe,2007,2000,2.165,E
Slovenia,SVN,Europe,2008,2000,1.577,E
Slovenia,SVN,Europe,2009,2000,1.628,E
Slovenia,SVN,Europe,2010,2010,0.77,E
Slovenia,SVN,Europe,2011,2010,1.359,E
Slovenia,SVN,Europe,2012,2010,1.934,E
Slovenia,SVN,Europe,2013,2010,1.234,E
Slovenia,SVN,Europe,2014,2010,2.419,E
Slovenia,SVN,Europe,2015,2010,2.117,E
Slovenia,SVN,Europe,2016,2010,2.034,E
Slovenia,SVN,Europe,2017,2010,1.707,E
Slovenia,SVN,Europe,2018,2010,2.399,E
Slovenia,SVN,Europe,2019,2010,2.314,E
Slovenia,SVN,Europe,2020,2020,2.204,E
Slovenia,SVN,Europe,2021,2020,1.513,E
Slovenia,SVN,Europe,2022,2020,2.495,E
Slovenia,SVN,Europe,2023,2020,2.568,E
Slovenia,SVN,Europe,2024,2020,3.225,E
Slovenia,SVN,Europe,2025,2020,2.222,E
Solomon Islands,SLB,Oceania,1961,1960,0.208,E
Solomon Islands,SLB,Oceania,1962,1960,0.087,E
Solomon Islands,SLB,Oceania,1963,1960,-0.087,E
Solomon Islands,SLB,Oceania,1964,1960,0.099,E
Solomon Islands,SLB,Oceania,1965,1960,-0.503,E
Solomon Islands,SLB,Oceania,1966,1960,-0.165,E
Solomon Islands,SLB,Oceania,1967,1960,-0.179,E
Solomon Islands,SLB,Oceania,1968,1960,-0.181,E
Solomon Islands,SLB,Oceania,1969,1960,0.202,E
Solomon Islands,SLB,Oceania,1970,1970,0.109,E
Solomon Islands,SLB,Oceania,1971,1970,-0.16,E
Solomon Islands,SLB,Oceania,1972,1970,-0.365,E
Solomon Islands,SLB,Oceania,1973,1970,0.168,E
Solomon Islands,SLB,Oceania,1974,1970,0.072,E
Solomon Islands,SLB,Oceania,1975,1970,0.022,E
Solomon Islands,SLB,Oceania,1976,1970,-0.069,E
Solomon Islands,SLB,Oceania,1977,1970,0.22,E
Solomon Islands,SLB,Oceania,1978,1970,0.373,E
Solomon Islands,SLB,Oceania,1979,1970,0.211,E
Solomon Islands,SLB,Oceania,1980,1980,0.143,E
Solomon Islands,SLB,Oceania,1981,1980,0.432,E
Solomon Islands,SLB,Oceania,1982,1980,-0.111,E
Solomon Islands,SLB,Oceania,1983,1980,0.169,E
Solomon Islands,SLB,Oceania,1984,1980,0.149,E
Solomon Islands,SLB,Oceania,1985,1980,-0.004,E
Solomon Islands,SLB,Oceania,1986,1980,-0.287,E
Solomon Islands,SLB,Oceania,1987,1980,-0.371,E
Solomon Islands,SLB,Oceania,1988,1980,0.211,E
Solomon Islands,SLB,Oceania,1989,1980,-0.053,E
Solomon Islands,SLB,Oceania,1990,1990,-0.123,E
Solomon Islands,SLB,Oceania,1991,1990,-0.311,E
Solomon Islands,SLB,Oceania,1992,1990,-0.294,E
Solomon Islands,SLB,Oceania,1993,1990,-0.394,E
Solomon Islands,SLB,Oceania,1994,1990,-0.26,E
Solomon Islands,SLB,Oceania,1995,1990,0.326,E
Solomon Islands,SLB,Oceania,1996,1990,0.092,E
Solomon Islands,SLB,Oceania,1997,1990,-0.008,E
Solomon Islands,SLB,Oceania,1998,1990,0.393,E
Solomon Islands,SLB,Oceania,1999,1990,-0.027,E
Solomon Islands,SLB,Oceania,2000,2000,0.333,E
Solomon Islands,SLB,Oceania,2001,2000,,O
Solomon Islands,SLB,Oceania,2002,2000,,O
Solomon Islands,SLB,Oceania,2003,2000,0.394,E
Solomon Islands,SLB,Oceania,2004,2000,0.42,E
Solomon Islands,SLB,Oceania,2005,2000,0.413,E
Solomon Islands,SLB,Oceania,2006,2000,0.34,E
Solomon Islands,SLB,Oceania,2007,2000,0.569,E
Solomon Islands,SLB,Oceania,2008,2000,,O
Solomon Islands,SLB,Oceania,2009,2000,0.11,E
Solomon Islands,SLB,Oceania,2010,2010,0.237,E
Solomon Islands,SLB,Oceania,2011,2010,0.381,E
Solomon Islands,SLB,Oceania,2012,2010,0.478,E
Solomon Islands,SLB,Oceania,2013,2010,0.6,E
Solomon Islands,SLB,Oceania,2014,2010,0.685,E
Solomon Islands,SLB,Oceania,2015,2010,0.474,E
Solomon Islands,SLB,Oceania,2016,2010,0.832,E
Solomon Islands,SLB,Oceania,2017,2010,0.588,E
Solomon Islands,SLB,Oceania,2018,2010,0.392,E
Solomon Islands,SLB,Oceania,2019,2010,0.652,E
Solomon Islands,SLB,Oceania,2020,2020,0.624,E
Solomon Islands,SLB,Oceania,2021,2020,0.302,E
Solomon Islands,SLB,Oceania,2022,2020,0.467,E
Solomon Islands,SLB,Oceania,2023,2020,0.436,E
Solomon Islands,SLB,Oceania,2024,2020,0.636,E
Solomon Islands,SLB,Oceania,2025,2020,0.34,E
Somalia,SOM,Africa,1961,1960,0.342,E
Somalia,SOM,Africa,1962,1960,-0.008,E
Somalia,SOM,Africa,1963,1960,-0.192,E
Somalia,SOM,Africa,1964,1960,0.03,E
Somalia,SOM,Africa,1965,1960,-0.383,E
Somalia,SOM,Africa,1966,1960,0.171,E
Somalia,SOM,Africa,1967,1960,-0.121,E
Somalia,SOM,Africa,1968,1960,-0.618,E
Somalia,SOM,Africa,1969,1960,0.009,E
Somalia,SOM,Africa,1970,1970,0.066,E
Somalia,SOM,Africa,1971,1970,-0.283,E
Somalia,SOM,Africa,1972,1970,0.252,E
Somalia,SOM,Africa,1973,1970,0.569,E
Somalia,SOM,Africa,1974,1970,-0.01,E
Somalia,SOM,Africa,1975,1970,0.091,E
Somalia,SOM,Africa,1976,1970,0.265,E
Somalia,SOM,Africa,1977,1970,0.403,E
Somalia,SOM,Africa,1978,1970,0.054,E
Somalia,SOM,Africa,1979,1970,0.019,E
Somalia,SOM,Africa,1980,1980,0.646,E
Somalia,SOM,Africa,1981,1980,0.219,E
Somalia,SOM,Africa,1982,1980,0.344,E
Somalia,SOM,Africa,1983,1980,0.456,E
Somalia,SOM,Africa,1984,1980,-0.001,E
Somalia,SOM,Africa,1985,1980,0.019,E
Somalia,SOM,Africa,1986,1980,0.103,E
Somalia,SOM,Africa,1987,1980,0.878,E
Somalia,SOM,Africa,1988,1980,0.726,E
Somalia,SOM,Africa,1989,1980,-0.095,E
Somalia,SOM,Africa,1990,1990,0.116,E
Somalia,SOM,Africa,1991,1990,0.213,E
Somalia,SOM,Africa,1992,1990,0.506,E
Somalia,SOM,Africa,1993,1990,0.106,E
Somalia,SOM,Africa,1994,1990,0.45,E
Somalia,SOM,Africa,1995,1990,0.421,E
Somalia,SOM,Africa,1996,1990,0.576,E
Somalia,SOM,Africa,1997,1990,0.363,E
Somalia,SOM,Africa,1998,1990,0.536,E
Somalia,SOM,Africa,1999,1990,0.277,E
Somalia,SOM,Africa,2000,2000,0.354,E
Somalia,SOM,Africa,2001,2000,0.652,E
Somalia,SOM,Africa,2002,2000,0.676,E
Somalia,SOM,Africa,2003,2000,0.9,E
Somalia,SOM,Africa,2004,2000,0.355,E
Somalia,SOM,Africa,2005,2000,0.957,E
Somalia,SOM,Africa,2006,2000,0.734,E
Somalia,SOM,Africa,2007,2000,0.807,E
Somalia,SOM,Africa,2008,2000,0.511,E
Somalia,SOM,Africa,2009,2000,1.114,E
Somalia,SOM,Africa,2010,2010,0.903,E
Somalia,SOM,Africa,2011,2010,0.709,E
Somalia,SOM,Africa,2012,2010,0.525,E
Somalia,SOM,Africa,2013,2010,0.654,E
Somalia,SOM,Africa,2014,2010,0.664,E
Somalia,SOM,Africa,2015,2010,1.34,E
Somalia,SOM,Africa,2016,2010,0.894,E
Somalia,SOM,Africa,2017,2010,1.145,E
Somalia,SOM,Africa,2018,2010,0.189,E
Somalia,SOM,Africa,2019,2010,1.032,E
Somalia,SOM,Africa,2020,2020,1.232,E
Somalia,SOM,Africa,2021,2020,1.096,E
Somalia,SOM,Africa,2022,2020,1.149,E
Somalia,SOM,Africa,2023,2020,0.831,E
Somalia,SOM,Africa,2024,2020,2.137,E
Somalia,SOM,Africa,2025,2020,1.535,E
South Africa,ZAF,Africa,1961,1960,0.253,E
South Africa,ZAF,Africa,1962,1960,0.214,E
South Africa,ZAF,Africa,1963,1960,0.183,E
South Africa,ZAF,Africa,1964,1960,-0.076,E
South Africa,ZAF,Africa,1965,1960,-0.034,E
South Africa,ZAF,Africa,1966,1960,0.237,E
South Africa,ZAF,Africa,1967,1960,-0.086,E
South Africa,ZAF,Africa,1968,1960,-0.393,E
South Africa,ZAF,Africa,1969,1960,0.271,E
South Africa,ZAF,Africa,1970,1970,0.338,E
South Africa,ZAF,Africa,1971,1970,-0.18,E
South Africa,ZAF,Africa,1972,1970,0.084,E
South Africa,ZAF,Africa,1973,1970,0.325,E
South Africa,ZAF,Africa,1974,1970,-0.27,E
South Africa,ZAF,Africa,1975,1970,-0.159,E
South Africa,ZAF,Africa,1976,1970,-0.519,E
South Africa,ZAF,Africa,1977,1970,0.161,E
South Africa,ZAF,Africa,1978,1970,0.052,E
South Africa,ZAF,Africa,1979,1970,0.313,E
South Africa,ZAF,Africa,1980,1980,0.229,E
South Africa,ZAF,Africa,1981,1980,-0.355,E
South Africa,ZAF,Africa,1982,1980,0.189,E
South Africa,ZAF,Africa,1983,1980,0.674,E
South Africa,ZAF,Africa,1984,1980,0.504,E
South Africa,ZAF,Africa,1985,1980,0.627,E
South Africa,ZAF,Africa,1986,1980,0.425,E
South Africa,ZAF,Africa,1987,1980,0.707,E
South Africa,ZAF,Africa,1988,1980,0.325,E
South Africa,ZAF,Africa,1989,1980,-0.038,E
South Africa,ZAF,Africa,1990,1990,0.313,E
South Africa,ZAF,Africa,1991,1990,0.344,E
South Africa,ZAF,Africa,1992,1990,0.78,E
South Africa,ZAF,Africa,1993,1990,0.812,E
South Africa,ZAF,Africa,1994,1990,0.199,E
South Africa,ZAF,Africa,1995,1990,0.623,E
South Africa,ZAF,Africa,1996,1990,-0.158,E
South Africa,ZAF,Africa,1997,1990,0.225,E
South Africa,ZAF,Africa,1998,1990,0.824,E
South Africa,ZAF,Africa,1999,1990,1.081,E
South Africa,ZAF,Africa,2000,2000,0.248,E
South Africa,ZAF,Africa,2001,2000,0.497,E
South Africa,ZAF,Africa,2002,2000,0.487,E
South Africa,ZAF,Africa,2003,2000,0.921,E
South Africa,ZAF,Africa,2004,2000,0.961,E
South Africa,ZAF,Africa,2005,2000,1.163,E
South Africa,ZAF,Africa,2006,2000,0.452,E
South Africa,ZAF,Africa,2007,2000,0.878,E
South Africa,ZAF,Africa,2008,2000,0.787,E
South Africa,ZAF,Africa,2009,2000,0.801,E
South Africa,ZAF,Africa,2010,2010,1.237,E
South Africa,ZAF,Africa,2011,2010,0.547,E
South Africa,ZAF,Africa,2012,2010,0.722,E
South Africa,ZAF,Africa,2013,2010,0.821,E
South Africa,ZAF,Africa,2014,2010,0.916,E
South Africa,ZAF,Africa,2015,2010,1.389,E
South Africa,ZAF,Africa,2016,2010,1.647,E
South Africa,ZAF,Africa,2017,2010,1.191,E
South Africa,ZAF,Africa,2018,2010,1.071,E
South Africa,ZAF,Africa,2019,2010,1.978,E
South Africa,ZAF,Africa,2020,2020,0.985,E
South Africa,ZAF,Africa,2021,2020,0.867,E
South Africa,ZAF,Africa,2022,2020,1.014,E
South Africa,ZAF,Africa,2023,2020,1.053,E
South Africa,ZAF,Africa,2024,2020,1.553,E
South Africa,ZAF,Africa,2025,2020,1.049,E
South Georgia and the South Sandwich Islands,SGS,South America,1961,1960,-0.386,E
South Georgia and the South Sandwich Islands,SGS,South America,1962,1960,0.224,E
South Georgia and the South Sandwich Islands,SGS,South America,1963,1960,-0.304,E
South Georgia and the South Sandwich Islands,SGS,South America,1964,1960,,O
South Georgia and the South Sandwich Islands,SGS,South America,1965,1960,0.106,E
South Georgia and the South Sandwich Islands,SGS,South America,1966,1960,-0.344,E
South Georgia and the South Sandwich Islands,SGS,South America,1967,1960,-0.153,E
South Georgia and the South Sandwich Islands,SGS,South America,1968,1960,0.405,E
South Georgia and the South Sandwich Islands,SGS,South America,1969,1960,0.297,E
South Georgia and the South Sandwich Islands,SGS,South America,1970,1970,0.022,E
South Georgia and the South Sandwich Islands,SGS,South America,1971,1970,0.189,E
South Georgia and the South Sandwich Islands,SGS,South America,1972,1970,-0.653,E
South Georgia and the South Sandwich Islands,SGS,South America,1973,1970,0.181,E
South Georgia and the South Sandwich Islands,SGS,South America,1974,1970,0.197,E
South Georgia and the South Sandwich Islands,SGS,South America,1975,1970,0.172,E
South Georgia and the South Sandwich Islands,SGS,South America,1976,1970,0.073,E
South Georgia and the South Sandwich Islands,SGS,South America,1977,1970,-0.152,E
South Georgia and the South Sandwich Islands,SGS,South America,1978,1970,0.323,E
South Georgia and the South Sandwich Islands,SGS,South America,1979,1970,0.308,E
South Georgia and the South Sandwich Islands,SGS,South America,1980,1980,-0.311,E
South Georgia and the South Sandwich Islands,SGS,South America,1981,1980,0.447,E
South Georgia and the South Sandwich Islands,SGS,South America,1982,1980,,O
South Georgia and the South Sandwich Islands,SGS,South America,1983,1980,,O
South Georgia and the South Sandwich Islands,SGS,South America,1984,1980,-0.245,E
South Georgia and the South Sandwich Islands,SGS,South America,1985,1980,0.089,E
South Georgia and the South Sandwich Islands,SGS,South America,1986,1980,0.406,E
South Georgia and the South Sandwich Islands,SGS,South America,1987,1980,-0.686,E
South Georgia and the South Sandwich Islands,SGS,South America,1988,1980,0.311,E
South Georgia and the South Sandwich Islands,SGS,South America,1989,1980,0.752,E
South Georgia and the South Sandwich Islands,SGS,South America,1990,1990,0.515,E
South Georgia and the South Sandwich Islands,SGS,South America,1991,1990,0.003,E
South Georgia and the South Sandwich Islands,SGS,South America,1992,1990,-0.009,E
South Georgia and the South Sandwich Islands,SGS,South America,1993,1990,0.647,E
South Georgia and the South Sandwich Islands,SGS,South America,1994,1990,-0.403,E
South Georgia and the South Sandwich Islands,SGS,South America,1995,1990,0.187,E
South Georgia and the South Sandwich Islands,SGS,South America,1996,1990,0.534,E
South Georgia and the South Sandwich Islands,SGS,South America,1997,1990,-0.045,E
South Georgia and the South Sandwich Islands,SGS,South America,1998,1990,,O
South Georgia and the South Sandwich Islands,SGS,South America,1999,1990,,O
South Georgia and the South Sandwich Islands,SGS,South America,2000,2000,,O
South Georgia and the South Sandwich Islands,SGS,South America,2001,2000,0.43,E
South Georgia and the South Sandwich Islands,SGS,South America,2002,2000,-0.684,E
South Georgia and the South Sandwich Islands,SGS,South America,2003,2000,0.843,E
South Georgia and the South Sandwich Islands,SGS,South America,2004,2000,,O
South Georgia and the South Sandwich Islands,SGS,South America,2005,2000,0.084,E
South Georgia and the South Sandwich Islands,SGS,South America,2006,2000,0.748,E
South Georgia and the South Sandwich Islands,SGS,South America,2007,2000,0.169,E
South Georgia and the South Sandwich Islands,SGS,South America,2008,2000,0.702,E
South Georgia and the South Sandwich Islands,SGS,South America,2009,2000,0.18,E
South Georgia and the South Sandwich Islands,SGS,South America,2010,2010,0.795,E
South Georgia and the South Sandwich Islands,SGS,South America,2011,2010,0.702,E
South Georgia and the South Sandwich Islands,SGS,South America,2012,2010,-0.048,E
South Georgia and the South Sandwich Islands,SGS,South America,2013,2010,-0.314,E
South Georgia and the South Sandwich Islands,SGS,South America,2014,2010,-0.052,E
South Georgia and the South Sandwich Islands,SGS,South America,2015,2010,0.114,E
South Georgia and the South Sandwich Islands,SGS,South America,2016,2010,-0.078,E
South Georgia and the South Sandwich Islands,SGS,South America,2017,2010,0.772,E
South Georgia and the South Sandwich Islands,SGS,South America,2018,2010,0.814,E
South Georgia and the South Sandwich Islands,SGS,South America,2019,2010,0.193,E
South Georgia and the South Sandwich Islands,SGS,South America,2020,2020,0.039,E
South Georgia and the South Sandwich Islands,SGS,South America,2021,2020,1.139,E
South Georgia and the South Sandwich Islands,SGS,South America,2022,2020,0.725,E
South Georgia and the South Sandwich Islands,SGS,South America,2023,2020,0.814,E
South Georgia and the South Sandwich Islands,SGS,South America,2024,2020,0.005,E
South Georgia and the South Sandwich Islands,SGS,South America,2025,2020,0.429,E
South Sudan,SSD,Africa,2012,2010,1.037,E
South Sudan,SSD,Africa,2013,2010,1.327,E
South Sudan,SSD,Africa,2014,2010,1.079,E
South Sudan,SSD,Africa,2015,2010,1.25,E
South Sudan,SSD,Africa,2016,2010,1.38,E
South Sudan,SSD,Africa,2017,2010,1.402,E
South Sudan,SSD,Africa,2018,2010,1.259,E
South Sudan,SSD,Africa,2019,2010,1.081,E
South Sudan,SSD,Africa,2020,2020,0.606,E
South Sudan,SSD,Africa,2021,2020,1.081,E
South Sudan,SSD,Africa,2022,2020,0.881,E
South Sudan,SSD,Africa,2023,2020,1.433,E
South Sudan,SSD,Africa,2024,2020,1.975,E
South Sudan,SSD,Africa,2025,2020,1.918,E
Spain,ESP,Europe,1961,1960,0.739,E
Spain,ESP,Europe,1962,1960,0.429,E
Spain,ESP,Europe,1963,1960,-0.215,E
Spain,ESP,Europe,1964,1960,0.489,E
Spain,ESP,Europe,1965,1960,-0.193,E
Spain,ESP,Europe,1966,1960,0.402,E
Spain,ESP,Europe,1967,1960,0.143,E
Spain,ESP,Europe,1968,1960,0.081,E
Spain,ESP,Europe,1969,1960,-0.307,E
Spain,ESP,Europe,1970,1970,0.109,E
Spain,ESP,Europe,1971,1970,-0.761,E
Spain,ESP,Europe,1972,1970,-0.847,E
Spain,ESP,Europe,1973,1970,-0.188,E
Spain,ESP,Europe,1974,1970,-0.459,E
Spain,ESP,Europe,1975,1970,-0.114,E
Spain,ESP,Europe,1976,1970,-0.393,E
Spain,ESP,Europe,1977,1970,-0.185,E
Spain,ESP,Europe,1978,1970,0.079,E
Spain,ESP,Europe,1979,1970,0.255,E
Spain,ESP,Europe,1980,1980,0.157,E
Spain,ESP,Europe,1981,1980,0.327,E
Spain,ESP,Europe,1982,1980,0.695,E
Spain,ESP,Europe,1983,1980,0.542,E
Spain,ESP,Europe,1984,1980,-0.176,E
Spain,ESP,Europe,1985,1980,0.467,E
Spain,ESP,Europe,1986,1980,0.248,E
Spain,ESP,Europe,1987,1980,0.709,E
Spain,ESP,Europe,1988,1980,0.783,E
Spain,ESP,Europe,1989,1980,1.032,E
Spain,ESP,Europe,1990,1990,1.445,E
Spain,ESP,Europe,1991,1990,0.203,E
Spain,ESP,Europe,1992,1990,0.294,E
Spain,ESP,Europe,1993,1990,-0.063,E
Spain,ESP,Europe,1994,1990,1.019,E
Spain,ESP,Europe,1995,1990,1.413,E
Spain,ESP,Europe,1996,1990,0.689,E
Spain,ESP,Europe,1997,1990,1.506,E
Spain,ESP,Europe,1998,1990,1.162,E
Spain,ESP,Europe,1999,1990,0.781,E
Spain,ESP,Europe,2000,2000,0.778,E
Spain,ESP,Europe,2001,2000,1.369,E
Spain,ESP,Europe,2002,2000,0.782,E
Spain,ESP,Europe,2003,2000,1.566,E
Spain,ESP,Europe,2004,2000,0.959,E
Spain,ESP,Europe,2005,2000,0.84,E
Spain,ESP,Europe,2006,2000,1.474,E
Spain,ESP,Europe,2007,2000,0.791,E
Spain,ESP,Europe,2008,2000,0.818,E
Spain,ESP,Europe,2009,2000,1.3,E
Spain,ESP,Europe,2010,2010,0.864,E
Spain,ESP,Europe,2011,2010,1.571,E
Spain,ESP,Europe,2012,2010,0.999,E
Spain,ESP,Europe,2013,2010,0.874,E
Spain,ESP,Europe,2014,2010,1.575,E
Spain,ESP,Europe,2015,2010,1.49,E
Spain,ESP,Europe,2016,2010,1.681,E
Spain,ESP,Europe,2017,2010,2.003,E
Spain,ESP,Europe,2018,2010,1.109,E
Spain,ESP,Europe,2019,2010,1.48,E
Spain,ESP,Europe,2020,2020,2.018,E
Spain,ESP,Europe,2021,2020,1.356,E
Spain,ESP,Europe,2022,2020,2.401,E
Spain,ESP,Europe,2023,2020,2.565,E
Spain,ESP,Europe,2024,2020,2.283,E
Spain,ESP,Europe,2025,2020,2.303,E
Sri Lanka,LKA,Asia,1961,1960,-0.116,E
Sri Lanka,LKA,Asia,1962,1960,-0.099,E
Sri Lanka,LKA,Asia,1963,1960,-0.031,E
Sri Lanka,LKA,Asia,1964,1960,0.072,E
Sri Lanka,LKA,Asia,1965,1960,-0.141,E
Sri Lanka,LKA,Asia,1966,1960,0.215,E
Sri Lanka,LKA,Asia,1967,1960,-0.086,E
Sri Lanka,LKA,Asia,1968,1960,-0.08,E
Sri Lanka,LKA,Asia,1969,1960,0.216,E
Sri Lanka,LKA,Asia,1970,1970,0.113,E
Sri Lanka,LKA,Asia,1971,1970,-0.344,E
Sri Lanka,LKA,Asia,1972,1970,-0.12,E
Sri Lanka,LKA,Asia,1973,1970,0.396,E
Sri Lanka,LKA,Asia,1974,1970,-0.297,E
Sri Lanka,LKA,Asia,1975,1970,-0.209,E
Sri Lanka,LKA,Asia,1976,1970,-0.125,E
Sri Lanka,LKA,Asia,1977,1970,0.04,E
Sri Lanka,LKA,Asia,1978,1970,0.092,E
Sri Lanka,LKA,Asia,1979,1970,0.344,E
Sri Lanka,LKA,Asia,1980,1980,0.423,E
Sri Lanka,LKA,Asia,1981,1980,0.149,E
Sri Lanka,LKA,Asia,1982,1980,0.132,E
Sri Lanka,LKA,Asia,1983,1980,0.631,E
Sri Lanka,LKA,Asia,1984,1980,-0.032,E
Sri Lanka,LKA,Asia,1985,1980,0.072,E
Sri Lanka,LKA,Asia,1986,1980,0.155,E
Sri Lanka,LKA,Asia,1987,1980,0.664,E
Sri Lanka,LKA,Asia,1988,1980,0.657,E
Sri Lanka,LKA,Asia,1989,1980,0.185,E
Sri Lanka,LKA,Asia,1990,1990,0.519,E
Sri Lanka,LKA,Asia,1991,1990,0.478,E
Sri Lanka,LKA,Asia,1992,1990,0.178,E
Sri Lanka,LKA,Asia,1993,1990,0.185,E
Sri Lanka,LKA,Asia,1994,1990,0.26,E
Sri Lanka,LKA,Asia,1995,1990,0.544,E
Sri Lanka,LKA,Asia,1996,1990,0.371,E
Sri Lanka,LKA,Asia,1997,1990,0.532,E
Sri Lanka,LKA,Asia,1998,1990,1.172,E
Sri Lanka,LKA,Asia,1999,1990,0.35,E
Sri Lanka,LKA,Asia,2000,2000,0.456,E
Sri Lanka,LKA,Asia,2001,2000,0.735,E
Sri Lanka,LKA,Asia,2002,2000,0.889,E
Sri Lanka,LKA,Asia,2003,2000,0.798,E
Sri Lanka,LKA,Asia,2004,2000,0.713,E
Sri Lanka,LKA,Asia,2005,2000,0.761,E
Sri Lanka,LKA,Asia,2006,2000,0.518,E
Sri Lanka,LKA,Asia,2007,2000,0.507,E
Sri Lanka,LKA,Asia,2008,2000,0.412,E
Sri Lanka,LKA,Asia,2009,2000,0.542,E
Sri Lanka,LKA,Asia,2010,2010,0.829,E
Sri Lanka,LKA,Asia,2011,2010,0.541,E
Sri Lanka,LKA,Asia,2012,2010,0.803,E
Sri Lanka,LKA,Asia,2013,2010,0.69,E
Sri Lanka,LKA,Asia,2014,2010,0.831,E
Sri Lanka,LKA,Asia,2015,2010,0.851,E
Sri Lanka,LKA,Asia,2016,2010,1.203,E
Sri Lanka,LKA,Asia,2017,2010,0.915,E
Sri Lanka,LKA,Asia,2018,2010,0.616,E
Sri Lanka,LKA,Asia,2019,2010,1.028,E
Sri Lanka,LKA,Asia,2020,2020,1.06,E
Sri Lanka,LKA,Asia,2021,2020,0.805,E
Sri Lanka,LKA,Asia,2022,2020,0.744,E
Sri Lanka,LKA,Asia,2023,2020,0.892,E
Sri Lanka,LKA,Asia,2024,2020,1.478,E
Sri Lanka,LKA,Asia,2025,2020,0.849,E
Sudan,SDN,Africa,2012,2010,1.007,E
Sudan,SDN,Africa,2013,2010,1.198,E
Sudan,SDN,Africa,2014,2010,1.024,E
Sudan,SDN,Africa,2015,2010,1.565,E
Sudan,SDN,Africa,2016,2010,1.271,E
Sudan,SDN,Africa,2017,2010,1.364,E
Sudan,SDN,Africa,2018,2010,1.39,E
Sudan,SDN,Africa,2019,2010,1.05,E
Sudan,SDN,Africa,2020,2020,0.709,E
Sudan,SDN,Africa,2021,2020,1.438,E
Sudan,SDN,Africa,2022,2020,1.008,E
Sudan,SDN,Africa,2023,2020,1.439,E
Sudan,SDN,Africa,2024,2020,1.319,E
Sudan,SDN,Africa,2025,2020,1.205,E
Suriname,SUR,South America,1961,1960,-0.162,E
Suriname,SUR,South America,1962,1960,-0.115,E
Suriname,SUR,South America,1963,1960,-0.05,E
Suriname,SUR,South America,1964,1960,-0.032,E
Suriname,SUR,South America,1965,1960,-0.143,E
Suriname,SUR,South America,1966,1960,0.207,E
Suriname,SUR,South America,1967,1960,-0.15,E
Suriname,SUR,South America,1968,1960,-0.223,E
Suriname,SUR,South America,1969,1960,0.506,E
Suriname,SUR,South America,1970,1970,0.227,E
Suriname,SUR,South America,1971,1970,-0.322,E
Suriname,SUR,South America,1972,1970,-0.07,E
Suriname,SUR,South America,1973,1970,0.234,E
Suriname,SUR,South America,1974,1970,-0.176,E
Suriname,SUR,South America,1975,1970,-0.2,E
Suriname,SUR,South America,1976,1970,0.046,E
Suriname,SUR,South America,1977,1970,0.215,E
Suriname,SUR,South America,1978,1970,0.164,E
Suriname,SUR,South America,1979,1970,0.35,E
Suriname,SUR,South America,1980,1980,0.247,E
Suriname,SUR,South America,1981,1980,0.25,E
Suriname,SUR,South America,1982,1980,0.228,E
Suriname,SUR,South America,1983,1980,0.511,E
Suriname,SUR,South America,1984,1980,-0.248,E
Suriname,SUR,South America,1985,1980,0.027,E
Suriname,SUR,South America,1986,1980,0.152,E
Suriname,SUR,South America,1987,1980,0.794,E
Suriname,SUR,South America,1988,1980,0.621,E
Suriname,SUR,South America,1989,1980,0.112,E
Suriname,SUR,South America,1990,1990,0.413,E
Suriname,SUR,South America,1991,1990,0.473,E
Suriname,SUR,South America,1992,1990,0.761,E
Suriname,SUR,South America,1993,1990,0.383,E
Suriname,SUR,South America,1994,1990,0.455,E
Suriname,SUR,South America,1995,1990,1.101,E
Suriname,SUR,South America,1996,1990,1.082,E
Suriname,SUR,South America,1997,1990,1.05,E
Suriname,SUR,South America,1998,1990,1.603,E
Suriname,SUR,South America,1999,1990,0.924,E
Suriname,SUR,South America,2000,2000,0.825,E
Suriname,SUR,South America,2001,2000,0.839,E
Suriname,SUR,South America,2002,2000,1.167,E
Suriname,SUR,South America,2003,2000,1.293,E
Suriname,SUR,South America,2004,2000,1.173,E
Suriname,SUR,South America,2005,2000,1.627,E
Suriname,SUR,South America,2006,2000,1.262,E
Suriname,SUR,South America,2007,2000,1.388,E
Suriname,SUR,South America,2008,2000,1.261,E
Suriname,SUR,South America,2009,2000,1.693,E
Suriname,SUR,South America,2010,2010,1.81,E
Suriname,SUR,South America,2011,2010,1.346,E
Suriname,SUR,South America,2012,2010,1.446,E
Suriname,SUR,South America,2013,2010,1.621,E
Suriname,SUR,South America,2014,2010,1.558,E
Suriname,SUR,South America,2015,2010,1.729,E
Suriname,SUR,South America,2016,2010,2.137,E
Suriname,SUR,South America,2017,2010,1.787,E
Suriname,SUR,South America,2018,2010,1.598,E
Suriname,SUR,South America,2019,2010,1.869,E
Suriname,SUR,South America,2020,2020,2.01,E
Suriname,SUR,South America,2021,2020,1.619,E
Suriname,SUR,South America,2022,2020,1.606,E
Suriname,SUR,South America,2023,2020,2.11,E
Suriname,SUR,South America,2024,2020,2.802,E
Suriname,SUR,South America,2025,2020,1.86,E
Sweden,SWE,Europe,1961,1960,1.558,E
Sweden,SWE,Europe,1962,1960,-0.689,E
Sweden,SWE,Europe,1963,1960,-0.453,E
Sweden,SWE,Europe,1964,1960,0.395,E
Sweden,SWE,Europe,1965,1960,-0.225,E
Sweden,SWE,Europe,1966,1960,-1.669,E
Sweden,SWE,Europe,1967,1960,0.831,E
Sweden,SWE,Europe,1968,1960,-0.929,E
Sweden,SWE,Europe,1969,1960,-0.204,E
Sweden,SWE,Europe,1970,1970,-1.095,E
Sweden,SWE,Europe,1971,1970,0.036,E
Sweden,SWE,Europe,1972,1970,0.801,E
Sweden,SWE,Europe,1973,1970,1.151,E
Sweden,SWE,Europe,1974,1970,0.941,E
Sweden,SWE,Europe,1975,1970,1.579,E
Sweden,SWE,Europe,1976,1970,-0.102,E
Sweden,SWE,Europe,1977,1970,-0.461,E
Sweden,SWE,Europe,1978,1970,-0.07,E
Sweden,SWE,Europe,1979,1970,-1.088,E
Sweden,SWE,Europe,1980,1980,-0.567,E
Sweden,SWE,Europe,1981,1980,-0.226,E
Sweden,SWE,Europe,1982,1980,-0.131,E
Sweden,SWE,Europe,1983,1980,0.917,E
Sweden,SWE,Europe,1984,1980,0.589,E
Sweden,SWE,Europe,1985,1980,-1.029,E
Sweden,SWE,Europe,1986,1980,-0.488,E
Sweden,SWE,Europe,1987,1980,-1.2,E
Sweden,SWE,Europe,1988,1980,0.729,E
Sweden,SWE,Europe,1989,1980,2.002,E
Sweden,SWE,Europe,1990,1990,1.694,E
Sweden,SWE,Europe,1991,1990,1.03,E
Sweden,SWE,Europe,1992,1990,1.379,E
Sweden,SWE,Europe,1993,1990,0.811,E
Sweden,SWE,Europe,1994,1990,0.199,E
Sweden,SWE,Europe,1995,1990,1.267,E
Sweden,SWE,Europe,1996,1990,-0.158,E
Sweden,SWE,Europe,1997,1990,0.986,E
Sweden,SWE,Europe,1998,1990,0.561,E
Sweden,SWE,Europe,1999,1990,1.364,E
Sweden,SWE,Europe,2000,2000,1.722,E
Sweden,SWE,Europe,2001,2000,1.071,E
Sweden,SWE,Europe,2002,2000,1.571,E
Sweden,SWE,Europe,2003,2000,0.913,E
Sweden,SWE,Europe,2004,2000,1.2,E
Sweden,SWE,Europe,2005,2000,1.825,E
Sweden,SWE,Europe,2006,2000,1.49,E
Sweden,SWE,Europe,2007,2000,1.94,E
Sweden,SWE,Europe,2008,2000,1.958,E
Sweden,SWE,Europe,2009,2000,1.437,E
Sweden,SWE,Europe,2010,2010,-0.276,E
Sweden,SWE,Europe,2011,2010,1.275,E
Sweden,SWE,Europe,2012,2010,1.323,E
Sweden,SWE,Europe,2013,2010,0.871,E
Sweden,SWE,Europe,2014,2010,2.71,E
Sweden,SWE,Europe,2015,2010,2.078,E
Sweden,SWE,Europe,2016,2010,1.849,E
Sweden,SWE,Europe,2017,2010,1.593,E
Sweden,SWE,Europe,2018,2010,1.853,E
Sweden,SWE,Europe,2019,2010,1.571,E
Sweden,SWE,Europe,2020,2020,2.949,E
Sweden,SWE,Europe,2021,2020,1.853,E
Sweden,SWE,Europe,2022,2020,2.133,E
Sweden,SWE,Europe,2023,2020,1.475,E
Sweden,SWE,Europe,2024,2020,2.027,E
Sweden,SWE,Europe,2025,2020,2.724,E
Switzerland,CHE,Europe,1961,1960,0.995,E
Switzerland,CHE,Europe,1962,1960,-0.346,E
Switzerland,CHE,Europe,1963,1960,-0.859,E
Switzerland,CHE,Europe,1964,1960,0.145,E
Switzerland,CHE,Europe,1965,1960,-0.786,E
Switzerland,CHE,Europe,1966,1960,0.467,E
Switzerland,CHE,Europe,1967,1960,0.555,E
Switzerland,CHE,Europe,1968,1960,-0.061,E
Switzerland,CHE,Europe,1969,1960,-0.081,E
Switzerland,CHE,Europe,1970,1970,-0.491,E
Switzerland,CHE,Europe,1971,1970,-0.075,E
Switzerland,CHE,Europe,1972,1970,-0.069,E
Switzerland,CHE,Europe,1973,1970,-0.065,E
Switzerland,CHE,Europe,1974,1970,0.085,E
Switzerland,CHE,Europe,1975,1970,0.612,E
Switzerland,CHE,Europe,1976,1970,0.358,E
Switzerland,CHE,Europe,1977,1970,0.164,E
Switzerland,CHE,Europe,1978,1970,-0.367,E
Switzerland,CHE,Europe,1979,1970,-0.07,E
Switzerland,CHE,Europe,1980,1980,-0.195,E
Switzerland,CHE,Europe,1981,1980,-0.013,E
Switzerland,CHE,Europe,1982,1980,0.579,E
Switzerland,CHE,Europe,1983,1980,0.869,E
Switzerland,CHE,Europe,1984,1980,-0.328,E
Switzerland,CHE,Europe,1985,1980,-0.326,E
Switzerland,CHE,Europe,1986,1980,0.245,E
Switzerland,CHE,Europe,1987,1980,-0.006,E
Switzerland,CHE,Europe,1988,1980,0.92,E
Switzerland,CHE,Europe,1989,1980,1.146,E
Switzerland,CHE,Europe,1990,1990,1.421,E
Switzerland,CHE,Europe,1991,1990,0.334,E
Switzerland,CHE,Europe,1992,1990,0.973,E
Switzerland,CHE,Europe,1993,1990,0.566,E
Switzerland,CHE,Europe,1994,1990,1.861,E
Switzerland,CHE,Europe,1995,1990,1.006,E
Switzerland,CHE,Europe,1996,1990,0.037,E
Switzerland,CHE,Europe,1997,1990,1.075,E
Switzerland,CHE,Europe,1998,1990,1.121,E
Switzerland,CHE,Europe,1999,1990,0.987,E
Switzerland,CHE,Europe,2000,2000,1.428,E
Switzerland,CHE,Europe,2001,2000,1.461,E
Switzerland,CHE,Europe,2002,2000,1.276,E
Switzerland,CHE,Europe,2003,2000,1.861,E
Switzerland,CHE,Europe,2004,2000,0.981,E
Switzerland,CHE,Europe,2005,2000,0.813,E
Switzerland,CHE,Europe,2006,2000,1.101,E
Switzerland,CHE,Europe,2007,2000,1.818,E
Switzerland,CHE,Europe,2008,2000,1.208,E
Switzerland,CHE,Europe,2009,2000,1.375,E
Switzerland,CHE,Europe,2010,2010,0.449,E
Switzerland,CHE,Europe,2011,2010,1.666,E
Switzerland,CHE,Europe,2012,2010,1.502,E
Switzerland,CHE,Europe,2013,2010,0.771,E
Switzerland,CHE,Europe,2014,2010,2.168,E
Switzerland,CHE,Europe,2015,2010,1.974,E
Switzerland,CHE,Europe,2016,2010,1.862,E
Switzerland,CHE,Europe,2017,2010,1.841,E
Switzerland,CHE,Europe,2018,2010,2.355,E
Switzerland,CHE,Europe,2019,2010,2.109,E
Switzerland,CHE,Europe,2020,2020,2.519,E
Switzerland,CHE,Europe,2021,2020,1.201,E
Switzerland,CHE,Europe,2022,2020,2.882,E
Switzerland,CHE,Europe,2023,2020,2.796,E
Switzerland,CHE,Europe,2024,2020,2.867,E
Switzerland,CHE,Europe,2025,2020,2.334,E
Syrian Arab Republic,SYR,Asia,1961,1960,-0.034,E
Syrian Arab Republic,SYR,Asia,1962,1960,0.979,E
Syrian Arab Republic,SYR,Asia,1963,1960,0.557,E
Syrian Arab Republic,SYR,Asia,1964,1960,-0.685,E
Syrian Arab Republic,SYR,Asia,1965,1960,-0.174,E
Syrian Arab Republic,SYR,Asia,1966,1960,0.94,E
Syrian Arab Republic,SYR,Asia,1967,1960,-1.007,E
Syrian Arab Republic,SYR,Asia,1968,1960,-0.178,E
Syrian Arab Republic,SYR,Asia,1969,1960,0.168,E
Syrian Arab Republic,SYR,Asia,1970,1970,0.653,E
Syrian Arab Republic,SYR,Asia,1971,1970,-0.163,E
Syrian Arab Republic,SYR,Asia,1972,1970,-0.906,E
Syrian Arab Republic,SYR,Asia,1973,1970,-0.398,E
Syrian Arab Republic,SYR,Asia,1974,1970,-0.168,E
Syrian Arab Republic,SYR,Asia,1975,1970,-0.177,E
Syrian Arab Republic,SYR,Asia,1976,1970,-0.849,E
Syrian Arab Republic,SYR,Asia,1977,1970,0.184,E
Syrian Arab Republic,SYR,Asia,1978,1970,0.161,E
Syrian Arab Republic,SYR,Asia,1979,1970,0.899,E
Syrian Arab Republic,SYR,Asia,1980,1980,-0.199,E
Syrian Arab Republic,SYR,Asia,1981,1980,0.14,E
Syrian Arab Republic,SYR,Asia,1982,1980,-0.541,E
Syrian Arab Republic,SYR,Asia,1983,1980,-0.86,E
Syrian Arab Republic,SYR,Asia,1984,1980,-0.009,E
Syrian Arab Republic,SYR,Asia,1985,1980,-0.041,E
Syrian Arab Republic,SYR,Asia,1986,1980,0.389,E
Syrian Arab Republic,SYR,Asia,1987,1980,-0.194,E
Syrian Arab Republic,SYR,Asia,1988,1980,-0.22,E
Syrian Arab Republic,SYR,Asia,1989,1980,0.35,E
Syrian Arab Republic,SYR,Asia,1990,1990,0.176,E
Syrian Arab Republic,SYR,Asia,1991,1990,0.499,E
Syrian Arab Republic,SYR,Asia,1992,1990,-1.105,E
Syrian Arab Republic,SYR,Asia,1993,1990,-0.553,E
Syrian Arab Republic,SYR,Asia,1994,1990,1.294,E
Syrian Arab Republic,SYR,Asia,1995,1990,0.174,E
Syrian Arab Republic,SYR,Asia,1996,1990,0.463,E
Syrian Arab Republic,SYR,Asia,1997,1990,-0.115,E
Syrian Arab Republic,SYR,Asia,1998,1990,1.154,E
Syrian Arab Republic,SYR,Asia,1999,1990,1.289,E
Syrian Arab Republic,SYR,Asia,2000,2000,0.674,E
Syrian Arab Republic,SYR,Asia,2001,2000,1.159,E
Syrian Arab Republic,SYR,Asia,2002,2000,0.863,E
Syrian Arab Republic,SYR,Asia,2003,2000,0.537,E
Syrian Arab Republic,SYR,Asia,2004,2000,0.641,E
Syrian Arab Republic,SYR,Asia,2005,2000,0.247,E
Syrian Arab Republic,SYR,Asia,2006,2000,1.02,E
Syrian Arab Republic,SYR,Asia,2007,2000,0.774,E
Syrian Arab Republic,SYR,Asia,2008,2000,1.015,E
Syrian Arab Republic,SYR,Asia,2009,2000,0.603,E
Syrian Arab Republic,SYR,Asia,2010,2010,2.427,E
Syrian Arab Republic,SYR,Asia,2011,2010,0.606,E
Syrian Arab Republic,SYR,Asia,2012,2010,0.97,E
Syrian Arab Republic,SYR,Asia,2013,2010,1.286,E
Syrian Arab Republic,SYR,Asia,2014,2010,1.097,E
Syrian Arab Republic,SYR,Asia,2015,2010,1.251,E
Syrian Arab Republic,SYR,Asia,2016,2010,1.736,E
Syrian Arab Republic,SYR,Asia,2017,2010,1.09,E
Syrian Arab Republic,SYR,Asia,2018,2010,2.343,E
Syrian Arab Republic,SYR,Asia,2019,2010,1.505,E
Syrian Arab Republic,SYR,Asia,2020,2020,1.815,E
Syrian Arab Republic,SYR,Asia,2021,2020,2.175,E
Syrian Arab Republic,SYR,Asia,2022,2020,1.448,E
Syrian Arab Republic,SYR,Asia,2023,2020,1.852,E
Syrian Arab Republic,SYR,Asia,2024,2020,2.289,E
Syrian Arab Republic,SYR,Asia,2025,2020,2.093,E
Tajikistan,TJK,Asia,1992,1990,-0.29,E
Tajikistan,TJK,Asia,1993,1990,-0.193,E
Tajikistan,TJK,Asia,1994,1990,0.395,E
Tajikistan,TJK,Asia,1995,1990,0.281,E
Tajikistan,TJK,Asia,1996,1990,-0.443,E
Tajikistan,TJK,Asia,1997,1990,1.258,E
Tajikistan,TJK,Asia,1998,1990,0.731,E
Tajikistan,TJK,Asia,1999,1990,1.072,E
Tajikistan,TJK,Asia,2000,2000,0.891,E
Tajikistan,TJK,Asia,2001,2000,1.388,E
Tajikistan,TJK,Asia,2002,2000,1.255,E
Tajikistan,TJK,Asia,2003,2000,0.553,E
Tajikistan,TJK,Asia,2004,2000,1.412,E
Tajikistan,TJK,Asia,2005,2000,0.782,E
Tajikistan,TJK,Asia,2006,2000,1.657,E
Tajikistan,TJK,Asia,2007,2000,1.175,E
Tajikistan,TJK,Asia,2008,2000,0.864,E
Tajikistan,TJK,Asia,2009,2000,0.865,E
Tajikistan,TJK,Asia,2010,2010,1.416,E
Tajikistan,TJK,Asia,2011,2010,1.474,E
Tajikistan,TJK,Asia,2012,2010,-0.037,E
Tajikistan,TJK,Asia,2013,2010,1.24,E
Tajikistan,TJK,Asia,2014,2010,0.448,E
Tajikistan,TJK,Asia,2015,2010,1.336,E
Tajikistan,TJK,Asia,2016,2010,1.633,E
Tajikistan,TJK,Asia,2017,2010,1.357,E
Tajikistan,TJK,Asia,2018,2010,1.688,E
Tajikistan,TJK,Asia,2019,2010,1.414,E
Tajikistan,TJK,Asia,2020,2020,1.139,E
Tajikistan,TJK,Asia,2021,2020,1.09,E
Tajikistan,TJK,Asia,2022,2020,2.22,E
Tajikistan,TJK,Asia,2023,2020,1.887,E
Tajikistan,TJK,Asia,2024,2020,2.138,E
Tajikistan,TJK,Asia,2025,2020,2.317,E
Thailand,THA,Asia,1961,1960,-0.141,E
Thailand,THA,Asia,1962,1960,-0.141,E
Thailand,THA,Asia,1963,1960,-0.312,E
Thailand,THA,Asia,1964,1960,-0.023,E
Thailand,THA,Asia,1965,1960,-0.216,E
Thailand,THA,Asia,1966,1960,0.406,E
Thailand,THA,Asia,1967,1960,-0.047,E
Thailand,THA,Asia,1968,1960,-0.121,E
Thailand,THA,Asia,1969,1960,0.458,E
Thailand,THA,Asia,1970,1970,-0.004,E
Thailand,THA,Asia,1971,1970,-0.489,E
Thailand,THA,Asia,1972,1970,0.028,E
Thailand,THA,Asia,1973,1970,0.354,E
Thailand,THA,Asia,1974,1970,-0.483,E
Thailand,THA,Asia,1975,1970,0.059,E
Thailand,THA,Asia,1976,1970,-0.544,E
Thailand,THA,Asia,1977,1970,0.056,E
Thailand,THA,Asia,1978,1970,0.235,E
Thailand,THA,Asia,1979,1970,0.532,E
Thailand,THA,Asia,1980,1980,0.452,E
Thailand,THA,Asia,1981,1980,0.267,E
Thailand,THA,Asia,1982,1980,0.1,E
Thailand,THA,Asia,1983,1980,0.4,E
Thailand,THA,Asia,1984,1980,0.068,E
Thailand,THA,Asia,1985,1980,0.259,E
Thailand,THA,Asia,1986,1980,0.047,E
Thailand,THA,Asia,1987,1980,0.738,E
Thailand,THA,Asia,1988,1980,0.255,E
Thailand,THA,Asia,1989,1980,0.289,E
Thailand,THA,Asia,1990,1990,0.508,E
Thailand,THA,Asia,1991,1990,0.639,E
Thailand,THA,Asia,1992,1990,0.337,E
Thailand,THA,Asia,1993,1990,0.281,E
Thailand,THA,Asia,1994,1990,0.333,E
Thailand,THA,Asia,1995,1990,0.646,E
Thailand,THA,Asia,1996,1990,0.199,E
Thailand,THA,Asia,1997,1990,0.35,E
Thailand,THA,Asia,1998,1990,1.397,E
Thailand,THA,Asia,1999,1990,0.368,E
Thailand,THA,Asia,2000,2000,-0.014,E
Thailand,THA,Asia,2001,2000,0.579,E
Thailand,THA,Asia,2002,2000,0.59,E
Thailand,THA,Asia,2003,2000,0.724,E
Thailand,THA,Asia,2004,2000,0.461,E
Thailand,THA,Asia,2005,2000,0.805,E
Thailand,THA,Asia,2006,2000,0.603,E
Thailand,THA,Asia,2007,2000,0.467,E
Thailand,THA,Asia,2008,2000,0.327,E
Thailand,THA,Asia,2009,2000,0.429,E
Thailand,THA,Asia,2010,2010,1.236,E
Thailand,THA,Asia,2011,2010,0.194,E
Thailand,THA,Asia,2012,2010,0.857,E
Thailand,THA,Asia,2013,2010,1.072,E
Thailand,THA,Asia,2014,2010,0.665,E
Thailand,THA,Asia,2015,2010,1.244,E
Thailand,THA,Asia,2016,2010,1.547,E
Thailand,THA,Asia,2017,2010,1.127,E
Thailand,THA,Asia,2018,2010,0.883,E
Thailand,THA,Asia,2019,2010,1.782,E
Thailand,THA,Asia,2020,2020,1.543,E
Thailand,THA,Asia,2021,2020,1.053,E
Thailand,THA,Asia,2022,2020,0.943,E
Thailand,THA,Asia,2023,2020,1.471,E
Thailand,THA,Asia,2024,2020,2.054,E
Thailand,THA,Asia,2025,2020,1.013,E
Timor-Leste,TLS,Asia,1961,1960,-0.272,E
Timor-Leste,TLS,Asia,1962,1960,0.077,E
Timor-Leste,TLS,Asia,1963,1960,-0.55,E
Timor-Leste,TLS,Asia,1964,1960,-0.16,E
Timor-Leste,TLS,Asia,1965,1960,,O
Timor-Leste,TLS,Asia,1966,1960,0.101,E
Timor-Leste,TLS,Asia,1967,1960,-0.454,E
Timor-Leste,TLS,Asia,1968,1960,-0.058,E
Timor-Leste,TLS,Asia,1969,1960,0.095,E
Timor-Leste,TLS,Asia,1970,1970,0.243,E
Timor-Leste,TLS,Asia,1971,1970,0.041,E
Timor-Leste,TLS,Asia,1972,1970,-0.261,E
Timor-Leste,TLS,Asia,1973,1970,0.592,E
Timor-Leste,TLS,Asia,1974,1970,-0.473,E
Timor-Leste,TLS,Asia,1975,1970,-0.446,E
Timor-Leste,TLS,Asia,1976,1970,-0.059,E
Timor-Leste,TLS,Asia,1977,1970,,O
Timor-Leste,TLS,Asia,1978,1970,0.74,E
Timor-Leste,TLS,Asia,1979,1970,0.212,E
Timor-Leste,TLS,Asia,1980,1980,0.274,E
Timor-Leste,TLS,Asia,1981,1980,0.625,E
Timor-Leste,TLS,Asia,1982,1980,-0.486,E
Timor-Leste,TLS,Asia,1983,1980,0.334,E
Timor-Leste,TLS,Asia,1984,1980,0.08,E
Timor-Leste,TLS,Asia,1985,1980,0.518,E
Timor-Leste,TLS,Asia,1986,1980,0.374,E
Timor-Leste,TLS,Asia,1987,1980,,O
Timor-Leste,TLS,Asia,1988,1980,,O
Timor-Leste,TLS,Asia,1989,1980,,O
Timor-Leste,TLS,Asia,1990,1990,-0.863,E
Timor-Leste,TLS,Asia,1991,1990,,O
Timor-Leste,TLS,Asia,1992,1990,,O
Timor-Leste,TLS,Asia,1993,1990,0.71,E
Timor-Leste,TLS,Asia,1994,1990,,O
Timor-Leste,TLS,Asia,1995,1990,0.502,E
Timor-Leste,TLS,Asia,1996,1990,0.556,E
Timor-Leste,TLS,Asia,1997,1990,0.366,E
Timor-Leste,TLS,Asia,1998,1990,1.279,E
Timor-Leste,TLS,Asia,1999,1990,0.336,E
Timor-Leste,TLS,Asia,2000,2000,,O
Timor-Leste,TLS,Asia,2001,2000,,O
Timor-Leste,TLS,Asia,2002,2000,,O
Timor-Leste,TLS,Asia,2003,2000,0.687,E
Timor-Leste,TLS,Asia,2004,2000,0.745,E
Timor-Leste,TLS,Asia,2005,2000,1.308,E
Timor-Leste,TLS,Asia,2006,2000,0.464,E
Timor-Leste,TLS,Asia,2007,2000,0.691,E
Timor-Leste,TLS,Asia,2008,2000,0.37,E
Timor-Leste,TLS,Asia,2009,2000,0.826,E
Timor-Leste,TLS,Asia,2010,2010,1.021,E
Timor-Leste,TLS,Asia,2011,2010,-0.03,E
Timor-Leste,TLS,Asia,2012,2010,0.358,E
Timor-Leste,TLS,Asia,2013,2010,0.77,E
Timor-Leste,TLS,Asia,2014,2010,0.711,E
Timor-Leste,TLS,Asia,2015,2010,0.902,E
Timor-Leste,TLS,Asia,2016,2010,2.028,E
Timor-Leste,TLS,Asia,2017,2010,1.292,E
Timor-Leste,TLS,Asia,2018,2010,0.921,E
Timor-Leste,TLS,Asia,2019,2010,1.022,E
Timor-Leste,TLS,Asia,2020,2020,1.857,E
Timor-Leste,TLS,Asia,2021,2020,1.268,E
Timor-Leste,TLS,Asia,2022,2020,1.122,E
Timor-Leste,TLS,Asia,2023,2020,0.796,E
Timor-Leste,TLS,Asia,2024,2020,1.603,E
Timor-Leste,TLS,Asia,2025,2020,0.973,E
Togo,TGO,Africa,1961,1960,-0.058,E
Togo,TGO,Africa,1962,1960,-0.162,E
Togo,TGO,Africa,1963,1960,0.1,E
Togo,TGO,Africa,1964,1960,-0.131,E
Togo,TGO,Africa,1965,1960,-0.055,E
Togo,TGO,Africa,1966,1960,0.118,E
Togo,TGO,Africa,1967,1960,-0.195,E
Togo,TGO,Africa,1968,1960,-0.081,E
Togo,TGO,Africa,1969,1960,0.318,E
Togo,TGO,Africa,1970,1970,0.34,E
Togo,TGO,Africa,1971,1970,-0.18,E
Togo,TGO,Africa,1972,1970,0.112,E
Togo,TGO,Africa,1973,1970,0.547,E
Togo,TGO,Africa,1974,1970,-0.064,E
Togo,TGO,Africa,1975,1970,-0.236,E
Togo,TGO,Africa,1976,1970,-0.324,E
Togo,TGO,Africa,1977,1970,0.358,E
Togo,TGO,Africa,1978,1970,-0.027,E
Togo,TGO,Africa,1979,1970,0.469,E
Togo,TGO,Africa,1980,1980,0.481,E
Togo,TGO,Africa,1981,1980,0.229,E
Togo,TGO,Africa,1982,1980,0.213,E
Togo,TGO,Africa,1983,1980,0.671,E
Togo,TGO,Africa,1984,1980,0.571,E
Togo,TGO,Africa,1985,1980,0.398,E
Togo,TGO,Africa,1986,1980,0.256,E
Togo,TGO,Africa,1987,1980,1.0,E
Togo,TGO,Africa,1988,1980,0.628,E
Togo,TGO,Africa,1989,1980,0.113,E
Togo,TGO,Africa,1990,1990,0.63,E
Togo,TGO,Africa,1991,1990,0.28,E
Togo,TGO,Africa,1992,1990,0.075,E
Togo,TGO,Africa,1993,1990,0.472,E
Togo,TGO,Africa,1994,1990,0.469,E
Togo,TGO,Africa,1995,1990,0.552,E
Togo,TGO,Africa,1996,1990,0.673,E
Togo,TGO,Africa,1997,1990,0.568,E
Togo,TGO,Africa,1998,1990,1.133,E
Togo,TGO,Africa,1999,1990,0.649,E
Togo,TGO,Africa,2000,2000,0.599,E
Togo,TGO,Africa,2001,2000,0.733,E
Togo,TGO,Africa,2002,2000,0.813,E
Togo,TGO,Africa,2003,2000,1.052,E
Togo,TGO,Africa,2004,2000,0.785,E
Togo,TGO,Africa,2005,2000,1.002,E
Togo,TGO,Africa,2006,2000,1.045,E
Togo,TGO,Africa,2007,2000,0.899,E
Togo,TGO,Africa,2008,2000,0.784,E
Togo,TGO,Africa,2009,2000,0.919,E
Togo,TGO,Africa,2010,2010,1.294,E
Togo,TGO,Africa,2011,2010,0.908,E
Togo,TGO,Africa,2012,2010,0.613,E
Togo,TGO,Africa,2013,2010,0.821,E
Togo,TGO,Africa,2014,2010,1.014,E
Togo,TGO,Africa,2015,2010,1.206,E
Togo,TGO,Africa,2016,2010,1.181,E
Togo,TGO,Africa,2017,2010,1.282,E
Togo,TGO,Africa,2018,2010,1.101,E
Togo,TGO,Africa,2019,2010,1.242,E
Togo,TGO,Africa,2020,2020,1.137,E
Togo,TGO,Africa,2021,2020,1.534,E
Togo,TGO,Africa,2022,2020,0.951,E
Togo,TGO,Africa,2023,2020,1.359,E
Togo,TGO,Africa,2024,2020,1.624,E
Togo,TGO,Africa,2025,2020,1.353,E
Tokelau,TKL,Oceania,1961,1960,-0.01,E
Tokelau,TKL,Oceania,1962,1960,0.149,E
Tokelau,TKL,Oceania,1963,1960,0.205,E
Tokelau,TKL,Oceania,1964,1960,-0.203,E
Tokelau,TKL,Oceania,1965,1960,-0.155,E
Tokelau,TKL,Oceania,1966,1960,-0.096,E
Tokelau,TKL,Oceania,1967,1960,-0.407,E
Tokelau,TKL,Oceania,1968,1960,-0.319,E
Tokelau,TKL,Oceania,1969,1960,0.062,E
Tokelau,TKL,Oceania,1970,1970,-0.474,E
Tokelau,TKL,Oceania,1971,1970,-0.383,E
Tokelau,TKL,Oceania,1972,1970,0.085,E
Tokelau,TKL,Oceania,1973,1970,0.081,E
Tokelau,TKL,Oceania,1974,1970,-0.329,E
Tokelau,TKL,Oceania,1975,1970,-0.351,E
Tokelau,TKL,Oceania,1976,1970,0.128,E
Tokelau,TKL,Oceania,1977,1970,0.203,E
Tokelau,TKL,Oceania,1978,1970,0.196,E
Tokelau,TKL,Oceania,1979,1970,0.566,E
Tokelau,TKL,Oceania,1980,1980,0.366,E
Tokelau,TKL,Oceania,1981,1980,0.304,E
Tokelau,TKL,Oceania,1982,1980,0.345,E
Tokelau,TKL,Oceania,1983,1980,0.209,E
Tokelau,TKL,Oceania,1984,1980,0.122,E
Tokelau,TKL,Oceania,1985,1980,0.26,E
Tokelau,TKL,Oceania,1986,1980,0.327,E
Tokelau,TKL,Oceania,1987,1980,0.438,E
Tokelau,TKL,Oceania,1988,1980,0.07,E
Tokelau,TKL,Oceania,1989,1980,-0.05,E
Tokelau,TKL,Oceania,1990,1990,0.392,E
Tokelau,TKL,Oceania,1991,1990,0.817,E
Tokelau,TKL,Oceania,1992,1990,,O
Tokelau,TKL,Oceania,1993,1990,,O
Tokelau,TKL,Oceania,1994,1990,,O
Tokelau,TKL,Oceania,1995,1990,,O
Tokelau,TKL,Oceania,1996,1990,,O
Tokelau,TKL,Oceania,1997,1990,,O
Tokelau,TKL,Oceania,1998,1990,,O
Tokelau,TKL,Oceania,1999,1990,,O
Tokelau,TKL,Oceania,2000,2000,,O
Tokelau,TKL,Oceania,2001,2000,-1.761,E
Tokelau,TKL,Oceania,2002,2000,-1.859,E
Tokelau,TKL,Oceania,2003,2000,,O
Tokelau,TKL,Oceania,2004,2000,-0.586,E
Tokelau,TKL,Oceania,2005,2000,,O
Tokelau,TKL,Oceania,2006,2000,0.176,E
Tokelau,TKL,Oceania,2007,2000,0.045,E
Tokelau,TKL,Oceania,2008,2000,-0.946,E
Tokelau,TKL,Oceania,2009,2000,,O
Tokelau,TKL,Oceania,2010,2010,-0.572,E
Tokelau,TKL,Oceania,2011,2010,,O
Tokelau,TKL,Oceania,2012,2010,,O
Tokelau,TKL,Oceania,2013,2010,,O
Tokelau,TKL,Oceania,2014,2010,,O
Tokelau,TKL,Oceania,2015,2010,,O
Tokelau,TKL,Oceania,2016,2010,,O
Tokelau,TKL,Oceania,2017,2010,,O
Tokelau,TKL,Oceania,2018,2010,,O
Tokelau,TKL,Oceania,2019,2010,,O
Tokelau,TKL,Oceania,2020,2020,,O
Tokelau,TKL,Oceania,2021,2020,,O
Tokelau,TKL,Oceania,2022,2020,,O
Tokelau,TKL,Oceania,2023,2020,,O
Tokelau,TKL,Oceania,2024,2020,,O
Tokelau,TKL,Oceania,2025,2020,,O
Tonga,TON,Oceania,1961,1960,0.403,E
Tonga,TON,Oceania,1962,1960,-0.116,E
Tonga,TON,Oceania,1963,1960,-0.218,E
Tonga,TON,Oceania,1964,1960,0.298,E
Tonga,TON,Oceania,1965,1960,-0.548,E
Tonga,TON,Oceania,1966,1960,-0.356,E
Tonga,TON,Oceania,1967,1960,-0.156,E
Tonga,TON,Oceania,1968,1960,0.052,E
Tonga,TON,Oceania,1969,1960,-0.165,E
Tonga,TON,Oceania,1970,1970,0.323,E
Tonga,TON,Oceania,1971,1970,0.096,E
Tonga,TON,Oceania,1972,1970,-0.09,E
Tonga,TON,Oceania,1973,1970,0.351,E
Tonga,TON,Oceania,1974,1970,0.014,E
Tonga,TON,Oceania,1975,1970,-0.007,E
Tonga,TON,Oceania,1976,1970,-0.25,E
Tonga,TON,Oceania,1977,1970,-0.093,E
Tonga,TON,Oceania,1978,1970,0.056,E
Tonga,TON,Oceania,1979,1970,0.122,E
Tonga,TON,Oceania,1980,1980,0.101,E
Tonga,TON,Oceania,1981,1980,0.045,E
Tonga,TON,Oceania,1982,1980,0.087,E
Tonga,TON,Oceania,1983,1980,-0.003,E
Tonga,TON,Oceania,1984,1980,0.24,E
Tonga,TON,Oceania,1985,1980,0.158,E
Tonga,TON,Oceania,1986,1980,-0.023,E
Tonga,TON,Oceania,1987,1980,-0.052,E
Tonga,TON,Oceania,1988,1980,0.749,E
Tonga,TON,Oceania,1989,1980,0.403,E
Tonga,TON,Oceania,1990,1990,0.336,E
Tonga,TON,Oceania,1991,1990,0.311,E
Tonga,TON,Oceania,1992,1990,0.194,E
Tonga,TON,Oceania,1993,1990,-0.091,E
Tonga,TON,Oceania,1994,1990,0.193,E
Tonga,TON,Oceania,1995,1990,0.435,E
Tonga,TON,Oceania,1996,1990,0.252,E
Tonga,TON,Oceania,1997,1990,0.132,E
Tonga,TON,Oceania,1998,1990,0.154,E
Tonga,TON,Oceania,1999,1990,0.071,E
Tonga,TON,Oceania,2000,2000,0.224,E
Tonga,TON,Oceania,2001,2000,0.522,E
Tonga,TON,Oceania,2002,2000,0.636,E
Tonga,TON,Oceania,2003,2000,0.233,E
Tonga,TON,Oceania,2004,2000,0.374,E
Tonga,TON,Oceania,2005,2000,0.566,E
Tonga,TON,Oceania,2006,2000,0.348,E
Tonga,TON,Oceania,2007,2000,0.707,E
Tonga,TON,Oceania,2008,2000,0.224,E
Tonga,TON,Oceania,2009,2000,0.289,E
Tonga,TON,Oceania,2010,2010,0.79,E
Tonga,TON,Oceania,2011,2010,0.486,E
Tonga,TON,Oceania,2012,2010,0.568,E
Tonga,TON,Oceania,2013,2010,0.815,E
Tonga,TON,Oceania,2014,2010,0.509,E
Tonga,TON,Oceania,2015,2010,0.555,E
Tonga,TON,Oceania,2016,2010,1.08,E
Tonga,TON,Oceania,2017,2010,0.873,E
Tonga,TON,Oceania,2018,2010,0.827,E
Tonga,TON,Oceania,2019,2010,1.396,E
Tonga,TON,Oceania,2020,2020,1.206,E
Tonga,TON,Oceania,2021,2020,0.985,E
Tonga,TON,Oceania,2022,2020,0.666,E
Tonga,TON,Oceania,2023,2020,1.003,E
Tonga,TON,Oceania,2024,2020,1.378,E
Tonga,TON,Oceania,2025,2020,0.858,E
Trinidad and Tobago,TTO,North America,1961,1960,0.161,E
Trinidad and Tobago,TTO,North America,1962,1960,-0.157,E
Trinidad and Tobago,TTO,North America,1963,1960,0.243,E
Trinidad and Tobago,TTO,North America,1964,1960,-0.127,E
Trinidad and Tobago,TTO,North America,1965,1960,-0.2,E
Trinidad and Tobago,TTO,North America,1966,1960,0.11,E
Trinidad and Tobago,TTO,North America,1967,1960,-0.139,E
Trinidad and Tobago,TTO,North America,1968,1960,-0.203,E
Trinidad and Tobago,TTO,North America,1969,1960,0.477,E
Trinidad and Tobago,TTO,North America,1970,1970,0.322,E
Trinidad and Tobago,TTO,North America,1971,1970,-0.399,E
Trinidad and Tobago,TTO,North America,1972,1970,-0.168,E
Trinidad and Tobago,TTO,North America,1973,1970,0.107,E
Trinidad and Tobago,TTO,North America,1974,1970,-0.331,E
Trinidad and Tobago,TTO,North America,1975,1970,-0.302,E
Trinidad and Tobago,TTO,North America,1976,1970,-0.005,E
Trinidad and Tobago,TTO,North America,1977,1970,0.153,E
Trinidad and Tobago,TTO,North America,1978,1970,0.273,E
Trinidad and Tobago,TTO,North America,1979,1970,0.426,E
Trinidad and Tobago,TTO,North America,1980,1980,0.454,E
Trinidad and Tobago,TTO,North America,1981,1980,0.506,E
Trinidad and Tobago,TTO,North America,1982,1980,0.294,E
Trinidad and Tobago,TTO,North America,1983,1980,0.543,E
Trinidad and Tobago,TTO,North America,1984,1980,0.174,E
Trinidad and Tobago,TTO,North America,1985,1980,-0.3,E
Trinidad and Tobago,TTO,North America,1986,1980,-0.025,E
Trinidad and Tobago,TTO,North America,1987,1980,0.765,E
Trinidad and Tobago,TTO,North America,1988,1980,0.622,E
Trinidad and Tobago,TTO,North America,1989,1980,0.056,E
Trinidad and Tobago,TTO,North America,1990,1990,0.419,E
Trinidad and Tobago,TTO,North America,1991,1990,0.593,E
Trinidad and Tobago,TTO,North America,1992,1990,0.653,E
Trinidad and Tobago,TTO,North America,1993,1990,0.958,E
Trinidad and Tobago,TTO,North America,1994,1990,0.836,E
Trinidad and Tobago,TTO,North America,1995,1990,1.206,E
Trinidad and Tobago,TTO,North America,1996,1990,0.895,E
Trinidad and Tobago,TTO,North America,1997,1990,1.214,E
Trinidad and Tobago,TTO,North America,1998,1990,1.751,E
Trinidad and Tobago,TTO,North America,1999,1990,1.235,E
Trinidad and Tobago,TTO,North America,2000,2000,1.052,E
Trinidad and Tobago,TTO,North America,2001,2000,1.182,E
Trinidad and Tobago,TTO,North America,2002,2000,0.971,E
Trinidad and Tobago,TTO,North America,2003,2000,1.228,E
Trinidad and Tobago,TTO,North America,2004,2000,0.807,E
Trinidad and Tobago,TTO,North America,2005,2000,1.483,E
Trinidad and Tobago,TTO,North America,2006,2000,1.073,E
Trinidad and Tobago,TTO,North America,2007,2000,0.981,E
Trinidad and Tobago,TTO,North America,2008,2000,0.887,E
Trinidad and Tobago,TTO,North America,2009,2000,1.054,E
Trinidad and Tobago,TTO,North America,2010,2010,1.685,E
Trinidad and Tobago,TTO,North America,2011,2010,1.069,E
Trinidad and Tobago,TTO,North America,2012,2010,1.145,E
Trinidad and Tobago,TTO,North America,2013,2010,1.311,E
Trinidad and Tobago,TTO,North America,2014,2010,1.224,E
Trinidad and Tobago,TTO,North America,2015,2010,1.428,E
Trinidad and Tobago,TTO,North America,2016,2010,1.516,E
Trinidad and Tobago,TTO,North America,2017,2010,1.695,E
Trinidad and Tobago,TTO,North America,2018,2010,1.121,E
Trinidad and Tobago,TTO,North America,2019,2010,1.631,E
Trinidad and Tobago,TTO,North America,2020,2020,1.823,E
Trinidad and Tobago,TTO,North America,2021,2020,1.369,E
Trinidad and Tobago,TTO,North America,2022,2020,1.099,E
Trinidad and Tobago,TTO,North America,2023,2020,1.724,E
Trinidad and Tobago,TTO,North America,2024,2020,2.397,E
Trinidad and Tobago,TTO,North America,2025,2020,1.79,E
Tunisia,TUN,Africa,1961,1960,0.358,E
Tunisia,TUN,Africa,1962,1960,0.265,E
Tunisia,TUN,Africa,1963,1960,0.07,E
Tunisia,TUN,Africa,1964,1960,0.46,E
Tunisia,TUN,Africa,1965,1960,-0.022,E
Tunisia,TUN,Africa,1966,1960,0.596,E
Tunisia,TUN,Africa,1967,1960,0.032,E
Tunisia,TUN,Africa,1968,1960,0.086,E
Tunisia,TUN,Africa,1969,1960,0.021,E
Tunisia,TUN,Africa,1970,1970,-0.26,E
Tunisia,TUN,Africa,1971,1970,-0.363,E
Tunisia,TUN,Africa,1972,1970,-0.51,E
Tunisia,TUN,Africa,1973,1970,-0.213,E
Tunisia,TUN,Africa,1974,1970,-0.431,E
Tunisia,TUN,Africa,1975,1970,-0.456,E
Tunisia,TUN,Africa,1976,1970,-0.842,E
Tunisia,TUN,Africa,1977,1970,0.494,E
Tunisia,TUN,Africa,1978,1970,-0.495,E
Tunisia,TUN,Africa,1979,1970,0.292,E
Tunisia,TUN,Africa,1980,1980,-0.323,E
Tunisia,TUN,Africa,1981,1980,-0.043,E
Tunisia,TUN,Africa,1982,1980,0.686,E
Tunisia,TUN,Africa,1983,1980,0.084,E
Tunisia,TUN,Africa,1984,1980,-0.257,E
Tunisia,TUN,Africa,1985,1980,0.26,E
Tunisia,TUN,Africa,1986,1980,0.3,E
Tunisia,TUN,Africa,1987,1980,0.46,E
Tunisia,TUN,Africa,1988,1980,1.185,E
Tunisia,TUN,Africa,1989,1980,0.333,E
Tunisia,TUN,Africa,1990,1990,1.275,E
Tunisia,TUN,Africa,1991,1990,-0.185,E
Tunisia,TUN,Africa,1992,1990,-0.143,E
Tunisia,TUN,Africa,1993,1990,0.488,E
Tunisia,TUN,Africa,1994,1990,1.18,E
Tunisia,TUN,Africa,1995,1990,0.507,E
Tunisia,TUN,Africa,1996,1990,0.48,E
Tunisia,TUN,Africa,1997,1990,1.105,E
Tunisia,TUN,Africa,1998,1990,0.849,E
Tunisia,TUN,Africa,1999,1990,1.612,E
Tunisia,TUN,Africa,2000,2000,0.874,E
Tunisia,TUN,Africa,2001,2000,1.848,E
Tunisia,TUN,Africa,2002,2000,1.111,E
Tunisia,TUN,Africa,2003,2000,1.557,E
Tunisia,TUN,Africa,2004,2000,0.776,E
Tunisia,TUN,Africa,2005,2000,0.892,E
Tunisia,TUN,Africa,2006,2000,1.111,E
Tunisia,TUN,Africa,2007,2000,1.221,E
Tunisia,TUN,Africa,2008,2000,1.215,E
Tunisia,TUN,Africa,2009,2000,0.687,E
Tunisia,TUN,Africa,2010,2010,1.589,E
Tunisia,TUN,Africa,2011,2010,0.86,E
Tunisia,TUN,Africa,2012,2010,1.414,E
Tunisia,TUN,Africa,2013,2010,1.24,E
Tunisia,TUN,Africa,2014,2010,1.671,E
Tunisia,TUN,Africa,2015,2010,1.047,E
Tunisia,TUN,Africa,2016,2010,1.716,E
Tunisia,TUN,Africa,2017,2010,1.227,E
Tunisia,TUN,Africa,2018,2010,1.362,E
Tunisia,TUN,Africa,2019,2010,1.172,E
Tunisia,TUN,Africa,2020,2020,1.831,E
Tunisia,TUN,Africa,2021,2020,2.372,E
Tunisia,TUN,Africa,2022,2020,1.971,E
Tunisia,TUN,Africa,2023,2020,2.255,E
Tunisia,TUN,Africa,2024,2020,2.69,E
Tunisia,TUN,Africa,2025,2020,2.023,E
Turkmenistan,TKM,Asia,1992,1990,-0.046,E
Turkmenistan,TKM,Asia,1993,1990,-0.129,E
Turkmenistan,TKM,Asia,1994,1990,0.301,E
Turkmenistan,TKM,Asia,1995,1990,1.423,E
Turkmenistan,TKM,Asia,1996,1990,-0.017,E
Turkmenistan,TKM,Asia,1997,1990,1.41,E
Turkmenistan,TKM,Asia,1998,1990,0.993,E
Turkmenistan,TKM,Asia,1999,1990,1.328,E
Turkmenistan,TKM,Asia,2000,2000,1.34,E
Turkmenistan,TKM,Asia,2001,2000,1.564,E
Turkmenistan,TKM,Asia,2002,2000,1.83,E
Turkmenistan,TKM,Asia,2003,2000,0.089,E
Turkmenistan,TKM,Asia,2004,2000,1.685,E
Turkmenistan,TKM,Asia,2005,2000,1.326,E
Turkmenistan,TKM,Asia,2006,2000,1.729,E
Turkmenistan,TKM,Asia,2007,2000,1.139,E
Turkmenistan,TKM,Asia,2008,2000,0.755,E
Turkmenistan,TKM,Asia,2009,2000,1.128,E
Turkmenistan,TKM,Asia,2010,2010,1.957,E
Turkmenistan,TKM,Asia,2011,2010,1.151,E
Turkmenistan,TKM,Asia,2012,2010,0.845,E
Turkmenistan,TKM,Asia,2013,2010,1.689,E
Turkmenistan,TKM,Asia,2014,2010,0.75,E
Turkmenistan,TKM,Asia,2015,2010,1.438,E
Turkmenistan,TKM,Asia,2016,2010,2.025,E
Turkmenistan,TKM,Asia,2017,2010,1.71,E
Turkmenistan,TKM,Asia,2018,2010,1.563,E
Turkmenistan,TKM,Asia,2019,2010,1.827,E
Turkmenistan,TKM,Asia,2020,2020,1.54,E
Turkmenistan,TKM,Asia,2021,2020,1.682,E
Turkmenistan,TKM,Asia,2022,2020,2.554,E
Turkmenistan,TKM,Asia,2023,2020,2.429,E
Turkmenistan,TKM,Asia,2024,2020,2.391,E
Turkmenistan,TKM,Asia,2025,2020,2.233,E
Turks and Caicos Islands,TCA,North America,1961,1960,0.017,E
Turks and Caicos Islands,TCA,North America,1962,1960,-0.13,E
Turks and Caicos Islands,TCA,North America,1963,1960,0.178,E
Turks and Caicos Islands,TCA,North America,1964,1960,0.384,E
Turks and Caicos Islands,TCA,North America,1965,1960,-0.176,E
Turks and Caicos Islands,TCA,North America,1966,1960,0.258,E
Turks and Caicos Islands,TCA,North America,1967,1960,,O
Turks and Caicos Islands,TCA,North America,1968,1960,,O
Turks and Caicos Islands,TCA,North America,1969,1960,,O
Turks and Caicos Islands,TCA,North America,1970,1970,,O
Turks and Caicos Islands,TCA,North America,1971,1970,-0.1,E
Turks and Caicos Islands,TCA,North America,1972,1970,-0.159,E
Turks and Caicos Islands,TCA,North America,1973,1970,0.111,E
Turks and Caicos Islands,TCA,North America,1974,1970,-0.055,E
Turks and Caicos Islands,TCA,North America,1975,1970,0.261,E
Turks and Caicos Islands,TCA,North America,1976,1970,-0.347,E
Turks and Caicos Islands,TCA,North America,1977,1970,0.19,E
Turks and Caicos Islands,TCA,North America,1978,1970,0.642,E
Turks and Caicos Islands,TCA,North America,1979,1970,-0.014,E
Turks and Caicos Islands,TCA,North America,1980,1980,0.194,E
Turks and Caicos Islands,TCA,North America,1981,1980,,O
Turks and Caicos Islands,TCA,North America,1982,1980,,O
Turks and Caicos Islands,TCA,North America,1983,1980,,O
Turks and Caicos Islands,TCA,North America,1984,1980,,O
Turks and Caicos Islands,TCA,North America,1985,1980,,O
Turks and Caicos Islands,TCA,North America,1986,1980,,O
Turks and Caicos Islands,TCA,North America,1987,1980,,O
Turks and Caicos Islands,TCA,North America,1988,1980,,O
Turks and Caicos Islands,TCA,North America,1989,1980,,O
Turks and Caicos Islands,TCA,North America,1990,1990,,O
Turks and Caicos Islands,TCA,North America,1991,1990,,O
Turks and Caicos Islands,TCA,North America,1992,1990,,O
Turks and Caicos Islands,TCA,North America,1993,1990,,O
Turks and Caicos Islands,TCA,North America,1994,1990,,O
Turks and Caicos Islands,TCA,North America,1995,1990,,O
Turks and Caicos Islands,TCA,North America,1996,1990,,O
Turks and Caicos Islands,TCA,North America,1997,1990,,O
Turks and Caicos Islands,TCA,North America,1998,1990,,O
Turks and Caicos Islands,TCA,North America,1999,1990,,O
Turks and Caicos Islands,TCA,North America,2000,2000,,O
Turks and Caicos Islands,TCA,North America,2001,2000,,O
Turks and Caicos Islands,TCA,North America,2002,2000,,O
Turks and Caicos Islands,TCA,North America,2003,2000,,O
Turks and Caicos Islands,TCA,North America,2004,2000,,O
Turks and Caicos Islands,TCA,North America,2005,2000,,O
Turks and Caicos Islands,TCA,North America,2006,2000,,O
Turks and Caicos Islands,TCA,North America,2007,2000,,O
Turks and Caicos Islands,TCA,North America,2008,2000,,O
Turks and Caicos Islands,TCA,North America,2009,2000,,O
Turks and Caicos Islands,TCA,North America,2010,2010,,O
Turks and Caicos Islands,TCA,North America,2011,2010,,O
Turks and Caicos Islands,TCA,North America,2012,2010,,O
Turks and Caicos Islands,TCA,North America,2013,2010,,O
Turks and Caicos Islands,TCA,North America,2014,2010,,O
Turks and Caicos Islands,TCA,North America,2015,2010,,O
Turks and Caicos Islands,TCA,North America,2016,2010,,O
Turks and Caicos Islands,TCA,North America,2017,2010,,O
Turks and Caicos Islands,TCA,North America,2018,2010,,O
Turks and Caicos Islands,TCA,North America,2019,2010,,O
Turks and Caicos Islands,TCA,North America,2020,2020,,O
Turks and Caicos Islands,TCA,North America,2021,2020,,O
Turks and Caicos Islands,TCA,North America,2022,2020,,O
Turks and Caicos Islands,TCA,North America,2023,2020,,O
Turks and Caicos Islands,TCA,North America,2024,2020,,O
Turks and Caicos Islands,TCA,North America,2025,2020,,O
Tuvalu,TUV,Oceania,1961,1960,-0.088,E
Tuvalu,TUV,Oceania,1962,1960,0.067,E
Tuvalu,TUV,Oceania,1963,1960,-0.05,E
Tuvalu,TUV,Oceania,1964,1960,-0.046,E
Tuvalu,TUV,Oceania,1965,1960,-0.347,E
Tuvalu,TUV,Oceania,1966,1960,-0.029,E
Tuvalu,TUV,Oceania,1967,1960,-0.269,E
Tuvalu,TUV,Oceania,1968,1960,-0.272,E
Tuvalu,TUV,Oceania,1969,1960,0.16,E
Tuvalu,TUV,Oceania,1970,1970,-0.001,E
Tuvalu,TUV,Oceania,1971,1970,-0.366,E
Tuvalu,TUV,Oceania,1972,1970,-0.019,E
Tuvalu,TUV,Oceania,1973,1970,0.341,E
Tuvalu,TUV,Oceania,1974,1970,0.011,E
Tuvalu,TUV,Oceania,1975,1970,,O
Tuvalu,TUV,Oceania,1976,1970,-0.125,E
Tuvalu,TUV,Oceania,1977,1970,0.107,E
Tuvalu,TUV,Oceania,1978,1970,0.225,E
Tuvalu,TUV,Oceania,1979,1970,0.403,E
Tuvalu,TUV,Oceania,1980,1980,0.446,E
Tuvalu,TUV,Oceania,1981,1980,0.302,E
Tuvalu,TUV,Oceania,1982,1980,0.188,E
Tuvalu,TUV,Oceania,1983,1980,0.055,E
Tuvalu,TUV,Oceania,1984,1980,0.247,E
Tuvalu,TUV,Oceania,1985,1980,0.267,E
Tuvalu,TUV,Oceania,1986,1980,0.537,E
Tuvalu,TUV,Oceania,1987,1980,0.184,E
Tuvalu,TUV,Oceania,1988,1980,0.273,E
Tuvalu,TUV,Oceania,1989,1980,0.057,E
Tuvalu,TUV,Oceania,1990,1990,0.401,E
Tuvalu,TUV,Oceania,1991,1990,0.714,E
Tuvalu,TUV,Oceania,1992,1990,0.411,E
Tuvalu,TUV,Oceania,1993,1990,0.037,E
Tuvalu,TUV,Oceania,1994,1990,,O
Tuvalu,TUV,Oceania,1995,1990,0.392,E
Tuvalu,TUV,Oceania,1996,1990,0.36,E
Tuvalu,TUV,Oceania,1997,1990,0.41,E
Tuvalu,TUV,Oceania,1998,1990,0.193,E
Tuvalu,TUV,Oceania,1999,1990,0.389,E
Tuvalu,TUV,Oceania,2000,2000,0.498,E
Tuvalu,TUV,Oceania,2001,2000,0.764,E
Tuvalu,TUV,Oceania,2002,2000,0.783,E
Tuvalu,TUV,Oceania,2003,2000,0.588,E
Tuvalu,TUV,Oceania,2004,2000,0.65,E
Tuvalu,TUV,Oceania,2005,2000,0.921,E
Tuvalu,TUV,Oceania,2006,2000,0.741,E
Tuvalu,TUV,Oceania,2007,2000,0.84,E
Tuvalu,TUV,Oceania,2008,2000,0.524,E
Tuvalu,TUV,Oceania,2009,2000,0.671,E
Tuvalu,TUV,Oceania,2010,2010,0.895,E
Tuvalu,TUV,Oceania,2011,2010,0.76,E
Tuvalu,TUV,Oceania,2012,2010,0.567,E
Tuvalu,TUV,Oceania,2013,2010,0.638,E
Tuvalu,TUV,Oceania,2014,2010,0.601,E
Tuvalu,TUV,Oceania,2015,2010,0.753,E
Tuvalu,TUV,Oceania,2016,2010,0.877,E
Tuvalu,TUV,Oceania,2017,2010,0.968,E
Tuvalu,TUV,Oceania,2018,2010,0.93,E
Tuvalu,TUV,Oceania,2019,2010,1.033,E
Tuvalu,TUV,Oceania,2020,2020,1.151,E
Tuvalu,TUV,Oceania,2021,2020,0.644,E
Tuvalu,TUV,Oceania,2022,2020,0.618,E
Tuvalu,TUV,Oceania,2023,2020,1.149,E
Tuvalu,TUV,Oceania,2024,2020,1.335,E
Tuvalu,TUV,Oceania,2025,2020,0.836,E
Türkiye,TUR,Asia,1961,1960,0.183,E
Türkiye,TUR,Asia,1962,1960,1.039,E
Türkiye,TUR,Asia,1963,1960,0.486,E
Türkiye,TUR,Asia,1964,1960,-0.717,E
Türkiye,TUR,Asia,1965,1960,-0.338,E
Türkiye,TUR,Asia,1966,1960,1.428,E
Türkiye,TUR,Asia,1967,1960,-0.826,E
Türkiye,TUR,Asia,1968,1960,-0.019,E
Türkiye,TUR,Asia,1969,1960,-0.058,E
Türkiye,TUR,Asia,1970,1970,0.862,E
Türkiye,TUR,Asia,1971,1970,0.05,E
Türkiye,TUR,Asia,1972,1970,-0.722,E
Türkiye,TUR,Asia,1973,1970,-0.474,E
Türkiye,TUR,Asia,1974,1970,-0.321,E
Türkiye,TUR,Asia,1975,1970,-0.115,E
Türkiye,TUR,Asia,1976,1970,-1.144,E
Türkiye,TUR,Asia,1977,1970,0.2,E
Türkiye,TUR,Asia,1978,1970,-0.046,E
Türkiye,TUR,Asia,1979,1970,0.911,E
Türkiye,TUR,Asia,1980,1980,-0.094,E
Türkiye,TUR,Asia,1981,1980,0.401,E
Türkiye,TUR,Asia,1982,1980,-0.222,E
Türkiye,TUR,Asia,1983,1980,-0.449,E
Türkiye,TUR,Asia,1984,1980,0.339,E
Türkiye,TUR,Asia,1985,1980,-0.066,E
Türkiye,TUR,Asia,1986,1980,0.434,E
Türkiye,TUR,Asia,1987,1980,-0.383,E
Türkiye,TUR,Asia,1988,1980,-0.292,E
Türkiye,TUR,Asia,1989,1980,0.357,E
Türkiye,TUR,Asia,1990,1990,-0.05,E
Türkiye,TUR,Asia,1991,1990,0.23,E
Türkiye,TUR,Asia,1992,1990,-1.235,E
Türkiye,TUR,Asia,1993,1990,-0.811,E
Türkiye,TUR,Asia,1994,1990,1.213,E
Türkiye,TUR,Asia,1995,1990,0.166,E
Türkiye,TUR,Asia,1996,1990,0.293,E
Türkiye,TUR,Asia,1997,1990,0.027,E
Türkiye,TUR,Asia,1998,1990,1.031,E
Türkiye,TUR,Asia,1999,1990,1.265,E
Türkiye,TUR,Asia,2000,2000,0.543,E
Türkiye,TUR,Asia,2001,2000,1.542,E
Türkiye,TUR,Asia,2002,2000,0.814,E
Türkiye,TUR,Asia,2003,2000,0.323,E
Türkiye,TUR,Asia,2004,2000,0.613,E
Türkiye,TUR,Asia,2005,2000,0.453,E
Türkiye,TUR,Asia,2006,2000,0.902,E
Türkiye,TUR,Asia,2007,2000,0.997,E
Türkiye,TUR,Asia,2008,2000,0.874,E
Türkiye,TUR,Asia,2009,2000,0.697,E
Türkiye,TUR,Asia,2010,2010,2.395,E
Türkiye,TUR,Asia,2011,2010,0.416,E
Türkiye,TUR,Asia,2012,2010,0.996,E
Türkiye,TUR,Asia,2013,2010,1.372,E
Türkiye,TUR,Asia,2014,2010,1.333,E
Türkiye,TUR,Asia,2015,2010,0.808,E
Türkiye,TUR,Asia,2016,2010,1.585,E
Türkiye,TUR,Asia,2017,2010,0.761,E
Türkiye,TUR,Asia,2018,2010,2.617,E
Türkiye,TUR,Asia,2019,2010,1.656,E
Türkiye,TUR,Asia,2020,2020,1.821,E
Türkiye,TUR,Asia,2021,2020,1.866,E
Türkiye,TUR,Asia,2022,2020,1.253,E
Türkiye,TUR,Asia,2023,2020,1.987,E
Türkiye,TUR,Asia,2024,2020,2.676,E
Türkiye,TUR,Asia,2025,2020,1.93,E
Uganda,UGA,Africa,1961,1960,-0.034,E
Uganda,UGA,Africa,1962,1960,-0.299,E
Uganda,UGA,Africa,1963,1960,-0.214,E
Uganda,UGA,Africa,1964,1960,-0.258,E
Uganda,UGA,Africa,1965,1960,-0.11,E
Uganda,UGA,Africa,1966,1960,0.016,E
Uganda,UGA,Africa,1967,1960,-0.07,E
Uganda,UGA,Africa,1968,1960,-0.267,E
Uganda,UGA,Africa,1969,1960,0.136,E
Uganda,UGA,Africa,1970,1970,0.038,E
Uganda,UGA,Africa,1971,1970,-0.151,E
Uganda,UGA,Africa,1972,1970,0.129,E
Uganda,UGA,Africa,1973,1970,0.398,E
Uganda,UGA,Africa,1974,1970,-0.082,E
Uganda,UGA,Africa,1975,1970,0.0,E
Uganda,UGA,Africa,1976,1970,0.059,E
Uganda,UGA,Africa,1977,1970,0.188,E
Uganda,UGA,Africa,1978,1970,0.131,E
Uganda,UGA,Africa,1979,1970,0.387,E
Uganda,UGA,Africa,1980,1980,0.778,E
Uganda,UGA,Africa,1981,1980,0.629,E
Uganda,UGA,Africa,1982,1980,0.598,E
Uganda,UGA,Africa,1983,1980,0.873,E
Uganda,UGA,Africa,1984,1980,0.488,E
Uganda,UGA,Africa,1985,1980,0.341,E
Uganda,UGA,Africa,1986,1980,0.481,E
Uganda,UGA,Africa,1987,1980,0.825,E
Uganda,UGA,Africa,1988,1980,0.671,E
Uganda,UGA,Africa,1989,1980,0.135,E
Uganda,UGA,Africa,1990,1990,0.469,E
Uganda,UGA,Africa,1991,1990,0.387,E
Uganda,UGA,Africa,1992,1990,0.443,E
Uganda,UGA,Africa,1993,1990,0.344,E
Uganda,UGA,Africa,1994,1990,0.386,E
Uganda,UGA,Africa,1995,1990,0.611,E
Uganda,UGA,Africa,1996,1990,0.456,E
Uganda,UGA,Africa,1997,1990,0.827,E
Uganda,UGA,Africa,1998,1990,0.691,E
Uganda,UGA,Africa,1999,1990,0.413,E
Uganda,UGA,Africa,2000,2000,0.477,E
Uganda,UGA,Africa,2001,2000,0.31,E
Uganda,UGA,Africa,2002,2000,0.866,E
Uganda,UGA,Africa,2003,2000,1.029,E
Uganda,UGA,Africa,2004,2000,0.839,E
Uganda,UGA,Africa,2005,2000,1.409,E
Uganda,UGA,Africa,2006,2000,1.201,E
Uganda,UGA,Africa,2007,2000,0.592,E
Uganda,UGA,Africa,2008,2000,0.774,E
Uganda,UGA,Africa,2009,2000,1.381,E
Uganda,UGA,Africa,2010,2010,1.502,E
Uganda,UGA,Africa,2011,2010,1.097,E
Uganda,UGA,Africa,2012,2010,1.138,E
Uganda,UGA,Africa,2013,2010,1.094,E
Uganda,UGA,Africa,2014,2010,1.147,E
Uganda,UGA,Africa,2015,2010,1.202,E
Uganda,UGA,Africa,2016,2010,1.298,E
Uganda,UGA,Africa,2017,2010,1.75,E
Uganda,UGA,Africa,2018,2010,1.087,E
Uganda,UGA,Africa,2019,2010,1.616,E
Uganda,UGA,Africa,2020,2020,1.21,E
Uganda,UGA,Africa,2021,2020,1.493,E
Uganda,UGA,Africa,2022,2020,1.423,E
Uganda,UGA,Africa,2023,2020,1.558,E
Uganda,UGA,Africa,2024,2020,1.606,E
Uganda,UGA,Africa,2025,2020,1.23,E
Ukraine,UKR,Europe,1992,1990,0.467,E
Ukraine,UKR,Europe,1993,1990,-0.736,E
Ukraine,UKR,Europe,1994,1990,1.149,E
Ukraine,UKR,Europe,1995,1990,0.943,E
Ukraine,UKR,Europe,1996,1990,-0.418,E
Ukraine,UKR,Europe,1997,1990,-0.34,E
Ukraine,UKR,Europe,1998,1990,0.725,E
Ukraine,UKR,Europe,1999,1990,1.151,E
Ukraine,UKR,Europe,2000,2000,1.42,E
Ukraine,UKR,Europe,2001,2000,1.79,E
Ukraine,UKR,Europe,2002,2000,1.534,E
Ukraine,UKR,Europe,2003,2000,-0.271,E
Ukraine,UKR,Europe,2004,2000,0.903,E
Ukraine,UKR,Europe,2005,2000,1.001,E
Ukraine,UKR,Europe,2006,2000,0.245,E
Ukraine,UKR,Europe,2007,2000,2.36,E
Ukraine,UKR,Europe,2008,2000,1.608,E
Ukraine,UKR,Europe,2009,2000,1.585,E
Ukraine,UKR,Europe,2010,2010,1.623,E
Ukraine,UKR,Europe,2011,2010,0.553,E
Ukraine,UKR,Europe,2012,2010,1.929,E
Ukraine,UKR,Europe,2013,2010,1.481,E
Ukraine,UKR,Europe,2014,2010,1.671,E
Ukraine,UKR,Europe,2015,2010,2.025,E
Ukraine,UKR,Europe,2016,2010,2.059,E
Ukraine,UKR,Europe,2017,2010,1.363,E
Ukraine,UKR,Europe,2018,2010,2.178,E
Ukraine,UKR,Europe,2019,2010,2.308,E
Ukraine,UKR,Europe,2020,2020,3.051,E
Ukraine,UKR,Europe,2021,2020,1.369,E
Ukraine,UKR,Europe,2022,2020,1.83,E
Ukraine,UKR,Europe,2023,2020,2.685,E
Ukraine,UKR,Europe,2024,2020,3.418,E
Ukraine,UKR,Europe,2025,2020,2.27,E
United Arab Emirates,ARE,Asia,1961,1960,-0.264,E
United Arab Emirates,ARE,Asia,1962,1960,0.402,E
United Arab Emirates,ARE,Asia,1963,1960,0.243,E
United Arab Emirates,ARE,Asia,1964,1960,-0.356,E
United Arab Emirates,ARE,Asia,1965,1960,0.078,E
United Arab Emirates,ARE,Asia,1966,1960,0.153,E
United Arab Emirates,ARE,Asia,1967,1960,-0.202,E
United Arab Emirates,ARE,Asia,1968,1960,-0.765,E
United Arab Emirates,ARE,Asia,1969,1960,0.364,E
United Arab Emirates,ARE,Asia,1970,1970,0.237,E
United Arab Emirates,ARE,Asia,1971,1970,-0.302,E
United Arab Emirates,ARE,Asia,1972,1970,-0.466,E
United Arab Emirates,ARE,Asia,1973,1970,0.032,E
United Arab Emirates,ARE,Asia,1974,1970,-0.11,E
United Arab Emirates,ARE,Asia,1975,1970,-0.297,E
United Arab Emirates,ARE,Asia,1976,1970,-0.53,E
United Arab Emirates,ARE,Asia,1977,1970,0.444,E
United Arab Emirates,ARE,Asia,1978,1970,0.102,E
United Arab Emirates,ARE,Asia,1979,1970,0.559,E
United Arab Emirates,ARE,Asia,1980,1980,0.525,E
United Arab Emirates,ARE,Asia,1981,1980,0.329,E
United Arab Emirates,ARE,Asia,1982,1980,-0.344,E
United Arab Emirates,ARE,Asia,1983,1980,-0.738,E
United Arab Emirates,ARE,Asia,1984,1980,-0.243,E
United Arab Emirates,ARE,Asia,1985,1980,0.099,E
United Arab Emirates,ARE,Asia,1986,1980,0.159,E
United Arab Emirates,ARE,Asia,1987,1980,0.12,E
United Arab Emirates,ARE,Asia,1988,1980,0.166,E
United Arab Emirates,ARE,Asia,1989,1980,-0.333,E
United Arab Emirates,ARE,Asia,1990,1990,0.215,E
United Arab Emirates,ARE,Asia,1991,1990,-0.274,E
United Arab Emirates,ARE,Asia,1992,1990,-0.676,E
United Arab Emirates,ARE,Asia,1993,1990,-0.043,E
United Arab Emirates,ARE,Asia,1994,1990,0.388,E
United Arab Emirates,ARE,Asia,1995,1990,-0.181,E
United Arab Emirates,ARE,Asia,1996,1990,0.317,E
United Arab Emirates,ARE,Asia,1997,1990,-0.3,E
United Arab Emirates,ARE,Asia,1998,1990,0.997,E
United Arab Emirates,ARE,Asia,1999,1990,1.326,E
United Arab Emirates,ARE,Asia,2000,2000,0.714,E
United Arab Emirates,ARE,Asia,2001,2000,0.59,E
United Arab Emirates,ARE,Asia,2002,2000,1.16,E
United Arab Emirates,ARE,Asia,2003,2000,1.022,E
United Arab Emirates,ARE,Asia,2004,2000,1.007,E
United Arab Emirates,ARE,Asia,2005,2000,0.67,E
United Arab Emirates,ARE,Asia,2006,2000,1.224,E
United Arab Emirates,ARE,Asia,2007,2000,0.752,E
United Arab Emirates,ARE,Asia,2008,2000,0.735,E
United Arab Emirates,ARE,Asia,2009,2000,0.872,E
United Arab Emirates,ARE,Asia,2010,2010,1.499,E
United Arab Emirates,ARE,Asia,2011,2010,1.19,E
United Arab Emirates,ARE,Asia,2012,2010,1.156,E
United Arab Emirates,ARE,Asia,2013,2010,0.848,E
United Arab Emirates,ARE,Asia,2014,2010,1.011,E
United Arab Emirates,ARE,Asia,2015,2010,1.652,E
United Arab Emirates,ARE,Asia,2016,2010,1.178,E
United Arab Emirates,ARE,Asia,2017,2010,1.717,E
United Arab Emirates,ARE,Asia,2018,2010,1.576,E
United Arab Emirates,ARE,Asia,2019,2010,1.265,E
United Arab Emirates,ARE,Asia,2020,2020,1.269,E
United Arab Emirates,ARE,Asia,2021,2020,1.759,E
United Arab Emirates,ARE,Asia,2022,2020,1.532,E
United Arab Emirates,ARE,Asia,2023,2020,1.655,E
United Arab Emirates,ARE,Asia,2024,2020,1.784,E
United Arab Emirates,ARE,Asia,2025,2020,1.503,E
United Kingdom of Great Britain and Northern Ireland,GBR,Europe,1961,1960,0.491,E
United Kingdom of Great Britain and Northern Ireland,GBR,Europe,1962,1960,-0.736,E
United Kingdom of Great Britain and Northern Ireland,GBR,Europe,1963,1960,-0.872,E
United Kingdom of Great Britain and Northern Ireland,GBR,Europe,1964,1960,0.018,E
United Kingdom of Great Britain and Northern Ireland,GBR,Europe,1965,1960,-0.583,E
United Kingdom of Great Britain and Northern Ireland,GBR,Europe,1966,1960,-0.145,E
United Kingdom of Great Britain and Northern Ireland,GBR,Europe,1967,1960,0.211,E
United Kingdom of Great Britain and Northern Ireland,GBR,Europe,1968,1960,-0.075,E
United Kingdom of Great Britain and Northern Ireland,GBR,Europe,1969,1960,-0.218,E
United Kingdom of Great Britain and Northern Ireland,GBR,Europe,1970,1970,-0.081,E
United Kingdom of Great Britain and Northern Ireland,GBR,Europe,1971,1970,0.244,E
United Kingdom of Great Britain and Northern Ireland,GBR,Europe,1972,1970,-0.066,E
United Kingdom of Great Britain and Northern Ireland,GBR,Europe,1973,1970,0.193,E
United Kingdom of Great Britain and Northern Ireland,GBR,Europe,1974,1970,-0.073,E
United Kingdom of Great Britain and Northern Ireland,GBR,Europe,1975,1970,0.594,E
United Kingdom of Great Britain and Northern Ireland,GBR,Europe,1976,1970,0.719,E
United Kingdom of Great Britain and Northern Ireland,GBR,Europe,1977,1970,-0.333,E
United Kingdom of Great Britain and Northern Ireland,GBR,Europe,1978,1970,0.059,E
United Kingdom of Great Britain and Northern Ireland,GBR,Europe,1979,1970,-0.792,E
United Kingdom of Great Britain and Northern Ireland,GBR,Europe,1980,1980,-0.033,E
United Kingdom of Great Britain and Northern Ireland,GBR,Europe,1981,1980,0.162,E
United Kingdom of Great Britain and Northern Ireland,GBR,Europe,1982,1980,0.104,E
United Kingdom of Great Britain and Northern Ireland,GBR,Europe,1983,1980,0.336,E
United Kingdom of Great Britain and Northern Ireland,GBR,Europe,1984,1980,0.326,E
United Kingdom of Great Britain and Northern Ireland,GBR,Europe,1985,1980,-0.534,E
United Kingdom of Great Britain and Northern Ireland,GBR,Europe,1986,1980,-0.607,E
United Kingdom of Great Britain and Northern Ireland,GBR,Europe,1987,1980,-0.295,E
United Kingdom of Great Britain and Northern Ireland,GBR,Europe,1988,1980,0.295,E
United Kingdom of Great Britain and Northern Ireland,GBR,Europe,1989,1980,1.134,E
United Kingdom of Great Britain and Northern Ireland,GBR,Europe,1990,1990,1.006,E
United Kingdom of Great Britain and Northern Ireland,GBR,Europe,1991,1990,0.198,E
United Kingdom of Great Britain and Northern Ireland,GBR,Europe,1992,1990,0.508,E
United Kingdom of Great Britain and Northern Ireland,GBR,Europe,1993,1990,-0.027,E
United Kingdom of Great Britain and Northern Ireland,GBR,Europe,1994,1990,0.4,E
United Kingdom of Great Britain and Northern Ireland,GBR,Europe,1995,1990,1.107,E
United Kingdom of Great Britain and Northern Ireland,GBR,Europe,1996,1990,-0.154,E
United Kingdom of Great Britain and Northern Ireland,GBR,Europe,1997,1990,0.87,E
United Kingdom of Great Britain and Northern Ireland,GBR,Europe,1998,1990,0.848,E
United Kingdom of Great Britain and Northern Ireland,GBR,Europe,1999,1990,1.119,E
United Kingdom of Great Britain and Northern Ireland,GBR,Europe,2000,2000,0.707,E
United Kingdom of Great Britain and Northern Ireland,GBR,Europe,2001,2000,0.613,E
United Kingdom of Great Britain and Northern Ireland,GBR,Europe,2002,2000,0.991,E
United Kingdom of Great Britain and Northern Ireland,GBR,Europe,2003,2000,1.171,E
United Kingdom of Great Britain and Northern Ireland,GBR,Europe,2004,2000,1.013,E
United Kingdom of Great Britain and Northern Ireland,GBR,Europe,2005,2000,1.103,E
United Kingdom of Great Britain and Northern Ireland,GBR,Europe,2006,2000,1.231,E
United Kingdom of Great Britain and Northern Ireland,GBR,Europe,2007,2000,1.319,E
United Kingdom of Great Britain and Northern Ireland,GBR,Europe,2008,2000,0.816,E
United Kingdom of Great Britain and Northern Ireland,GBR,Europe,2009,2000,0.928,E
United Kingdom of Great Britain and Northern Ireland,GBR,Europe,2010,2010,-0.079,E
United Kingdom of Great Britain and Northern Ireland,GBR,Europe,2011,2010,0.822,E
United Kingdom of Great Britain and Northern Ireland,GBR,Europe,2012,2010,0.547,E
United Kingdom of Great Britain and Northern Ireland,GBR,Europe,2013,2010,0.34,E
United Kingdom of Great Britain and Northern Ireland,GBR,Europe,2014,2010,1.694,E
United Kingdom of Great Britain and Northern Ireland,GBR,Europe,2015,2010,0.587,E
United Kingdom of Great Britain and Northern Ireland,GBR,Europe,2016,2010,1.143,E
United Kingdom of Great Britain and Northern Ireland,GBR,Europe,2017,2010,1.406,E
United Kingdom of Great Britain and Northern Ireland,GBR,Europe,2018,2010,0.982,E
United Kingdom of Great Britain and Northern Ireland,GBR,Europe,2019,2010,1.217,E
United Kingdom of Great Britain and Northern Ireland,GBR,Europe,2020,2020,1.363,E
United Kingdom of Great Britain and Northern Ireland,GBR,Europe,2021,2020,0.921,E
United Kingdom of Great Britain and Northern Ireland,GBR,Europe,2022,2020,1.904,E
United Kingdom of Great Britain and Northern Ireland,GBR,Europe,2023,2020,1.469,E
United Kingdom of Great Britain and Northern Ireland,GBR,Europe,2024,2020,1.485,E
United Kingdom of Great Britain and Northern Ireland,GBR,Europe,2025,2020,1.839,E
United Republic of Tanzania,TZA,Africa,1961,1960,0.371,E
United Republic of Tanzania,TZA,Africa,1962,1960,-0.275,E
United Republic of Tanzania,TZA,Africa,1963,1960,-0.309,E
United Republic of Tanzania,TZA,Africa,1964,1960,-0.408,E
United Republic of Tanzania,TZA,Africa,1965,1960,-0.221,E
United Republic of Tanzania,TZA,Africa,1966,1960,0.089,E
United Republic of Tanzania,TZA,Africa,1967,1960,0.049,E
United Republic of Tanzania,TZA,Africa,1968,1960,-0.465,E
United Republic of Tanzania,TZA,Africa,1969,1960,0.353,E
United Republic of Tanzania,TZA,Africa,1970,1970,0.225,E
United Republic of Tanzania,TZA,Africa,1971,1970,-0.245,E
United Republic of Tanzania,TZA,Africa,1972,1970,0.055,E
United Republic of Tanzania,TZA,Africa,1973,1970,0.351,E
United Republic of Tanzania,TZA,Africa,1974,1970,-0.144,E
United Republic of Tanzania,TZA,Africa,1975,1970,-0.049,E
United Republic of Tanzania,TZA,Africa,1976,1970,0.004,E
United Republic of Tanzania,TZA,Africa,1977,1970,0.317,E
United Republic of Tanzania,TZA,Africa,1978,1970,0.074,E
United Republic of Tanzania,TZA,Africa,1979,1970,-0.152,E
United Republic of Tanzania,TZA,Africa,1980,1980,0.39,E
United Republic of Tanzania,TZA,Africa,1981,1980,0.332,E
United Republic of Tanzania,TZA,Africa,1982,1980,0.383,E
United Republic of Tanzania,TZA,Africa,1983,1980,0.667,E
United Republic of Tanzania,TZA,Africa,1984,1980,0.069,E
United Republic of Tanzania,TZA,Africa,1985,1980,0.022,E
United Republic of Tanzania,TZA,Africa,1986,1980,0.145,E
United Republic of Tanzania,TZA,Africa,1987,1980,0.585,E
United Republic of Tanzania,TZA,Africa,1988,1980,0.681,E
United Republic of Tanzania,TZA,Africa,1989,1980,-0.082,E
United Republic of Tanzania,TZA,Africa,1990,1990,0.151,E
United Republic of Tanzania,TZA,Africa,1991,1990,0.291,E
United Republic of Tanzania,TZA,Africa,1992,1990,0.298,E
United Republic of Tanzania,TZA,Africa,1993,1990,-0.033,E
United Republic of Tanzania,TZA,Africa,1994,1990,0.358,E
United Republic of Tanzania,TZA,Africa,1995,1990,0.347,E
United Republic of Tanzania,TZA,Africa,1996,1990,0.23,E
United Republic of Tanzania,TZA,Africa,1997,1990,0.614,E
United Republic of Tanzania,TZA,Africa,1998,1990,0.494,E
United Republic of Tanzania,TZA,Africa,1999,1990,-0.222,E
United Republic of Tanzania,TZA,Africa,2000,2000,0.572,E
United Republic of Tanzania,TZA,Africa,2001,2000,0.442,E
United Republic of Tanzania,TZA,Africa,2002,2000,0.664,E
United Republic of Tanzania,TZA,Africa,2003,2000,1.015,E
United Republic of Tanzania,TZA,Africa,2004,2000,0.867,E
United Republic of Tanzania,TZA,Africa,2005,2000,1.117,E
United Republic of Tanzania,TZA,Africa,2006,2000,0.957,E
United Republic of Tanzania,TZA,Africa,2007,2000,0.856,E
United Republic of Tanzania,TZA,Africa,2008,2000,0.54,E
United Republic of Tanzania,TZA,Africa,2009,2000,0.99,E
United Republic of Tanzania,TZA,Africa,2010,2010,1.125,E
United Republic of Tanzania,TZA,Africa,2011,2010,0.82,E
United Republic of Tanzania,TZA,Africa,2012,2010,0.903,E
United Republic of Tanzania,TZA,Africa,2013,2010,0.938,E
United Republic of Tanzania,TZA,Africa,2014,2010,0.938,E
United Republic of Tanzania,TZA,Africa,2015,2010,1.185,E
United Republic of Tanzania,TZA,Africa,2016,2010,1.022,E
United Republic of Tanzania,TZA,Africa,2017,2010,1.461,E
United Republic of Tanzania,TZA,Africa,2018,2010,1.062,E
United Republic of Tanzania,TZA,Africa,2019,2010,1.395,E
United Republic of Tanzania,TZA,Africa,2020,2020,1.078,E
United Republic of Tanzania,TZA,Africa,2021,2020,1.153,E
United Republic of Tanzania,TZA,Africa,2022,2020,1.0,E
United Republic of Tanzania,TZA,Africa,2023,2020,1.374,E
United Republic of Tanzania,TZA,Africa,2024,2020,1.376,E
United Republic of Tanzania,TZA,Africa,2025,2020,1.06,E
United States Virgin Islands,VIR,North America,1961,1960,0.008,E
United States Virgin Islands,VIR,North America,1962,1960,-0.102,E
United States Virgin Islands,VIR,North America,1963,1960,0.168,E
United States Virgin Islands,VIR,North America,1964,1960,0.13,E
United States Virgin Islands,VIR,North America,1965,1960,-0.339,E
United States Virgin Islands,VIR,North America,1966,1960,-0.086,E
United States Virgin Islands,VIR,North America,1967,1960,-0.397,E
United States Virgin Islands,VIR,North America,1968,1960,-0.247,E
United States Virgin Islands,VIR,North America,1969,1960,0.343,E
United States Virgin Islands,VIR,North America,1970,1970,0.01,E
United States Virgin Islands,VIR,North America,1971,1970,-0.291,E
United States Virgin Islands,VIR,North America,1972,1970,-0.126,E
United States Virgin Islands,VIR,North America,1973,1970,0.135,E
United States Virgin Islands,VIR,North America,1974,1970,-0.359,E
United States Virgin Islands,VIR,North America,1975,1970,-0.251,E
United States Virgin Islands,VIR,North America,1976,1970,-0.396,E
United States Virgin Islands,VIR,North America,1977,1970,0.196,E
United States Virgin Islands,VIR,North America,1978,1970,0.169,E
United States Virgin Islands,VIR,North America,1979,1970,0.014,E
United States Virgin Islands,VIR,North America,1980,1980,0.735,E
United States Virgin Islands,VIR,North America,1981,1980,0.535,E
United States Virgin Islands,VIR,North America,1982,1980,0.169,E
United States Virgin Islands,VIR,North America,1983,1980,0.544,E
United States Virgin Islands,VIR,North America,1984,1980,0.182,E
United States Virgin Islands,VIR,North America,1985,1980,0.015,E
United States Virgin Islands,VIR,North America,1986,1980,0.111,E
United States Virgin Islands,VIR,North America,1987,1980,0.564,E
United States Virgin Islands,VIR,North America,1988,1980,0.525,E
United States Virgin Islands,VIR,North America,1989,1980,0.066,E
United States Virgin Islands,VIR,North America,1990,1990,0.458,E
United States Virgin Islands,VIR,North America,1991,1990,0.455,E
United States Virgin Islands,VIR,North America,1992,1990,0.278,E
United States Virgin Islands,VIR,North America,1993,1990,0.495,E
United States Virgin Islands,VIR,North America,1994,1990,0.582,E
United States Virgin Islands,VIR,North America,1995,1990,0.564,E
United States Virgin Islands,VIR,North America,1996,1990,0.317,E
United States Virgin Islands,VIR,North America,1997,1990,0.464,E
United States Virgin Islands,VIR,North America,1998,1990,1.093,E
United States Virgin Islands,VIR,North America,1999,1990,0.534,E
United States Virgin Islands,VIR,North America,2000,2000,0.175,E
United States Virgin Islands,VIR,North America,2001,2000,0.609,E
United States Virgin Islands,VIR,North America,2002,2000,0.781,E
United States Virgin Islands,VIR,North America,2003,2000,0.862,E
United States Virgin Islands,VIR,North America,2004,2000,0.522,E
United States Virgin Islands,VIR,North America,2005,2000,0.785,E
United States Virgin Islands,VIR,North America,2006,2000,0.654,E
United States Virgin Islands,VIR,North America,2007,2000,0.872,E
United States Virgin Islands,VIR,North America,2008,2000,0.37,E
United States Virgin Islands,VIR,North America,2009,2000,0.504,E
United States Virgin Islands,VIR,North America,2010,2010,0.943,E
United States Virgin Islands,VIR,North America,2011,2010,0.289,E
United States Virgin Islands,VIR,North America,2012,2010,0.493,E
United States Virgin Islands,VIR,North America,2013,2010,0.631,E
United States Virgin Islands,VIR,North America,2014,2010,0.72,E
United States Virgin Islands,VIR,North America,2015,2010,0.954,E
United States Virgin Islands,VIR,North America,2016,2010,0.987,E
United States Virgin Islands,VIR,North America,2017,2010,0.833,E
United States Virgin Islands,VIR,North America,2018,2010,0.575,E
United States Virgin Islands,VIR,North America,2019,2010,0.77,E
United States Virgin Islands,VIR,North America,2020,2020,1.204,E
United States Virgin Islands,VIR,North America,2021,2020,0.778,E
United States Virgin Islands,VIR,North America,2022,2020,0.856,E
United States Virgin Islands,VIR,North America,2023,2020,1.246,E
United States Virgin Islands,VIR,North America,2024,2020,1.543,E
United States Virgin Islands,VIR,North America,2025,2020,1.11,E
United States of America,USA,North America,1961,1960,0.004,E
United States of America,USA,North America,1962,1960,-0.03,E
United States of America,USA,North America,1963,1960,0.423,E
United States of America,USA,North America,1964,1960,-0.285,E
United States of America,USA,North America,1965,1960,-0.363,E
United States of America,USA,North America,1966,1960,-0.216,E
United States of America,USA,North America,1967,1960,0.074,E
United States of America,USA,North America,1968,1960,-0.082,E
United States of America,USA,North America,1969,1960,-0.268,E
United States of America,USA,North America,1970,1970,-0.021,E
United States of America,USA,North America,1971,1970,-0.414,E
United States of America,USA,North America,1972,1970,-0.261,E
United States of America,USA,North America,1973,1970,-0.029,E
United States of America,USA,North America,1974,1970,0.089,E
United States of America,USA,North America,1975,1970,-0.372,E
United States of America,USA,North America,1976,1970,-0.12,E
United States of America,USA,North America,1977,1970,0.396,E
United States of America,USA,North America,1978,1970,0.038,E
United States of America,USA,North America,1979,1970,-0.313,E
United States of America,USA,North America,1980,1980,0.422,E
United States of America,USA,North America,1981,1980,0.877,E
United States of America,USA,North America,1982,1980,-0.337,E
United States of America,USA,North America,1983,1980,0.542,E
United States of America,USA,North America,1984,1980,-0.235,E
United States of America,USA,North America,1985,1980,-0.025,E
United States of America,USA,North America,1986,1980,0.585,E
United States of America,USA,North America,1987,1980,0.917,E
United States of America,USA,North America,1988,1980,0.482,E
United States of America,USA,North America,1989,1980,0.315,E
United States of America,USA,North America,1990,1990,0.675,E
United States of America,USA,North America,1991,1990,0.531,E
United States of America,USA,North America,1992,1990,0.398,E
United States of America,USA,North America,1993,1990,0.01,E
United States of America,USA,North America,1994,1990,0.47,E
United States of America,USA,North America,1995,1990,0.641,E
United States of America,USA,North America,1996,1990,-0.005,E
United States of America,USA,North America,1997,1990,0.389,E
United States of America,USA,North America,1998,1990,1.276,E
United States of America,USA,North America,1999,1990,0.758,E
United States of America,USA,North America,2000,2000,1.004,E
United States of America,USA,North America,2001,2000,0.789,E
United States of America,USA,North America,2002,2000,0.955,E
United States of America,USA,North America,2003,2000,0.99,E
United States of America,USA,North America,2004,2000,0.863,E
United States of America,USA,North America,2005,2000,1.155,E
United States of America,USA,North America,2006,2000,1.03,E
United States of America,USA,North America,2007,2000,1.15,E
United States of America,USA,North America,2008,2000,0.215,E
United States of America,USA,North America,2009,2000,0.405,E
United States of America,USA,North America,2010,2010,0.707,E
United States of America,USA,North America,2011,2010,0.541,E
United States of America,USA,North America,2012,2010,1.46,E
United States of America,USA,North America,2013,2010,0.618,E
United States of America,USA,North America,2014,2010,0.514,E
United States of America,USA,North America,2015,2010,1.535,E
United States of America,USA,North America,2016,2010,2.206,E
United States of America,USA,North America,2017,2010,1.415,E
United States of America,USA,North America,2018,2010,1.254,E
United States of America,USA,North America,2019,2010,1.009,E
United States of America,USA,North America,2020,2020,1.307,E
United States of America,USA,North America,2021,2020,1.149,E
United States of America,USA,North America,2022,2020,1.199,E
United States of America,USA,North America,2023,2020,1.194,E
United States of America,USA,North America,2024,2020,1.947,E
United States of America,USA,North America,2025,2020,1.758,E
Uruguay,URY,South America,1961,1960,0.393,E
Uruguay,URY,South America,1962,1960,-0.467,E
Uruguay,URY,South America,1963,1960,0.329,E
Uruguay,URY,South America,1964,1960,-0.765,E
Uruguay,URY,South America,1965,1960,0.174,E
Uruguay,URY,South America,1966,1960,-0.427,E
Uruguay,URY,South America,1967,1960,0.031,E
Uruguay,URY,South America,1968,1960,0.422,E
Uruguay,URY,South America,1969,1960,0.179,E
Uruguay,URY,South America,1970,1970,0.414,E
Uruguay,URY,South America,1971,1970,-0.306,E
Uruguay,URY,South America,1972,1970,0.258,E
Uruguay,URY,South America,1973,1970,-0.109,E
Uruguay,URY,South America,1974,1970,-0.04,E
Uruguay,URY,South America,1975,1970,0.039,E
Uruguay,URY,South America,1976,1970,-0.324,E
Uruguay,URY,South America,1977,1970,0.487,E
Uruguay,URY,South America,1978,1970,0.087,E
Uruguay,URY,South America,1979,1970,0.121,E
Uruguay,URY,South America,1980,1980,0.551,E
Uruguay,URY,South America,1981,1980,0.499,E
Uruguay,URY,South America,1982,1980,0.573,E
Uruguay,URY,South America,1983,1980,-0.036,E
Uruguay,URY,South America,1984,1980,0.129,E
Uruguay,URY,South America,1985,1980,0.447,E
Uruguay,URY,South America,1986,1980,0.767,E
Uruguay,URY,South America,1987,1980,0.341,E
Uruguay,URY,South America,1988,1980,-0.5,E
Uruguay,URY,South America,1989,1980,0.731,E
Uruguay,URY,South America,1990,1990,0.587,E
Uruguay,URY,South America,1991,1990,0.351,E
Uruguay,URY,South America,1992,1990,0.19,E
Uruguay,URY,South America,1993,1990,0.319,E
Uruguay,URY,South America,1994,1990,0.485,E
Uruguay,URY,South America,1995,1990,0.316,E
Uruguay,URY,South America,1996,1990,0.513,E
Uruguay,URY,South America,1997,1990,1.169,E
Uruguay,URY,South America,1998,1990,0.18,E
Uruguay,URY,South America,1999,1990,0.138,E
Uruguay,URY,South America,2000,2000,0.403,E
Uruguay,URY,South America,2001,2000,1.301,E
Uruguay,URY,South America,2002,2000,0.681,E
Uruguay,URY,South America,2003,2000,0.373,E
Uruguay,URY,South America,2004,2000,0.536,E
Uruguay,URY,South America,2005,2000,0.877,E
Uruguay,URY,South America,2006,2000,0.645,E
Uruguay,URY,South America,2007,2000,0.231,E
Uruguay,URY,South America,2008,2000,0.785,E
Uruguay,URY,South America,2009,2000,0.577,E
Uruguay,URY,South America,2010,2010,0.333,E
Uruguay,URY,South America,2011,2010,0.526,E
Uruguay,URY,South America,2012,2010,0.938,E
Uruguay,URY,South America,2013,2010,0.252,E
Uruguay,URY,South America,2014,2010,1.255,E
Uruguay,URY,South America,2015,2010,1.16,E
Uruguay,URY,South America,2016,2010,0.411,E
Uruguay,URY,South America,2017,2010,1.664,E
Uruguay,URY,South America,2018,2010,1.344,E
Uruguay,URY,South America,2019,2010,0.982,E
Uruguay,URY,South America,2020,2020,1.004,E
Uruguay,URY,South America,2021,2020,0.962,E
Uruguay,URY,South America,2022,2020,0.577,E
Uruguay,URY,South America,2023,2020,1.7,E
Uruguay,URY,South America,2024,2020,1.084,E
Uruguay,URY,South America,2025,2020,0.622,E
Uzbekistan,UZB,Asia,1992,1990,0.154,E
Uzbekistan,UZB,Asia,1993,1990,-0.179,E
Uzbekistan,UZB,Asia,1994,1990,-0.003,E
Uzbekistan,UZB,Asia,1995,1990,1.419,E
Uzbekistan,UZB,Asia,1996,1990,-0.42,E
Uzbekistan,UZB,Asia,1997,1990,1.57,E
Uzbekistan,UZB,Asia,1998,1990,0.512,E
Uzbekistan,UZB,Asia,1999,1990,1.323,E
Uzbekistan,UZB,Asia,2000,2000,1.408,E
Uzbekistan,UZB,Asia,2001,2000,1.578,E
Uzbekistan,UZB,Asia,2002,2000,1.853,E
Uzbekistan,UZB,Asia,2003,2000,0.164,E
Uzbekistan,UZB,Asia,2004,2000,1.948,E
Uzbekistan,UZB,Asia,2005,2000,1.389,E
Uzbekistan,UZB,Asia,2006,2000,1.6,E
Uzbekistan,UZB,Asia,2007,2000,1.397,E
Uzbekistan,UZB,Asia,2008,2000,0.722,E
Uzbekistan,UZB,Asia,2009,2000,1.086,E
Uzbekistan,UZB,Asia,2010,2010,1.809,E
Uzbekistan,UZB,Asia,2011,2010,1.072,E
Uzbekistan,UZB,Asia,2012,2010,0.7,E
Uzbekistan,UZB,Asia,2013,2010,1.552,E
Uzbekistan,UZB,Asia,2014,2010,0.193,E
Uzbekistan,UZB,Asia,2015,2010,1.423,E
Uzbekistan,UZB,Asia,2016,2010,2.306,E
Uzbekistan,UZB,Asia,2017,2010,1.807,E
Uzbekistan,UZB,Asia,2018,2010,1.063,E
Uzbekistan,UZB,Asia,2019,2010,1.941,E
Uzbekistan,UZB,Asia,2020,2020,1.719,E
Uzbekistan,UZB,Asia,2021,2020,1.548,E
Uzbekistan,UZB,Asia,2022,2020,2.627,E
Uzbekistan,UZB,Asia,2023,2020,2.433,E
Uzbekistan,UZB,Asia,2024,2020,2.138,E
Uzbekistan,UZB,Asia,2025,2020,2.761,E
Vanuatu,VUT,Oceania,1961,1960,0.208,E
Vanuatu,VUT,Oceania,1962,1960,0.133,E
Vanuatu,VUT,Oceania,1963,1960,-0.124,E
Vanuatu,VUT,Oceania,1964,1960,0.26,E
Vanuatu,VUT,Oceania,1965,1960,-0.527,E
Vanuatu,VUT,Oceania,1966,1960,-0.223,E
Vanuatu,VUT,Oceania,1967,1960,-0.161,E
Vanuatu,VUT,Oceania,1968,1960,-0.31,E
Vanuatu,VUT,Oceania,1969,1960,0.093,E
Vanuatu,VUT,Oceania,1970,1970,0.319,E
Vanuatu,VUT,Oceania,1971,1970,0.036,E
Vanuatu,VUT,Oceania,1972,1970,-0.3,E
Vanuatu,VUT,Oceania,1973,1970,0.627,E
Vanuatu,VUT,Oceania,1974,1970,0.227,E
Vanuatu,VUT,Oceania,1975,1970,0.079,E
Vanuatu,VUT,Oceania,1976,1970,-0.008,E
Vanuatu,VUT,Oceania,1977,1970,-0.057,E
Vanuatu,VUT,Oceania,1978,1970,0.067,E
Vanuatu,VUT,Oceania,1979,1970,-0.015,E
Vanuatu,VUT,Oceania,1980,1980,-0.038,E
Vanuatu,VUT,Oceania,1981,1980,-0.026,E
Vanuatu,VUT,Oceania,1982,1980,-0.102,E
Vanuatu,VUT,Oceania,1983,1980,0.12,E
Vanuatu,VUT,Oceania,1984,1980,-0.113,E
Vanuatu,VUT,Oceania,1985,1980,0.328,E
Vanuatu,VUT,Oceania,1986,1980,-0.187,E
Vanuatu,VUT,Oceania,1987,1980,-0.257,E
Vanuatu,VUT,Oceania,1988,1980,0.599,E
Vanuatu,VUT,Oceania,1989,1980,0.034,E
Vanuatu,VUT,Oceania,1990,1990,0.257,E
Vanuatu,VUT,Oceania,1991,1990,-0.082,E
Vanuatu,VUT,Oceania,1992,1990,-0.104,E
Vanuatu,VUT,Oceania,1993,1990,-0.424,E
Vanuatu,VUT,Oceania,1994,1990,-0.141,E
Vanuatu,VUT,Oceania,1995,1990,0.276,E
Vanuatu,VUT,Oceania,1996,1990,0.379,E
Vanuatu,VUT,Oceania,1997,1990,0.102,E
Vanuatu,VUT,Oceania,1998,1990,0.776,E
Vanuatu,VUT,Oceania,1999,1990,0.925,E
Vanuatu,VUT,Oceania,2000,2000,0.656,E
Vanuatu,VUT,Oceania,2001,2000,0.563,E
Vanuatu,VUT,Oceania,2002,2000,0.596,E
Vanuatu,VUT,Oceania,2003,2000,0.313,E
Vanuatu,VUT,Oceania,2004,2000,0.448,E
Vanuatu,VUT,Oceania,2005,2000,0.552,E
Vanuatu,VUT,Oceania,2006,2000,0.399,E
Vanuatu,VUT,Oceania,2007,2000,0.716,E
Vanuatu,VUT,Oceania,2008,2000,0.682,E
Vanuatu,VUT,Oceania,2009,2000,0.405,E
Vanuatu,VUT,Oceania,2010,2010,0.863,E
Vanuatu,VUT,Oceania,2011,2010,0.657,E
Vanuatu,VUT,Oceania,2012,2010,0.365,E
Vanuatu,VUT,Oceania,2013,2010,0.706,E
Vanuatu,VUT,Oceania,2014,2010,0.647,E
Vanuatu,VUT,Oceania,2015,2010,0.631,E
Vanuatu,VUT,Oceania,2016,2010,1.234,E
Vanuatu,VUT,Oceania,2017,2010,1.133,E
Vanuatu,VUT,Oceania,2018,2010,0.452,E
Vanuatu,VUT,Oceania,2019,2010,0.77,E
Vanuatu,VUT,Oceania,2020,2020,1.054,E
Vanuatu,VUT,Oceania,2021,2020,0.928,E
Vanuatu,VUT,Oceania,2022,2020,1.248,E
Vanuatu,VUT,Oceania,2023,2020,0.807,E
Vanuatu,VUT,Oceania,2024,2020,1.127,E
Vanuatu,VUT,Oceania,2025,2020,1.024,E
Venezuela (Bolivarian Republic of),VEN,South America,1961,1960,0.038,E
Venezuela (Bolivarian Republic of),VEN,South America,1962,1960,-0.12,E
Venezuela (Bolivarian Republic of),VEN,South America,1963,1960,-0.06,E
Venezuela (Bolivarian Republic of),VEN,South America,1964,1960,0.031,E
Venezuela (Bolivarian Republic of),VEN,South America,1965,1960,-0.173,E
Venezuela (Bolivarian Republic of),VEN,South America,1966,1960,0.181,E
Venezuela (Bolivarian Republic of),VEN,South America,1967,1960,-0.288,E
Venezuela (Bolivarian Republic of),VEN,South America,1968,1960,-0.201,E
Venezuela (Bolivarian Republic of),VEN,South America,1969,1960,0.462,E
Venezuela (Bolivarian Republic of),VEN,South America,1970,1970,0.232,E
Venezuela (Bolivarian Republic of),VEN,South America,1971,1970,-0.382,E
Venezuela (Bolivarian Republic of),VEN,South America,1972,1970,-0.08,E
Venezuela (Bolivarian Republic of),VEN,South America,1973,1970,0.364,E
Venezuela (Bolivarian Republic of),VEN,South America,1974,1970,-0.326,E
Venezuela (Bolivarian Republic of),VEN,South America,1975,1970,-0.209,E
Venezuela (Bolivarian Republic of),VEN,South America,1976,1970,-0.33,E
Venezuela (Bolivarian Republic of),VEN,South America,1977,1970,0.316,E
Venezuela (Bolivarian Republic of),VEN,South America,1978,1970,0.312,E
Venezuela (Bolivarian Republic of),VEN,South America,1979,1970,0.379,E
Venezuela (Bolivarian Republic of),VEN,South America,1980,1980,0.538,E
Venezuela (Bolivarian Republic of),VEN,South America,1981,1980,0.342,E
Venezuela (Bolivarian Republic of),VEN,South America,1982,1980,0.31,E
Venezuela (Bolivarian Republic of),VEN,South America,1983,1980,0.72,E
Venezuela (Bolivarian Republic of),VEN,South America,1984,1980,0.127,E
Venezuela (Bolivarian Republic of),VEN,South America,1985,1980,-0.156,E
Venezuela (Bolivarian Republic of),VEN,South America,1986,1980,0.022,E
Venezuela (Bolivarian Republic of),VEN,South America,1987,1980,0.625,E
Venezuela (Bolivarian Republic of),VEN,South America,1988,1980,0.428,E
Venezuela (Bolivarian Republic of),VEN,South America,1989,1980,-0.002,E
Venezuela (Bolivarian Republic of),VEN,South America,1990,1990,0.481,E
Venezuela (Bolivarian Republic of),VEN,South America,1991,1990,0.619,E
Venezuela (Bolivarian Republic of),VEN,South America,1992,1990,0.653,E
Venezuela (Bolivarian Republic of),VEN,South America,1993,1990,0.663,E
Venezuela (Bolivarian Republic of),VEN,South America,1994,1990,0.512,E
Venezuela (Bolivarian Republic of),VEN,South America,1995,1990,0.948,E
Venezuela (Bolivarian Republic of),VEN,South America,1996,1990,0.765,E
Venezuela (Bolivarian Republic of),VEN,South America,1997,1990,0.874,E
Venezuela (Bolivarian Republic of),VEN,South America,1998,1990,1.311,E
Venezuela (Bolivarian Republic of),VEN,South America,1999,1990,0.54,E
Venezuela (Bolivarian Republic of),VEN,South America,2000,2000,0.46,E
Venezuela (Bolivarian Republic of),VEN,South America,2001,2000,0.778,E
Venezuela (Bolivarian Republic of),VEN,South America,2002,2000,1.09,E
Venezuela (Bolivarian Republic of),VEN,South America,2003,2000,1.076,E
Venezuela (Bolivarian Republic of),VEN,South America,2004,2000,0.948,E
Venezuela (Bolivarian Republic of),VEN,South America,2005,2000,1.198,E
Venezuela (Bolivarian Republic of),VEN,South America,2006,2000,0.968,E
Venezuela (Bolivarian Republic of),VEN,South America,2007,2000,1.029,E
Venezuela (Bolivarian Republic of),VEN,South America,2008,2000,0.855,E
Venezuela (Bolivarian Republic of),VEN,South America,2009,2000,1.131,E
Venezuela (Bolivarian Republic of),VEN,South America,2010,2010,1.439,E
Venezuela (Bolivarian Republic of),VEN,South America,2011,2010,0.937,E
Venezuela (Bolivarian Republic of),VEN,South America,2012,2010,0.926,E
Venezuela (Bolivarian Republic of),VEN,South America,2013,2010,1.265,E
Venezuela (Bolivarian Republic of),VEN,South America,2014,2010,1.215,E
Venezuela (Bolivarian Republic of),VEN,South America,2015,2010,1.562,E
Venezuela (Bolivarian Republic of),VEN,South America,2016,2010,1.572,E
Venezuela (Bolivarian Republic of),VEN,South America,2017,2010,1.224,E
Venezuela (Bolivarian Republic of),VEN,South America,2018,2010,1.144,E
Venezuela (Bolivarian Republic of),VEN,South America,2019,2010,1.54,E
Venezuela (Bolivarian Republic of),VEN,South America,2020,2020,1.676,E
Venezuela (Bolivarian Republic of),VEN,South America,2021,2020,1.078,E
Venezuela (Bolivarian Republic of),VEN,South America,2022,2020,1.057,E
Venezuela (Bolivarian Republic of),VEN,South America,2023,2020,1.752,E
Venezuela (Bolivarian Republic of),VEN,South America,2024,2020,2.25,E
Venezuela (Bolivarian Republic of),VEN,South America,2025,2020,1.292,E
Viet Nam,VNM,Asia,1961,1960,0.041,E
Viet Nam,VNM,Asia,1962,1960,-0.215,E
Viet Nam,VNM,Asia,1963,1960,-0.292,E
Viet Nam,VNM,Asia,1964,1960,0.095,E
Viet Nam,VNM,Asia,1965,1960,-0.047,E
Viet Nam,VNM,Asia,1966,1960,0.5,E
Viet Nam,VNM,Asia,1967,1960,-0.154,E
Viet Nam,VNM,Asia,1968,1960,-0.318,E
Viet Nam,VNM,Asia,1969,1960,0.534,E
Viet Nam,VNM,Asia,1970,1970,-0.066,E
Viet Nam,VNM,Asia,1971,1970,-0.5,E
Viet Nam,VNM,Asia,1972,1970,0.001,E
Viet Nam,VNM,Asia,1973,1970,0.455,E
Viet Nam,VNM,Asia,1974,1970,-0.382,E
Viet Nam,VNM,Asia,1975,1970,0.172,E
Viet Nam,VNM,Asia,1976,1970,-0.555,E
Viet Nam,VNM,Asia,1977,1970,-0.069,E
Viet Nam,VNM,Asia,1978,1970,0.091,E
Viet Nam,VNM,Asia,1979,1970,0.352,E
Viet Nam,VNM,Asia,1980,1980,0.308,E
Viet Nam,VNM,Asia,1981,1980,0.444,E
Viet Nam,VNM,Asia,1982,1980,0.127,E
Viet Nam,VNM,Asia,1983,1980,-0.013,E
Viet Nam,VNM,Asia,1984,1980,-0.205,E
Viet Nam,VNM,Asia,1985,1980,-0.095,E
Viet Nam,VNM,Asia,1986,1980,0.009,E
Viet Nam,VNM,Asia,1987,1980,0.995,E
Viet Nam,VNM,Asia,1988,1980,0.103,E
Viet Nam,VNM,Asia,1989,1980,-0.053,E
Viet Nam,VNM,Asia,1990,1990,0.316,E
Viet Nam,VNM,Asia,1991,1990,0.525,E
Viet Nam,VNM,Asia,1992,1990,-0.002,E
Viet Nam,VNM,Asia,1993,1990,0.256,E
Viet Nam,VNM,Asia,1994,1990,0.299,E
Viet Nam,VNM,Asia,1995,1990,0.386,E
Viet Nam,VNM,Asia,1996,1990,0.009,E
Viet Nam,VNM,Asia,1997,1990,0.277,E
Viet Nam,VNM,Asia,1998,1990,1.28,E
Viet Nam,VNM,Asia,1999,1990,0.718,E
Viet Nam,VNM,Asia,2000,2000,0.112,E
Viet Nam,VNM,Asia,2001,2000,0.655,E
Viet Nam,VNM,Asia,2002,2000,0.704,E
Viet Nam,VNM,Asia,2003,2000,1.022,E
Viet Nam,VNM,Asia,2004,2000,0.386,E
Viet Nam,VNM,Asia,2005,2000,0.839,E
Viet Nam,VNM,Asia,2006,2000,0.862,E
Viet Nam,VNM,Asia,2007,2000,0.501,E
Viet Nam,VNM,Asia,2008,2000,0.201,E
Viet Nam,VNM,Asia,2009,2000,0.689,E
Viet Nam,VNM,Asia,2010,2010,1.101,E
Viet Nam,VNM,Asia,2011,2010,0.124,E
Viet Nam,VNM,Asia,2012,2010,0.759,E
Viet Nam,VNM,Asia,2013,2010,0.911,E
Viet Nam,VNM,Asia,2014,2010,0.577,E
Viet Nam,VNM,Asia,2015,2010,1.234,E
Viet Nam,VNM,Asia,2016,2010,1.202,E
Viet Nam,VNM,Asia,2017,2010,1.156,E
Viet Nam,VNM,Asia,2018,2010,0.849,E
Viet Nam,VNM,Asia,2019,2010,1.819,E
Viet Nam,VNM,Asia,2020,2020,1.498,E
Viet Nam,VNM,Asia,2021,2020,1.12,E
Viet Nam,VNM,Asia,2022,2020,1.036,E
Viet Nam,VNM,Asia,2023,2020,1.443,E
Viet Nam,VNM,Asia,2024,2020,1.914,E
Viet Nam,VNM,Asia,2025,2020,0.817,E
Wallis and Futuna Islands,WLF,Oceania,1961,1960,0.357,E
Wallis and Futuna Islands,WLF,Oceania,1962,1960,-0.018,E
Wallis and Futuna Islands,WLF,Oceania,1963,1960,0.158,E
Wallis and Futuna Islands,WLF,Oceania,1964,1960,0.205,E
Wallis and Futuna Islands,WLF,Oceania,1965,1960,-0.394,E
Wallis and Futuna Islands,WLF,Oceania,1966,1960,0.065,E
Wallis and Futuna Islands,WLF,Oceania,1967,1960,-0.238,E
Wallis and Futuna Islands,WLF,Oceania,1968,1960,-0.076,E
Wallis and Futuna Islands,WLF,Oceania,1969,1960,-0.177,E
Wallis and Futuna Islands,WLF,Oceania,1970,1970,0.082,E
Wallis and Futuna Islands,WLF,Oceania,1971,1970,-0.026,E
Wallis and Futuna Islands,WLF,Oceania,1972,1970,-0.101,E
Wallis and Futuna Islands,WLF,Oceania,1973,1970,0.381,E
Wallis and Futuna Islands,WLF,Oceania,1974,1970,0.144,E
Wallis and Futuna Islands,WLF,Oceania,1975,1970,-0.005,E
Wallis and Futuna Islands,WLF,Oceania,1976,1970,-0.101,E
Wallis and Futuna Islands,WLF,Oceania,1977,1970,-0.123,E
Wallis and Futuna Islands,WLF,Oceania,1978,1970,-0.009,E
Wallis and Futuna Islands,WLF,Oceania,1979,1970,0.173,E
Wallis and Futuna Islands,WLF,Oceania,1980,1980,0.213,E
Wallis and Futuna Islands,WLF,Oceania,1981,1980,0.158,E
Wallis and Futuna Islands,WLF,Oceania,1982,1980,0.128,E
Wallis and Futuna Islands,WLF,Oceania,1983,1980,0.094,E
Wallis and Futuna Islands,WLF,Oceania,1984,1980,0.042,E
Wallis and Futuna Islands,WLF,Oceania,1985,1980,0.133,E
Wallis and Futuna Islands,WLF,Oceania,1986,1980,-0.03,E
Wallis and Futuna Islands,WLF,Oceania,1987,1980,0.082,E
Wallis and Futuna Islands,WLF,Oceania,1988,1980,0.449,E
Wallis and Futuna Islands,WLF,Oceania,1989,1980,0.229,E
Wallis and Futuna Islands,WLF,Oceania,1990,1990,0.32,E
Wallis and Futuna Islands,WLF,Oceania,1991,1990,0.184,E
Wallis and Futuna Islands,WLF,Oceania,1992,1990,0.014,E
Wallis and Futuna Islands,WLF,Oceania,1993,1990,-0.12,E
Wallis and Futuna Islands,WLF,Oceania,1994,1990,0.023,E
Wallis and Futuna Islands,WLF,Oceania,1995,1990,0.48,E
Wallis and Futuna Islands,WLF,Oceania,1996,1990,0.377,E
Wallis and Futuna Islands,WLF,Oceania,1997,1990,0.185,E
Wallis and Futuna Islands,WLF,Oceania,1998,1990,0.463,E
Wallis and Futuna Islands,WLF,Oceania,1999,1990,0.305,E
Wallis and Futuna Islands,WLF,Oceania,2000,2000,0.469,E
Wallis and Futuna Islands,WLF,Oceania,2001,2000,0.727,E
Wallis and Futuna Islands,WLF,Oceania,2002,2000,0.735,E
Wallis and Futuna Islands,WLF,Oceania,2003,2000,0.395,E
Wallis and Futuna Islands,WLF,Oceania,2004,2000,0.525,E
Wallis and Futuna Islands,WLF,Oceania,2005,2000,0.678,E
Wallis and Futuna Islands,WLF,Oceania,2006,2000,0.541,E
Wallis and Futuna Islands,WLF,Oceania,2007,2000,0.866,E
Wallis and Futuna Islands,WLF,Oceania,2008,2000,0.395,E
Wallis and Futuna Islands,WLF,Oceania,2009,2000,0.431,E
Wallis and Futuna Islands,WLF,Oceania,2010,2010,0.939,E
Wallis and Futuna Islands,WLF,Oceania,2011,2010,0.721,E
Wallis and Futuna Islands,WLF,Oceania,2012,2010,0.707,E
Wallis and Futuna Islands,WLF,Oceania,2013,2010,0.886,E
Wallis and Futuna Islands,WLF,Oceania,2014,2010,0.7,E
Wallis and Futuna Islands,WLF,Oceania,2015,2010,0.747,E
Wallis and Futuna Islands,WLF,Oceania,2016,2010,1.269,E
Wallis and Futuna Islands,WLF,Oceania,2017,2010,1.044,E
Wallis and Futuna Islands,WLF,Oceania,2018,2010,0.934,E
Wallis and Futuna Islands,WLF,Oceania,2019,2010,1.425,E
Wallis and Futuna Islands,WLF,Oceania,2020,2020,1.28,E
Wallis and Futuna Islands,WLF,Oceania,2021,2020,1.059,E
Wallis and Futuna Islands,WLF,Oceania,2022,2020,0.837,E
Wallis and Futuna Islands,WLF,Oceania,2023,2020,1.042,E
Wallis and Futuna Islands,WLF,Oceania,2024,2020,1.444,E
Wallis and Futuna Islands,WLF,Oceania,2025,2020,1.233,E
Western Sahara,ESH,Africa,1961,1960,0.665,E
Western Sahara,ESH,Africa,1962,1960,0.583,E
Western Sahara,ESH,Africa,1963,1960,0.302,E
Western Sahara,ESH,Africa,1964,1960,0.789,E
Western Sahara,ESH,Africa,1965,1960,-0.364,E
Western Sahara,ESH,Africa,1966,1960,0.245,E
Western Sahara,ESH,Africa,1967,1960,-0.015,E
Western Sahara,ESH,Africa,1968,1960,-0.383,E
Western Sahara,ESH,Africa,1969,1960,0.291,E
Western Sahara,ESH,Africa,1970,1970,0.458,E
Western Sahara,ESH,Africa,1971,1970,-0.692,E
Western Sahara,ESH,Africa,1972,1970,-1.168,E
Western Sahara,ESH,Africa,1973,1970,-0.072,E
Western Sahara,ESH,Africa,1974,1970,-0.663,E
Western Sahara,ESH,Africa,1975,1970,-0.332,E
Western Sahara,ESH,Africa,1976,1970,-1.029,E
Western Sahara,ESH,Africa,1977,1970,0.056,E
Western Sahara,ESH,Africa,1978,1970,0.351,E
Western Sahara,ESH,Africa,1979,1970,0.533,E
Western Sahara,ESH,Africa,1980,1980,0.424,E
Western Sahara,ESH,Africa,1981,1980,0.561,E
Western Sahara,ESH,Africa,1982,1980,0.334,E
Western Sahara,ESH,Africa,1983,1980,0.773,E
Western Sahara,ESH,Africa,1984,1980,0.358,E
Western Sahara,ESH,Africa,1985,1980,0.698,E
Western Sahara,ESH,Africa,1986,1980,0.257,E
Western Sahara,ESH,Africa,1987,1980,1.017,E
Western Sahara,ESH,Africa,1988,1980,0.434,E
Western Sahara,ESH,Africa,1989,1980,0.618,E
Western Sahara,ESH,Africa,1990,1990,1.312,E
Western Sahara,ESH,Africa,1991,1990,0.534,E
Western Sahara,ESH,Africa,1992,1990,0.464,E
Western Sahara,ESH,Africa,1993,1990,0.378,E
Western Sahara,ESH,Africa,1994,1990,0.844,E
Western Sahara,ESH,Africa,1995,1990,1.31,E
Western Sahara,ESH,Africa,1996,1990,1.302,E
Western Sahara,ESH,Africa,1997,1990,1.485,E
Western Sahara,ESH,Africa,1998,1990,1.403,E
Western Sahara,ESH,Africa,1999,1990,1.002,E
Western Sahara,ESH,Africa,2000,2000,0.944,E
Western Sahara,ESH,Africa,2001,2000,1.395,E
Western Sahara,ESH,Africa,2002,2000,1.335,E
Western Sahara,ESH,Africa,2003,2000,1.446,E
Western Sahara,ESH,Africa,2004,2000,1.528,E
Western Sahara,ESH,Africa,2005,2000,1.229,E
Western Sahara,ESH,Africa,2006,2000,1.424,E
Western Sahara,ESH,Africa,2007,2000,0.936,E
Western Sahara,ESH,Africa,2008,2000,1.387,E
Western Sahara,ESH,Africa,2009,2000,0.993,E
Western Sahara,ESH,Africa,2010,2010,2.013,E
Western Sahara,ESH,Africa,2011,2010,1.669,E
Western Sahara,ESH,Africa,2012,2010,1.386,E
Western Sahara,ESH,Africa,2013,2010,1.451,E
Western Sahara,ESH,Africa,2014,2010,1.422,E
Western Sahara,ESH,Africa,2015,2010,1.519,E
Western Sahara,ESH,Africa,2016,2010,1.622,E
Western Sahara,ESH,Africa,2017,2010,2.083,E
Western Sahara,ESH,Africa,2018,2010,0.789,E
Western Sahara,ESH,Africa,2019,2010,1.33,E
Western Sahara,ESH,Africa,2020,2020,1.908,E
Western Sahara,ESH,Africa,2021,2020,1.427,E
Western Sahara,ESH,Africa,2022,2020,1.847,E
Western Sahara,ESH,Africa,2023,2020,2.309,E
Western Sahara,ESH,Africa,2024,2020,2.087,E
Western Sahara,ESH,Africa,2025,2020,1.891,E
Yemen,YEM,Asia,1961,1960,0.057,E
Yemen,YEM,Asia,1962,1960,0.015,E
Yemen,YEM,Asia,1963,1960,0.196,E
Yemen,YEM,Asia,1964,1960,-0.222,E
Yemen,YEM,Asia,1965,1960,-0.596,E
Yemen,YEM,Asia,1966,1960,0.114,E
Yemen,YEM,Asia,1967,1960,-0.232,E
Yemen,YEM,Asia,1968,1960,-0.229,E
Yemen,YEM,Asia,1969,1960,0.283,E
Yemen,YEM,Asia,1970,1970,0.41,E
Yemen,YEM,Asia,1971,1970,-0.149,E
Yemen,YEM,Asia,1972,1970,0.103,E
Yemen,YEM,Asia,1973,1970,0.275,E
Yemen,YEM,Asia,1974,1970,-0.193,E
Yemen,YEM,Asia,1975,1970,-0.061,E
Yemen,YEM,Asia,1976,1970,-0.161,E
Yemen,YEM,Asia,1977,1970,0.286,E
Yemen,YEM,Asia,1978,1970,0.223,E
Yemen,YEM,Asia,1979,1970,0.413,E
Yemen,YEM,Asia,1980,1980,0.641,E
Yemen,YEM,Asia,1981,1980,-0.15,E
Yemen,YEM,Asia,1982,1980,-0.174,E
Yemen,YEM,Asia,1983,1980,-0.033,E
Yemen,YEM,Asia,1984,1980,0.165,E
Yemen,YEM,Asia,1985,1980,0.407,E
Yemen,YEM,Asia,1986,1980,-0.229,E
Yemen,YEM,Asia,1987,1980,-0.075,E
Yemen,YEM,Asia,1988,1980,0.844,E
Yemen,YEM,Asia,1989,1980,0.221,E
Yemen,YEM,Asia,1990,1990,0.283,E
Yemen,YEM,Asia,1991,1990,,O
Yemen,YEM,Asia,1992,1990,,O
Yemen,YEM,Asia,1993,1990,,O
Yemen,YEM,Asia,1994,1990,,O
Yemen,YEM,Asia,1995,1990,,O
Yemen,YEM,Asia,1996,1990,,O
Yemen,YEM,Asia,1997,1990,-0.023,E
Yemen,YEM,Asia,1998,1990,,O
Yemen,YEM,Asia,1999,1990,,O
Yemen,YEM,Asia,2000,2000,,O
Yemen,YEM,Asia,2001,2000,,O
Yemen,YEM,Asia,2002,2000,,O
Yemen,YEM,Asia,2003,2000,,O
Yemen,YEM,Asia,2004,2000,,O
Yemen,YEM,Asia,2005,2000,,O
Yemen,YEM,Asia,2006,2000,,O
Yemen,YEM,Asia,2007,2000,,O
Yemen,YEM,Asia,2008,2000,,O
Yemen,YEM,Asia,2009,2000,,O
Yemen,YEM,Asia,2010,2010,,O
Yemen,YEM,Asia,2011,2010,,O
Yemen,YEM,Asia,2012,2010,,O
Yemen,YEM,Asia,2013,2010,,O
Yemen,YEM,Asia,2014,2010,,O
Yemen,YEM,Asia,2015,2010,,O
Yemen,YEM,Asia,2016,2010,,O
Yemen,YEM,Asia,2017,2010,,O
Yemen,YEM,Asia,2018,2010,,O
Yemen,YEM,Asia,2019,2010,,O
Yemen,YEM,Asia,2020,2020,,O
Yemen,YEM,Asia,2021,2020,,O
Yemen,YEM,Asia,2022,2020,,O
Yemen,YEM,Asia,2023,2020,,O
Yemen,YEM,Asia,2024,2020,,O
Yemen,YEM,Asia,2025,2020,,O
Zambia,ZMB,Africa,1961,1960,0.226,E
Zambia,ZMB,Africa,1962,1960,-0.168,E
Zambia,ZMB,Africa,1963,1960,-0.387,E
Zambia,ZMB,Africa,1964,1960,-0.282,E
Zambia,ZMB,Africa,1965,1960,-0.416,E
Zambia,ZMB,Africa,1966,1960,0.296,E
Zambia,ZMB,Africa,1967,1960,-0.027,E
Zambia,ZMB,Africa,1968,1960,-0.144,E
Zambia,ZMB,Africa,1969,1960,0.214,E
Zambia,ZMB,Africa,1970,1970,0.32,E
Zambia,ZMB,Africa,1971,1970,-0.246,E
Zambia,ZMB,Africa,1972,1970,-0.136,E
Zambia,ZMB,Africa,1973,1970,0.396,E
Zambia,ZMB,Africa,1974,1970,-0.39,E
Zambia,ZMB,Africa,1975,1970,-0.115,E
Zambia,ZMB,Africa,1976,1970,-0.296,E
Zambia,ZMB,Africa,1977,1970,0.536,E
Zambia,ZMB,Africa,1978,1970,0.106,E
Zambia,ZMB,Africa,1979,1970,0.26,E
Zambia,ZMB,Africa,1980,1980,0.14,E
Zambia,ZMB,Africa,1981,1980,-0.148,E
Zambia,ZMB,Africa,1982,1980,0.323,E
Zambia,ZMB,Africa,1983,1980,1.029,E
Zambia,ZMB,Africa,1984,1980,0.567,E
Zambia,ZMB,Africa,1985,1980,0.215,E
Zambia,ZMB,Africa,1986,1980,0.073,E
Zambia,ZMB,Africa,1987,1980,0.976,E
Zambia,ZMB,Africa,1988,1980,0.663,E
Zambia,ZMB,Africa,1989,1980,0.173,E
Zambia,ZMB,Africa,1990,1990,0.814,E
Zambia,ZMB,Africa,1991,1990,0.099,E
Zambia,ZMB,Africa,1992,1990,0.714,E
Zambia,ZMB,Africa,1993,1990,0.014,E
Zambia,ZMB,Africa,1994,1990,0.361,E
Zambia,ZMB,Africa,1995,1990,0.674,E
Zambia,ZMB,Africa,1996,1990,0.652,E
Zambia,ZMB,Africa,1997,1990,0.513,E
Zambia,ZMB,Africa,1998,1990,1.057,E
Zambia,ZMB,Africa,1999,1990,0.259,E
Zambia,ZMB,Africa,2000,2000,0.152,E
Zambia,ZMB,Africa,2001,2000,0.386,E
Zambia,ZMB,Africa,2002,2000,0.788,E
Zambia,ZMB,Africa,2003,2000,0.963,E
Zambia,ZMB,Africa,2004,2000,0.444,E
Zambia,ZMB,Africa,2005,2000,1.174,E
Zambia,ZMB,Africa,2006,2000,0.606,E
Zambia,ZMB,Africa,2007,2000,0.871,E
Zambia,ZMB,Africa,2008,2000,0.31,E
Zambia,ZMB,Africa,2009,2000,0.37,E
Zambia,ZMB,Africa,2010,2010,1.349,E
Zambia,ZMB,Africa,2011,2010,0.899,E
Zambia,ZMB,Africa,2012,2010,0.952,E
Zambia,ZMB,Africa,2013,2010,0.856,E
Zambia,ZMB,Africa,2014,2010,0.628,E
Zambia,ZMB,Africa,2015,2010,1.557,E
Zambia,ZMB,Africa,2016,2010,1.286,E
Zambia,ZMB,Africa,2017,2010,0.381,E
Zambia,ZMB,Africa,2018,2010,0.738,E
Zambia,ZMB,Africa,2019,2010,1.216,E
Zambia,ZMB,Africa,2020,2020,1.106,E
Zambia,ZMB,Africa,2021,2020,1.215,E
Zambia,ZMB,Africa,2022,2020,0.826,E
Zambia,ZMB,Africa,2023,2020,1.291,E
Zambia,ZMB,Africa,2024,2020,1.663,E
Zambia,ZMB,Africa,2025,2020,1.107,E
Zimbabwe,ZWE,Africa,1961,1960,0.237,E
Zimbabwe,ZWE,Africa,1962,1960,0.216,E
Zimbabwe,ZWE,Africa,1963,1960,-0.462,E
Zimbabwe,ZWE,Africa,1964,1960,-0.103,E
Zimbabwe,ZWE,Africa,1965,1960,-0.476,E
Zimbabwe,ZWE,Africa,1966,1960,0.212,E
Zimbabwe,ZWE,Africa,1967,1960,-0.051,E
Zimbabwe,ZWE,Africa,1968,1960,0.097,E
Zimbabwe,ZWE,Africa,1969,1960,0.222,E
Zimbabwe,ZWE,Africa,1970,1970,0.428,E
Zimbabwe,ZWE,Africa,1971,1970,-0.031,E
Zimbabwe,ZWE,Africa,1972,1970,-0.361,E
Zimbabwe,ZWE,Africa,1973,1970,0.635,E
Zimbabwe,ZWE,Africa,1974,1970,-0.47,E
Zimbabwe,ZWE,Africa,1975,1970,-0.248,E
Zimbabwe,ZWE,Africa,1976,1970,-0.417,E
Zimbabwe,ZWE,Africa,1977,1970,0.458,E
Zimbabwe,ZWE,Africa,1978,1970,0.01,E
Zimbabwe,ZWE,Africa,1979,1970,0.216,E
Zimbabwe,ZWE,Africa,1980,1980,-0.012,E
Zimbabwe,ZWE,Africa,1981,1980,-0.372,E
Zimbabwe,ZWE,Africa,1982,1980,0.134,E
Zimbabwe,ZWE,Africa,1983,1980,1.147,E
Zimbabwe,ZWE,Africa,1984,1980,0.463,E
Zimbabwe,ZWE,Africa,1985,1980,0.032,E
Zimbabwe,ZWE,Africa,1986,1980,0.011,E
Zimbabwe,ZWE,Africa,1987,1980,1.031,E
Zimbabwe,ZWE,Africa,1988,1980,0.423,E
Zimbabwe,ZWE,Africa,1989,1980,0.18,E
Zimbabwe,ZWE,Africa,1990,1990,0.586,E
Zimbabwe,ZWE,Africa,1991,1990,0.317,E
Zimbabwe,ZWE,Africa,1992,1990,1.102,E
Zimbabwe,ZWE,Africa,1993,1990,0.435,E
Zimbabwe,ZWE,Africa,1994,1990,0.12,E
Zimbabwe,ZWE,Africa,1995,1990,0.841,E
Zimbabwe,ZWE,Africa,1996,1990,-0.132,E
Zimbabwe,ZWE,Africa,1997,1990,0.229,E
Zimbabwe,ZWE,Africa,1998,1990,1.066,E
Zimbabwe,ZWE,Africa,1999,1990,0.285,E
Zimbabwe,ZWE,Africa,2000,2000,-0.152,E
Zimbabwe,ZWE,Africa,2001,2000,0.221,E
Zimbabwe,ZWE,Africa,2002,2000,0.671,E
Zimbabwe,ZWE,Africa,2003,2000,0.649,E
Zimbabwe,ZWE,Africa,2004,2000,0.195,E
Zimbabwe,ZWE,Africa,2005,2000,1.333,E
Zimbabwe,ZWE,Africa,2006,2000,-0.034,E
Zimbabwe,ZWE,Africa,2007,2000,0.355,E
Zimbabwe,ZWE,Africa,2008,2000,0.235,E
Zimbabwe,ZWE,Africa,2009,2000,-0.161,E
Zimbabwe,ZWE,Africa,2010,2010,1.12,E
Zimbabwe,ZWE,Africa,2011,2010,0.56,E
Zimbabwe,ZWE,Africa,2012,2010,0.617,E
Zimbabwe,ZWE,Africa,2013,2010,0.366,E
Zimbabwe,ZWE,Africa,2014,2010,0.287,E
Zimbabwe,ZWE,Africa,2015,2010,1.053,E
Zimbabwe,ZWE,Africa,2016,2010,1.336,E
Zimbabwe,ZWE,Africa,2017,2010,0.29,E
Zimbabwe,ZWE,Africa,2018,2010,0.562,E
Zimbabwe,ZWE,Africa,2019,2010,1.133,E
Zimbabwe,ZWE,Africa,2020,2020,0.527,E
Zimbabwe,ZWE,Africa,2021,2020,0.111,E
Zimbabwe,ZWE,Africa,2022,2020,0.382,E
Zimbabwe,ZWE,Africa,2023,2020,0.928,E
Zimbabwe,ZWE,Africa,2024,2020,1.479,E
Zimbabwe,ZWE,Africa,2025,2020,1.063,E
