country,iso_alpha,year,renewable_percent
Aruba,ABW,1990,0.27
Aruba,ABW,1991,0.23
Aruba,ABW,1992,0.24
Aruba,ABW,1993,0.2
Aruba,ABW,1994,0.18
Aruba,ABW,1995,0.17
Aruba,ABW,1996,0.17
Aruba,ABW,1997,0.16
Aruba,ABW,1998,0.16
Aruba,ABW,1999,0.16
Aruba,ABW,2000,0.18
Aruba,ABW,2001,0.18
Aruba,ABW,2002,0.18
Aruba,ABW,2003,0.18
Aruba,ABW,2004,0.19
Aruba,ABW,2005,0.19
Aruba,ABW,2006,0.19
Aruba,ABW,2007,0.19
Aruba,ABW,2008,0.19
Aruba,ABW,2009,0.3
Aruba,ABW,2010,5.46
Aruba,ABW,2011,5.66
Aruba,ABW,2012,6.86
Aruba,ABW,2013,6.89
Aruba,ABW,2014,6.93
Aruba,ABW,2015,6.73
Aruba,ABW,2016,6.96
Aruba,ABW,2017,6.77
Aruba,ABW,2018,8.57
Aruba,ABW,2019,8.29
Aruba,ABW,2020,9.11
Aruba,ABW,2021,8.76
Aruba,ABW,2022,8.71
Aruba,ABW,2023,9.09
Aruba,ABW,2024,7.87
Afghanistan,AFG,1990,23.0
Afghanistan,AFG,1991,23.69
Afghanistan,AFG,1992,27.38
Afghanistan,AFG,1993,28.5
Afghanistan,AFG,1994,30.14
Afghanistan,AFG,1995,31.8
Afghanistan,AFG,1996,33.89
Afghanistan,AFG,1997,36.42
Afghanistan,AFG,1998,38.02
Afghanistan,AFG,1999,43.44
Afghanistan,AFG,2000,44.99
Afghanistan,AFG,2001,45.6
Afghanistan,AFG,2002,37.83
Afghanistan,AFG,2003,36.66
Afghanistan,AFG,2004,44.24
Afghanistan,AFG,2005,33.88
Afghanistan,AFG,2006,31.89
Afghanistan,AFG,2007,28.78
Afghanistan,AFG,2008,21.17
Afghanistan,AFG,2009,16.53
Afghanistan,AFG,2010,15.15
Afghanistan,AFG,2011,12.61
Afghanistan,AFG,2012,15.36
Afghanistan,AFG,2013,17.64
Afghanistan,AFG,2014,20.25
Afghanistan,AFG,2015,18.06
Afghanistan,AFG,2016,20.82
Afghanistan,AFG,2017,20.28
Afghanistan,AFG,2018,15.92
Afghanistan,AFG,2019,17.64
Afghanistan,AFG,2020,17.27
Afghanistan,AFG,2021,22.85
Afghanistan,AFG,2022,18.24
Afghanistan,AFG,2023,17.89
Afghanistan,AFG,2024,17.4
Angola,AGO,1990,72.26
Angola,AGO,1991,71.89
Angola,AGO,1992,72.72
Angola,AGO,1993,71.28
Angola,AGO,1994,72.22
Angola,AGO,1995,73.85
Angola,AGO,1996,72.98
Angola,AGO,1997,73.52
Angola,AGO,1998,76.55
Angola,AGO,1999,72.99
Angola,AGO,2000,74.05
Angola,AGO,2001,73.0
Angola,AGO,2002,71.19
Angola,AGO,2003,65.99
Angola,AGO,2004,62.89
Angola,AGO,2005,69.48
Angola,AGO,2006,63.41
Angola,AGO,2007,59.89
Angola,AGO,2008,56.54
Angola,AGO,2009,54.15
Angola,AGO,2010,54.27
Angola,AGO,2011,52.92
Angola,AGO,2012,50.34
Angola,AGO,2013,48.23
Angola,AGO,2014,48.96
Angola,AGO,2015,48.6
Angola,AGO,2016,49.49
Angola,AGO,2017,53.9
Angola,AGO,2018,53.78
Angola,AGO,2019,51.99
Angola,AGO,2020,62.03
Angola,AGO,2021,53.93
Angola,AGO,2022,51.86
Angola,AGO,2023,49.91
Anguilla,AIA,1990,0.36
Anguilla,AIA,1991,0.35
Anguilla,AIA,1992,0.32
Anguilla,AIA,1993,0.3
Anguilla,AIA,1994,0.29
Anguilla,AIA,1995,0.28
Anguilla,AIA,1996,0.27
Anguilla,AIA,1997,0.26
Anguilla,AIA,1998,0.25
Anguilla,AIA,1999,0.24
Anguilla,AIA,2000,0.23
Anguilla,AIA,2001,0.21
Anguilla,AIA,2002,0.22
Anguilla,AIA,2003,0.21
Anguilla,AIA,2004,0.18
Anguilla,AIA,2005,0.17
Anguilla,AIA,2006,0.15
Anguilla,AIA,2007,0.15
Anguilla,AIA,2008,0.15
Anguilla,AIA,2009,0.15
Anguilla,AIA,2010,0.14
Anguilla,AIA,2011,0.15
Anguilla,AIA,2012,0.17
Anguilla,AIA,2013,0.19
Anguilla,AIA,2014,0.39
Anguilla,AIA,2015,0.46
Anguilla,AIA,2016,0.68
Anguilla,AIA,2017,0.7
Anguilla,AIA,2018,0.67
Anguilla,AIA,2019,0.8
Anguilla,AIA,2020,1.19
Anguilla,AIA,2021,1.16
Anguilla,AIA,2022,1.02
Anguilla,AIA,2023,0.89
Anguilla,AIA,2024,0.94
Albania,ALB,1990,25.5
Albania,ALB,1991,32.98
Albania,ALB,1992,46.78
Albania,ALB,1993,51.12
Albania,ALB,1994,51.43
Albania,ALB,1995,50.58
Albania,ALB,1996,51.6
Albania,ALB,1997,55.93
Albania,ALB,1998,49.94
Albania,ALB,1999,42.63
Albania,ALB,2000,41.36
Albania,ALB,2001,39.04
Albania,ALB,2002,35.82
Albania,ALB,2003,33.67
Albania,ALB,2004,35.84
Albania,ALB,2005,36.77
Albania,ALB,2006,31.62
Albania,ALB,2007,32.0
Albania,ALB,2008,35.79
Albania,ALB,2009,37.09
Albania,ALB,2010,36.99
Albania,ALB,2011,35.84
Albania,ALB,2012,39.91
Albania,ALB,2013,41.14
Albania,ALB,2014,38.56
Albania,ALB,2015,38.49
Albania,ALB,2016,39.44
Albania,ALB,2017,36.94
Albania,ALB,2018,37.83
Albania,ALB,2019,40.11
Albania,ALB,2020,44.4
Albania,ALB,2021,41.91
Albania,ALB,2022,43.74
Albania,ALB,2023,45.57
Andorra,AND,1990,14.05
Andorra,AND,1991,14.05
Andorra,AND,1992,14.08
Andorra,AND,1993,13.72
Andorra,AND,1994,14.36
Andorra,AND,1995,14.28
Andorra,AND,1996,13.89
Andorra,AND,1997,13.98
Andorra,AND,1998,14.23
Andorra,AND,1999,14.32
Andorra,AND,2000,14.51
Andorra,AND,2001,15.39
Andorra,AND,2002,15.83
Andorra,AND,2003,16.52
Andorra,AND,2004,16.57
Andorra,AND,2005,16.61
Andorra,AND,2006,17.57
Andorra,AND,2007,16.56
Andorra,AND,2008,17.02
Andorra,AND,2009,17.13
Andorra,AND,2010,18.67
Andorra,AND,2011,18.55
Andorra,AND,2012,18.76
Andorra,AND,2013,19.14
Andorra,AND,2014,19.45
Andorra,AND,2015,19.05
Andorra,AND,2016,18.96
Andorra,AND,2017,17.99
Andorra,AND,2018,17.65
Andorra,AND,2019,17.2
Andorra,AND,2020,20.91
Andorra,AND,2021,18.41
Andorra,AND,2022,18.83
Andorra,AND,2023,18.32
Andorra,AND,2024,19.34
United Arab Emirates,ARE,1990,0.0
United Arab Emirates,ARE,1991,0.0
United Arab Emirates,ARE,1992,0.19
United Arab Emirates,ARE,1993,0.15
United Arab Emirates,ARE,1994,0.12
United Arab Emirates,ARE,1995,0.11
United Arab Emirates,ARE,1996,0.08
United Arab Emirates,ARE,1997,0.08
United Arab Emirates,ARE,1998,0.07
United Arab Emirates,ARE,1999,0.07
United Arab Emirates,ARE,2000,0.08
United Arab Emirates,ARE,2001,0.06
United Arab Emirates,ARE,2002,0.07
United Arab Emirates,ARE,2003,0.07
United Arab Emirates,ARE,2004,0.1
United Arab Emirates,ARE,2005,0.1
United Arab Emirates,ARE,2006,0.1
United Arab Emirates,ARE,2007,0.09
United Arab Emirates,ARE,2008,0.09
United Arab Emirates,ARE,2009,0.09
United Arab Emirates,ARE,2010,0.08
United Arab Emirates,ARE,2011,0.08
United Arab Emirates,ARE,2012,0.08
United Arab Emirates,ARE,2013,0.09
United Arab Emirates,ARE,2014,0.13
United Arab Emirates,ARE,2015,0.12
United Arab Emirates,ARE,2016,0.12
United Arab Emirates,ARE,2017,0.2
United Arab Emirates,ARE,2018,0.31
United Arab Emirates,ARE,2019,0.65
United Arab Emirates,ARE,2020,0.89
United Arab Emirates,ARE,2021,1.05
United Arab Emirates,ARE,2022,1.22
United Arab Emirates,ARE,2023,1.96
Argentina,ARG,1990,9.68
Argentina,ARG,1991,9.39
Argentina,ARG,1992,10.13
Argentina,ARG,1993,10.93
Argentina,ARG,1994,11.38
Argentina,ARG,1995,11.56
Argentina,ARG,1996,9.76
Argentina,ARG,1997,11.09
Argentina,ARG,1998,10.95
Argentina,ARG,1999,9.84
Argentina,ARG,2000,11.17
Argentina,ARG,2001,13.28
Argentina,ARG,2002,13.5
Argentina,ARG,2003,12.45
Argentina,ARG,2004,10.62
Argentina,ARG,2005,11.1
Argentina,ARG,2006,10.71
Argentina,ARG,2007,8.97
Argentina,ARG,2008,8.86
Argentina,ARG,2009,10.03
Argentina,ARG,2010,10.09
Argentina,ARG,2011,10.04
Argentina,ARG,2012,9.71
Argentina,ARG,2013,10.07
Argentina,ARG,2014,11.02
Argentina,ARG,2015,10.58
Argentina,ARG,2016,10.47
Argentina,ARG,2017,11.53
Argentina,ARG,2018,11.67
Argentina,ARG,2019,11.76
Argentina,ARG,2020,10.93
Argentina,ARG,2021,10.55
Argentina,ARG,2022,10.42
Argentina,ARG,2023,11.85
Armenia,ARM,1990,2.12
Armenia,ARM,1991,2.31
Armenia,ARM,1992,6.68
Armenia,ARM,1993,12.93
Armenia,ARM,1994,17.76
Armenia,ARM,1995,9.27
Armenia,ARM,1996,12.47
Armenia,ARM,1997,10.12
Armenia,ARM,1998,9.38
Armenia,ARM,1999,8.36
Armenia,ARM,2000,7.16
Armenia,ARM,2001,5.42
Armenia,ARM,2002,8.9
Armenia,ARM,2003,9.81
Armenia,ARM,2004,8.71
Armenia,ARM,2005,6.49
Armenia,ARM,2006,7.65
Armenia,ARM,2007,7.02
Armenia,ARM,2008,6.4
Armenia,ARM,2009,7.8
Armenia,ARM,2010,9.36
Armenia,ARM,2011,8.01
Armenia,ARM,2012,6.56
Armenia,ARM,2013,6.77
Armenia,ARM,2014,7.08
Armenia,ARM,2015,10.82
Armenia,ARM,2016,13.26
Armenia,ARM,2017,12.68
Armenia,ARM,2018,12.62
Armenia,ARM,2019,11.99
Armenia,ARM,2020,10.46
Armenia,ARM,2021,11.26
Armenia,ARM,2022,10.3
Armenia,ARM,2023,10.14
American Samoa,ASM,1990,0.0
American Samoa,ASM,1991,0.0
American Samoa,ASM,1992,0.0
American Samoa,ASM,1993,0.0
American Samoa,ASM,1994,0.0
American Samoa,ASM,1995,0.0
American Samoa,ASM,1996,0.0
American Samoa,ASM,1997,0.0
American Samoa,ASM,1998,0.0
American Samoa,ASM,1999,0.0
American Samoa,ASM,2000,0.0
American Samoa,ASM,2001,0.0
American Samoa,ASM,2002,0.0
American Samoa,ASM,2003,0.0
American Samoa,ASM,2004,0.0
American Samoa,ASM,2005,0.0
American Samoa,ASM,2006,0.0
American Samoa,ASM,2007,0.0
American Samoa,ASM,2008,0.0
American Samoa,ASM,2009,0.0
American Samoa,ASM,2010,0.0
American Samoa,ASM,2011,0.0
American Samoa,ASM,2012,0.09
American Samoa,ASM,2013,0.16
American Samoa,ASM,2014,0.16
American Samoa,ASM,2015,0.17
American Samoa,ASM,2016,0.21
American Samoa,ASM,2017,0.56
American Samoa,ASM,2018,0.57
American Samoa,ASM,2019,0.53
American Samoa,ASM,2020,0.5
American Samoa,ASM,2021,0.5
American Samoa,ASM,2022,0.3
American Samoa,ASM,2023,0.3
American Samoa,ASM,2024,0.29
Antigua and Barbuda,ATG,1990,0.0
Antigua and Barbuda,ATG,1991,0.0
Antigua and Barbuda,ATG,1992,0.0
Antigua and Barbuda,ATG,1993,0.0
Antigua and Barbuda,ATG,1994,0.0
Antigua and Barbuda,ATG,1995,0.0
Antigua and Barbuda,ATG,1996,0.0
Antigua and Barbuda,ATG,1997,0.0
Antigua and Barbuda,ATG,1998,0.0
Antigua and Barbuda,ATG,1999,0.0
Antigua and Barbuda,ATG,2000,0.02
Antigua and Barbuda,ATG,2001,0.06
Antigua and Barbuda,ATG,2002,0.1
Antigua and Barbuda,ATG,2003,0.14
Antigua and Barbuda,ATG,2004,0.18
Antigua and Barbuda,ATG,2005,0.22
Antigua and Barbuda,ATG,2006,0.27
Antigua and Barbuda,ATG,2007,0.3
Antigua and Barbuda,ATG,2008,0.32
Antigua and Barbuda,ATG,2009,0.33
Antigua and Barbuda,ATG,2010,1.1
Antigua and Barbuda,ATG,2011,1.1
Antigua and Barbuda,ATG,2012,1.04
Antigua and Barbuda,ATG,2013,0.37
Antigua and Barbuda,ATG,2014,0.36
Antigua and Barbuda,ATG,2015,0.61
Antigua and Barbuda,ATG,2016,0.69
Antigua and Barbuda,ATG,2017,0.73
Antigua and Barbuda,ATG,2018,0.97
Antigua and Barbuda,ATG,2019,1.01
Antigua and Barbuda,ATG,2020,1.27
Antigua and Barbuda,ATG,2021,1.45
Antigua and Barbuda,ATG,2022,1.53
Antigua and Barbuda,ATG,2023,1.47
Antigua and Barbuda,ATG,2024,1.5
Australia,AUS,1990,8.01
Australia,AUS,1991,8.25
Australia,AUS,1992,7.52
Australia,AUS,1993,8.62
Australia,AUS,1994,8.26
Australia,AUS,1995,8.22
Australia,AUS,1996,8.87
Australia,AUS,1997,9.08
Australia,AUS,1998,8.6
Australia,AUS,1999,8.51
Australia,AUS,2000,8.42
Australia,AUS,2001,8.37
Australia,AUS,2002,8.74
Australia,AUS,2003,7.15
Australia,AUS,2004,6.68
Australia,AUS,2005,6.71
Australia,AUS,2006,6.85
Australia,AUS,2007,6.95
Australia,AUS,2008,6.79
Australia,AUS,2009,7.14
Australia,AUS,2010,8.16
Australia,AUS,2011,8.32
Australia,AUS,2012,8.3
Australia,AUS,2013,9.22
Australia,AUS,2014,9.32
Australia,AUS,2015,9.42
Australia,AUS,2016,9.58
Australia,AUS,2017,10.16
Australia,AUS,2018,10.02
Australia,AUS,2019,10.53
Australia,AUS,2020,11.35
Australia,AUS,2021,12.52
Australia,AUS,2022,13.67
Australia,AUS,2023,14.38
Austria,AUT,1990,25.17
Austria,AUT,1991,24.53
Austria,AUT,1992,26.17
Austria,AUT,1993,26.39
Austria,AUT,1994,25.72
Austria,AUT,1995,25.67
Austria,AUT,1996,24.08
Austria,AUT,1997,24.92
Austria,AUT,1998,24.46
Austria,AUT,1999,26.49
Austria,AUT,2000,26.43
Austria,AUT,2001,25.53
Austria,AUT,2002,24.68
Austria,AUT,2003,22.56
Austria,AUT,2004,23.17
Austria,AUT,2005,24.41
Austria,AUT,2006,26.64
Austria,AUT,2007,28.99
Austria,AUT,2008,29.68
Austria,AUT,2009,31.31
Austria,AUT,2010,31.15
Austria,AUT,2011,31.64
Austria,AUT,2012,34.37
Austria,AUT,2013,34.58
Austria,AUT,2014,35.67
Austria,AUT,2015,34.82
Austria,AUT,2016,34.63
Austria,AUT,2017,33.98
Austria,AUT,2018,34.09
Austria,AUT,2019,33.99
Austria,AUT,2020,35.78
Austria,AUT,2021,36.5
Austria,AUT,2022,37.13
Austria,AUT,2023,39.95
Azerbaijan,AZE,1990,0.72
Azerbaijan,AZE,1991,0.8
Azerbaijan,AZE,1992,1.22
Azerbaijan,AZE,1993,1.98
Azerbaijan,AZE,1994,1.52
Azerbaijan,AZE,1995,1.37
Azerbaijan,AZE,1996,1.74
Azerbaijan,AZE,1997,1.99
Azerbaijan,AZE,1998,2.48
Azerbaijan,AZE,1999,2.14
Azerbaijan,AZE,2000,2.07
Azerbaijan,AZE,2001,1.75
Azerbaijan,AZE,2002,2.35
Azerbaijan,AZE,2003,2.94
Azerbaijan,AZE,2004,3.07
Azerbaijan,AZE,2005,3.36
Azerbaijan,AZE,2006,2.86
Azerbaijan,AZE,2007,3.78
Azerbaijan,AZE,2008,3.08
Azerbaijan,AZE,2009,3.27
Azerbaijan,AZE,2010,4.45
Azerbaijan,AZE,2011,3.55
Azerbaijan,AZE,2012,2.84
Azerbaijan,AZE,2013,2.52
Azerbaijan,AZE,2014,2.12
Azerbaijan,AZE,2015,2.33
Azerbaijan,AZE,2016,1.93
Azerbaijan,AZE,2017,1.9
Azerbaijan,AZE,2018,1.92
Azerbaijan,AZE,2019,1.69
Azerbaijan,AZE,2020,1.29
Azerbaijan,AZE,2021,1.32
Azerbaijan,AZE,2022,1.27
Azerbaijan,AZE,2023,1.26
Burundi,BDI,1990,94.88
Burundi,BDI,1991,94.03
Burundi,BDI,1992,94.61
Burundi,BDI,1993,94.45
Burundi,BDI,1994,94.01
Burundi,BDI,1995,94.82
Burundi,BDI,1996,95.11
Burundi,BDI,1997,95.75
Burundi,BDI,1998,94.52
Burundi,BDI,1999,95.01
Burundi,BDI,2000,95.06
Burundi,BDI,2001,95.36
Burundi,BDI,2002,94.85
Burundi,BDI,2003,95.9
Burundi,BDI,2004,95.82
Burundi,BDI,2005,95.8
Burundi,BDI,2006,95.22
Burundi,BDI,2007,95.03
Burundi,BDI,2008,94.63
Burundi,BDI,2009,94.6
Burundi,BDI,2010,93.18
Burundi,BDI,2011,91.95
Burundi,BDI,2012,91.75
Burundi,BDI,2013,90.53
Burundi,BDI,2014,90.8
Burundi,BDI,2015,90.2
Burundi,BDI,2016,89.04
Burundi,BDI,2017,87.71
Burundi,BDI,2018,85.36
Burundi,BDI,2019,84.57
Burundi,BDI,2020,83.33
Burundi,BDI,2021,81.95
Burundi,BDI,2022,80.16
Burundi,BDI,2023,81.88
Burundi,BDI,2024,85.17
Belgium,BEL,1990,1.27
Belgium,BEL,1991,1.21
Belgium,BEL,1992,1.19
Belgium,BEL,1993,0.96
Belgium,BEL,1994,0.94
Belgium,BEL,1995,1.26
Belgium,BEL,1996,1.19
Belgium,BEL,1997,1.15
Belgium,BEL,1998,1.29
Belgium,BEL,1999,1.4
Belgium,BEL,2000,1.44
Belgium,BEL,2001,1.58
Belgium,BEL,2002,1.68
Belgium,BEL,2003,1.89
Belgium,BEL,2004,2.05
Belgium,BEL,2005,2.48
Belgium,BEL,2006,2.88
Belgium,BEL,2007,3.43
Belgium,BEL,2008,3.98
Belgium,BEL,2009,4.92
Belgium,BEL,2010,6.25
Belgium,BEL,2011,6.71
Belgium,BEL,2012,7.68
Belgium,BEL,2013,8.25
Belgium,BEL,2014,9.12
Belgium,BEL,2015,9.39
Belgium,BEL,2016,9.2
Belgium,BEL,2017,9.65
Belgium,BEL,2018,10.63
Belgium,BEL,2019,10.24
Belgium,BEL,2020,12.39
Belgium,BEL,2021,11.76
Belgium,BEL,2022,13.23
Belgium,BEL,2023,14.82
Benin,BEN,1990,93.7
Benin,BEN,1991,94.97
Benin,BEN,1992,94.85
Benin,BEN,1993,94.99
Benin,BEN,1994,94.98
Benin,BEN,1995,94.77
Benin,BEN,1996,84.15
Benin,BEN,1997,80.63
Benin,BEN,1998,79.57
Benin,BEN,1999,76.91
Benin,BEN,2000,70.29
Benin,BEN,2001,66.86
Benin,BEN,2002,64.04
Benin,BEN,2003,61.73
Benin,BEN,2004,60.69
Benin,BEN,2005,59.2
Benin,BEN,2006,57.31
Benin,BEN,2007,54.49
Benin,BEN,2008,54.76
Benin,BEN,2009,52.83
Benin,BEN,2010,47.19
Benin,BEN,2011,48.7
Benin,BEN,2012,50.33
Benin,BEN,2013,51.97
Benin,BEN,2014,51.05
Benin,BEN,2015,49.94
Benin,BEN,2016,45.42
Benin,BEN,2017,45.38
Benin,BEN,2018,43.97
Benin,BEN,2019,46.47
Benin,BEN,2020,46.2
Benin,BEN,2021,54.52
Benin,BEN,2022,53.66
Benin,BEN,2023,48.89
Bonaire Sint Eustatius and Saba,BES,2012,9.61
Bonaire Sint Eustatius and Saba,BES,2013,10.71
Bonaire Sint Eustatius and Saba,BES,2014,11.55
Bonaire Sint Eustatius and Saba,BES,2015,10.93
Bonaire Sint Eustatius and Saba,BES,2016,9.45
Bonaire Sint Eustatius and Saba,BES,2017,8.75
Bonaire Sint Eustatius and Saba,BES,2018,11.03
Bonaire Sint Eustatius and Saba,BES,2019,9.68
Bonaire Sint Eustatius and Saba,BES,2020,7.9
Bonaire Sint Eustatius and Saba,BES,2021,7.81
Bonaire Sint Eustatius and Saba,BES,2022,7.49
Bonaire Sint Eustatius and Saba,BES,2023,7.33
Bonaire Sint Eustatius and Saba,BES,2024,8.03
Burkina Faso,BFA,1990,86.28
Burkina Faso,BFA,1991,86.08
Burkina Faso,BFA,1992,86.43
Burkina Faso,BFA,1993,86.33
Burkina Faso,BFA,1994,86.22
Burkina Faso,BFA,1995,86.44
Burkina Faso,BFA,1996,85.75
Burkina Faso,BFA,1997,85.17
Burkina Faso,BFA,1998,84.08
Burkina Faso,BFA,1999,83.09
Burkina Faso,BFA,2000,83.9
Burkina Faso,BFA,2001,81.66
Burkina Faso,BFA,2002,81.85
Burkina Faso,BFA,2003,80.82
Burkina Faso,BFA,2004,81.98
Burkina Faso,BFA,2005,85.45
Burkina Faso,BFA,2006,84.85
Burkina Faso,BFA,2007,82.93
Burkina Faso,BFA,2008,83.49
Burkina Faso,BFA,2009,83.31
Burkina Faso,BFA,2010,82.06
Burkina Faso,BFA,2011,81.39
Burkina Faso,BFA,2012,79.17
Burkina Faso,BFA,2013,78.72
Burkina Faso,BFA,2014,78.88
Burkina Faso,BFA,2015,78.81
Burkina Faso,BFA,2016,77.08
Burkina Faso,BFA,2017,74.63
Burkina Faso,BFA,2018,73.69
Burkina Faso,BFA,2019,72.68
Burkina Faso,BFA,2020,74.33
Burkina Faso,BFA,2021,67.01
Burkina Faso,BFA,2022,63.47
Burkina Faso,BFA,2023,60.42
Burkina Faso,BFA,2024,58.38
Bangladesh,BGD,1990,71.7
Bangladesh,BGD,1991,73.16
Bangladesh,BGD,1992,71.66
Bangladesh,BGD,1993,70.56
Bangladesh,BGD,1994,68.98
Bangladesh,BGD,1995,63.81
Bangladesh,BGD,1996,62.13
Bangladesh,BGD,1997,59.96
Bangladesh,BGD,1998,60.2
Bangladesh,BGD,1999,60.5
Bangladesh,BGD,2000,60.18
Bangladesh,BGD,2001,55.92
Bangladesh,BGD,2002,54.43
Bangladesh,BGD,2003,52.59
Bangladesh,BGD,2004,52.02
Bangladesh,BGD,2005,50.63
Bangladesh,BGD,2006,48.67
Bangladesh,BGD,2007,47.18
Bangladesh,BGD,2008,45.19
Bangladesh,BGD,2009,43.1
Bangladesh,BGD,2010,40.29
Bangladesh,BGD,2011,38.45
Bangladesh,BGD,2012,37.38
Bangladesh,BGD,2013,37.18
Bangladesh,BGD,2014,35.36
Bangladesh,BGD,2015,32.93
Bangladesh,BGD,2016,29.92
Bangladesh,BGD,2017,27.59
Bangladesh,BGD,2018,26.18
Bangladesh,BGD,2019,24.72
Bangladesh,BGD,2020,25.13
Bangladesh,BGD,2021,23.48
Bangladesh,BGD,2022,22.54
Bangladesh,BGD,2023,23.56
Bulgaria,BGR,1990,1.81
Bulgaria,BGR,1991,2.18
Bulgaria,BGR,1992,2.59
Bulgaria,BGR,1993,2.38
Bulgaria,BGR,1994,2.28
Bulgaria,BGR,1995,3.03
Bulgaria,BGR,1996,3.53
Bulgaria,BGR,1997,3.76
Bulgaria,BGR,1998,5.83
Bulgaria,BGR,1999,6.58
Bulgaria,BGR,2000,7.97
Bulgaria,BGR,2001,7.24
Bulgaria,BGR,2002,8.7
Bulgaria,BGR,2003,9.16
Bulgaria,BGR,2004,9.55
Bulgaria,BGR,2005,9.83
Bulgaria,BGR,2006,9.96
Bulgaria,BGR,2007,8.85
Bulgaria,BGR,2008,9.94
Bulgaria,BGR,2009,11.62
Bulgaria,BGR,2010,14.27
Bulgaria,BGR,2011,13.22
Bulgaria,BGR,2012,15.61
Bulgaria,BGR,2013,18.25
Bulgaria,BGR,2014,17.15
Bulgaria,BGR,2015,17.85
Bulgaria,BGR,2016,17.71
Bulgaria,BGR,2017,17.11
Bulgaria,BGR,2018,19.59
Bulgaria,BGR,2019,19.3
Bulgaria,BGR,2020,21.1
Bulgaria,BGR,2021,20.41
Bulgaria,BGR,2022,19.82
Bulgaria,BGR,2023,20.28
Bahrain,BHR,1990,0.0
Bahrain,BHR,1991,0.0
Bahrain,BHR,1992,0.0
Bahrain,BHR,1993,0.0
Bahrain,BHR,1994,0.0
Bahrain,BHR,1995,0.0
Bahrain,BHR,1996,0.0
Bahrain,BHR,1997,0.0
Bahrain,BHR,1998,0.0
Bahrain,BHR,1999,0.0
Bahrain,BHR,2000,0.0
Bahrain,BHR,2001,0.0
Bahrain,BHR,2002,0.0
Bahrain,BHR,2003,0.0
Bahrain,BHR,2004,0.0
Bahrain,BHR,2005,0.0
Bahrain,BHR,2006,0.0
Bahrain,BHR,2007,0.0
Bahrain,BHR,2008,0.0
Bahrain,BHR,2009,0.0
Bahrain,BHR,2010,0.0
Bahrain,BHR,2011,0.0
Bahrain,BHR,2012,0.0
Bahrain,BHR,2013,0.0
Bahrain,BHR,2014,0.0
Bahrain,BHR,2015,0.0
Bahrain,BHR,2016,0.0
Bahrain,BHR,2017,0.0
Bahrain,BHR,2018,0.02
Bahrain,BHR,2019,0.02
Bahrain,BHR,2020,0.03
Bahrain,BHR,2021,0.07
Bahrain,BHR,2022,0.14
Bahrain,BHR,2023,0.16
Bahamas,BHS,1990,0.21
Bahamas,BHS,1991,0.21
Bahamas,BHS,1992,0.24
Bahamas,BHS,1993,0.26
Bahamas,BHS,1994,0.26
Bahamas,BHS,1995,0.25
Bahamas,BHS,1996,0.25
Bahamas,BHS,1997,0.32
Bahamas,BHS,1998,0.26
Bahamas,BHS,1999,0.27
Bahamas,BHS,2000,0.29
Bahamas,BHS,2001,0.41
Bahamas,BHS,2002,0.28
Bahamas,BHS,2003,0.27
Bahamas,BHS,2004,0.26
Bahamas,BHS,2005,0.28
Bahamas,BHS,2006,0.31
Bahamas,BHS,2007,0.32
Bahamas,BHS,2008,0.32
Bahamas,BHS,2009,0.25
Bahamas,BHS,2010,0.23
Bahamas,BHS,2011,0.3
Bahamas,BHS,2012,0.3
Bahamas,BHS,2013,0.29
Bahamas,BHS,2014,0.31
Bahamas,BHS,2015,0.3
Bahamas,BHS,2016,0.32
Bahamas,BHS,2017,0.32
Bahamas,BHS,2018,0.31
Bahamas,BHS,2019,0.3
Bahamas,BHS,2020,0.42
Bahamas,BHS,2021,0.4
Bahamas,BHS,2022,0.39
Bahamas,BHS,2023,0.41
Bahamas,BHS,2024,0.47
Bosnia and Herzegovina,BIH,1990,7.3
Bosnia and Herzegovina,BIH,1991,8.76
Bosnia and Herzegovina,BIH,1992,11.57
Bosnia and Herzegovina,BIH,1993,14.61
Bosnia and Herzegovina,BIH,1994,33.38
Bosnia and Herzegovina,BIH,1995,33.22
Bosnia and Herzegovina,BIH,1996,32.85
Bosnia and Herzegovina,BIH,1997,27.6
Bosnia and Herzegovina,BIH,1998,26.74
Bosnia and Herzegovina,BIH,1999,28.43
Bosnia and Herzegovina,BIH,2000,19.35
Bosnia and Herzegovina,BIH,2001,20.27
Bosnia and Herzegovina,BIH,2002,21.21
Bosnia and Herzegovina,BIH,2003,20.14
Bosnia and Herzegovina,BIH,2004,20.1
Bosnia and Herzegovina,BIH,2005,19.73
Bosnia and Herzegovina,BIH,2006,18.12
Bosnia and Herzegovina,BIH,2007,14.84
Bosnia and Herzegovina,BIH,2008,14.28
Bosnia and Herzegovina,BIH,2009,17.43
Bosnia and Herzegovina,BIH,2010,19.57
Bosnia and Herzegovina,BIH,2011,14.16
Bosnia and Herzegovina,BIH,2012,15.28
Bosnia and Herzegovina,BIH,2013,19.48
Bosnia and Herzegovina,BIH,2014,23.65
Bosnia and Herzegovina,BIH,2015,25.25
Bosnia and Herzegovina,BIH,2016,23.0
Bosnia and Herzegovina,BIH,2017,18.49
Bosnia and Herzegovina,BIH,2018,35.36
Bosnia and Herzegovina,BIH,2019,36.84
Bosnia and Herzegovina,BIH,2020,37.71
Bosnia and Herzegovina,BIH,2021,36.61
Bosnia and Herzegovina,BIH,2022,37.25
Bosnia and Herzegovina,BIH,2023,39.47
Saint Barthelemy,BLM,2011,0.05
Saint Barthelemy,BLM,2012,0.04
Saint Barthelemy,BLM,2013,0.04
Saint Barthelemy,BLM,2014,0.04
Saint Barthelemy,BLM,2015,0.04
Saint Barthelemy,BLM,2016,0.06
Saint Barthelemy,BLM,2017,0.06
Saint Barthelemy,BLM,2018,0.06
Saint Barthelemy,BLM,2019,0.05
Saint Barthelemy,BLM,2020,0.05
Saint Barthelemy,BLM,2021,0.06
Saint Barthelemy,BLM,2022,0.48
Saint Barthelemy,BLM,2023,0.69
Saint Barthelemy,BLM,2024,1.0
Belarus,BLR,1990,0.92
Belarus,BLR,1991,1.01
Belarus,BLR,1992,1.17
Belarus,BLR,1993,1.4
Belarus,BLR,1994,2.31
Belarus,BLR,1995,2.82
Belarus,BLR,1996,3.49
Belarus,BLR,1997,3.82
Belarus,BLR,1998,4.12
Belarus,BLR,1999,4.5
Belarus,BLR,2000,5.65
Belarus,BLR,2001,6.26
Belarus,BLR,2002,6.52
Belarus,BLR,2003,6.25
Belarus,BLR,2004,6.27
Belarus,BLR,2005,6.83
Belarus,BLR,2006,7.2
Belarus,BLR,2007,7.28
Belarus,BLR,2008,7.08
Belarus,BLR,2009,7.39
Belarus,BLR,2010,7.29
Belarus,BLR,2011,7.52
Belarus,BLR,2012,7.24
Belarus,BLR,2013,6.97
Belarus,BLR,2014,6.69
Belarus,BLR,2015,6.82
Belarus,BLR,2016,6.72
Belarus,BLR,2017,7.28
Belarus,BLR,2018,7.21
Belarus,BLR,2019,7.81
Belarus,BLR,2020,8.39
Belarus,BLR,2021,8.21
Belarus,BLR,2022,8.33
Belarus,BLR,2023,8.23
Belize,BLZ,1990,49.19
Belize,BLZ,1991,43.32
Belize,BLZ,1992,47.25
Belize,BLZ,1993,47.44
Belize,BLZ,1994,46.59
Belize,BLZ,1995,47.55
Belize,BLZ,1996,53.88
Belize,BLZ,1997,49.7
Belize,BLZ,1998,49.94
Belize,BLZ,1999,50.29
Belize,BLZ,2000,47.24
Belize,BLZ,2001,39.07
Belize,BLZ,2002,41.0
Belize,BLZ,2003,39.5
Belize,BLZ,2004,43.69
Belize,BLZ,2005,38.79
Belize,BLZ,2006,43.08
Belize,BLZ,2007,39.09
Belize,BLZ,2008,40.3
Belize,BLZ,2009,35.77
Belize,BLZ,2010,29.18
Belize,BLZ,2011,41.52
Belize,BLZ,2012,46.74
Belize,BLZ,2013,36.53
Belize,BLZ,2014,35.8
Belize,BLZ,2015,29.07
Belize,BLZ,2016,31.72
Belize,BLZ,2017,35.33
Belize,BLZ,2018,33.08
Belize,BLZ,2019,28.39
Belize,BLZ,2020,29.04
Belize,BLZ,2021,20.95
Belize,BLZ,2022,19.08
Belize,BLZ,2023,17.89
Belize,BLZ,2024,18.11
Bermuda,BMU,1990,0.0
Bermuda,BMU,1991,0.0
Bermuda,BMU,1992,0.0
Bermuda,BMU,1993,0.0
Bermuda,BMU,1994,0.0
Bermuda,BMU,1995,0.26
Bermuda,BMU,1996,0.41
Bermuda,BMU,1997,0.43
Bermuda,BMU,1998,0.44
Bermuda,BMU,1999,0.48
Bermuda,BMU,2000,0.46
Bermuda,BMU,2001,0.54
Bermuda,BMU,2002,0.51
Bermuda,BMU,2003,0.51
Bermuda,BMU,2004,0.52
Bermuda,BMU,2005,0.49
Bermuda,BMU,2006,0.44
Bermuda,BMU,2007,0.5
Bermuda,BMU,2008,0.46
Bermuda,BMU,2009,0.43
Bermuda,BMU,2010,0.43
Bermuda,BMU,2011,0.42
Bermuda,BMU,2012,0.44
Bermuda,BMU,2013,1.48
Bermuda,BMU,2014,0.43
Bermuda,BMU,2015,0.55
Bermuda,BMU,2016,1.09
Bermuda,BMU,2017,0.63
Bermuda,BMU,2018,0.67
Bermuda,BMU,2019,0.74
Bermuda,BMU,2020,0.86
Bermuda,BMU,2021,1.16
Bermuda,BMU,2022,1.9
Bermuda,BMU,2023,1.95
Bermuda,BMU,2024,2.24
Bolivia,BOL,1990,37.02
Bolivia,BOL,1991,38.1
Bolivia,BOL,1992,36.88
Bolivia,BOL,1993,36.91
Bolivia,BOL,1994,35.16
Bolivia,BOL,1995,33.17
Bolivia,BOL,1996,32.39
Bolivia,BOL,1997,31.97
Bolivia,BOL,1998,30.62
Bolivia,BOL,1999,30.77
Bolivia,BOL,2000,29.17
Bolivia,BOL,2001,28.99
Bolivia,BOL,2002,28.13
Bolivia,BOL,2003,27.01
Bolivia,BOL,2004,25.8
Bolivia,BOL,2005,24.65
Bolivia,BOL,2006,23.7
Bolivia,BOL,2007,22.07
Bolivia,BOL,2008,21.3
Bolivia,BOL,2009,20.62
Bolivia,BOL,2010,19.93
Bolivia,BOL,2011,18.1
Bolivia,BOL,2012,17.37
Bolivia,BOL,2013,16.02
Bolivia,BOL,2014,15.03
Bolivia,BOL,2015,14.22
Bolivia,BOL,2016,13.62
Bolivia,BOL,2017,14.29
Bolivia,BOL,2018,14.29
Bolivia,BOL,2019,13.49
Bolivia,BOL,2020,16.88
Bolivia,BOL,2021,12.74
Bolivia,BOL,2022,13.29
Bolivia,BOL,2023,13.28
Brazil,BRA,1990,49.82
Brazil,BRA,1991,48.9
Brazil,BRA,1992,48.66
Brazil,BRA,1993,48.16
Brazil,BRA,1994,48.31
Brazil,BRA,1995,46.09
Brazil,BRA,1996,44.49
Brazil,BRA,1997,43.68
Brazil,BRA,1998,43.81
Brazil,BRA,1999,43.99
Brazil,BRA,2000,42.67
Brazil,BRA,2001,41.34
Brazil,BRA,2002,42.87
Brazil,BRA,2003,45.13
Brazil,BRA,2004,45.2
Brazil,BRA,2005,46.15
Brazil,BRA,2006,46.7
Brazil,BRA,2007,47.21
Brazil,BRA,2008,47.04
Brazil,BRA,2009,48.91
Brazil,BRA,2010,46.79
Brazil,BRA,2011,45.23
Brazil,BRA,2012,43.44
Brazil,BRA,2013,42.29
Brazil,BRA,2014,41.72
Brazil,BRA,2015,43.64
Brazil,BRA,2016,45.4
Brazil,BRA,2017,45.24
Brazil,BRA,2018,46.86
Brazil,BRA,2019,47.49
Brazil,BRA,2020,49.98
Brazil,BRA,2021,46.51
Brazil,BRA,2022,48.39
Brazil,BRA,2023,50.18
Barbados,BRB,1990,17.52
Barbados,BRB,1991,16.85
Barbados,BRB,1992,15.67
Barbados,BRB,1993,14.25
Barbados,BRB,1994,13.75
Barbados,BRB,1995,14.42
Barbados,BRB,1996,15.24
Barbados,BRB,1997,14.29
Barbados,BRB,1998,10.61
Barbados,BRB,1999,11.26
Barbados,BRB,2000,11.87
Barbados,BRB,2001,10.81
Barbados,BRB,2002,9.78
Barbados,BRB,2003,8.62
Barbados,BRB,2004,8.65
Barbados,BRB,2005,8.69
Barbados,BRB,2006,8.82
Barbados,BRB,2007,8.56
Barbados,BRB,2008,7.63
Barbados,BRB,2009,8.46
Barbados,BRB,2010,8.21
Barbados,BRB,2011,4.14
Barbados,BRB,2012,3.82
Barbados,BRB,2013,3.13
Barbados,BRB,2014,2.98
Barbados,BRB,2015,3.16
Barbados,BRB,2016,2.98
Barbados,BRB,2017,4.3
Barbados,BRB,2018,4.94
Barbados,BRB,2019,3.46
Barbados,BRB,2020,4.52
Barbados,BRB,2021,5.25
Barbados,BRB,2022,5.64
Barbados,BRB,2023,5.58
Barbados,BRB,2024,5.62
Brunei,BRN,1990,0.67
Brunei,BRN,1991,0.43
Brunei,BRN,1992,0.21
Brunei,BRN,1993,0.0
Brunei,BRN,1994,0.0
Brunei,BRN,1995,0.0
Brunei,BRN,1996,0.0
Brunei,BRN,1997,0.0
Brunei,BRN,1998,0.0
Brunei,BRN,1999,0.0
Brunei,BRN,2000,0.0
Brunei,BRN,2001,0.0
Brunei,BRN,2002,0.0
Brunei,BRN,2003,0.0
Brunei,BRN,2004,0.0
Brunei,BRN,2005,0.0
Brunei,BRN,2006,0.0
Brunei,BRN,2007,0.0
Brunei,BRN,2008,0.0
Brunei,BRN,2009,0.0
Brunei,BRN,2010,0.0
Brunei,BRN,2011,0.02
Brunei,BRN,2012,0.01
Brunei,BRN,2013,0.01
Brunei,BRN,2014,0.01
Brunei,BRN,2015,0.01
Brunei,BRN,2016,0.01
Brunei,BRN,2017,0.01
Brunei,BRN,2018,0.01
Brunei,BRN,2019,0.01
Brunei,BRN,2020,0.01
Brunei,BRN,2021,0.03
Brunei,BRN,2022,0.03
Brunei,BRN,2023,0.04
Bhutan,BTN,1990,80.88
Bhutan,BTN,1991,80.53
Bhutan,BTN,1992,77.51
Bhutan,BTN,1993,79.42
Bhutan,BTN,1994,78.0
Bhutan,BTN,1995,74.19
Bhutan,BTN,1996,70.4
Bhutan,BTN,1997,64.02
Bhutan,BTN,1998,64.24
Bhutan,BTN,1999,63.11
Bhutan,BTN,2000,61.56
Bhutan,BTN,2001,57.1
Bhutan,BTN,2002,56.03
Bhutan,BTN,2003,54.71
Bhutan,BTN,2004,58.14
Bhutan,BTN,2005,52.19
Bhutan,BTN,2006,60.98
Bhutan,BTN,2007,63.15
Bhutan,BTN,2008,53.21
Bhutan,BTN,2009,58.38
Bhutan,BTN,2010,54.98
Bhutan,BTN,2011,53.66
Bhutan,BTN,2012,49.83
Bhutan,BTN,2013,47.97
Bhutan,BTN,2014,50.14
Bhutan,BTN,2015,48.95
Bhutan,BTN,2016,45.64
Bhutan,BTN,2017,45.67
Bhutan,BTN,2018,47.4
Bhutan,BTN,2019,48.27
Bhutan,BTN,2020,49.89
Bhutan,BTN,2021,50.16
Bhutan,BTN,2022,48.76
Bhutan,BTN,2023,48.71
Bhutan,BTN,2024,53.74
Botswana,BWA,1990,49.03
Botswana,BWA,1991,49.51
Botswana,BWA,1992,46.1
Botswana,BWA,1993,47.34
Botswana,BWA,1994,49.84
Botswana,BWA,1995,48.86
Botswana,BWA,1996,46.44
Botswana,BWA,1997,45.78
Botswana,BWA,1998,39.2
Botswana,BWA,1999,41.53
Botswana,BWA,2000,38.4
Botswana,BWA,2001,37.51
Botswana,BWA,2002,36.02
Botswana,BWA,2003,36.07
Botswana,BWA,2004,34.38
Botswana,BWA,2005,32.61
Botswana,BWA,2006,31.78
Botswana,BWA,2007,29.52
Botswana,BWA,2008,29.04
Botswana,BWA,2009,30.95
Botswana,BWA,2010,30.38
Botswana,BWA,2011,30.79
Botswana,BWA,2012,29.0
Botswana,BWA,2013,32.06
Botswana,BWA,2014,31.23
Botswana,BWA,2015,32.12
Botswana,BWA,2016,32.85
Botswana,BWA,2017,33.21
Botswana,BWA,2018,32.59
Botswana,BWA,2019,33.74
Botswana,BWA,2020,36.1
Botswana,BWA,2021,35.21
Botswana,BWA,2022,34.45
Botswana,BWA,2023,34.08
Central African Republic,CAF,1990,92.52
Central African Republic,CAF,1991,92.78
Central African Republic,CAF,1992,92.8
Central African Republic,CAF,1993,92.55
Central African Republic,CAF,1994,91.57
Central African Republic,CAF,1995,91.43
Central African Republic,CAF,1996,89.8
Central African Republic,CAF,1997,89.89
Central African Republic,CAF,1998,89.02
Central African Republic,CAF,1999,88.95
Central African Republic,CAF,2000,93.68
Central African Republic,CAF,2001,92.92
Central African Republic,CAF,2002,94.26
Central African Republic,CAF,2003,94.41
Central African Republic,CAF,2004,94.09
Central African Republic,CAF,2005,94.19
Central African Republic,CAF,2006,93.86
Central African Republic,CAF,2007,93.3
Central African Republic,CAF,2008,93.68
Central African Republic,CAF,2009,93.64
Central African Republic,CAF,2010,93.18
Central African Republic,CAF,2011,93.63
Central African Republic,CAF,2012,92.43
Central African Republic,CAF,2013,95.69
Central African Republic,CAF,2014,94.66
Central African Republic,CAF,2015,92.51
Central African Republic,CAF,2016,91.38
Central African Republic,CAF,2017,89.71
Central African Republic,CAF,2018,90.43
Central African Republic,CAF,2019,89.53
Central African Republic,CAF,2020,89.14
Central African Republic,CAF,2021,89.15
Central African Republic,CAF,2022,89.17
Central African Republic,CAF,2023,88.97
Central African Republic,CAF,2024,88.99
Canada,CAN,1990,22.57
Canada,CAN,1991,22.72
Canada,CAN,1992,22.43
Canada,CAN,1993,22.3
Canada,CAN,1994,22.15
Canada,CAN,1995,22.42
Canada,CAN,1996,22.05
Canada,CAN,1997,21.81
Canada,CAN,1998,22.0
Canada,CAN,1999,22.2
Canada,CAN,2000,20.25
Canada,CAN,2001,19.82
Canada,CAN,2002,20.11
Canada,CAN,2003,19.74
Canada,CAN,2004,20.37
Canada,CAN,2005,21.56
Canada,CAN,2006,21.46
Canada,CAN,2007,21.57
Canada,CAN,2008,21.55
Canada,CAN,2009,22.19
Canada,CAN,2010,21.4
Canada,CAN,2011,21.48
Canada,CAN,2012,21.81
Canada,CAN,2013,22.23
Canada,CAN,2014,22.21
Canada,CAN,2015,22.31
Canada,CAN,2016,22.1
Canada,CAN,2017,22.85
Canada,CAN,2018,22.35
Canada,CAN,2019,22.4
Canada,CAN,2020,23.89
Canada,CAN,2021,24.1
Canada,CAN,2022,24.21
Canada,CAN,2023,23.53
Switzerland,CHE,1990,16.79
Switzerland,CHE,1991,17.1
Switzerland,CHE,1992,17.0
Switzerland,CHE,1993,17.98
Switzerland,CHE,1994,18.31
Switzerland,CHE,1995,17.61
Switzerland,CHE,1996,16.68
Switzerland,CHE,1997,17.4
Switzerland,CHE,1998,17.06
Switzerland,CHE,1999,18.37
Switzerland,CHE,2000,18.18
Switzerland,CHE,2001,18.71
Switzerland,CHE,2002,18.18
Switzerland,CHE,2003,18.02
Switzerland,CHE,2004,18.09
Switzerland,CHE,2005,18.72
Switzerland,CHE,2006,18.06
Switzerland,CHE,2007,19.3
Switzerland,CHE,2008,20.0
Switzerland,CHE,2009,20.46
Switzerland,CHE,2010,21.05
Switzerland,CHE,2011,21.07
Switzerland,CHE,2012,22.36
Switzerland,CHE,2013,22.29
Switzerland,CHE,2014,22.65
Switzerland,CHE,2015,24.4
Switzerland,CHE,2016,24.61
Switzerland,CHE,2017,25.52
Switzerland,CHE,2018,24.75
Switzerland,CHE,2019,25.33
Switzerland,CHE,2020,26.76
Switzerland,CHE,2021,28.1
Switzerland,CHE,2022,26.6
Switzerland,CHE,2023,28.61
Chile,CHL,1990,34.03
Chile,CHL,1991,37.27
Chile,CHL,1992,38.62
Chile,CHL,1993,35.77
Chile,CHL,1994,34.82
Chile,CHL,1995,34.17
Chile,CHL,1996,32.23
Chile,CHL,1997,29.96
Chile,CHL,1998,29.75
Chile,CHL,1999,29.06
Chile,CHL,2000,31.36
Chile,CHL,2001,32.15
Chile,CHL,2002,33.07
Chile,CHL,2003,31.62
Chile,CHL,2004,31.44
Chile,CHL,2005,32.26
Chile,CHL,2006,32.91
Chile,CHL,2007,30.46
Chile,CHL,2008,30.83
Chile,CHL,2009,31.53
Chile,CHL,2010,27.04
Chile,CHL,2011,28.79
Chile,CHL,2012,30.3
Chile,CHL,2013,30.23
Chile,CHL,2014,26.95
Chile,CHL,2015,25.06
Chile,CHL,2016,24.55
Chile,CHL,2017,24.1
Chile,CHL,2018,25.46
Chile,CHL,2019,25.27
Chile,CHL,2020,26.73
Chile,CHL,2021,24.17
Chile,CHL,2022,27.33
Chile,CHL,2023,31.18
China,CHN,1990,34.35
China,CHN,1991,33.53
China,CHN,1992,33.23
China,CHN,1993,32.04
China,CHN,1994,31.69
China,CHN,1995,29.99
China,CHN,1996,30.88
China,CHN,1997,30.43
China,CHN,1998,29.96
China,CHN,1999,30.68
China,CHN,2000,30.15
China,CHN,2001,28.84
China,CHN,2002,27.47
China,CHN,2003,24.29
China,CHN,2004,20.57
China,CHN,2005,17.81
China,CHN,2006,16.75
China,CHN,2007,15.25
China,CHN,2008,14.48
China,CHN,2009,13.7
China,CHN,2010,12.54
China,CHN,2011,11.57
China,CHN,2012,11.68
China,CHN,2013,11.55
China,CHN,2014,11.96
China,CHN,2015,12.18
China,CHN,2016,12.48
China,CHN,2017,12.98
China,CHN,2018,13.28
China,CHN,2019,13.4
China,CHN,2020,13.66
China,CHN,2021,13.69
China,CHN,2022,14.21
China,CHN,2023,14.21
Cote d'Ivoire,CIV,1990,73.59
Cote d'Ivoire,CIV,1991,74.02
Cote d'Ivoire,CIV,1992,74.56
Cote d'Ivoire,CIV,1993,75.13
Cote d'Ivoire,CIV,1994,75.61
Cote d'Ivoire,CIV,1995,74.89
Cote d'Ivoire,CIV,1996,74.04
Cote d'Ivoire,CIV,1997,72.14
Cote d'Ivoire,CIV,1998,73.45
Cote d'Ivoire,CIV,1999,61.93
Cote d'Ivoire,CIV,2000,63.72
Cote d'Ivoire,CIV,2001,64.73
Cote d'Ivoire,CIV,2002,65.32
Cote d'Ivoire,CIV,2003,70.32
Cote d'Ivoire,CIV,2004,75.4
Cote d'Ivoire,CIV,2005,77.92
Cote d'Ivoire,CIV,2006,74.79
Cote d'Ivoire,CIV,2007,76.33
Cote d'Ivoire,CIV,2008,74.21
Cote d'Ivoire,CIV,2009,73.71
Cote d'Ivoire,CIV,2010,75.42
Cote d'Ivoire,CIV,2011,79.11
Cote d'Ivoire,CIV,2012,74.9
Cote d'Ivoire,CIV,2013,72.16
Cote d'Ivoire,CIV,2014,71.91
Cote d'Ivoire,CIV,2015,64.51
Cote d'Ivoire,CIV,2016,64.03
Cote d'Ivoire,CIV,2017,62.53
Cote d'Ivoire,CIV,2018,60.51
Cote d'Ivoire,CIV,2019,59.94
Cote d'Ivoire,CIV,2020,61.75
Cote d'Ivoire,CIV,2021,57.13
Cote d'Ivoire,CIV,2022,55.93
Cote d'Ivoire,CIV,2023,54.54
Cameroon,CMR,1990,81.6
Cameroon,CMR,1991,83.19
Cameroon,CMR,1992,84.44
Cameroon,CMR,1993,83.94
Cameroon,CMR,1994,83.61
Cameroon,CMR,1995,84.48
Cameroon,CMR,1996,84.94
Cameroon,CMR,1997,84.69
Cameroon,CMR,1998,84.49
Cameroon,CMR,1999,86.23
Cameroon,CMR,2000,84.59
Cameroon,CMR,2001,85.3
Cameroon,CMR,2002,85.25
Cameroon,CMR,2003,85.3
Cameroon,CMR,2004,85.54
Cameroon,CMR,2005,86.31
Cameroon,CMR,2006,85.51
Cameroon,CMR,2007,80.82
Cameroon,CMR,2008,80.82
Cameroon,CMR,2009,79.22
Cameroon,CMR,2010,78.74
Cameroon,CMR,2011,78.63
Cameroon,CMR,2012,78.57
Cameroon,CMR,2013,77.67
Cameroon,CMR,2014,76.88
Cameroon,CMR,2015,78.04
Cameroon,CMR,2016,78.81
Cameroon,CMR,2017,79.24
Cameroon,CMR,2018,78.64
Cameroon,CMR,2019,78.9
Cameroon,CMR,2020,78.93
Cameroon,CMR,2021,79.55
Cameroon,CMR,2022,79.59
Cameroon,CMR,2023,79.99
Democratic Republic of Congo,COD,1990,92.05
Democratic Republic of Congo,COD,1991,95.14
Democratic Republic of Congo,COD,1992,95.88
Democratic Republic of Congo,COD,1993,96.11
Democratic Republic of Congo,COD,1994,96.61
Democratic Republic of Congo,COD,1995,96.9
Democratic Republic of Congo,COD,1996,96.96
Democratic Republic of Congo,COD,1997,97.06
Democratic Republic of Congo,COD,1998,96.85
Democratic Republic of Congo,COD,1999,96.99
Democratic Republic of Congo,COD,2000,97.94
Democratic Republic of Congo,COD,2001,98.34
Democratic Republic of Congo,COD,2002,98.27
Democratic Republic of Congo,COD,2003,97.97
Democratic Republic of Congo,COD,2004,97.88
Democratic Republic of Congo,COD,2005,97.42
Democratic Republic of Congo,COD,2006,97.33
Democratic Republic of Congo,COD,2007,97.17
Democratic Republic of Congo,COD,2008,96.97
Democratic Republic of Congo,COD,2009,97.02
Democratic Republic of Congo,COD,2010,96.81
Democratic Republic of Congo,COD,2011,96.21
Democratic Republic of Congo,COD,2012,95.47
Democratic Republic of Congo,COD,2013,95.35
Democratic Republic of Congo,COD,2014,95.31
Democratic Republic of Congo,COD,2015,95.67
Democratic Republic of Congo,COD,2016,96.61
Democratic Republic of Congo,COD,2017,95.86
Democratic Republic of Congo,COD,2018,96.09
Democratic Republic of Congo,COD,2019,96.3
Democratic Republic of Congo,COD,2020,95.57
Democratic Republic of Congo,COD,2021,95.57
Democratic Republic of Congo,COD,2022,95.72
Democratic Republic of Congo,COD,2023,95.89
Congo,COG,1990,65.42
Congo,COG,1991,64.57
Congo,COG,1992,67.61
Congo,COG,1993,68.42
Congo,COG,1994,76.47
Congo,COG,1995,69.8
Congo,COG,1996,75.41
Congo,COG,1997,80.16
Congo,COG,1998,79.74
Congo,COG,1999,76.96
Congo,COG,2000,64.86
Congo,COG,2001,61.18
Congo,COG,2002,68.62
Congo,COG,2003,62.1
Congo,COG,2004,63.06
Congo,COG,2005,63.06
Congo,COG,2006,69.35
Congo,COG,2007,60.25
Congo,COG,2008,56.79
Congo,COG,2009,55.87
Congo,COG,2010,54.53
Congo,COG,2011,64.35
Congo,COG,2012,65.11
Congo,COG,2013,62.35
Congo,COG,2014,62.09
Congo,COG,2015,64.24
Congo,COG,2016,67.71
Congo,COG,2017,70.04
Congo,COG,2018,68.63
Congo,COG,2019,72.67
Congo,COG,2020,70.1
Congo,COG,2021,70.09
Congo,COG,2022,70.63
Congo,COG,2023,67.48
Cook Islands,COK,1990,11.23
Cook Islands,COK,1991,11.3
Cook Islands,COK,1992,11.41
Cook Islands,COK,1993,10.57
Cook Islands,COK,1994,10.65
Cook Islands,COK,1995,10.68
Cook Islands,COK,1996,9.75
Cook Islands,COK,1997,9.68
Cook Islands,COK,1998,9.59
Cook Islands,COK,1999,9.39
Cook Islands,COK,2000,9.28
Cook Islands,COK,2001,9.9
Cook Islands,COK,2002,12.25
Cook Islands,COK,2003,11.07
Cook Islands,COK,2004,10.4
Cook Islands,COK,2005,9.42
Cook Islands,COK,2006,8.42
Cook Islands,COK,2007,8.71
Cook Islands,COK,2008,8.42
Cook Islands,COK,2009,9.01
Cook Islands,COK,2010,7.25
Cook Islands,COK,2011,6.52
Cook Islands,COK,2012,6.17
Cook Islands,COK,2013,6.32
Cook Islands,COK,2014,6.26
Cook Islands,COK,2015,7.18
Cook Islands,COK,2016,7.66
Cook Islands,COK,2017,7.98
Cook Islands,COK,2018,9.4
Cook Islands,COK,2019,9.02
Cook Islands,COK,2020,10.16
Cook Islands,COK,2021,8.75
Cook Islands,COK,2022,8.52
Cook Islands,COK,2023,9.0
Cook Islands,COK,2024,8.26
Colombia,COL,1990,37.39
Colombia,COL,1991,36.19
Colombia,COL,1992,32.45
Colombia,COL,1993,32.42
Colombia,COL,1994,33.11
Colombia,COL,1995,32.88
Colombia,COL,1996,32.98
Colombia,COL,1997,25.15
Colombia,COL,1998,25.34
Colombia,COL,1999,28.44
Colombia,COL,2000,27.37
Colombia,COL,2001,26.59
Colombia,COL,2002,28.11
Colombia,COL,2003,30.03
Colombia,COL,2004,28.56
Colombia,COL,2005,28.45
Colombia,COL,2006,30.0
Colombia,COL,2007,30.54
Colombia,COL,2008,30.22
Colombia,COL,2009,30.79
Colombia,COL,2010,29.92
Colombia,COL,2011,29.05
Colombia,COL,2012,28.92
Colombia,COL,2013,31.35
Colombia,COL,2014,31.34
Colombia,COL,2015,30.33
Colombia,COL,2016,29.73
Colombia,COL,2017,31.49
Colombia,COL,2018,29.65
Colombia,COL,2019,30.93
Colombia,COL,2020,31.64
Colombia,COL,2021,29.62
Colombia,COL,2022,28.83
Colombia,COL,2023,27.69
Comoros,COM,1990,74.0
Comoros,COM,1991,73.4
Comoros,COM,1992,73.63
Comoros,COM,1993,73.06
Comoros,COM,1994,73.29
Comoros,COM,1995,73.0
Comoros,COM,1996,73.44
Comoros,COM,1997,72.92
Comoros,COM,1998,71.54
Comoros,COM,1999,71.09
Comoros,COM,2000,69.87
Comoros,COM,2001,69.51
Comoros,COM,2002,70.31
Comoros,COM,2003,64.4
Comoros,COM,2004,63.52
Comoros,COM,2005,65.74
Comoros,COM,2006,61.81
Comoros,COM,2007,74.37
Comoros,COM,2008,73.44
Comoros,COM,2009,68.53
Comoros,COM,2010,66.02
Comoros,COM,2011,68.99
Comoros,COM,2012,68.28
Comoros,COM,2013,63.56
Comoros,COM,2014,67.95
Comoros,COM,2015,67.03
Comoros,COM,2016,63.97
Comoros,COM,2017,59.45
Comoros,COM,2018,57.68
Comoros,COM,2019,55.31
Comoros,COM,2020,50.83
Comoros,COM,2021,41.19
Comoros,COM,2022,39.28
Comoros,COM,2023,37.09
Comoros,COM,2024,36.07
Cape Verde,CPV,1990,21.07
Cape Verde,CPV,1991,26.27
Cape Verde,CPV,1992,26.34
Cape Verde,CPV,1993,30.42
Cape Verde,CPV,1994,32.43
Cape Verde,CPV,1995,30.82
Cape Verde,CPV,1996,30.19
Cape Verde,CPV,1997,30.49
Cape Verde,CPV,1998,30.03
Cape Verde,CPV,1999,26.86
Cape Verde,CPV,2000,27.88
Cape Verde,CPV,2001,25.97
Cape Verde,CPV,2002,25.98
Cape Verde,CPV,2003,24.83
Cape Verde,CPV,2004,24.38
Cape Verde,CPV,2005,23.88
Cape Verde,CPV,2006,21.18
Cape Verde,CPV,2007,21.04
Cape Verde,CPV,2008,23.81
Cape Verde,CPV,2009,22.08
Cape Verde,CPV,2010,21.22
Cape Verde,CPV,2011,20.78
Cape Verde,CPV,2012,24.26
Cape Verde,CPV,2013,25.94
Cape Verde,CPV,2014,26.11
Cape Verde,CPV,2015,26.35
Cape Verde,CPV,2016,23.94
Cape Verde,CPV,2017,22.65
Cape Verde,CPV,2018,22.86
Cape Verde,CPV,2019,20.63
Cape Verde,CPV,2020,24.36
Cape Verde,CPV,2021,21.9
Cape Verde,CPV,2022,23.07
Cape Verde,CPV,2023,22.85
Cape Verde,CPV,2024,22.35
Costa Rica,CRI,1990,45.37
Costa Rica,CRI,1991,44.68
Costa Rica,CRI,1992,35.12
Costa Rica,CRI,1993,36.28
Costa Rica,CRI,1994,35.82
Costa Rica,CRI,1995,35.01
Costa Rica,CRI,1996,36.6
Costa Rica,CRI,1997,33.58
Costa Rica,CRI,1998,28.89
Costa Rica,CRI,1999,29.89
Costa Rica,CRI,2000,32.95
Costa Rica,CRI,2001,32.1
Costa Rica,CRI,2002,32.54
Costa Rica,CRI,2003,33.3
Costa Rica,CRI,2004,39.16
Costa Rica,CRI,2005,41.73
Costa Rica,CRI,2006,42.4
Costa Rica,CRI,2007,41.18
Costa Rica,CRI,2008,40.7
Costa Rica,CRI,2009,40.72
Costa Rica,CRI,2010,40.39
Costa Rica,CRI,2011,38.02
Costa Rica,CRI,2012,38.06
Costa Rica,CRI,2013,37.8
Costa Rica,CRI,2014,37.62
Costa Rica,CRI,2015,38.33
Costa Rica,CRI,2016,34.09
Costa Rica,CRI,2017,33.31
Costa Rica,CRI,2018,33.12
Costa Rica,CRI,2019,33.4
Costa Rica,CRI,2020,36.41
Costa Rica,CRI,2021,34.16
Costa Rica,CRI,2022,34.01
Costa Rica,CRI,2023,32.26
Cuba,CUB,1990,37.24
Cuba,CUB,1991,40.47
Cuba,CUB,1992,45.67
Cuba,CUB,1993,40.68
Cuba,CUB,1994,39.59
Cuba,CUB,1995,33.98
Cuba,CUB,1996,35.18
Cuba,CUB,1997,30.41
Cuba,CUB,1998,27.92
Cuba,CUB,1999,27.36
Cuba,CUB,2000,28.22
Cuba,CUB,2001,28.21
Cuba,CUB,2002,27.8
Cuba,CUB,2003,25.45
Cuba,CUB,2004,25.84
Cuba,CUB,2005,17.73
Cuba,CUB,2006,15.84
Cuba,CUB,2007,15.23
Cuba,CUB,2008,15.23
Cuba,CUB,2009,15.83
Cuba,CUB,2010,12.41
Cuba,CUB,2011,15.78
Cuba,CUB,2012,16.33
Cuba,CUB,2013,15.37
Cuba,CUB,2014,20.17
Cuba,CUB,2015,18.44
Cuba,CUB,2016,15.96
Cuba,CUB,2017,19.15
Cuba,CUB,2018,21.36
Cuba,CUB,2019,17.28
Cuba,CUB,2020,18.65
Cuba,CUB,2021,14.73
Cuba,CUB,2022,12.19
Cuba,CUB,2023,9.22
Curacao,CUW,1990,0.0
Curacao,CUW,1991,0.0
Curacao,CUW,1992,0.0
Curacao,CUW,1993,0.18
Curacao,CUW,1994,0.16
Curacao,CUW,1995,0.16
Curacao,CUW,1996,0.16
Curacao,CUW,1997,0.17
Curacao,CUW,1998,0.16
Curacao,CUW,1999,0.15
Curacao,CUW,2000,0.15
Curacao,CUW,2001,1.29
Curacao,CUW,2002,1.24
Curacao,CUW,2003,1.26
Curacao,CUW,2004,1.24
Curacao,CUW,2005,1.23
Curacao,CUW,2006,1.22
Curacao,CUW,2007,1.19
Curacao,CUW,2008,1.04
Curacao,CUW,2009,1.03
Curacao,CUW,2010,1.03
Curacao,CUW,2011,1.03
Curacao,CUW,2012,1.15
Curacao,CUW,2013,2.19
Curacao,CUW,2014,2.62
Curacao,CUW,2015,2.47
Curacao,CUW,2016,2.67
Curacao,CUW,2017,3.49
Curacao,CUW,2018,4.85
Curacao,CUW,2019,4.59
Curacao,CUW,2020,5.06
Curacao,CUW,2021,5.06
Curacao,CUW,2022,4.61
Curacao,CUW,2023,4.11
Cayman Islands,CYM,1990,0.0
Cayman Islands,CYM,1991,0.0
Cayman Islands,CYM,1992,0.0
Cayman Islands,CYM,1993,0.0
Cayman Islands,CYM,1994,0.0
Cayman Islands,CYM,1995,0.0
Cayman Islands,CYM,1996,0.0
Cayman Islands,CYM,1997,0.0
Cayman Islands,CYM,1998,0.0
Cayman Islands,CYM,1999,0.0
Cayman Islands,CYM,2000,0.0
Cayman Islands,CYM,2001,0.0
Cayman Islands,CYM,2002,0.0
Cayman Islands,CYM,2003,0.0
Cayman Islands,CYM,2004,0.0
Cayman Islands,CYM,2005,0.0
Cayman Islands,CYM,2006,0.0
Cayman Islands,CYM,2007,0.0
Cayman Islands,CYM,2008,0.0
Cayman Islands,CYM,2009,0.01
Cayman Islands,CYM,2010,0.01
Cayman Islands,CYM,2011,0.02
Cayman Islands,CYM,2012,0.01
Cayman Islands,CYM,2013,0.01
Cayman Islands,CYM,2014,0.01
Cayman Islands,CYM,2015,0.01
Cayman Islands,CYM,2016,0.01
Cayman Islands,CYM,2017,0.01
Cayman Islands,CYM,2018,0.01
Cayman Islands,CYM,2019,0.0
Cayman Islands,CYM,2020,0.01
Cayman Islands,CYM,2021,0.01
Cayman Islands,CYM,2022,0.0
Cayman Islands,CYM,2023,0.0
Cayman Islands,CYM,2024,0.0
Cyprus,CYP,1990,0.49
Cyprus,CYP,1991,0.36
Cyprus,CYP,1992,0.34
Cyprus,CYP,1993,0.33
Cyprus,CYP,1994,0.72
Cyprus,CYP,1995,3.33
Cyprus,CYP,1996,3.33
Cyprus,CYP,1997,3.27
Cyprus,CYP,1998,3.24
Cyprus,CYP,1999,3.2
Cyprus,CYP,2000,3.08
Cyprus,CYP,2001,3.03
Cyprus,CYP,2002,3.16
Cyprus,CYP,2003,3.24
Cyprus,CYP,2004,3.29
Cyprus,CYP,2005,3.34
Cyprus,CYP,2006,3.5
Cyprus,CYP,2007,4.32
Cyprus,CYP,2008,5.66
Cyprus,CYP,2009,6.29
Cyprus,CYP,2010,6.5
Cyprus,CYP,2011,7.6
Cyprus,CYP,2012,8.6
Cyprus,CYP,2013,9.73
Cyprus,CYP,2014,9.49
Cyprus,CYP,2015,10.41
Cyprus,CYP,2016,10.27
Cyprus,CYP,2017,10.94
Cyprus,CYP,2018,12.02
Cyprus,CYP,2019,11.97
Cyprus,CYP,2020,15.02
Cyprus,CYP,2021,15.58
Cyprus,CYP,2022,15.83
Cyprus,CYP,2023,16.3
Czechia,CZE,1990,3.57
Czechia,CZE,1991,3.98
Czechia,CZE,1992,5.9
Czechia,CZE,1993,5.82
Czechia,CZE,1994,5.91
Czechia,CZE,1995,5.3
Czechia,CZE,1996,5.24
Czechia,CZE,1997,5.65
Czechia,CZE,1998,5.97
Czechia,CZE,1999,6.48
Czechia,CZE,2000,5.94
Czechia,CZE,2001,6.29
Czechia,CZE,2002,7.28
Czechia,CZE,2003,6.72
Czechia,CZE,2004,7.13
Czechia,CZE,2005,7.53
Czechia,CZE,2006,7.88
Czechia,CZE,2007,8.32
Czechia,CZE,2008,8.99
Czechia,CZE,2009,10.25
Czechia,CZE,2010,10.95
Czechia,CZE,2011,12.16
Czechia,CZE,2012,12.8
Czechia,CZE,2013,13.95
Czechia,CZE,2014,14.85
Czechia,CZE,2015,14.83
Czechia,CZE,2016,14.77
Czechia,CZE,2017,14.46
Czechia,CZE,2018,14.71
Czechia,CZE,2019,15.87
Czechia,CZE,2020,16.96
Czechia,CZE,2021,17.1
Czechia,CZE,2022,17.08
Czechia,CZE,2023,17.23
Germany,DEU,1990,2.1
Germany,DEU,1991,1.99
Germany,DEU,1992,2.06
Germany,DEU,1993,2.11
Germany,DEU,1994,2.27
Germany,DEU,1995,2.32
Germany,DEU,1996,2.25
Germany,DEU,1997,2.82
Germany,DEU,1998,3.05
Germany,DEU,1999,3.26
Germany,DEU,2000,3.7
Germany,DEU,2001,3.9
Germany,DEU,2002,4.41
Germany,DEU,2003,5.44
Germany,DEU,2004,6.34
Germany,DEU,2005,7.28
Germany,DEU,2006,8.59
Germany,DEU,2007,10.47
Germany,DEU,2008,10.25
Germany,DEU,2009,10.72
Germany,DEU,2010,11.61
Germany,DEU,2011,12.54
Germany,DEU,2012,13.64
Germany,DEU,2013,13.63
Germany,DEU,2014,14.02
Germany,DEU,2015,14.55
Germany,DEU,2016,14.24
Germany,DEU,2017,15.22
Germany,DEU,2018,16.04
Germany,DEU,2019,17.07
Germany,DEU,2020,18.52
Germany,DEU,2021,17.93
Germany,DEU,2022,19.56
Germany,DEU,2023,21.23
Djibouti,DJI,1990,29.65
Djibouti,DJI,1991,30.14
Djibouti,DJI,1992,30.26
Djibouti,DJI,1993,31.17
Djibouti,DJI,1994,32.41
Djibouti,DJI,1995,32.22
Djibouti,DJI,1996,33.97
Djibouti,DJI,1997,32.04
Djibouti,DJI,1998,29.6
Djibouti,DJI,1999,29.58
Djibouti,DJI,2000,31.44
Djibouti,DJI,2001,31.68
Djibouti,DJI,2002,32.44
Djibouti,DJI,2003,32.88
Djibouti,DJI,2004,33.62
Djibouti,DJI,2005,33.09
Djibouti,DJI,2006,33.01
Djibouti,DJI,2007,32.52
Djibouti,DJI,2008,33.14
Djibouti,DJI,2009,34.38
Djibouti,DJI,2010,32.54
Djibouti,DJI,2011,32.02
Djibouti,DJI,2012,32.28
Djibouti,DJI,2013,29.93
Djibouti,DJI,2014,29.42
Djibouti,DJI,2015,24.75
Djibouti,DJI,2016,23.63
Djibouti,DJI,2017,23.3
Djibouti,DJI,2018,24.95
Djibouti,DJI,2019,24.15
Djibouti,DJI,2020,26.77
Djibouti,DJI,2021,33.58
Djibouti,DJI,2022,38.51
Djibouti,DJI,2023,37.46
Djibouti,DJI,2024,42.5
Dominica,DMA,1990,14.6
Dominica,DMA,1991,14.51
Dominica,DMA,1992,14.49
Dominica,DMA,1993,13.41
Dominica,DMA,1994,13.11
Dominica,DMA,1995,15.65
Dominica,DMA,1996,20.85
Dominica,DMA,1997,15.52
Dominica,DMA,1998,15.01
Dominica,DMA,1999,14.08
Dominica,DMA,2000,11.06
Dominica,DMA,2001,9.41
Dominica,DMA,2002,13.6
Dominica,DMA,2003,10.56
Dominica,DMA,2004,11.4
Dominica,DMA,2005,10.02
Dominica,DMA,2006,9.82
Dominica,DMA,2007,7.75
Dominica,DMA,2008,7.96
Dominica,DMA,2009,7.48
Dominica,DMA,2010,10.28
Dominica,DMA,2011,13.8
Dominica,DMA,2012,11.33
Dominica,DMA,2013,11.41
Dominica,DMA,2014,9.86
Dominica,DMA,2015,8.68
Dominica,DMA,2016,10.74
Dominica,DMA,2017,9.66
Dominica,DMA,2018,7.89
Dominica,DMA,2019,7.59
Dominica,DMA,2020,8.54
Dominica,DMA,2021,8.78
Dominica,DMA,2022,8.86
Dominica,DMA,2023,7.9
Dominica,DMA,2024,8.47
Denmark,DNK,1990,7.05
Denmark,DNK,1991,7.07
Denmark,DNK,1992,7.75
Denmark,DNK,1993,7.7
Denmark,DNK,1994,7.33
Denmark,DNK,1995,7.51
Denmark,DNK,1996,7.26
Denmark,DNK,1997,8.1
Denmark,DNK,1998,8.51
Denmark,DNK,1999,9.06
Denmark,DNK,2000,10.73
Denmark,DNK,2001,11.12
Denmark,DNK,2002,11.86
Denmark,DNK,2003,12.72
Denmark,DNK,2004,14.44
Denmark,DNK,2005,16.12
Denmark,DNK,2006,15.26
Denmark,DNK,2007,17.69
Denmark,DNK,2008,18.54
Denmark,DNK,2009,19.33
Denmark,DNK,2010,21.2
Denmark,DNK,2011,23.83
Denmark,DNK,2012,26.93
Denmark,DNK,2013,27.05
Denmark,DNK,2014,30.19
Denmark,DNK,2015,32.54
Denmark,DNK,2016,31.96
Denmark,DNK,2017,35.03
Denmark,DNK,2018,34.54
Denmark,DNK,2019,37.28
Denmark,DNK,2020,39.38
Denmark,DNK,2021,39.37
Denmark,DNK,2022,38.87
Denmark,DNK,2023,40.59
Dominican Republic,DOM,1990,28.01
Dominican Republic,DOM,1991,28.16
Dominican Republic,DOM,1992,25.35
Dominican Republic,DOM,1993,26.83
Dominican Republic,DOM,1994,24.43
Dominican Republic,DOM,1995,22.33
Dominican Republic,DOM,1996,20.3
Dominican Republic,DOM,1997,18.25
Dominican Republic,DOM,1998,20.42
Dominican Republic,DOM,1999,19.89
Dominican Republic,DOM,2000,19.1
Dominican Republic,DOM,2001,18.88
Dominican Republic,DOM,2002,17.93
Dominican Republic,DOM,2003,18.93
Dominican Republic,DOM,2004,20.66
Dominican Republic,DOM,2005,19.42
Dominican Republic,DOM,2006,17.97
Dominican Republic,DOM,2007,17.88
Dominican Republic,DOM,2008,17.67
Dominican Republic,DOM,2009,17.33
Dominican Republic,DOM,2010,16.9
Dominican Republic,DOM,2011,16.74
Dominican Republic,DOM,2012,16.47
Dominican Republic,DOM,2013,16.54
Dominican Republic,DOM,2014,17.27
Dominican Republic,DOM,2015,14.86
Dominican Republic,DOM,2016,15.3
Dominican Republic,DOM,2017,16.84
Dominican Republic,DOM,2018,15.91
Dominican Republic,DOM,2019,14.45
Dominican Republic,DOM,2020,15.81
Dominican Republic,DOM,2021,14.7
Dominican Republic,DOM,2022,13.39
Dominican Republic,DOM,2023,13.63
Algeria,DZA,1990,0.18
Algeria,DZA,1991,0.32
Algeria,DZA,1992,0.29
Algeria,DZA,1993,0.47
Algeria,DZA,1994,0.4
Algeria,DZA,1995,0.42
Algeria,DZA,1996,0.38
Algeria,DZA,1997,0.47
Algeria,DZA,1998,0.54
Algeria,DZA,1999,0.51
Algeria,DZA,2000,0.43
Algeria,DZA,2001,0.43
Algeria,DZA,2002,0.51
Algeria,DZA,2003,0.47
Algeria,DZA,2004,0.44
Algeria,DZA,2005,0.58
Algeria,DZA,2006,0.4
Algeria,DZA,2007,0.41
Algeria,DZA,2008,0.3
Algeria,DZA,2009,0.31
Algeria,DZA,2010,0.26
Algeria,DZA,2011,0.18
Algeria,DZA,2012,0.18
Algeria,DZA,2013,0.13
Algeria,DZA,2014,0.07
Algeria,DZA,2015,0.06
Algeria,DZA,2016,0.08
Algeria,DZA,2017,0.14
Algeria,DZA,2018,0.19
Algeria,DZA,2019,0.16
Algeria,DZA,2020,0.15
Algeria,DZA,2021,0.11
Algeria,DZA,2022,0.15
Algeria,DZA,2023,0.13
Ecuador,ECU,1990,24.2
Ecuador,ECU,1991,24.17
Ecuador,ECU,1992,20.8
Ecuador,ECU,1993,21.62
Ecuador,ECU,1994,20.85
Ecuador,ECU,1995,20.36
Ecuador,ECU,1996,19.3
Ecuador,ECU,1997,16.55
Ecuador,ECU,1998,18.2
Ecuador,ECU,1999,19.59
Ecuador,ECU,2000,19.43
Ecuador,ECU,2001,17.06
Ecuador,ECU,2002,17.1
Ecuador,ECU,2003,16.5
Ecuador,ECU,2004,16.44
Ecuador,ECU,2005,15.85
Ecuador,ECU,2006,13.87
Ecuador,ECU,2007,15.5
Ecuador,ECU,2008,14.97
Ecuador,ECU,2009,12.62
Ecuador,ECU,2010,11.52
Ecuador,ECU,2011,12.98
Ecuador,ECU,2012,13.0
Ecuador,ECU,2013,11.64
Ecuador,ECU,2014,11.97
Ecuador,ECU,2015,12.82
Ecuador,ECU,2016,14.45
Ecuador,ECU,2017,16.67
Ecuador,ECU,2018,16.31
Ecuador,ECU,2019,17.37
Ecuador,ECU,2020,19.76
Ecuador,ECU,2021,18.39
Ecuador,ECU,2022,16.77
Ecuador,ECU,2023,16.71
Egypt,EGY,1990,9.05
Egypt,EGY,1991,9.43
Egypt,EGY,1992,9.15
Egypt,EGY,1993,9.24
Egypt,EGY,1994,10.05
Egypt,EGY,1995,9.47
Egypt,EGY,1996,9.08
Egypt,EGY,1997,8.65
Egypt,EGY,1998,8.51
Egypt,EGY,1999,8.78
Egypt,EGY,2000,8.28
Egypt,EGY,2001,7.86
Egypt,EGY,2002,7.39
Egypt,EGY,2003,7.49
Egypt,EGY,2004,7.61
Egypt,EGY,2005,6.51
Egypt,EGY,2006,6.25
Egypt,EGY,2007,6.09
Egypt,EGY,2008,5.92
Egypt,EGY,2009,5.69
Egypt,EGY,2010,5.4
Egypt,EGY,2011,5.45
Egypt,EGY,2012,5.32
Egypt,EGY,2013,5.31
Egypt,EGY,2014,5.41
Egypt,EGY,2015,5.3
Egypt,EGY,2016,5.09
Egypt,EGY,2017,4.95
Egypt,EGY,2018,5.05
Egypt,EGY,2019,6.27
Egypt,EGY,2020,6.24
Egypt,EGY,2021,5.67
Egypt,EGY,2022,5.67
Egypt,EGY,2023,5.57
Eritrea,ERI,1990,0.0
Eritrea,ERI,1991,0.0
Eritrea,ERI,1992,89.87
Eritrea,ERI,1993,83.64
Eritrea,ERI,1994,80.1
Eritrea,ERI,1995,77.89
Eritrea,ERI,1996,76.38
Eritrea,ERI,1997,77.6
Eritrea,ERI,1998,75.01
Eritrea,ERI,1999,76.13
Eritrea,ERI,2000,76.79
Eritrea,ERI,2001,74.85
Eritrea,ERI,2002,74.69
Eritrea,ERI,2003,75.05
Eritrea,ERI,2004,69.79
Eritrea,ERI,2005,74.69
Eritrea,ERI,2006,77.29
Eritrea,ERI,2007,79.1
Eritrea,ERI,2008,81.36
Eritrea,ERI,2009,81.65
Eritrea,ERI,2010,80.9
Eritrea,ERI,2011,77.07
Eritrea,ERI,2012,78.42
Eritrea,ERI,2013,79.65
Eritrea,ERI,2014,80.49
Eritrea,ERI,2015,81.19
Eritrea,ERI,2016,81.39
Eritrea,ERI,2017,81.67
Eritrea,ERI,2018,80.84
Eritrea,ERI,2019,80.58
Eritrea,ERI,2020,80.95
Eritrea,ERI,2021,80.6
Eritrea,ERI,2022,79.95
Eritrea,ERI,2023,79.56
Spain,ESP,1990,10.58
Spain,ESP,1991,9.95
Spain,ESP,1992,8.25
Spain,ESP,1993,9.11
Spain,ESP,1994,9.24
Spain,ESP,1995,8.26
Spain,ESP,1996,10.06
Spain,ESP,1997,9.16
Spain,ESP,1998,8.94
Spain,ESP,1999,7.67
Spain,ESP,2000,7.88
Spain,ESP,2001,8.93
Spain,ESP,2002,7.41
Spain,ESP,2003,8.91
Spain,ESP,2004,8.04
Spain,ESP,2005,7.3
Spain,ESP,2006,8.48
Spain,ESP,2007,9.01
Spain,ESP,2008,9.74
Spain,ESP,2009,12.21
Spain,ESP,2010,14.39
Spain,ESP,2011,14.72
Spain,ESP,2012,15.75
Spain,ESP,2013,16.91
Spain,ESP,2014,17.32
Spain,ESP,2015,16.14
Spain,ESP,2016,16.55
Spain,ESP,2017,15.04
Spain,ESP,2018,16.78
Spain,ESP,2019,16.54
Spain,ESP,2020,19.13
Spain,ESP,2021,18.77
Spain,ESP,2022,17.98
Spain,ESP,2023,21.49
Estonia,EST,1990,3.54
Estonia,EST,1991,3.59
Estonia,EST,1992,5.88
Estonia,EST,1993,6.64
Estonia,EST,1994,11.11
Estonia,EST,1995,17.88
Estonia,EST,1996,20.08
Estonia,EST,1997,20.05
Estonia,EST,1998,17.88
Estonia,EST,1999,19.97
Estonia,EST,2000,19.76
Estonia,EST,2001,18.85
Estonia,EST,2002,19.34
Estonia,EST,2003,19.88
Estonia,EST,2004,20.0
Estonia,EST,2005,18.9
Estonia,EST,2006,17.22
Estonia,EST,2007,18.65
Estonia,EST,2008,20.54
Estonia,EST,2009,24.21
Estonia,EST,2010,25.32
Estonia,EST,2011,25.16
Estonia,EST,2012,24.96
Estonia,EST,2013,24.47
Estonia,EST,2014,25.29
Estonia,EST,2015,28.17
Estonia,EST,2016,27.23
Estonia,EST,2017,27.52
Estonia,EST,2018,28.56
Estonia,EST,2019,31.21
Estonia,EST,2020,40.28
Estonia,EST,2021,37.77
Estonia,EST,2022,37.01
Estonia,EST,2023,40.14
Ethiopia,ETH,1990,95.65
Ethiopia,ETH,1991,95.78
Ethiopia,ETH,1992,97.11
Ethiopia,ETH,1993,96.41
Ethiopia,ETH,1994,96.01
Ethiopia,ETH,1995,95.67
Ethiopia,ETH,1996,95.33
Ethiopia,ETH,1997,95.17
Ethiopia,ETH,1998,95.02
Ethiopia,ETH,1999,95.14
Ethiopia,ETH,2000,94.85
Ethiopia,ETH,2001,93.75
Ethiopia,ETH,2002,93.68
Ethiopia,ETH,2003,93.34
Ethiopia,ETH,2004,93.23
Ethiopia,ETH,2005,93.91
Ethiopia,ETH,2006,93.71
Ethiopia,ETH,2007,93.34
Ethiopia,ETH,2008,93.22
Ethiopia,ETH,2009,93.36
Ethiopia,ETH,2010,93.29
Ethiopia,ETH,2011,92.64
Ethiopia,ETH,2012,92.34
Ethiopia,ETH,2013,91.42
Ethiopia,ETH,2014,90.29
Ethiopia,ETH,2015,90.36
Ethiopia,ETH,2016,89.18
Ethiopia,ETH,2017,89.53
Ethiopia,ETH,2018,88.69
Ethiopia,ETH,2019,87.85
Ethiopia,ETH,2020,89.04
Ethiopia,ETH,2021,88.31
Ethiopia,ETH,2022,88.3
Ethiopia,ETH,2023,88.87
Finland,FIN,1990,24.51
Finland,FIN,1991,24.03
Finland,FIN,1992,25.12
Finland,FIN,1993,26.0
Finland,FIN,1994,25.13
Finland,FIN,1995,27.27
Finland,FIN,1996,26.87
Finland,FIN,1997,28.83
Finland,FIN,1998,30.5
Finland,FIN,1999,30.24
Finland,FIN,2000,31.85
Finland,FIN,2001,29.39
Finland,FIN,2002,29.67
Finland,FIN,2003,28.49
Finland,FIN,2004,31.26
Finland,FIN,2005,31.68
Finland,FIN,2006,31.4
Finland,FIN,2007,31.91
Finland,FIN,2008,34.76
Finland,FIN,2009,32.54
Finland,FIN,2010,33.58
Finland,FIN,2011,35.29
Finland,FIN,2012,38.87
Finland,FIN,2013,38.68
Finland,FIN,2014,41.41
Finland,FIN,2015,43.4
Finland,FIN,2016,42.53
Finland,FIN,2017,44.51
Finland,FIN,2018,44.45
Finland,FIN,2019,45.59
Finland,FIN,2020,47.51
Finland,FIN,2021,50.44
Finland,FIN,2022,49.69
Finland,FIN,2023,50.76
Fiji,FJI,1990,57.14
Fiji,FJI,1991,55.48
Fiji,FJI,1992,56.29
Fiji,FJI,1993,57.66
Fiji,FJI,1994,61.96
Fiji,FJI,1995,58.53
Fiji,FJI,1996,57.47
Fiji,FJI,1997,51.91
Fiji,FJI,1998,45.82
Fiji,FJI,1999,54.58
Fiji,FJI,2000,50.5
Fiji,FJI,2001,40.98
Fiji,FJI,2002,49.53
Fiji,FJI,2003,41.53
Fiji,FJI,2004,36.39
Fiji,FJI,2005,40.86
Fiji,FJI,2006,39.88
Fiji,FJI,2007,37.0
Fiji,FJI,2008,43.32
Fiji,FJI,2009,43.19
Fiji,FJI,2010,29.67
Fiji,FJI,2011,35.03
Fiji,FJI,2012,35.1
Fiji,FJI,2013,40.67
Fiji,FJI,2014,37.83
Fiji,FJI,2015,35.04
Fiji,FJI,2016,27.46
Fiji,FJI,2017,27.83
Fiji,FJI,2018,27.84
Fiji,FJI,2019,27.39
Fiji,FJI,2020,26.91
Fiji,FJI,2021,32.99
Fiji,FJI,2022,30.02
Fiji,FJI,2023,26.23
Fiji,FJI,2024,28.47
Falkland Islands,FLK,1990,0.0
Falkland Islands,FLK,1991,0.0
Falkland Islands,FLK,1992,0.0
Falkland Islands,FLK,1993,0.0
Falkland Islands,FLK,1994,0.0
Falkland Islands,FLK,1995,0.0
Falkland Islands,FLK,1996,0.0
Falkland Islands,FLK,1997,0.0
Falkland Islands,FLK,1998,0.0
Falkland Islands,FLK,1999,0.0
Falkland Islands,FLK,2000,0.0
Falkland Islands,FLK,2001,0.0
Falkland Islands,FLK,2002,0.0
Falkland Islands,FLK,2003,0.0
Falkland Islands,FLK,2004,0.0
Falkland Islands,FLK,2005,0.0
Falkland Islands,FLK,2006,0.0
Falkland Islands,FLK,2007,0.0
Falkland Islands,FLK,2008,0.84
Falkland Islands,FLK,2009,1.53
Falkland Islands,FLK,2010,1.53
Falkland Islands,FLK,2011,1.77
Falkland Islands,FLK,2012,1.96
Falkland Islands,FLK,2013,1.79
Falkland Islands,FLK,2014,1.77
Falkland Islands,FLK,2015,1.72
Falkland Islands,FLK,2016,2.02
Falkland Islands,FLK,2017,2.0
Falkland Islands,FLK,2018,1.82
Falkland Islands,FLK,2019,1.75
Falkland Islands,FLK,2020,1.47
Falkland Islands,FLK,2021,1.47
Falkland Islands,FLK,2022,1.56
Falkland Islands,FLK,2023,1.48
Falkland Islands,FLK,2024,1.56
France,FRA,1990,10.49
France,FRA,1991,11.08
France,FRA,1992,11.32
France,FRA,1993,10.9
France,FRA,1994,10.98
France,FRA,1995,10.74
France,FRA,1996,10.54
France,FRA,1997,10.01
France,FRA,1998,9.74
France,FRA,1999,9.8
France,FRA,2000,9.27
France,FRA,2001,9.4
France,FRA,2002,8.68
France,FRA,2003,8.85
France,FRA,2004,8.9
France,FRA,2005,8.61
France,FRA,2006,8.47
France,FRA,2007,9.39
France,FRA,2008,10.54
France,FRA,2009,11.25
France,FRA,2010,11.93
France,FRA,2011,10.73
France,FRA,2012,12.45
France,FRA,2013,13.48
France,FRA,2014,13.31
France,FRA,2015,13.46
France,FRA,2016,14.37
France,FRA,2017,14.26
France,FRA,2018,15.37
France,FRA,2019,15.73
France,FRA,2020,16.95
France,FRA,2021,16.33
France,FRA,2022,17.12
France,FRA,2023,18.4
Faroe Islands,FRO,1990,2.54
Faroe Islands,FRO,1991,2.73
Faroe Islands,FRO,1992,3.11
Faroe Islands,FRO,1993,3.05
Faroe Islands,FRO,1994,3.15
Faroe Islands,FRO,1995,3.21
Faroe Islands,FRO,1996,2.71
Faroe Islands,FRO,1997,3.26
Faroe Islands,FRO,1998,3.14
Faroe Islands,FRO,1999,2.79
Faroe Islands,FRO,2000,2.77
Faroe Islands,FRO,2001,2.56
Faroe Islands,FRO,2002,3.4
Faroe Islands,FRO,2003,3.11
Faroe Islands,FRO,2004,3.42
Faroe Islands,FRO,2005,3.84
Faroe Islands,FRO,2006,4.3
Faroe Islands,FRO,2007,4.54
Faroe Islands,FRO,2008,4.51
Faroe Islands,FRO,2009,5.12
Faroe Islands,FRO,2010,3.38
Faroe Islands,FRO,2011,5.0
Faroe Islands,FRO,2012,4.7
Faroe Islands,FRO,2013,4.53
Faroe Islands,FRO,2014,6.54
Faroe Islands,FRO,2015,7.47
Faroe Islands,FRO,2016,6.32
Faroe Islands,FRO,2017,5.97
Faroe Islands,FRO,2018,5.86
Faroe Islands,FRO,2019,5.41
Faroe Islands,FRO,2020,5.34
Faroe Islands,FRO,2021,5.3
Faroe Islands,FRO,2022,7.76
Faroe Islands,FRO,2023,7.68
Faroe Islands,FRO,2024,9.19
Micronesia (country),FSM,1992,0.95
Micronesia (country),FSM,1993,0.96
Micronesia (country),FSM,1994,0.9
Micronesia (country),FSM,1995,0.79
Micronesia (country),FSM,1996,0.8
Micronesia (country),FSM,1997,0.77
Micronesia (country),FSM,1998,0.8
Micronesia (country),FSM,1999,0.57
Micronesia (country),FSM,2000,1.27
Micronesia (country),FSM,2001,1.41
Micronesia (country),FSM,2002,1.6
Micronesia (country),FSM,2003,0.86
Micronesia (country),FSM,2004,1.02
Micronesia (country),FSM,2005,1.35
Micronesia (country),FSM,2006,1.37
Micronesia (country),FSM,2007,1.19
Micronesia (country),FSM,2008,1.44
Micronesia (country),FSM,2009,1.15
Micronesia (country),FSM,2010,1.95
Micronesia (country),FSM,2011,1.57
Micronesia (country),FSM,2012,1.42
Micronesia (country),FSM,2013,1.41
Micronesia (country),FSM,2014,1.51
Micronesia (country),FSM,2015,1.71
Micronesia (country),FSM,2016,2.31
Micronesia (country),FSM,2017,2.15
Micronesia (country),FSM,2018,2.48
Micronesia (country),FSM,2019,2.69
Micronesia (country),FSM,2020,3.16
Micronesia (country),FSM,2021,3.25
Micronesia (country),FSM,2022,3.21
Micronesia (country),FSM,2023,3.25
Micronesia (country),FSM,2024,3.24
Gabon,GAB,1990,78.28
Gabon,GAB,1991,75.15
Gabon,GAB,1992,74.79
Gabon,GAB,1993,73.81
Gabon,GAB,1994,72.9
Gabon,GAB,1995,71.95
Gabon,GAB,1996,71.49
Gabon,GAB,1997,69.98
Gabon,GAB,1998,69.67
Gabon,GAB,1999,71.35
Gabon,GAB,2000,72.78
Gabon,GAB,2001,72.42
Gabon,GAB,2002,79.82
Gabon,GAB,2003,83.63
Gabon,GAB,2004,85.78
Gabon,GAB,2005,85.25
Gabon,GAB,2006,86.16
Gabon,GAB,2007,87.36
Gabon,GAB,2008,87.32
Gabon,GAB,2009,87.95
Gabon,GAB,2010,85.83
Gabon,GAB,2011,79.71
Gabon,GAB,2012,75.49
Gabon,GAB,2013,82.29
Gabon,GAB,2014,81.59
Gabon,GAB,2015,82.19
Gabon,GAB,2016,81.68
Gabon,GAB,2017,90.42
Gabon,GAB,2018,90.43
Gabon,GAB,2019,90.46
Gabon,GAB,2020,91.21
Gabon,GAB,2021,91.45
Gabon,GAB,2022,91.2
Gabon,GAB,2023,90.88
United Kingdom,GBR,1990,0.65
United Kingdom,GBR,1991,0.61
United Kingdom,GBR,1992,0.84
United Kingdom,GBR,1993,0.78
United Kingdom,GBR,1994,1.02
United Kingdom,GBR,1995,1.06
United Kingdom,GBR,1996,0.94
United Kingdom,GBR,1997,1.03
United Kingdom,GBR,1998,1.03
United Kingdom,GBR,1999,0.95
United Kingdom,GBR,2000,0.96
United Kingdom,GBR,2001,0.85
United Kingdom,GBR,2002,0.97
United Kingdom,GBR,2003,0.93
United Kingdom,GBR,2004,1.14
United Kingdom,GBR,2005,1.35
United Kingdom,GBR,2006,1.55
United Kingdom,GBR,2007,1.84
United Kingdom,GBR,2008,2.44
United Kingdom,GBR,2009,2.97
United Kingdom,GBR,2010,3.17
United Kingdom,GBR,2011,3.98
United Kingdom,GBR,2012,4.2
United Kingdom,GBR,2013,5.23
United Kingdom,GBR,2014,6.58
United Kingdom,GBR,2015,7.71
United Kingdom,GBR,2016,7.78
United Kingdom,GBR,2017,8.85
United Kingdom,GBR,2018,10.16
United Kingdom,GBR,2019,11.59
United Kingdom,GBR,2020,13.67
United Kingdom,GBR,2021,12.47
United Kingdom,GBR,2022,13.75
United Kingdom,GBR,2023,15.23
Georgia,GEO,1990,12.77
Georgia,GEO,1991,14.12
Georgia,GEO,1992,18.54
Georgia,GEO,1993,26.02
Georgia,GEO,1994,22.7
Georgia,GEO,1995,46.4
Georgia,GEO,1996,42.75
Georgia,GEO,1997,44.36
Georgia,GEO,1998,47.53
Georgia,GEO,1999,49.66
Georgia,GEO,2000,47.25
Georgia,GEO,2001,53.15
Georgia,GEO,2002,56.76
Georgia,GEO,2003,55.33
Georgia,GEO,2004,54.53
Georgia,GEO,2005,41.48
Georgia,GEO,2006,37.22
Georgia,GEO,2007,36.22
Georgia,GEO,2008,36.3
Georgia,GEO,2009,36.72
Georgia,GEO,2010,39.15
Georgia,GEO,2011,31.53
Georgia,GEO,2012,28.69
Georgia,GEO,2013,32.41
Georgia,GEO,2014,30.69
Georgia,GEO,2015,27.54
Georgia,GEO,2016,27.18
Georgia,GEO,2017,27.52
Georgia,GEO,2018,27.37
Georgia,GEO,2019,24.69
Georgia,GEO,2020,23.45
Georgia,GEO,2021,25.18
Georgia,GEO,2022,22.53
Georgia,GEO,2023,21.3
Guernsey,GGY,1990,0.0
Guernsey,GGY,1991,0.0
Guernsey,GGY,1992,0.0
Guernsey,GGY,1993,0.0
Guernsey,GGY,1994,0.0
Guernsey,GGY,1995,0.0
Guernsey,GGY,1996,0.0
Guernsey,GGY,1997,0.0
Guernsey,GGY,1998,0.0
Guernsey,GGY,1999,0.0
Guernsey,GGY,2000,0.0
Guernsey,GGY,2001,0.0
Guernsey,GGY,2002,0.0
Guernsey,GGY,2003,0.0
Guernsey,GGY,2004,0.0
Guernsey,GGY,2005,0.0
Guernsey,GGY,2006,0.0
Guernsey,GGY,2007,0.0
Guernsey,GGY,2008,0.0
Guernsey,GGY,2009,0.0
Guernsey,GGY,2010,0.0
Guernsey,GGY,2011,0.0
Guernsey,GGY,2012,0.0
Guernsey,GGY,2013,0.0
Guernsey,GGY,2014,0.0
Guernsey,GGY,2015,0.0
Guernsey,GGY,2016,0.0
Guernsey,GGY,2017,0.0
Guernsey,GGY,2018,0.2
Guernsey,GGY,2019,0.07
Guernsey,GGY,2020,1.59
Guernsey,GGY,2021,1.43
Guernsey,GGY,2022,1.26
Guernsey,GGY,2023,1.32
Guernsey,GGY,2024,2.21
Ghana,GHA,1990,80.63
Ghana,GHA,1991,82.93
Ghana,GHA,1992,81.0
Ghana,GHA,1993,81.3
Ghana,GHA,1994,80.56
Ghana,GHA,1995,79.79
Ghana,GHA,1996,78.83
Ghana,GHA,1997,78.34
Ghana,GHA,1998,73.58
Ghana,GHA,1999,72.79
Ghana,GHA,2000,71.93
Ghana,GHA,2001,69.64
Ghana,GHA,2002,66.01
Ghana,GHA,2003,64.82
Ghana,GHA,2004,62.75
Ghana,GHA,2005,61.8
Ghana,GHA,2006,58.93
Ghana,GHA,2007,54.9
Ghana,GHA,2008,57.73
Ghana,GHA,2009,52.34
Ghana,GHA,2010,52.32
Ghana,GHA,2011,50.5
Ghana,GHA,2012,46.92
Ghana,GHA,2013,46.61
Ghana,GHA,2014,48.11
Ghana,GHA,2015,44.43
Ghana,GHA,2016,45.62
Ghana,GHA,2017,47.68
Ghana,GHA,2018,44.33
Ghana,GHA,2019,43.6
Ghana,GHA,2020,40.4
Ghana,GHA,2021,35.77
Ghana,GHA,2022,39.36
Ghana,GHA,2023,35.24
Gibraltar,GIB,1990,0.0
Gibraltar,GIB,1991,0.0
Gibraltar,GIB,1992,0.0
Gibraltar,GIB,1993,0.0
Gibraltar,GIB,1994,0.0
Gibraltar,GIB,1995,0.0
Gibraltar,GIB,1996,0.0
Gibraltar,GIB,1997,0.0
Gibraltar,GIB,1998,0.0
Gibraltar,GIB,1999,0.0
Gibraltar,GIB,2000,0.0
Gibraltar,GIB,2001,0.0
Gibraltar,GIB,2002,0.0
Gibraltar,GIB,2003,0.0
Gibraltar,GIB,2004,0.0
Gibraltar,GIB,2005,0.0
Gibraltar,GIB,2006,0.0
Gibraltar,GIB,2007,0.0
Gibraltar,GIB,2008,0.0
Gibraltar,GIB,2009,0.0
Gibraltar,GIB,2010,0.0
Gibraltar,GIB,2011,0.0
Gibraltar,GIB,2012,0.0
Gibraltar,GIB,2013,0.0
Gibraltar,GIB,2014,0.0
Gibraltar,GIB,2015,0.0
Gibraltar,GIB,2016,0.0
Gibraltar,GIB,2017,0.0
Gibraltar,GIB,2018,0.0
Gibraltar,GIB,2019,0.0
Gibraltar,GIB,2020,0.0
Gibraltar,GIB,2021,0.0
Gibraltar,GIB,2022,0.0
Gibraltar,GIB,2023,0.0
Guinea,GIN,1990,87.68
Guinea,GIN,1991,87.5
Guinea,GIN,1992,87.21
Guinea,GIN,1993,86.9
Guinea,GIN,1994,86.61
Guinea,GIN,1995,86.33
Guinea,GIN,1996,85.48
Guinea,GIN,1997,84.74
Guinea,GIN,1998,83.72
Guinea,GIN,1999,83.18
Guinea,GIN,2000,82.79
Guinea,GIN,2001,82.21
Guinea,GIN,2002,81.75
Guinea,GIN,2003,81.08
Guinea,GIN,2004,80.94
Guinea,GIN,2005,79.27
Guinea,GIN,2006,78.95
Guinea,GIN,2007,78.3
Guinea,GIN,2008,78.17
Guinea,GIN,2009,77.13
Guinea,GIN,2010,73.72
Guinea,GIN,2011,73.13
Guinea,GIN,2012,75.06
Guinea,GIN,2013,77.64
Guinea,GIN,2014,76.14
Guinea,GIN,2015,75.93
Guinea,GIN,2016,75.35
Guinea,GIN,2017,71.12
Guinea,GIN,2018,69.1
Guinea,GIN,2019,67.66
Guinea,GIN,2020,66.26
Guinea,GIN,2021,67.05
Guinea,GIN,2022,67.47
Guinea,GIN,2023,67.11
Guinea,GIN,2024,66.28
Guadeloupe,GLP,1990,6.75
Guadeloupe,GLP,1991,12.11
Guadeloupe,GLP,1992,9.2
Guadeloupe,GLP,1993,9.47
Guadeloupe,GLP,1994,8.92
Guadeloupe,GLP,1995,8.71
Guadeloupe,GLP,1996,8.84
Guadeloupe,GLP,1997,8.48
Guadeloupe,GLP,1998,2.36
Guadeloupe,GLP,1999,2.51
Guadeloupe,GLP,2000,2.56
Guadeloupe,GLP,2001,2.43
Guadeloupe,GLP,2002,2.77
Guadeloupe,GLP,2003,2.83
Guadeloupe,GLP,2004,3.26
Guadeloupe,GLP,2005,4.18
Guadeloupe,GLP,2006,3.89
Guadeloupe,GLP,2007,4.22
Guadeloupe,GLP,2008,4.23
Guadeloupe,GLP,2009,3.71
Guadeloupe,GLP,2010,3.0
Gambia,GMB,1990,61.98
Gambia,GMB,1991,62.33
Gambia,GMB,1992,63.45
Gambia,GMB,1993,63.27
Gambia,GMB,1994,61.58
Gambia,GMB,1995,60.15
Gambia,GMB,1996,59.65
Gambia,GMB,1997,58.74
Gambia,GMB,1998,57.47
Gambia,GMB,1999,56.32
Gambia,GMB,2000,62.86
Gambia,GMB,2001,59.61
Gambia,GMB,2002,60.97
Gambia,GMB,2003,62.41
Gambia,GMB,2004,61.25
Gambia,GMB,2005,61.71
Gambia,GMB,2006,60.21
Gambia,GMB,2007,57.27
Gambia,GMB,2008,56.28
Gambia,GMB,2009,53.91
Gambia,GMB,2010,56.6
Gambia,GMB,2011,56.24
Gambia,GMB,2012,56.95
Gambia,GMB,2013,59.33
Gambia,GMB,2014,53.17
Gambia,GMB,2015,48.95
Gambia,GMB,2016,48.62
Gambia,GMB,2017,48.02
Gambia,GMB,2018,48.14
Gambia,GMB,2019,47.55
Gambia,GMB,2020,49.93
Gambia,GMB,2021,48.95
Gambia,GMB,2022,48.32
Gambia,GMB,2023,50.97
Gambia,GMB,2024,51.14
Guinea-Bissau,GNB,1990,91.49
Guinea-Bissau,GNB,1991,91.64
Guinea-Bissau,GNB,1992,92.06
Guinea-Bissau,GNB,1993,91.69
Guinea-Bissau,GNB,1994,92.45
Guinea-Bissau,GNB,1995,92.46
Guinea-Bissau,GNB,1996,93.17
Guinea-Bissau,GNB,1997,92.58
Guinea-Bissau,GNB,1998,94.09
Guinea-Bissau,GNB,1999,93.0
Guinea-Bissau,GNB,2000,96.59
Guinea-Bissau,GNB,2001,96.78
Guinea-Bissau,GNB,2002,95.74
Guinea-Bissau,GNB,2003,94.53
Guinea-Bissau,GNB,2004,96.86
Guinea-Bissau,GNB,2005,93.06
Guinea-Bissau,GNB,2006,91.23
Guinea-Bissau,GNB,2007,94.09
Guinea-Bissau,GNB,2008,93.34
Guinea-Bissau,GNB,2009,92.7
Guinea-Bissau,GNB,2010,92.2
Guinea-Bissau,GNB,2011,92.62
Guinea-Bissau,GNB,2012,91.95
Guinea-Bissau,GNB,2013,89.64
Guinea-Bissau,GNB,2014,90.13
Guinea-Bissau,GNB,2015,89.73
Guinea-Bissau,GNB,2016,89.83
Guinea-Bissau,GNB,2017,87.98
Guinea-Bissau,GNB,2018,87.69
Guinea-Bissau,GNB,2019,88.25
Guinea-Bissau,GNB,2020,85.89
Guinea-Bissau,GNB,2021,88.78
Guinea-Bissau,GNB,2022,86.16
Guinea-Bissau,GNB,2023,84.6
Guinea-Bissau,GNB,2024,84.11
Equatorial Guinea,GNQ,1990,84.66
Equatorial Guinea,GNQ,1991,83.85
Equatorial Guinea,GNQ,1992,83.9
Equatorial Guinea,GNQ,1993,81.27
Equatorial Guinea,GNQ,1994,80.55
Equatorial Guinea,GNQ,1995,78.67
Equatorial Guinea,GNQ,1996,73.48
Equatorial Guinea,GNQ,1997,63.59
Equatorial Guinea,GNQ,1998,58.2
Equatorial Guinea,GNQ,1999,54.57
Equatorial Guinea,GNQ,2000,45.59
Equatorial Guinea,GNQ,2001,45.82
Equatorial Guinea,GNQ,2002,31.16
Equatorial Guinea,GNQ,2003,29.21
Equatorial Guinea,GNQ,2004,7.18
Equatorial Guinea,GNQ,2005,7.09
Equatorial Guinea,GNQ,2006,6.99
Equatorial Guinea,GNQ,2007,8.5
Equatorial Guinea,GNQ,2008,7.22
Equatorial Guinea,GNQ,2009,9.27
Equatorial Guinea,GNQ,2010,5.76
Equatorial Guinea,GNQ,2011,5.6
Equatorial Guinea,GNQ,2012,4.43
Equatorial Guinea,GNQ,2013,3.69
Equatorial Guinea,GNQ,2014,4.89
Equatorial Guinea,GNQ,2015,5.55
Equatorial Guinea,GNQ,2016,4.79
Equatorial Guinea,GNQ,2017,5.02
Equatorial Guinea,GNQ,2018,4.86
Equatorial Guinea,GNQ,2019,6.4
Equatorial Guinea,GNQ,2020,5.67
Equatorial Guinea,GNQ,2021,4.68
Equatorial Guinea,GNQ,2022,4.32
Equatorial Guinea,GNQ,2023,4.45
Equatorial Guinea,GNQ,2024,4.53
Greece,GRC,1990,7.81
Greece,GRC,1991,8.32
Greece,GRC,1992,7.9
Greece,GRC,1993,8.0
Greece,GRC,1994,8.04
Greece,GRC,1995,8.31
Greece,GRC,1996,8.21
Greece,GRC,1997,8.0
Greece,GRC,1998,7.56
Greece,GRC,1999,8.01
Greece,GRC,2000,7.82
Greece,GRC,2001,7.11
Greece,GRC,2002,7.33
Greece,GRC,2003,7.6
Greece,GRC,2004,7.85
Greece,GRC,2005,8.0
Greece,GRC,2006,8.51
Greece,GRC,2007,8.05
Greece,GRC,2008,8.32
Greece,GRC,2009,9.18
Greece,GRC,2010,11.38
Greece,GRC,2011,11.38
Greece,GRC,2012,14.17
Greece,GRC,2013,16.61
Greece,GRC,2014,16.41
Greece,GRC,2015,17.47
Greece,GRC,2016,16.42
Greece,GRC,2017,16.4
Greece,GRC,2018,17.87
Greece,GRC,2019,18.54
Greece,GRC,2020,20.09
Greece,GRC,2021,21.47
Greece,GRC,2022,21.01
Greece,GRC,2023,23.29
Grenada,GRD,1990,8.37
Grenada,GRD,1991,8.13
Grenada,GRD,1992,7.76
Grenada,GRD,1993,8.12
Grenada,GRD,1994,7.16
Grenada,GRD,1995,7.44
Grenada,GRD,1996,6.17
Grenada,GRD,1997,8.34
Grenada,GRD,1998,10.15
Grenada,GRD,1999,10.33
Grenada,GRD,2000,10.49
Grenada,GRD,2001,10.42
Grenada,GRD,2002,10.47
Grenada,GRD,2003,10.43
Grenada,GRD,2004,10.56
Grenada,GRD,2005,10.58
Grenada,GRD,2006,10.37
Grenada,GRD,2007,9.89
Grenada,GRD,2008,10.27
Grenada,GRD,2009,10.08
Grenada,GRD,2010,10.37
Grenada,GRD,2011,10.88
Grenada,GRD,2012,10.98
Grenada,GRD,2013,11.11
Grenada,GRD,2014,11.39
Grenada,GRD,2015,11.09
Grenada,GRD,2016,11.0
Grenada,GRD,2017,10.74
Grenada,GRD,2018,10.65
Grenada,GRD,2019,10.36
Grenada,GRD,2020,10.3
Grenada,GRD,2021,10.12
Grenada,GRD,2022,9.48
Grenada,GRD,2023,9.23
Grenada,GRD,2024,9.11
Greenland,GRL,1990,0.5
Greenland,GRL,1991,0.53
Greenland,GRL,1992,0.58
Greenland,GRL,1993,5.3
Greenland,GRL,1994,11.19
Greenland,GRL,1995,10.7
Greenland,GRL,1996,10.5
Greenland,GRL,1997,9.19
Greenland,GRL,1998,9.35
Greenland,GRL,1999,9.39
Greenland,GRL,2000,9.19
Greenland,GRL,2001,8.73
Greenland,GRL,2002,9.48
Greenland,GRL,2003,9.47
Greenland,GRL,2004,6.93
Greenland,GRL,2005,7.21
Greenland,GRL,2006,7.43
Greenland,GRL,2007,6.89
Greenland,GRL,2008,6.86
Greenland,GRL,2009,8.67
Greenland,GRL,2010,8.4
Greenland,GRL,2011,8.38
Greenland,GRL,2012,10.51
Greenland,GRL,2013,11.91
Greenland,GRL,2014,12.48
Greenland,GRL,2015,12.32
Greenland,GRL,2016,12.34
Greenland,GRL,2017,11.19
Greenland,GRL,2018,11.97
Greenland,GRL,2019,11.08
Greenland,GRL,2020,11.33
Greenland,GRL,2021,11.58
Greenland,GRL,2022,11.99
Greenland,GRL,2023,11.73
Greenland,GRL,2024,11.55
Guatemala,GTM,1990,74.95
Guatemala,GTM,1991,74.21
Guatemala,GTM,1992,72.16
Guatemala,GTM,1993,69.79
Guatemala,GTM,1994,68.33
Guatemala,GTM,1995,64.98
Guatemala,GTM,1996,65.57
Guatemala,GTM,1997,65.13
Guatemala,GTM,1998,61.97
Guatemala,GTM,1999,64.54
Guatemala,GTM,2000,62.66
Guatemala,GTM,2001,61.27
Guatemala,GTM,2002,63.77
Guatemala,GTM,2003,64.3
Guatemala,GTM,2004,66.11
Guatemala,GTM,2005,65.25
Guatemala,GTM,2006,64.74
Guatemala,GTM,2007,63.29
Guatemala,GTM,2008,66.52
Guatemala,GTM,2009,65.28
Guatemala,GTM,2010,67.09
Guatemala,GTM,2011,67.1
Guatemala,GTM,2012,67.36
Guatemala,GTM,2013,67.2
Guatemala,GTM,2014,66.26
Guatemala,GTM,2015,63.3
Guatemala,GTM,2016,63.24
Guatemala,GTM,2017,65.12
Guatemala,GTM,2018,64.02
Guatemala,GTM,2019,62.82
Guatemala,GTM,2020,65.46
Guatemala,GTM,2021,62.37
Guatemala,GTM,2022,63.29
Guatemala,GTM,2023,62.49
French Guiana,GUF,1990,5.73
French Guiana,GUF,1991,5.7
French Guiana,GUF,1992,5.73
French Guiana,GUF,1993,6.16
French Guiana,GUF,1994,11.19
French Guiana,GUF,1995,13.46
French Guiana,GUF,1996,18.67
French Guiana,GUF,1997,20.3
French Guiana,GUF,1998,11.26
French Guiana,GUF,1999,23.34
French Guiana,GUF,2000,23.84
French Guiana,GUF,2001,25.92
French Guiana,GUF,2002,30.37
French Guiana,GUF,2003,22.96
French Guiana,GUF,2004,26.4
French Guiana,GUF,2005,28.5
French Guiana,GUF,2006,33.88
French Guiana,GUF,2007,30.67
French Guiana,GUF,2008,35.05
French Guiana,GUF,2009,25.89
French Guiana,GUF,2010,29.4
Guam,GUM,1990,0.52
Guam,GUM,1991,0.48
Guam,GUM,1992,0.48
Guam,GUM,1993,0.44
Guam,GUM,1994,0.42
Guam,GUM,1995,0.44
Guam,GUM,1996,0.42
Guam,GUM,1997,0.41
Guam,GUM,1998,0.44
Guam,GUM,1999,0.41
Guam,GUM,2000,0.41
Guam,GUM,2001,0.41
Guam,GUM,2002,0.45
Guam,GUM,2003,0.5
Guam,GUM,2004,0.46
Guam,GUM,2005,0.45
Guam,GUM,2006,0.45
Guam,GUM,2007,0.45
Guam,GUM,2008,0.45
Guam,GUM,2009,0.46
Guam,GUM,2010,0.47
Guam,GUM,2011,0.49
Guam,GUM,2012,0.53
Guam,GUM,2013,0.59
Guam,GUM,2014,0.67
Guam,GUM,2015,2.32
Guam,GUM,2016,4.38
Guam,GUM,2017,3.9
Guam,GUM,2018,4.49
Guam,GUM,2019,4.47
Guam,GUM,2020,4.58
Guam,GUM,2021,4.5
Guam,GUM,2022,6.52
Guam,GUM,2023,6.48
Guam,GUM,2024,12.53
Guyana,GUY,1990,55.06
Guyana,GUY,1991,41.59
Guyana,GUY,1992,43.17
Guyana,GUY,1993,43.11
Guyana,GUY,1994,32.3
Guyana,GUY,1995,30.96
Guyana,GUY,1996,29.04
Guyana,GUY,1997,27.44
Guyana,GUY,1998,27.62
Guyana,GUY,1999,26.64
Guyana,GUY,2000,30.42
Guyana,GUY,2001,31.03
Guyana,GUY,2002,34.24
Guyana,GUY,2003,34.65
Guyana,GUY,2004,35.51
Guyana,GUY,2005,34.69
Guyana,GUY,2006,36.82
Guyana,GUY,2007,33.14
Guyana,GUY,2008,32.57
Guyana,GUY,2009,31.3
Guyana,GUY,2010,30.62
Guyana,GUY,2011,32.81
Guyana,GUY,2012,28.71
Guyana,GUY,2013,26.85
Guyana,GUY,2014,24.02
Guyana,GUY,2015,24.94
Guyana,GUY,2016,21.41
Guyana,GUY,2017,22.18
Guyana,GUY,2018,16.81
Guyana,GUY,2019,10.94
Guyana,GUY,2020,11.82
Guyana,GUY,2021,12.73
Guyana,GUY,2022,7.95
Guyana,GUY,2023,9.37
Guyana,GUY,2024,8.28
Hong Kong,HKG,1990,0.22
Hong Kong,HKG,1991,0.22
Hong Kong,HKG,1992,0.18
Hong Kong,HKG,1993,0.19
Hong Kong,HKG,1994,0.15
Hong Kong,HKG,1995,0.14
Hong Kong,HKG,1996,0.15
Hong Kong,HKG,1997,0.11
Hong Kong,HKG,1998,0.07
Hong Kong,HKG,1999,0.06
Hong Kong,HKG,2000,0.05
Hong Kong,HKG,2001,0.06
Hong Kong,HKG,2002,0.08
Hong Kong,HKG,2003,0.08
Hong Kong,HKG,2004,0.09
Hong Kong,HKG,2005,0.08
Hong Kong,HKG,2006,0.07
Hong Kong,HKG,2007,0.1
Hong Kong,HKG,2008,0.13
Hong Kong,HKG,2009,0.11
Hong Kong,HKG,2010,0.15
Hong Kong,HKG,2011,0.48
Hong Kong,HKG,2012,0.17
Hong Kong,HKG,2013,0.26
Hong Kong,HKG,2014,0.23
Hong Kong,HKG,2015,0.2
Hong Kong,HKG,2016,0.16
Hong Kong,HKG,2017,0.2
Hong Kong,HKG,2018,0.23
Hong Kong,HKG,2019,0.23
Hong Kong,HKG,2020,0.93
Hong Kong,HKG,2021,1.15
Hong Kong,HKG,2022,1.59
Hong Kong,HKG,2023,1.69
Honduras,HND,1990,70.13
Honduras,HND,1991,70.21
Honduras,HND,1992,67.75
Honduras,HND,1993,66.73
Honduras,HND,1994,63.95
Honduras,HND,1995,62.97
Honduras,HND,1996,62.63
Honduras,HND,1997,65.39
Honduras,HND,1998,62.88
Honduras,HND,1999,53.9
Honduras,HND,2000,55.24
Honduras,HND,2001,50.4
Honduras,HND,2002,49.76
Honduras,HND,2003,47.94
Honduras,HND,2004,46.7
Honduras,HND,2005,51.37
Honduras,HND,2006,52.22
Honduras,HND,2007,50.57
Honduras,HND,2008,49.97
Honduras,HND,2009,50.45
Honduras,HND,2010,53.63
Honduras,HND,2011,50.88
Honduras,HND,2012,49.34
Honduras,HND,2013,49.89
Honduras,HND,2014,52.18
Honduras,HND,2015,50.02
Honduras,HND,2016,51.83
Honduras,HND,2017,45.63
Honduras,HND,2018,48.86
Honduras,HND,2019,46.2
Honduras,HND,2020,48.87
Honduras,HND,2021,44.65
Honduras,HND,2022,44.25
Honduras,HND,2023,40.54
Croatia,HRV,1990,21.65
Croatia,HRV,1991,32.71
Croatia,HRV,1992,29.76
Croatia,HRV,1993,29.85
Croatia,HRV,1994,30.06
Croatia,HRV,1995,30.34
Croatia,HRV,1996,32.64
Croatia,HRV,1997,29.15
Croatia,HRV,1998,28.09
Croatia,HRV,1999,27.78
Croatia,HRV,2000,26.83
Croatia,HRV,2001,26.92
Croatia,HRV,2002,24.64
Croatia,HRV,2003,24.82
Croatia,HRV,2004,26.59
Croatia,HRV,2005,26.8
Croatia,HRV,2006,25.51
Croatia,HRV,2007,22.66
Croatia,HRV,2008,24.15
Croatia,HRV,2009,27.16
Croatia,HRV,2010,29.76
Croatia,HRV,2011,27.17
Croatia,HRV,2012,29.41
Croatia,HRV,2013,32.83
Croatia,HRV,2014,33.61
Croatia,HRV,2015,33.09
Croatia,HRV,2016,31.83
Croatia,HRV,2017,29.79
Croatia,HRV,2018,32.83
Croatia,HRV,2019,31.61
Croatia,HRV,2020,32.37
Croatia,HRV,2021,34.07
Croatia,HRV,2022,30.63
Croatia,HRV,2023,30.21
Haiti,HTI,1990,86.85
Haiti,HTI,1991,87.23
Haiti,HTI,1992,87.4
Haiti,HTI,1993,89.14
Haiti,HTI,1994,96.61
Haiti,HTI,1995,86.69
Haiti,HTI,1996,85.7
Haiti,HTI,1997,84.24
Haiti,HTI,1998,83.0
Haiti,HTI,1999,81.69
Haiti,HTI,2000,80.48
Haiti,HTI,2001,80.53
Haiti,HTI,2002,78.79
Haiti,HTI,2003,78.71
Haiti,HTI,2004,80.78
Haiti,HTI,2005,80.78
Haiti,HTI,2006,81.05
Haiti,HTI,2007,78.92
Haiti,HTI,2008,79.64
Haiti,HTI,2009,80.33
Haiti,HTI,2010,78.51
Haiti,HTI,2011,78.45
Haiti,HTI,2012,81.27
Haiti,HTI,2013,79.51
Haiti,HTI,2014,76.91
Haiti,HTI,2015,75.32
Haiti,HTI,2016,75.33
Haiti,HTI,2017,76.12
Haiti,HTI,2018,74.3
Haiti,HTI,2019,77.17
Haiti,HTI,2020,75.61
Haiti,HTI,2021,73.54
Haiti,HTI,2022,79.15
Haiti,HTI,2023,84.9
Hungary,HUN,1990,3.86
Hungary,HUN,1991,4.28
Hungary,HUN,1992,4.89
Hungary,HUN,1993,5.05
Hungary,HUN,1994,5.11
Hungary,HUN,1995,5.42
Hungary,HUN,1996,5.14
Hungary,HUN,1997,5.23
Hungary,HUN,1998,5.19
Hungary,HUN,1999,5.16
Hungary,HUN,2000,5.17
Hungary,HUN,2001,5.12
Hungary,HUN,2002,5.17
Hungary,HUN,2003,5.01
Hungary,HUN,2004,4.63
Hungary,HUN,2005,7.29
Hungary,HUN,2006,7.86
Hungary,HUN,2007,9.0
Hungary,HUN,2008,8.96
Hungary,HUN,2009,12.29
Hungary,HUN,2010,13.46
Hungary,HUN,2011,14.74
Hungary,HUN,2012,16.47
Hungary,HUN,2013,17.18
Hungary,HUN,2014,15.72
Hungary,HUN,2015,15.6
Hungary,HUN,2016,15.34
Hungary,HUN,2017,14.55
Hungary,HUN,2018,13.6
Hungary,HUN,2019,13.64
Hungary,HUN,2020,14.76
Hungary,HUN,2021,15.27
Hungary,HUN,2022,16.41
Hungary,HUN,2023,18.34
Indonesia,IDN,1990,41.0
Indonesia,IDN,1991,40.13
Indonesia,IDN,1992,39.08
Indonesia,IDN,1993,37.55
Indonesia,IDN,1994,34.83
Indonesia,IDN,1995,32.23
Indonesia,IDN,1996,30.92
Indonesia,IDN,1997,28.74
Indonesia,IDN,1998,29.48
Indonesia,IDN,1999,26.66
Indonesia,IDN,2000,26.15
Indonesia,IDN,2001,24.69
Indonesia,IDN,2002,24.35
Indonesia,IDN,2003,22.71
Indonesia,IDN,2004,21.17
Indonesia,IDN,2005,20.91
Indonesia,IDN,2006,19.85
Indonesia,IDN,2007,19.35
Indonesia,IDN,2008,19.93
Indonesia,IDN,2009,18.3
Indonesia,IDN,2010,18.94
Indonesia,IDN,2011,16.51
Indonesia,IDN,2012,14.5
Indonesia,IDN,2013,14.27
Indonesia,IDN,2014,14.22
Indonesia,IDN,2015,12.59
Indonesia,IDN,2016,14.03
Indonesia,IDN,2017,12.41
Indonesia,IDN,2018,12.92
Indonesia,IDN,2019,13.99
Indonesia,IDN,2020,16.92
Indonesia,IDN,2021,16.87
Indonesia,IDN,2022,16.62
Indonesia,IDN,2023,16.69
Isle of Man,IMN,2002,1.48
Isle of Man,IMN,2003,1.12
Isle of Man,IMN,2004,6.28
Isle of Man,IMN,2005,2.68
Isle of Man,IMN,2006,3.27
Isle of Man,IMN,2007,1.94
Isle of Man,IMN,2008,1.31
Isle of Man,IMN,2009,1.87
Isle of Man,IMN,2010,1.93
Isle of Man,IMN,2011,2.85
Isle of Man,IMN,2012,3.5
Isle of Man,IMN,2013,2.06
Isle of Man,IMN,2014,1.85
Isle of Man,IMN,2015,2.17
Isle of Man,IMN,2016,1.91
Isle of Man,IMN,2017,1.88
Isle of Man,IMN,2018,2.04
Isle of Man,IMN,2019,1.9
Isle of Man,IMN,2020,2.04
Isle of Man,IMN,2021,3.16
Isle of Man,IMN,2022,1.66
Isle of Man,IMN,2023,1.53
Isle of Man,IMN,2024,1.68
India,IND,1990,52.94
India,IND,1991,51.98
India,IND,1992,51.45
India,IND,1993,51.48
India,IND,1994,50.48
India,IND,1995,49.53
India,IND,1996,49.13
India,IND,1997,47.88
India,IND,1998,47.94
India,IND,1999,47.11
India,IND,2000,46.78
India,IND,2001,47.01
India,IND,2002,45.66
India,IND,2003,45.54
India,IND,2004,44.83
India,IND,2005,44.09
India,IND,2006,43.08
India,IND,2007,41.44
India,IND,2008,38.89
India,IND,2009,37.84
India,IND,2010,36.4
India,IND,2011,35.05
India,IND,2012,34.92
India,IND,2013,35.15
India,IND,2014,34.09
India,IND,2015,33.45
India,IND,2016,33.2
India,IND,2017,32.8
India,IND,2018,33.19
India,IND,2019,33.74
India,IND,2020,36.21
India,IND,2021,35.05
India,IND,2022,34.21
India,IND,2023,32.84
Ireland,IRL,1990,2.28
Ireland,IRL,1991,2.23
Ireland,IRL,1992,2.17
Ireland,IRL,1993,2.11
Ireland,IRL,1994,2.18
Ireland,IRL,1995,1.93
Ireland,IRL,1996,1.95
Ireland,IRL,1997,1.91
Ireland,IRL,1998,2.3
Ireland,IRL,1999,2.08
Ireland,IRL,2000,2.04
Ireland,IRL,2001,1.97
Ireland,IRL,2002,2.25
Ireland,IRL,2003,2.02
Ireland,IRL,2004,2.32
Ireland,IRL,2005,2.9
Ireland,IRL,2006,3.28
Ireland,IRL,2007,3.56
Ireland,IRL,2008,4.21
Ireland,IRL,2009,5.32
Ireland,IRL,2010,5.31
Ireland,IRL,2011,7.0
Ireland,IRL,2012,6.94
Ireland,IRL,2013,7.76
Ireland,IRL,2014,8.83
Ireland,IRL,2015,9.58
Ireland,IRL,2016,8.67
Ireland,IRL,2017,10.17
Ireland,IRL,2018,10.89
Ireland,IRL,2019,12.41
Ireland,IRL,2020,13.75
Ireland,IRL,2021,12.66
Ireland,IRL,2022,13.83
Ireland,IRL,2023,16.4
Iran,IRN,1990,1.27
Iran,IRN,1991,1.26
Iran,IRN,1992,1.48
Iran,IRN,1993,1.56
Iran,IRN,1994,1.13
Iran,IRN,1995,1.06
Iran,IRN,1996,1.08
Iran,IRN,1997,0.91
Iran,IRN,1998,0.85
Iran,IRN,1999,0.6
Iran,IRN,2000,0.45
Iran,IRN,2001,0.53
Iran,IRN,2002,0.71
Iran,IRN,2003,0.87
Iran,IRN,2004,0.78
Iran,IRN,2005,1.44
Iran,IRN,2006,1.45
Iran,IRN,2007,1.35
Iran,IRN,2008,0.75
Iran,IRN,2009,0.81
Iran,IRN,2010,0.92
Iran,IRN,2011,0.95
Iran,IRN,2012,0.96
Iran,IRN,2013,1.02
Iran,IRN,2014,0.96
Iran,IRN,2015,0.93
Iran,IRN,2016,1.07
Iran,IRN,2017,1.02
Iran,IRN,2018,1.06
Iran,IRN,2019,1.56
Iran,IRN,2020,1.19
Iran,IRN,2021,0.78
Iran,IRN,2022,0.93
Iran,IRN,2023,0.92
Iraq,IRQ,1990,1.6
Iraq,IRQ,1991,0.75
Iraq,IRQ,1992,0.49
Iraq,IRQ,1993,0.41
Iraq,IRQ,1994,0.37
Iraq,IRQ,1995,0.39
Iraq,IRQ,1996,0.36
Iraq,IRQ,1997,0.38
Iraq,IRQ,1998,0.38
Iraq,IRQ,1999,0.38
Iraq,IRQ,2000,0.36
Iraq,IRQ,2001,0.35
Iraq,IRQ,2002,0.31
Iraq,IRQ,2003,0.35
Iraq,IRQ,2004,0.36
Iraq,IRQ,2005,2.43
Iraq,IRQ,2006,2.56
Iraq,IRQ,2007,2.0
Iraq,IRQ,2008,1.15
Iraq,IRQ,2009,1.21
Iraq,IRQ,2010,1.65
Iraq,IRQ,2011,1.13
Iraq,IRQ,2012,1.29
Iraq,IRQ,2013,1.44
Iraq,IRQ,2014,0.99
Iraq,IRQ,2015,0.81
Iraq,IRQ,2016,0.89
Iraq,IRQ,2017,0.57
Iraq,IRQ,2018,0.41
Iraq,IRQ,2019,0.73
Iraq,IRQ,2020,0.71
Iraq,IRQ,2021,0.57
Iraq,IRQ,2022,0.42
Iraq,IRQ,2023,0.25
Iceland,ISL,1990,54.67
Iceland,ISL,1991,54.79
Iceland,ISL,1992,54.63
Iceland,ISL,1993,54.68
Iceland,ISL,1994,54.16
Iceland,ISL,1995,55.67
Iceland,ISL,1996,52.27
Iceland,ISL,1997,54.9
Iceland,ISL,1998,57.23
Iceland,ISL,1999,59.83
Iceland,ISL,2000,60.68
Iceland,ISL,2001,62.14
Iceland,ISL,2002,61.87
Iceland,ISL,2003,61.9
Iceland,ISL,2004,61.9
Iceland,ISL,2005,62.72
Iceland,ISL,2006,64.2
Iceland,ISL,2007,67.6
Iceland,ISL,2008,73.96
Iceland,ISL,2009,74.68
Iceland,ISL,2010,75.96
Iceland,ISL,2011,77.06
Iceland,ISL,2012,77.69
Iceland,ISL,2013,76.85
Iceland,ISL,2014,77.58
Iceland,ISL,2015,78.03
Iceland,ISL,2016,80.91
Iceland,ISL,2017,80.79
Iceland,ISL,2018,81.36
Iceland,ISL,2019,81.67
Iceland,ISL,2020,82.92
Iceland,ISL,2021,82.43
Iceland,ISL,2022,82.28
Iceland,ISL,2023,82.69
Israel,ISR,1990,5.8
Israel,ISR,1991,6.03
Israel,ISR,1992,6.24
Israel,ISR,1993,5.89
Israel,ISR,1994,5.65
Israel,ISR,1995,5.44
Israel,ISR,1996,5.45
Israel,ISR,1997,5.7
Israel,ISR,1998,6.07
Israel,ISR,1999,5.86
Israel,ISR,2000,5.96
Israel,ISR,2001,6.3
Israel,ISR,2002,6.5
Israel,ISR,2003,6.52
Israel,ISR,2004,6.73
Israel,ISR,2005,7.03
Israel,ISR,2006,6.86
Israel,ISR,2007,6.72
Israel,ISR,2008,8.9
Israel,ISR,2009,8.46
Israel,ISR,2010,8.55
Israel,ISR,2011,9.08
Israel,ISR,2012,2.88
Israel,ISR,2013,3.27
Israel,ISR,2014,3.7
Israel,ISR,2015,3.74
Israel,ISR,2016,3.99
Israel,ISR,2017,3.89
Israel,ISR,2018,3.84
Israel,ISR,2019,4.49
Israel,ISR,2020,5.61
Israel,ISR,2021,6.2
Israel,ISR,2022,6.38
Israel,ISR,2023,7.63
Italy,ITA,1990,3.78
Italy,ITA,1991,4.67
Italy,ITA,1992,4.84
Italy,ITA,1993,4.77
Italy,ITA,1994,5.25
Italy,ITA,1995,4.46
Italy,ITA,1996,4.75
Italy,ITA,1997,4.83
Italy,ITA,1998,4.76
Italy,ITA,1999,5.02
Italy,ITA,2000,5.12
Italy,ITA,2001,5.38
Italy,ITA,2002,5.6
Italy,ITA,2003,6.24
Italy,ITA,2004,5.94
Italy,ITA,2005,6.7
Italy,ITA,2006,7.51
Italy,ITA,2007,8.73
Italy,ITA,2008,10.82
Italy,ITA,2009,12.54
Italy,ITA,2010,12.79
Italy,ITA,2011,11.9
Italy,ITA,2012,14.39
Italy,ITA,2013,16.32
Italy,ITA,2014,17.13
Italy,ITA,2015,16.57
Italy,ITA,2016,16.09
Italy,ITA,2017,16.43
Italy,ITA,2018,17.08
Italy,ITA,2019,17.27
Italy,ITA,2020,18.69
Italy,ITA,2021,17.53
Italy,ITA,2022,16.32
Italy,ITA,2023,18.5
Jamaica,JAM,1990,12.47
Jamaica,JAM,1991,12.37
Jamaica,JAM,1992,13.09
Jamaica,JAM,1993,14.32
Jamaica,JAM,1994,12.63
Jamaica,JAM,1995,13.73
Jamaica,JAM,1996,12.58
Jamaica,JAM,1997,12.93
Jamaica,JAM,1998,10.46
Jamaica,JAM,1999,9.98
Jamaica,JAM,2000,9.34
Jamaica,JAM,2001,7.91
Jamaica,JAM,2002,8.03
Jamaica,JAM,2003,8.14
Jamaica,JAM,2004,6.36
Jamaica,JAM,2005,5.39
Jamaica,JAM,2006,4.79
Jamaica,JAM,2007,5.31
Jamaica,JAM,2008,5.93
Jamaica,JAM,2009,7.42
Jamaica,JAM,2010,8.9
Jamaica,JAM,2011,9.84
Jamaica,JAM,2012,12.16
Jamaica,JAM,2013,11.39
Jamaica,JAM,2014,11.88
Jamaica,JAM,2015,12.12
Jamaica,JAM,2016,11.13
Jamaica,JAM,2017,10.98
Jamaica,JAM,2018,8.88
Jamaica,JAM,2019,9.25
Jamaica,JAM,2020,11.74
Jamaica,JAM,2021,10.49
Jamaica,JAM,2022,8.7
Jamaica,JAM,2023,9.41
Jersey,JEY,1990,0.0
Jersey,JEY,1991,0.0
Jersey,JEY,1992,0.0
Jersey,JEY,1993,0.0
Jersey,JEY,1994,0.0
Jersey,JEY,1995,0.0
Jersey,JEY,1996,0.0
Jersey,JEY,1997,0.0
Jersey,JEY,1998,0.0
Jersey,JEY,1999,0.0
Jersey,JEY,2000,0.0
Jersey,JEY,2001,0.0
Jersey,JEY,2002,2.45
Jersey,JEY,2003,6.91
Jersey,JEY,2004,4.66
Jersey,JEY,2005,7.46
Jersey,JEY,2006,7.36
Jersey,JEY,2007,2.78
Jersey,JEY,2008,7.34
Jersey,JEY,2009,4.3
Jersey,JEY,2010,4.43
Jersey,JEY,2011,14.89
Jersey,JEY,2012,6.89
Jersey,JEY,2013,3.89
Jersey,JEY,2014,6.34
Jersey,JEY,2015,15.9
Jersey,JEY,2016,12.4
Jersey,JEY,2017,17.27
Jersey,JEY,2018,17.73
Jersey,JEY,2019,18.17
Jersey,JEY,2020,19.61
Jersey,JEY,2021,18.74
Jersey,JEY,2022,19.34
Jersey,JEY,2023,19.69
Jersey,JEY,2024,20.22
Jordan,JOR,1990,2.77
Jordan,JOR,1991,2.88
Jordan,JOR,1992,2.53
Jordan,JOR,1993,2.51
Jordan,JOR,1994,2.32
Jordan,JOR,1995,2.21
Jordan,JOR,1996,2.18
Jordan,JOR,1997,2.13
Jordan,JOR,1998,2.19
Jordan,JOR,1999,2.18
Jordan,JOR,2000,2.09
Jordan,JOR,2001,2.12
Jordan,JOR,2002,2.09
Jordan,JOR,2003,1.98
Jordan,JOR,2004,1.83
Jordan,JOR,2005,1.69
Jordan,JOR,2006,2.28
Jordan,JOR,2007,2.32
Jordan,JOR,2008,2.74
Jordan,JOR,2009,2.78
Jordan,JOR,2010,2.95
Jordan,JOR,2011,3.0
Jordan,JOR,2012,2.91
Jordan,JOR,2013,3.12
Jordan,JOR,2014,3.1
Jordan,JOR,2015,3.19
Jordan,JOR,2016,4.67
Jordan,JOR,2017,5.26
Jordan,JOR,2018,7.18
Jordan,JOR,2019,8.04
Jordan,JOR,2020,10.41
Jordan,JOR,2021,11.02
Jordan,JOR,2022,10.72
Jordan,JOR,2023,10.99
Japan,JPN,1990,4.36
Japan,JPN,1991,4.49
Japan,JPN,1992,4.02
Japan,JPN,1993,4.25
Japan,JPN,1994,3.35
Japan,JPN,1995,3.7
Japan,JPN,1996,3.59
Japan,JPN,1997,3.83
Japan,JPN,1998,3.84
Japan,JPN,1999,3.67
Japan,JPN,2000,3.71
Japan,JPN,2001,3.52
Japan,JPN,2002,3.72
Japan,JPN,2003,4.2
Japan,JPN,2004,4.27
Japan,JPN,2005,4.03
Japan,JPN,2006,4.44
Japan,JPN,2007,4.3
Japan,JPN,2008,4.45
Japan,JPN,2009,4.52
Japan,JPN,2010,4.67
Japan,JPN,2011,4.84
Japan,JPN,2012,4.69
Japan,JPN,2013,5.06
Japan,JPN,2014,5.59
Japan,JPN,2015,6.17
Japan,JPN,2016,6.39
Japan,JPN,2017,6.93
Japan,JPN,2018,7.28
Japan,JPN,2019,7.78
Japan,JPN,2020,8.45
Japan,JPN,2021,8.82
Japan,JPN,2022,9.29
Japan,JPN,2023,9.68
Kazakhstan,KAZ,1990,1.41
Kazakhstan,KAZ,1991,1.29
Kazakhstan,KAZ,1992,1.17
Kazakhstan,KAZ,1993,1.34
Kazakhstan,KAZ,1994,1.83
Kazakhstan,KAZ,1995,1.58
Kazakhstan,KAZ,1996,1.63
Kazakhstan,KAZ,1997,1.67
Kazakhstan,KAZ,1998,1.54
Kazakhstan,KAZ,1999,1.79
Kazakhstan,KAZ,2000,2.5
Kazakhstan,KAZ,2001,2.41
Kazakhstan,KAZ,2002,2.77
Kazakhstan,KAZ,2003,2.28
Kazakhstan,KAZ,2004,1.89
Kazakhstan,KAZ,2005,2.09
Kazakhstan,KAZ,2006,2.13
Kazakhstan,KAZ,2007,1.83
Kazakhstan,KAZ,2008,1.24
Kazakhstan,KAZ,2009,1.37
Kazakhstan,KAZ,2010,1.46
Kazakhstan,KAZ,2011,1.4
Kazakhstan,KAZ,2012,1.37
Kazakhstan,KAZ,2013,1.21
Kazakhstan,KAZ,2014,1.33
Kazakhstan,KAZ,2015,1.71
Kazakhstan,KAZ,2016,2.01
Kazakhstan,KAZ,2017,2.0
Kazakhstan,KAZ,2018,1.88
Kazakhstan,KAZ,2019,1.85
Kazakhstan,KAZ,2020,1.78
Kazakhstan,KAZ,2021,1.91
Kazakhstan,KAZ,2022,2.1
Kazakhstan,KAZ,2023,2.13
Kenya,KEN,1990,76.58
Kenya,KEN,1991,77.88
Kenya,KEN,1992,78.43
Kenya,KEN,1993,79.15
Kenya,KEN,1994,79.36
Kenya,KEN,1995,78.15
Kenya,KEN,1996,77.22
Kenya,KEN,1997,78.08
Kenya,KEN,1998,77.87
Kenya,KEN,1999,77.6
Kenya,KEN,2000,76.82
Kenya,KEN,2001,78.38
Kenya,KEN,2002,78.93
Kenya,KEN,2003,81.79
Kenya,KEN,2004,80.53
Kenya,KEN,2005,79.49
Kenya,KEN,2006,78.06
Kenya,KEN,2007,78.62
Kenya,KEN,2008,78.64
Kenya,KEN,2009,76.2
Kenya,KEN,2010,74.71
Kenya,KEN,2011,75.39
Kenya,KEN,2012,76.81
Kenya,KEN,2013,75.46
Kenya,KEN,2014,73.27
Kenya,KEN,2015,70.6
Kenya,KEN,2016,69.53
Kenya,KEN,2017,69.25
Kenya,KEN,2018,68.94
Kenya,KEN,2019,68.33
Kenya,KEN,2020,69.32
Kenya,KEN,2021,67.81
Kenya,KEN,2022,68.29
Kenya,KEN,2023,68.6
Kyrgyzstan,KGZ,1990,7.93
Kyrgyzstan,KGZ,1991,9.02
Kyrgyzstan,KGZ,1992,12.99
Kyrgyzstan,KGZ,1993,16.2
Kyrgyzstan,KGZ,1994,26.51
Kyrgyzstan,KGZ,1995,34.97
Kyrgyzstan,KGZ,1996,29.49
Kyrgyzstan,KGZ,1997,28.74
Kyrgyzstan,KGZ,1998,25.07
Kyrgyzstan,KGZ,1999,34.54
Kyrgyzstan,KGZ,2000,35.16
Kyrgyzstan,KGZ,2001,36.0
Kyrgyzstan,KGZ,2002,28.3
Kyrgyzstan,KGZ,2003,30.51
Kyrgyzstan,KGZ,2004,27.71
Kyrgyzstan,KGZ,2005,28.03
Kyrgyzstan,KGZ,2006,27.76
Kyrgyzstan,KGZ,2007,24.49
Kyrgyzstan,KGZ,2008,22.04
Kyrgyzstan,KGZ,2009,24.73
Kyrgyzstan,KGZ,2010,25.59
Kyrgyzstan,KGZ,2011,25.95
Kyrgyzstan,KGZ,2012,22.45
Kyrgyzstan,KGZ,2013,24.81
Kyrgyzstan,KGZ,2014,26.6
Kyrgyzstan,KGZ,2015,23.51
Kyrgyzstan,KGZ,2016,22.16
Kyrgyzstan,KGZ,2017,24.73
Kyrgyzstan,KGZ,2018,23.39
Kyrgyzstan,KGZ,2019,28.31
Kyrgyzstan,KGZ,2020,30.04
Kyrgyzstan,KGZ,2021,27.63
Kyrgyzstan,KGZ,2022,28.24
Kyrgyzstan,KGZ,2023,29.32
Cambodia,KHM,1990,0.0
Cambodia,KHM,1991,0.0
Cambodia,KHM,1992,0.0
Cambodia,KHM,1993,0.0
Cambodia,KHM,1994,0.0
Cambodia,KHM,1995,82.54
Cambodia,KHM,1996,82.52
Cambodia,KHM,1997,82.21
Cambodia,KHM,1998,81.33
Cambodia,KHM,1999,81.53
Cambodia,KHM,2000,81.58
Cambodia,KHM,2001,80.51
Cambodia,KHM,2002,80.97
Cambodia,KHM,2003,79.92
Cambodia,KHM,2004,80.69
Cambodia,KHM,2005,79.24
Cambodia,KHM,2006,78.01
Cambodia,KHM,2007,74.79
Cambodia,KHM,2008,74.13
Cambodia,KHM,2009,68.02
Cambodia,KHM,2010,64.82
Cambodia,KHM,2011,63.99
Cambodia,KHM,2012,64.37
Cambodia,KHM,2013,65.02
Cambodia,KHM,2014,63.8
Cambodia,KHM,2015,60.07
Cambodia,KHM,2016,57.24
Cambodia,KHM,2017,55.4
Cambodia,KHM,2018,56.94
Cambodia,KHM,2019,51.65
Cambodia,KHM,2020,46.29
Cambodia,KHM,2021,45.8
Cambodia,KHM,2022,45.35
Cambodia,KHM,2023,40.06
Kiribati,KIR,1990,64.04
Kiribati,KIR,1991,63.55
Kiribati,KIR,1992,63.21
Kiribati,KIR,1993,59.26
Kiribati,KIR,1994,59.87
Kiribati,KIR,1995,59.12
Kiribati,KIR,1996,55.34
Kiribati,KIR,1997,57.49
Kiribati,KIR,1998,59.09
Kiribati,KIR,1999,59.81
Kiribati,KIR,2000,54.73
Kiribati,KIR,2001,56.39
Kiribati,KIR,2002,53.05
Kiribati,KIR,2003,50.52
Kiribati,KIR,2004,50.55
Kiribati,KIR,2005,48.51
Kiribati,KIR,2006,48.12
Kiribati,KIR,2007,48.42
Kiribati,KIR,2008,49.74
Kiribati,KIR,2009,50.44
Kiribati,KIR,2010,50.14
Kiribati,KIR,2011,50.51
Kiribati,KIR,2012,48.73
Kiribati,KIR,2013,46.16
Kiribati,KIR,2014,47.98
Kiribati,KIR,2015,47.48
Kiribati,KIR,2016,48.1
Kiribati,KIR,2017,42.51
Kiribati,KIR,2018,42.31
Kiribati,KIR,2019,42.19
Kiribati,KIR,2020,42.38
Kiribati,KIR,2021,42.23
Kiribati,KIR,2022,41.93
Kiribati,KIR,2023,41.81
Kiribati,KIR,2024,41.45
Saint Kitts and Nevis,KNA,1990,39.85
Saint Kitts and Nevis,KNA,1991,33.92
Saint Kitts and Nevis,KNA,1992,33.65
Saint Kitts and Nevis,KNA,1993,38.62
Saint Kitts and Nevis,KNA,1994,41.07
Saint Kitts and Nevis,KNA,1995,36.5
Saint Kitts and Nevis,KNA,1996,30.35
Saint Kitts and Nevis,KNA,1997,33.92
Saint Kitts and Nevis,KNA,1998,31.99
Saint Kitts and Nevis,KNA,1999,27.25
Saint Kitts and Nevis,KNA,2000,26.37
Saint Kitts and Nevis,KNA,2001,25.96
Saint Kitts and Nevis,KNA,2002,24.34
Saint Kitts and Nevis,KNA,2003,26.3
Saint Kitts and Nevis,KNA,2004,21.98
Saint Kitts and Nevis,KNA,2005,25.3
Saint Kitts and Nevis,KNA,2006,0.01
Saint Kitts and Nevis,KNA,2007,0.01
Saint Kitts and Nevis,KNA,2008,0.01
Saint Kitts and Nevis,KNA,2009,0.01
Saint Kitts and Nevis,KNA,2010,0.97
Saint Kitts and Nevis,KNA,2011,0.91
Saint Kitts and Nevis,KNA,2012,1.29
Saint Kitts and Nevis,KNA,2013,1.38
Saint Kitts and Nevis,KNA,2014,1.63
Saint Kitts and Nevis,KNA,2015,1.54
Saint Kitts and Nevis,KNA,2016,1.62
Saint Kitts and Nevis,KNA,2017,1.28
Saint Kitts and Nevis,KNA,2018,1.27
Saint Kitts and Nevis,KNA,2019,1.26
Saint Kitts and Nevis,KNA,2020,1.57
Saint Kitts and Nevis,KNA,2021,1.6
Saint Kitts and Nevis,KNA,2022,1.49
Saint Kitts and Nevis,KNA,2023,1.47
Saint Kitts and Nevis,KNA,2024,1.45
South Korea,KOR,1990,1.59
South Korea,KOR,1991,0.92
South Korea,KOR,1992,0.71
South Korea,KOR,1993,0.69
South Korea,KOR,1994,0.42
South Korea,KOR,1995,0.43
South Korea,KOR,1996,0.6
South Korea,KOR,1997,0.67
South Korea,KOR,1998,0.94
South Korea,KOR,1999,0.77
South Korea,KOR,2000,0.71
South Korea,KOR,2001,0.7
South Korea,KOR,2002,0.71
South Korea,KOR,2003,0.84
South Korea,KOR,2004,0.76
South Korea,KOR,2005,0.86
South Korea,KOR,2006,0.94
South Korea,KOR,2007,1.02
South Korea,KOR,2008,1.06
South Korea,KOR,2009,1.19
South Korea,KOR,2010,1.31
South Korea,KOR,2011,1.31
South Korea,KOR,2012,1.6
South Korea,KOR,2013,1.92
South Korea,KOR,2014,2.91
South Korea,KOR,2015,2.76
South Korea,KOR,2016,2.58
South Korea,KOR,2017,2.82
South Korea,KOR,2018,3.15
South Korea,KOR,2019,3.19
South Korea,KOR,2020,3.53
South Korea,KOR,2021,3.52
South Korea,KOR,2022,4.09
South Korea,KOR,2023,4.37
Kuwait,KWT,1990,0.26
Kuwait,KWT,1991,0.37
Kuwait,KWT,1992,0.25
Kuwait,KWT,1993,0.12
Kuwait,KWT,1994,0.09
Kuwait,KWT,1995,0.17
Kuwait,KWT,1996,0.12
Kuwait,KWT,1997,0.11
Kuwait,KWT,1998,0.1
Kuwait,KWT,1999,0.11
Kuwait,KWT,2000,0.1
Kuwait,KWT,2001,0.1
Kuwait,KWT,2002,0.1
Kuwait,KWT,2003,0.1
Kuwait,KWT,2004,0.03
Kuwait,KWT,2005,0.03
Kuwait,KWT,2006,0.02
Kuwait,KWT,2007,0.02
Kuwait,KWT,2008,0.04
Kuwait,KWT,2009,0.04
Kuwait,KWT,2010,0.03
Kuwait,KWT,2011,0.03
Kuwait,KWT,2012,0.06
Kuwait,KWT,2013,0.09
Kuwait,KWT,2014,0.29
Kuwait,KWT,2015,0.18
Kuwait,KWT,2016,0.23
Kuwait,KWT,2017,0.23
Kuwait,KWT,2018,0.28
Kuwait,KWT,2019,0.12
Kuwait,KWT,2020,0.16
Kuwait,KWT,2021,0.14
Kuwait,KWT,2022,0.13
Kuwait,KWT,2023,0.13
Laos,LAO,1990,83.94
Laos,LAO,1991,83.43
Laos,LAO,1992,82.14
Laos,LAO,1993,81.93
Laos,LAO,1994,81.65
Laos,LAO,1995,81.1
Laos,LAO,1996,80.46
Laos,LAO,1997,80.26
Laos,LAO,1998,82.96
Laos,LAO,1999,83.25
Laos,LAO,2000,81.54
Laos,LAO,2001,81.09
Laos,LAO,2002,80.19
Laos,LAO,2003,78.74
Laos,LAO,2004,73.98
Laos,LAO,2005,73.93
Laos,LAO,2006,69.81
Laos,LAO,2007,70.67
Laos,LAO,2008,69.27
Laos,LAO,2009,66.45
Laos,LAO,2010,64.85
Laos,LAO,2011,63.63
Laos,LAO,2012,62.36
Laos,LAO,2013,58.57
Laos,LAO,2014,58.25
Laos,LAO,2015,53.27
Laos,LAO,2016,51.73
Laos,LAO,2017,50.63
Laos,LAO,2018,50.22
Laos,LAO,2019,54.37
Laos,LAO,2020,56.52
Laos,LAO,2021,57.11
Laos,LAO,2022,56.73
Laos,LAO,2023,56.34
Laos,LAO,2024,54.63
Lebanon,LBN,1990,11.34
Lebanon,LBN,1991,8.53
Lebanon,LBN,1992,8.04
Lebanon,LBN,1993,5.44
Lebanon,LBN,1994,5.34
Lebanon,LBN,1995,4.4
Lebanon,LBN,1996,5.01
Lebanon,LBN,1997,4.38
Lebanon,LBN,1998,5.45
Lebanon,LBN,1999,4.25
Lebanon,LBN,2000,4.87
Lebanon,LBN,2001,4.55
Lebanon,LBN,2002,5.73
Lebanon,LBN,2003,6.98
Lebanon,LBN,2004,6.11
Lebanon,LBN,2005,6.43
Lebanon,LBN,2006,6.44
Lebanon,LBN,2007,7.33
Lebanon,LBN,2008,5.14
Lebanon,LBN,2009,4.31
Lebanon,LBN,2010,5.7
Lebanon,LBN,2011,6.18
Lebanon,LBN,2012,5.56
Lebanon,LBN,2013,5.92
Lebanon,LBN,2014,4.25
Lebanon,LBN,2015,4.17
Lebanon,LBN,2016,3.96
Lebanon,LBN,2017,3.97
Lebanon,LBN,2018,4.74
Lebanon,LBN,2019,5.47
Lebanon,LBN,2020,6.24
Lebanon,LBN,2021,6.85
Lebanon,LBN,2022,14.82
Lebanon,LBN,2023,16.58
Liberia,LBR,1990,89.14
Liberia,LBR,1991,90.11
Liberia,LBR,1992,88.99
Liberia,LBR,1993,87.65
Liberia,LBR,1994,87.07
Liberia,LBR,1995,86.95
Liberia,LBR,1996,87.46
Liberia,LBR,1997,88.1
Liberia,LBR,1998,88.52
Liberia,LBR,1999,90.47
Liberia,LBR,2000,91.34
Liberia,LBR,2001,91.57
Liberia,LBR,2002,91.14
Liberia,LBR,2003,90.35
Liberia,LBR,2004,89.56
Liberia,LBR,2005,87.76
Liberia,LBR,2006,87.59
Liberia,LBR,2007,89.83
Liberia,LBR,2008,91.84
Liberia,LBR,2009,91.81
Liberia,LBR,2010,88.58
Liberia,LBR,2011,87.52
Liberia,LBR,2012,86.6
Liberia,LBR,2013,87.93
Liberia,LBR,2014,91.64
Liberia,LBR,2015,93.12
Liberia,LBR,2016,93.81
Liberia,LBR,2017,94.44
Liberia,LBR,2018,95.14
Liberia,LBR,2019,90.3
Liberia,LBR,2020,93.76
Liberia,LBR,2021,94.69
Liberia,LBR,2022,93.88
Liberia,LBR,2023,92.94
Liberia,LBR,2024,94.35
Libya,LBY,1990,2.71
Libya,LBY,1991,2.62
Libya,LBY,1992,2.51
Libya,LBY,1993,2.36
Libya,LBY,1994,2.1
Libya,LBY,1995,1.96
Libya,LBY,1996,1.91
Libya,LBY,1997,1.95
Libya,LBY,1998,1.98
Libya,LBY,1999,1.9
Libya,LBY,2000,1.89
Libya,LBY,2001,2.73
Libya,LBY,2002,2.68
Libya,LBY,2003,2.67
Libya,LBY,2004,2.59
Libya,LBY,2005,2.49
Libya,LBY,2006,2.65
Libya,LBY,2007,2.81
Libya,LBY,2008,2.67
Libya,LBY,2009,2.44
Libya,LBY,2010,2.31
Libya,LBY,2011,2.87
Libya,LBY,2012,2.2
Libya,LBY,2013,2.0
Libya,LBY,2014,1.93
Libya,LBY,2015,2.4
Libya,LBY,2016,2.3
Libya,LBY,2017,2.39
Libya,LBY,2018,2.45
Libya,LBY,2019,2.47
Libya,LBY,2020,2.72
Libya,LBY,2021,2.53
Libya,LBY,2022,2.49
Libya,LBY,2023,2.43
Saint Lucia,LCA,1990,43.15
Saint Lucia,LCA,1991,41.22
Saint Lucia,LCA,1992,36.67
Saint Lucia,LCA,1993,33.79
Saint Lucia,LCA,1994,30.79
Saint Lucia,LCA,1995,29.71
Saint Lucia,LCA,1996,27.4
Saint Lucia,LCA,1997,27.7
Saint Lucia,LCA,1998,25.14
Saint Lucia,LCA,1999,24.01
Saint Lucia,LCA,2000,24.05
Saint Lucia,LCA,2001,22.23
Saint Lucia,LCA,2002,21.73
Saint Lucia,LCA,2003,20.02
Saint Lucia,LCA,2004,18.43
Saint Lucia,LCA,2005,18.44
Saint Lucia,LCA,2006,16.94
Saint Lucia,LCA,2007,16.26
Saint Lucia,LCA,2008,15.53
Saint Lucia,LCA,2009,15.08
Saint Lucia,LCA,2010,13.22
Saint Lucia,LCA,2011,12.93
Saint Lucia,LCA,2012,12.39
Saint Lucia,LCA,2013,12.1
Saint Lucia,LCA,2014,11.72
Saint Lucia,LCA,2015,11.52
Saint Lucia,LCA,2016,11.17
Saint Lucia,LCA,2017,10.22
Saint Lucia,LCA,2018,10.22
Saint Lucia,LCA,2019,10.05
Saint Lucia,LCA,2020,10.14
Saint Lucia,LCA,2021,9.43
Saint Lucia,LCA,2022,9.36
Saint Lucia,LCA,2023,9.0
Saint Lucia,LCA,2024,8.73
Liechtenstein,LIE,1990,64.8
Liechtenstein,LIE,1991,59.77
Liechtenstein,LIE,1992,57.7
Liechtenstein,LIE,1993,56.07
Liechtenstein,LIE,1994,56.5
Liechtenstein,LIE,1995,55.0
Liechtenstein,LIE,1996,51.81
Liechtenstein,LIE,1997,53.18
Liechtenstein,LIE,1998,52.57
Liechtenstein,LIE,1999,52.04
Liechtenstein,LIE,2000,53.95
Liechtenstein,LIE,2001,51.59
Liechtenstein,LIE,2002,51.26
Liechtenstein,LIE,2003,50.24
Liechtenstein,LIE,2004,50.31
Liechtenstein,LIE,2005,49.87
Liechtenstein,LIE,2006,50.84
Liechtenstein,LIE,2007,53.36
Liechtenstein,LIE,2008,52.96
Liechtenstein,LIE,2009,55.15
Liechtenstein,LIE,2010,52.31
Liechtenstein,LIE,2011,55.26
Liechtenstein,LIE,2012,55.5
Liechtenstein,LIE,2013,53.53
Liechtenstein,LIE,2014,54.97
Liechtenstein,LIE,2015,55.53
Liechtenstein,LIE,2016,55.82
Liechtenstein,LIE,2017,55.33
Liechtenstein,LIE,2018,56.45
Liechtenstein,LIE,2019,55.85
Liechtenstein,LIE,2020,55.11
Liechtenstein,LIE,2021,53.42
Liechtenstein,LIE,2022,56.93
Liechtenstein,LIE,2023,57.34
Liechtenstein,LIE,2024,57.97
Sri Lanka,LKA,1990,78.09
Sri Lanka,LKA,1991,77.97
Sri Lanka,LKA,1992,75.28
Sri Lanka,LKA,1993,74.19
Sri Lanka,LKA,1994,70.59
Sri Lanka,LKA,1995,69.94
Sri Lanka,LKA,1996,64.42
Sri Lanka,LKA,1997,65.91
Sri Lanka,LKA,1998,64.16
Sri Lanka,LKA,1999,63.25
Sri Lanka,LKA,2000,64.16
Sri Lanka,LKA,2001,62.94
Sri Lanka,LKA,2002,62.11
Sri Lanka,LKA,2003,61.31
Sri Lanka,LKA,2004,61.62
Sri Lanka,LKA,2005,60.09
Sri Lanka,LKA,2006,62.18
Sri Lanka,LKA,2007,60.21
Sri Lanka,LKA,2008,61.58
Sri Lanka,LKA,2009,63.52
Sri Lanka,LKA,2010,61.85
Sri Lanka,LKA,2011,56.43
Sri Lanka,LKA,2012,52.86
Sri Lanka,LKA,2013,56.89
Sri Lanka,LKA,2014,54.24
Sri Lanka,LKA,2015,51.28
Sri Lanka,LKA,2016,45.14
Sri Lanka,LKA,2017,45.78
Sri Lanka,LKA,2018,47.9
Sri Lanka,LKA,2019,46.23
Sri Lanka,LKA,2020,49.27
Sri Lanka,LKA,2021,48.84
Sri Lanka,LKA,2022,53.23
Sri Lanka,LKA,2023,55.5
Lesotho,LSO,1990,77.17
Lesotho,LSO,1991,77.14
Lesotho,LSO,1992,76.79
Lesotho,LSO,1993,76.53
Lesotho,LSO,1994,76.39
Lesotho,LSO,1995,76.32
Lesotho,LSO,1996,76.29
Lesotho,LSO,1997,75.86
Lesotho,LSO,1998,76.0
Lesotho,LSO,1999,79.5
Lesotho,LSO,2000,79.17
Lesotho,LSO,2001,79.18
Lesotho,LSO,2002,78.85
Lesotho,LSO,2003,78.79
Lesotho,LSO,2004,78.71
Lesotho,LSO,2005,78.36
Lesotho,LSO,2006,78.78
Lesotho,LSO,2007,78.26
Lesotho,LSO,2008,77.91
Lesotho,LSO,2009,76.82
Lesotho,LSO,2010,76.76
Lesotho,LSO,2011,75.42
Lesotho,LSO,2012,73.19
Lesotho,LSO,2013,72.26
Lesotho,LSO,2014,71.55
Lesotho,LSO,2015,69.25
Lesotho,LSO,2016,67.08
Lesotho,LSO,2017,65.78
Lesotho,LSO,2018,64.5
Lesotho,LSO,2019,63.36
Lesotho,LSO,2020,65.34
Lesotho,LSO,2021,63.43
Lesotho,LSO,2022,57.07
Lesotho,LSO,2023,61.08
Lesotho,LSO,2024,61.54
Lithuania,LTU,1990,3.1
Lithuania,LTU,1991,2.89
Lithuania,LTU,1992,4.61
Lithuania,LTU,1993,8.89
Lithuania,LTU,1994,9.82
Lithuania,LTU,1995,10.34
Lithuania,LTU,1996,11.47
Lithuania,LTU,1997,11.62
Lithuania,LTU,1998,12.93
Lithuania,LTU,1999,14.97
Lithuania,LTU,2000,17.19
Lithuania,LTU,2001,17.59
Lithuania,LTU,2002,17.89
Lithuania,LTU,2003,18.07
Lithuania,LTU,2004,18.07
Lithuania,LTU,2005,17.51
Lithuania,LTU,2006,17.46
Lithuania,LTU,2007,17.06
Lithuania,LTU,2008,18.34
Lithuania,LTU,2009,20.09
Lithuania,LTU,2010,21.46
Lithuania,LTU,2011,22.74
Lithuania,LTU,2012,23.92
Lithuania,LTU,2013,26.34
Lithuania,LTU,2014,27.73
Lithuania,LTU,2015,28.96
Lithuania,LTU,2016,31.47
Lithuania,LTU,2017,33.78
Lithuania,LTU,2018,33.73
Lithuania,LTU,2019,33.54
Lithuania,LTU,2020,31.7
Lithuania,LTU,2021,33.22
Lithuania,LTU,2022,35.8
Lithuania,LTU,2023,37.5
Luxembourg,LUX,1990,1.71
Luxembourg,LUX,1991,1.7
Luxembourg,LUX,1992,2.01
Luxembourg,LUX,1993,1.99
Luxembourg,LUX,1994,2.82
Luxembourg,LUX,1995,4.01
Luxembourg,LUX,1996,3.08
Luxembourg,LUX,1997,4.38
Luxembourg,LUX,1998,6.71
Luxembourg,LUX,1999,5.86
Luxembourg,LUX,2000,6.81
Luxembourg,LUX,2001,3.42
Luxembourg,LUX,2002,1.32
Luxembourg,LUX,2003,1.28
Luxembourg,LUX,2004,1.35
Luxembourg,LUX,2005,1.87
Luxembourg,LUX,2006,2.08
Luxembourg,LUX,2007,3.64
Luxembourg,LUX,2008,3.96
Luxembourg,LUX,2009,3.73
Luxembourg,LUX,2010,3.68
Luxembourg,LUX,2011,3.76
Luxembourg,LUX,2012,4.15
Luxembourg,LUX,2013,5.71
Luxembourg,LUX,2014,6.85
Luxembourg,LUX,2015,9.09
Luxembourg,LUX,2016,13.5
Luxembourg,LUX,2017,15.32
Luxembourg,LUX,2018,16.05
Luxembourg,LUX,2019,16.45
Luxembourg,LUX,2020,20.75
Luxembourg,LUX,2021,20.52
Luxembourg,LUX,2022,23.4
Luxembourg,LUX,2023,24.37
Latvia,LVA,1990,17.57
Latvia,LVA,1991,18.68
Latvia,LVA,1992,21.59
Latvia,LVA,1993,25.38
Latvia,LVA,1994,28.34
Latvia,LVA,1995,32.43
Latvia,LVA,1996,32.03
Latvia,LVA,1997,32.89
Latvia,LVA,1998,35.35
Latvia,LVA,1999,36.33
Latvia,LVA,2000,35.82
Latvia,LVA,2001,35.35
Latvia,LVA,2002,34.38
Latvia,LVA,2003,34.34
Latvia,LVA,2004,36.11
Latvia,LVA,2005,36.3
Latvia,LVA,2006,34.0
Latvia,LVA,2007,33.08
Latvia,LVA,2008,33.71
Latvia,LVA,2009,38.4
Latvia,LVA,2010,33.07
Latvia,LVA,2011,35.54
Latvia,LVA,2012,40.37
Latvia,LVA,2013,39.6
Latvia,LVA,2014,40.24
Latvia,LVA,2015,38.1
Latvia,LVA,2016,38.48
Latvia,LVA,2017,42.6
Latvia,LVA,2018,40.97
Latvia,LVA,2019,41.49
Latvia,LVA,2020,43.75
Latvia,LVA,2021,43.98
Latvia,LVA,2022,47.27
Latvia,LVA,2023,47.36
Macao,MAC,1990,0.83
Macao,MAC,1991,0.81
Macao,MAC,1992,0.7
Macao,MAC,1993,0.62
Macao,MAC,1994,0.59
Macao,MAC,1995,0.57
Macao,MAC,1996,0.46
Macao,MAC,1997,0.21
Macao,MAC,1998,0.22
Macao,MAC,1999,0.21
Macao,MAC,2000,0.19
Macao,MAC,2001,0.89
Macao,MAC,2002,1.38
Macao,MAC,2003,2.43
Macao,MAC,2004,2.52
Macao,MAC,2005,2.28
Macao,MAC,2006,2.84
Macao,MAC,2007,3.42
Macao,MAC,2008,4.66
Macao,MAC,2009,2.97
Macao,MAC,2010,5.49
Macao,MAC,2011,6.37
Macao,MAC,2012,11.13
Macao,MAC,2013,16.61
Macao,MAC,2014,11.45
Macao,MAC,2015,5.41
Macao,MAC,2016,5.38
Macao,MAC,2017,3.87
Macao,MAC,2018,8.43
Macao,MAC,2019,8.43
Macao,MAC,2020,11.03
Macao,MAC,2021,14.46
Macao,MAC,2022,11.53
Macao,MAC,2023,11.52
Macao,MAC,2024,11.06
Saint Martin (French part),MAF,2011,0.01
Saint Martin (French part),MAF,2012,0.01
Saint Martin (French part),MAF,2013,0.17
Saint Martin (French part),MAF,2014,0.19
Saint Martin (French part),MAF,2015,0.3
Saint Martin (French part),MAF,2016,0.22
Saint Martin (French part),MAF,2017,0.03
Saint Martin (French part),MAF,2018,0.01
Saint Martin (French part),MAF,2019,0.04
Saint Martin (French part),MAF,2020,0.1
Saint Martin (French part),MAF,2021,0.12
Saint Martin (French part),MAF,2022,0.14
Saint Martin (French part),MAF,2023,0.15
Saint Martin (French part),MAF,2024,0.17
Morocco,MAR,1990,19.49
Morocco,MAR,1991,19.56
Morocco,MAR,1992,18.14
Morocco,MAR,1993,17.64
Morocco,MAR,1994,17.06
Morocco,MAR,1995,17.17
Morocco,MAR,1996,17.85
Morocco,MAR,1997,17.52
Morocco,MAR,1998,16.88
Morocco,MAR,1999,15.41
Morocco,MAR,2000,15.26
Morocco,MAR,2001,15.12
Morocco,MAR,2002,14.94
Morocco,MAR,2003,15.71
Morocco,MAR,2004,22.36
Morocco,MAR,2005,20.03
Morocco,MAR,2006,18.25
Morocco,MAR,2007,16.58
Morocco,MAR,2008,14.46
Morocco,MAR,2009,14.23
Morocco,MAR,2010,13.93
Morocco,MAR,2011,11.85
Morocco,MAR,2012,10.92
Morocco,MAR,2013,11.59
Morocco,MAR,2014,11.14
Morocco,MAR,2015,11.24
Morocco,MAR,2016,11.07
Morocco,MAR,2017,10.45
Morocco,MAR,2018,10.86
Morocco,MAR,2019,10.57
Morocco,MAR,2020,11.03
Morocco,MAR,2021,10.88
Morocco,MAR,2022,11.03
Morocco,MAR,2023,11.66
Moldova,MDA,1990,1.14
Moldova,MDA,1991,1.62
Moldova,MDA,1992,2.18
Moldova,MDA,1993,2.39
Moldova,MDA,1994,2.58
Moldova,MDA,1995,2.84
Moldova,MDA,1996,3.66
Moldova,MDA,1997,3.85
Moldova,MDA,1998,4.08
Moldova,MDA,1999,4.87
Moldova,MDA,2000,5.72
Moldova,MDA,2001,5.6
Moldova,MDA,2002,5.83
Moldova,MDA,2003,5.92
Moldova,MDA,2004,4.85
Moldova,MDA,2005,4.27
Moldova,MDA,2006,4.98
Moldova,MDA,2007,4.44
Moldova,MDA,2008,4.92
Moldova,MDA,2009,4.84
Moldova,MDA,2010,19.96
Moldova,MDA,2011,20.32
Moldova,MDA,2012,22.08
Moldova,MDA,2013,23.75
Moldova,MDA,2014,24.25
Moldova,MDA,2015,24.66
Moldova,MDA,2016,25.23
Moldova,MDA,2017,26.0
Moldova,MDA,2018,25.25
Moldova,MDA,2019,21.94
Moldova,MDA,2020,22.18
Moldova,MDA,2021,21.34
Moldova,MDA,2022,21.26
Moldova,MDA,2023,23.64
Madagascar,MDG,1990,87.17
Madagascar,MDG,1991,86.56
Madagascar,MDG,1992,86.73
Madagascar,MDG,1993,87.04
Madagascar,MDG,1994,86.02
Madagascar,MDG,1995,86.08
Madagascar,MDG,1996,85.49
Madagascar,MDG,1997,83.1
Madagascar,MDG,1998,82.65
Madagascar,MDG,1999,82.72
Madagascar,MDG,2000,82.17
Madagascar,MDG,2001,84.13
Madagascar,MDG,2002,87.23
Madagascar,MDG,2003,84.79
Madagascar,MDG,2004,84.32
Madagascar,MDG,2005,84.89
Madagascar,MDG,2006,85.9
Madagascar,MDG,2007,86.23
Madagascar,MDG,2008,86.39
Madagascar,MDG,2009,87.21
Madagascar,MDG,2010,86.73
Madagascar,MDG,2011,84.51
Madagascar,MDG,2012,83.31
Madagascar,MDG,2013,81.4
Madagascar,MDG,2014,82.17
Madagascar,MDG,2015,83.92
Madagascar,MDG,2016,83.85
Madagascar,MDG,2017,81.88
Madagascar,MDG,2018,84.17
Madagascar,MDG,2019,82.5
Madagascar,MDG,2020,84.94
Madagascar,MDG,2021,83.85
Madagascar,MDG,2022,83.78
Madagascar,MDG,2023,84.13
Madagascar,MDG,2024,83.44
Maldives,MDV,1990,4.46
Maldives,MDV,1991,4.45
Maldives,MDV,1992,3.13
Maldives,MDV,1993,3.82
Maldives,MDV,1994,4.02
Maldives,MDV,1995,3.32
Maldives,MDV,1996,3.16
Maldives,MDV,1997,2.72
Maldives,MDV,1998,3.03
Maldives,MDV,1999,2.2
Maldives,MDV,2000,2.34
Maldives,MDV,2001,2.27
Maldives,MDV,2002,1.78
Maldives,MDV,2003,2.22
Maldives,MDV,2004,1.67
Maldives,MDV,2005,1.94
Maldives,MDV,2006,1.63
Maldives,MDV,2007,1.51
Maldives,MDV,2008,1.53
Maldives,MDV,2009,1.52
Maldives,MDV,2010,1.36
Maldives,MDV,2011,1.33
Maldives,MDV,2012,1.22
Maldives,MDV,2013,1.26
Maldives,MDV,2014,1.2
Maldives,MDV,2015,1.47
Maldives,MDV,2016,1.25
Maldives,MDV,2017,1.3
Maldives,MDV,2018,1.31
Maldives,MDV,2019,1.2
Maldives,MDV,2020,1.55
Maldives,MDV,2021,1.44
Maldives,MDV,2022,1.29
Maldives,MDV,2023,1.4
Maldives,MDV,2024,1.38
Mexico,MEX,1990,14.27
Mexico,MEX,1991,13.06
Mexico,MEX,1992,13.28
Mexico,MEX,1993,13.15
Mexico,MEX,1994,11.71
Mexico,MEX,1995,13.1
Mexico,MEX,1996,12.91
Mexico,MEX,1997,12.55
Mexico,MEX,1998,12.08
Mexico,MEX,1999,12.57
Mexico,MEX,2000,12.01
Mexico,MEX,2001,11.19
Mexico,MEX,2002,10.55
Mexico,MEX,2003,10.04
Mexico,MEX,2004,10.08
Mexico,MEX,2005,10.18
Mexico,MEX,2006,9.7
Mexico,MEX,2007,9.33
Mexico,MEX,2008,9.65
Mexico,MEX,2009,9.07
Mexico,MEX,2010,9.26
Mexico,MEX,2011,8.97
Mexico,MEX,2012,8.87
Mexico,MEX,2013,9.13
Mexico,MEX,2014,9.64
Mexico,MEX,2015,9.08
Mexico,MEX,2016,9.06
Mexico,MEX,2017,9.86
Mexico,MEX,2018,10.25
Mexico,MEX,2019,10.34
Mexico,MEX,2020,12.14
Mexico,MEX,2021,13.45
Mexico,MEX,2022,11.8
Mexico,MEX,2023,11.06
Marshall Islands,MHL,1992,19.34
Marshall Islands,MHL,1993,19.0
Marshall Islands,MHL,1994,19.44
Marshall Islands,MHL,1995,19.38
Marshall Islands,MHL,1996,19.63
Marshall Islands,MHL,1997,19.69
Marshall Islands,MHL,1998,19.56
Marshall Islands,MHL,1999,19.45
Marshall Islands,MHL,2000,19.57
Marshall Islands,MHL,2001,19.08
Marshall Islands,MHL,2002,18.63
Marshall Islands,MHL,2003,18.56
Marshall Islands,MHL,2004,18.4
Marshall Islands,MHL,2005,18.38
Marshall Islands,MHL,2006,16.96
Marshall Islands,MHL,2007,15.21
Marshall Islands,MHL,2008,14.78
Marshall Islands,MHL,2009,13.96
Marshall Islands,MHL,2010,13.72
Marshall Islands,MHL,2011,12.35
Marshall Islands,MHL,2012,12.03
Marshall Islands,MHL,2013,12.37
Marshall Islands,MHL,2014,12.2
Marshall Islands,MHL,2015,11.77
Marshall Islands,MHL,2016,12.05
Marshall Islands,MHL,2017,12.0
Marshall Islands,MHL,2018,12.08
Marshall Islands,MHL,2019,12.13
Marshall Islands,MHL,2020,12.02
Marshall Islands,MHL,2021,12.11
Marshall Islands,MHL,2022,12.17
Marshall Islands,MHL,2023,12.1
Marshall Islands,MHL,2024,12.11
North Macedonia,MKD,1990,2.41
North Macedonia,MKD,1991,4.42
North Macedonia,MKD,1992,16.01
North Macedonia,MKD,1993,14.85
North Macedonia,MKD,1994,16.58
North Macedonia,MKD,1995,17.8
North Macedonia,MKD,1996,14.21
North Macedonia,MKD,1997,15.9
North Macedonia,MKD,1998,15.07
North Macedonia,MKD,1999,17.68
North Macedonia,MKD,2000,19.38
North Macedonia,MKD,2001,15.17
North Macedonia,MKD,2002,14.63
North Macedonia,MKD,2003,17.29
North Macedonia,MKD,2004,18.2
North Macedonia,MKD,2005,19.03
North Macedonia,MKD,2006,19.8
North Macedonia,MKD,2007,15.71
North Macedonia,MKD,2008,15.61
North Macedonia,MKD,2009,18.43
North Macedonia,MKD,2010,22.3
North Macedonia,MKD,2011,18.62
North Macedonia,MKD,2012,18.27
North Macedonia,MKD,2013,21.16
North Macedonia,MKD,2014,21.19
North Macedonia,MKD,2015,23.91
North Macedonia,MKD,2016,21.37
North Macedonia,MKD,2017,19.0
North Macedonia,MKD,2018,20.87
North Macedonia,MKD,2019,17.05
North Macedonia,MKD,2020,20.02
North Macedonia,MKD,2021,19.69
North Macedonia,MKD,2022,19.22
North Macedonia,MKD,2023,19.45
Mali,MLI,1990,87.23
Mali,MLI,1991,87.6
Mali,MLI,1992,86.89
Mali,MLI,1993,86.56
Mali,MLI,1994,85.6
Mali,MLI,1995,85.1
Mali,MLI,1996,85.39
Mali,MLI,1997,84.56
Mali,MLI,1998,84.84
Mali,MLI,1999,84.57
Mali,MLI,2000,83.47
Mali,MLI,2001,82.1
Mali,MLI,2002,83.58
Mali,MLI,2003,85.78
Mali,MLI,2004,81.51
Mali,MLI,2005,82.31
Mali,MLI,2006,81.63
Mali,MLI,2007,78.86
Mali,MLI,2008,74.98
Mali,MLI,2009,78.67
Mali,MLI,2010,83.97
Mali,MLI,2011,83.04
Mali,MLI,2012,81.44
Mali,MLI,2013,83.0
Mali,MLI,2014,82.15
Mali,MLI,2015,77.62
Mali,MLI,2016,73.15
Mali,MLI,2017,71.08
Mali,MLI,2018,70.41
Mali,MLI,2019,66.74
Mali,MLI,2020,63.25
Mali,MLI,2021,59.24
Mali,MLI,2022,63.44
Mali,MLI,2023,63.42
Mali,MLI,2024,63.2
Malta,MLT,1990,0.0
Malta,MLT,1991,0.0
Malta,MLT,1992,0.0
Malta,MLT,1993,0.0
Malta,MLT,1994,0.0
Malta,MLT,1995,0.0
Malta,MLT,1996,0.0
Malta,MLT,1997,0.0
Malta,MLT,1998,0.0
Malta,MLT,1999,0.0
Malta,MLT,2000,0.0
Malta,MLT,2001,0.0
Malta,MLT,2002,0.09
Malta,MLT,2003,0.1
Malta,MLT,2004,0.12
Malta,MLT,2005,0.14
Malta,MLT,2006,0.17
Malta,MLT,2007,0.2
Malta,MLT,2008,0.22
Malta,MLT,2009,0.26
Malta,MLT,2010,1.22
Malta,MLT,2011,1.97
Malta,MLT,2012,2.67
Malta,MLT,2013,3.24
Malta,MLT,2014,4.48
Malta,MLT,2015,5.98
Malta,MLT,2016,9.24
Malta,MLT,2017,7.27
Malta,MLT,2018,7.56
Malta,MLT,2019,7.43
Malta,MLT,2020,9.21
Malta,MLT,2021,8.3
Malta,MLT,2022,8.42
Malta,MLT,2023,8.76
Myanmar,MMR,1990,90.98
Myanmar,MMR,1991,91.19
Myanmar,MMR,1992,90.89
Myanmar,MMR,1993,89.33
Myanmar,MMR,1994,88.19
Myanmar,MMR,1995,85.51
Myanmar,MMR,1996,84.94
Myanmar,MMR,1997,85.71
Myanmar,MMR,1998,83.91
Myanmar,MMR,1999,83.0
Myanmar,MMR,2000,81.34
Myanmar,MMR,2001,83.64
Myanmar,MMR,2002,83.56
Myanmar,MMR,2003,80.36
Myanmar,MMR,2004,80.76
Myanmar,MMR,2005,80.63
Myanmar,MMR,2006,82.31
Myanmar,MMR,2007,81.56
Myanmar,MMR,2008,86.44
Myanmar,MMR,2009,86.57
Myanmar,MMR,2010,85.49
Myanmar,MMR,2011,84.67
Myanmar,MMR,2012,79.21
Myanmar,MMR,2013,76.77
Myanmar,MMR,2014,73.34
Myanmar,MMR,2015,71.34
Myanmar,MMR,2016,69.65
Myanmar,MMR,2017,60.73
Myanmar,MMR,2018,60.06
Myanmar,MMR,2019,57.43
Myanmar,MMR,2020,58.24
Myanmar,MMR,2021,61.07
Myanmar,MMR,2022,62.45
Myanmar,MMR,2023,60.02
Montenegro,MNE,2005,47.61
Montenegro,MNE,2006,44.83
Montenegro,MNE,2007,42.27
Montenegro,MNE,2008,38.76
Montenegro,MNE,2009,49.16
Montenegro,MNE,2010,49.09
Montenegro,MNE,2011,42.77
Montenegro,MNE,2012,45.86
Montenegro,MNE,2013,49.34
Montenegro,MNE,2014,45.95
Montenegro,MNE,2015,42.96
Montenegro,MNE,2016,43.89
Montenegro,MNE,2017,37.77
Montenegro,MNE,2018,40.6
Montenegro,MNE,2019,38.74
Montenegro,MNE,2020,39.56
Montenegro,MNE,2021,39.64
Montenegro,MNE,2022,35.81
Montenegro,MNE,2023,38.53
Mongolia,MNG,1990,3.35
Mongolia,MNG,1991,2.54
Mongolia,MNG,1992,2.87
Mongolia,MNG,1993,3.15
Mongolia,MNG,1994,3.2
Mongolia,MNG,1995,2.67
Mongolia,MNG,1996,3.06
Mongolia,MNG,1997,2.98
Mongolia,MNG,1998,3.16
Mongolia,MNG,1999,3.04
Mongolia,MNG,2000,7.22
Mongolia,MNG,2001,7.73
Mongolia,MNG,2002,8.43
Mongolia,MNG,2003,7.9
Mongolia,MNG,2004,7.47
Mongolia,MNG,2005,6.86
Mongolia,MNG,2006,6.17
Mongolia,MNG,2007,6.01
Mongolia,MNG,2008,5.95
Mongolia,MNG,2009,5.68
Mongolia,MNG,2010,5.7
Mongolia,MNG,2011,5.14
Mongolia,MNG,2012,3.57
Mongolia,MNG,2013,3.59
Mongolia,MNG,2014,3.89
Mongolia,MNG,2015,4.13
Mongolia,MNG,2016,3.99
Mongolia,MNG,2017,3.72
Mongolia,MNG,2018,3.81
Mongolia,MNG,2019,3.81
Mongolia,MNG,2020,4.74
Mongolia,MNG,2021,4.79
Mongolia,MNG,2022,4.5
Mongolia,MNG,2023,4.04
Northern Mariana Islands,MNP,1992,0.0
Northern Mariana Islands,MNP,1993,0.0
Northern Mariana Islands,MNP,1994,0.0
Northern Mariana Islands,MNP,1995,0.0
Northern Mariana Islands,MNP,1996,0.0
Northern Mariana Islands,MNP,1997,0.0
Northern Mariana Islands,MNP,1998,0.0
Northern Mariana Islands,MNP,1999,0.0
Northern Mariana Islands,MNP,2000,0.0
Northern Mariana Islands,MNP,2001,0.0
Northern Mariana Islands,MNP,2002,0.0
Northern Mariana Islands,MNP,2003,0.0
Northern Mariana Islands,MNP,2004,0.0
Northern Mariana Islands,MNP,2005,0.0
Northern Mariana Islands,MNP,2006,0.0
Northern Mariana Islands,MNP,2007,0.0
Northern Mariana Islands,MNP,2008,0.0
Northern Mariana Islands,MNP,2009,0.0
Northern Mariana Islands,MNP,2010,0.0
Northern Mariana Islands,MNP,2011,0.0
Northern Mariana Islands,MNP,2012,0.0
Northern Mariana Islands,MNP,2013,0.0
Northern Mariana Islands,MNP,2014,0.0
Northern Mariana Islands,MNP,2015,0.0
Northern Mariana Islands,MNP,2016,0.0
Northern Mariana Islands,MNP,2017,0.0
Northern Mariana Islands,MNP,2018,0.0
Northern Mariana Islands,MNP,2019,0.0
Northern Mariana Islands,MNP,2020,0.51
Northern Mariana Islands,MNP,2021,0.67
Northern Mariana Islands,MNP,2022,0.69
Northern Mariana Islands,MNP,2023,0.72
Northern Mariana Islands,MNP,2024,0.87
Mozambique,MOZ,1990,92.99
Mozambique,MOZ,1991,94.2
Mozambique,MOZ,1992,92.99
Mozambique,MOZ,1993,91.82
Mozambique,MOZ,1994,93.08
Mozambique,MOZ,1995,92.76
Mozambique,MOZ,1996,93.07
Mozambique,MOZ,1997,92.6
Mozambique,MOZ,1998,93.99
Mozambique,MOZ,1999,94.19
Mozambique,MOZ,2000,93.64
Mozambique,MOZ,2001,93.01
Mozambique,MOZ,2002,93.22
Mozambique,MOZ,2003,92.73
Mozambique,MOZ,2004,92.94
Mozambique,MOZ,2005,93.67
Mozambique,MOZ,2006,93.06
Mozambique,MOZ,2007,87.53
Mozambique,MOZ,2008,88.11
Mozambique,MOZ,2009,86.12
Mozambique,MOZ,2010,84.89
Mozambique,MOZ,2011,85.43
Mozambique,MOZ,2012,84.52
Mozambique,MOZ,2013,83.12
Mozambique,MOZ,2014,81.19
Mozambique,MOZ,2015,80.06
Mozambique,MOZ,2016,77.38
Mozambique,MOZ,2017,78.15
Mozambique,MOZ,2018,78.96
Mozambique,MOZ,2019,77.47
Mozambique,MOZ,2020,80.15
Mozambique,MOZ,2021,76.88
Mozambique,MOZ,2022,75.76
Mozambique,MOZ,2023,76.13
Mauritania,MRT,1990,47.0
Mauritania,MRT,1991,46.66
Mauritania,MRT,1992,46.42
Mauritania,MRT,1993,46.06
Mauritania,MRT,1994,45.49
Mauritania,MRT,1995,45.25
Mauritania,MRT,1996,43.88
Mauritania,MRT,1997,43.81
Mauritania,MRT,1998,46.01
Mauritania,MRT,1999,43.93
Mauritania,MRT,2000,44.41
Mauritania,MRT,2001,44.18
Mauritania,MRT,2002,42.13
Mauritania,MRT,2003,40.17
Mauritania,MRT,2004,38.59
Mauritania,MRT,2005,38.77
Mauritania,MRT,2006,39.12
Mauritania,MRT,2007,35.63
Mauritania,MRT,2008,35.8
Mauritania,MRT,2009,33.43
Mauritania,MRT,2010,34.0
Mauritania,MRT,2011,33.28
Mauritania,MRT,2012,31.86
Mauritania,MRT,2013,35.08
Mauritania,MRT,2014,30.99
Mauritania,MRT,2015,28.26
Mauritania,MRT,2016,31.72
Mauritania,MRT,2017,25.47
Mauritania,MRT,2018,21.29
Mauritania,MRT,2019,20.93
Mauritania,MRT,2020,20.7
Mauritania,MRT,2021,21.48
Mauritania,MRT,2022,19.12
Mauritania,MRT,2023,20.87
Mauritania,MRT,2024,21.41
Montserrat,MSR,1990,0.0
Montserrat,MSR,1991,0.0
Montserrat,MSR,1992,0.0
Montserrat,MSR,1993,0.0
Montserrat,MSR,1994,0.0
Montserrat,MSR,1995,0.0
Montserrat,MSR,1996,0.0
Montserrat,MSR,1997,0.0
Montserrat,MSR,1998,0.0
Montserrat,MSR,1999,0.0
Montserrat,MSR,2000,0.0
Montserrat,MSR,2001,0.0
Montserrat,MSR,2002,0.0
Montserrat,MSR,2003,0.0
Montserrat,MSR,2004,0.0
Montserrat,MSR,2005,0.0
Montserrat,MSR,2006,0.0
Montserrat,MSR,2007,0.0
Montserrat,MSR,2008,0.0
Montserrat,MSR,2009,0.0
Montserrat,MSR,2010,0.0
Montserrat,MSR,2011,0.0
Montserrat,MSR,2012,0.0
Montserrat,MSR,2013,0.0
Montserrat,MSR,2014,0.0
Montserrat,MSR,2015,0.0
Montserrat,MSR,2016,0.0
Montserrat,MSR,2017,0.0
Montserrat,MSR,2018,0.0
Montserrat,MSR,2019,0.44
Montserrat,MSR,2020,0.72
Montserrat,MSR,2021,0.53
Montserrat,MSR,2022,0.25
Montserrat,MSR,2023,1.96
Montserrat,MSR,2024,1.2
Martinique,MTQ,1990,1.85
Martinique,MTQ,1991,1.9
Martinique,MTQ,1992,1.72
Martinique,MTQ,1993,1.74
Martinique,MTQ,1994,1.7
Martinique,MTQ,1995,1.67
Martinique,MTQ,1996,1.67
Martinique,MTQ,1997,1.56
Martinique,MTQ,1998,1.67
Martinique,MTQ,1999,1.61
Martinique,MTQ,2000,1.68
Martinique,MTQ,2001,1.63
Martinique,MTQ,2002,1.65
Martinique,MTQ,2003,1.68
Martinique,MTQ,2004,1.73
Martinique,MTQ,2005,1.8
Martinique,MTQ,2006,1.82
Martinique,MTQ,2007,2.35
Martinique,MTQ,2008,2.32
Martinique,MTQ,2009,2.44
Martinique,MTQ,2010,2.54
Mauritius,MUS,1990,47.07
Mauritius,MUS,1991,43.35
Mauritius,MUS,1992,43.16
Mauritius,MUS,1993,38.78
Mauritius,MUS,1994,35.43
Mauritius,MUS,1995,38.84
Mauritius,MUS,1996,35.57
Mauritius,MUS,1997,36.45
Mauritius,MUS,1998,33.53
Mauritius,MUS,1999,20.95
Mauritius,MUS,2000,20.42
Mauritius,MUS,2001,20.08
Mauritius,MUS,2002,17.93
Mauritius,MUS,2003,18.9
Mauritius,MUS,2004,19.08
Mauritius,MUS,2005,17.65
Mauritius,MUS,2006,16.41
Mauritius,MUS,2007,15.69
Mauritius,MUS,2008,12.73
Mauritius,MUS,2009,12.78
Mauritius,MUS,2010,12.77
Mauritius,MUS,2011,12.01
Mauritius,MUS,2012,11.45
Mauritius,MUS,2013,11.39
Mauritius,MUS,2014,10.59
Mauritius,MUS,2015,11.49
Mauritius,MUS,2016,10.33
Mauritius,MUS,2017,9.42
Mauritius,MUS,2018,9.19
Mauritius,MUS,2019,8.94
Mauritius,MUS,2020,9.43
Mauritius,MUS,2021,8.61
Mauritius,MUS,2022,7.24
Mauritius,MUS,2023,6.8
Malawi,MWI,1990,88.57
Malawi,MWI,1991,87.92
Malawi,MWI,1992,88.17
Malawi,MWI,1993,88.05
Malawi,MWI,1994,88.33
Malawi,MWI,1995,88.28
Malawi,MWI,1996,88.3
Malawi,MWI,1997,88.36
Malawi,MWI,1998,88.94
Malawi,MWI,1999,88.59
Malawi,MWI,2000,89.72
Malawi,MWI,2001,90.21
Malawi,MWI,2002,90.35
Malawi,MWI,2003,90.23
Malawi,MWI,2004,90.15
Malawi,MWI,2005,90.72
Malawi,MWI,2006,90.75
Malawi,MWI,2007,90.46
Malawi,MWI,2008,89.81
Malawi,MWI,2009,89.79
Malawi,MWI,2010,90.64
Malawi,MWI,2011,90.14
Malawi,MWI,2012,90.35
Malawi,MWI,2013,90.27
Malawi,MWI,2014,91.95
Malawi,MWI,2015,91.24
Malawi,MWI,2016,90.23
Malawi,MWI,2017,89.46
Malawi,MWI,2018,87.58
Malawi,MWI,2019,86.3
Malawi,MWI,2020,86.35
Malawi,MWI,2021,87.31
Malawi,MWI,2022,86.73
Malawi,MWI,2023,85.67
Malawi,MWI,2024,82.91
Malaysia,MYS,1990,8.34
Malaysia,MYS,1991,7.61
Malaysia,MYS,1992,6.92
Malaysia,MYS,1993,6.93
Malaysia,MYS,1994,7.08
Malaysia,MYS,1995,6.32
Malaysia,MYS,1996,5.04
Malaysia,MYS,1997,4.32
Malaysia,MYS,1998,4.73
Malaysia,MYS,1999,5.07
Malaysia,MYS,2000,4.59
Malaysia,MYS,2001,4.44
Malaysia,MYS,2002,3.74
Malaysia,MYS,2003,3.49
Malaysia,MYS,2004,3.38
Malaysia,MYS,2005,3.16
Malaysia,MYS,2006,3.28
Malaysia,MYS,2007,2.99
Malaysia,MYS,2008,3.18
Malaysia,MYS,2009,2.43
Malaysia,MYS,2010,2.11
Malaysia,MYS,2011,2.32
Malaysia,MYS,2012,2.66
Malaysia,MYS,2013,2.88
Malaysia,MYS,2014,3.24
Malaysia,MYS,2015,3.53
Malaysia,MYS,2016,4.55
Malaysia,MYS,2017,5.34
Malaysia,MYS,2018,5.42
Malaysia,MYS,2019,5.76
Malaysia,MYS,2020,7.1
Malaysia,MYS,2021,7.57
Malaysia,MYS,2022,7.78
Malaysia,MYS,2023,8.05
Mayotte,MYT,1990,33.41
Mayotte,MYT,1991,31.42
Mayotte,MYT,1992,29.46
Mayotte,MYT,1993,27.95
Mayotte,MYT,1994,26.55
Mayotte,MYT,1995,25.16
Mayotte,MYT,1996,24.09
Mayotte,MYT,1997,22.78
Mayotte,MYT,1998,21.61
Mayotte,MYT,1999,20.47
Mayotte,MYT,2000,16.17
Mayotte,MYT,2001,15.37
Mayotte,MYT,2002,14.92
Mayotte,MYT,2003,14.14
Mayotte,MYT,2004,13.35
Mayotte,MYT,2005,11.45
Mayotte,MYT,2006,10.97
Mayotte,MYT,2007,10.38
Mayotte,MYT,2008,9.7
Mayotte,MYT,2009,9.45
Mayotte,MYT,2010,9.96
Namibia,NAM,1991,40.86
Namibia,NAM,1992,38.76
Namibia,NAM,1993,36.52
Namibia,NAM,1994,31.15
Namibia,NAM,1995,30.67
Namibia,NAM,1996,30.03
Namibia,NAM,1997,29.1
Namibia,NAM,1998,30.39
Namibia,NAM,1999,31.32
Namibia,NAM,2000,33.25
Namibia,NAM,2001,28.74
Namibia,NAM,2002,32.08
Namibia,NAM,2003,31.72
Namibia,NAM,2004,32.87
Namibia,NAM,2005,32.54
Namibia,NAM,2006,33.63
Namibia,NAM,2007,34.27
Namibia,NAM,2008,29.45
Namibia,NAM,2009,30.66
Namibia,NAM,2010,28.01
Namibia,NAM,2011,29.19
Namibia,NAM,2012,30.02
Namibia,NAM,2013,29.68
Namibia,NAM,2014,29.96
Namibia,NAM,2015,27.63
Namibia,NAM,2016,26.69
Namibia,NAM,2017,28.03
Namibia,NAM,2018,29.14
Namibia,NAM,2019,28.71
Namibia,NAM,2020,29.92
Namibia,NAM,2021,28.51
Namibia,NAM,2022,30.34
Namibia,NAM,2023,30.45
New Caledonia,NCL,1990,10.58
New Caledonia,NCL,1991,7.85
New Caledonia,NCL,1992,7.02
New Caledonia,NCL,1993,5.79
New Caledonia,NCL,1994,5.84
New Caledonia,NCL,1995,4.8
New Caledonia,NCL,1996,7.07
New Caledonia,NCL,1997,8.03
New Caledonia,NCL,1998,8.48
New Caledonia,NCL,1999,9.48
New Caledonia,NCL,2000,7.54
New Caledonia,NCL,2001,6.72
New Caledonia,NCL,2002,5.28
New Caledonia,NCL,2003,4.93
New Caledonia,NCL,2004,5.2
New Caledonia,NCL,2005,5.08
New Caledonia,NCL,2006,4.52
New Caledonia,NCL,2007,5.82
New Caledonia,NCL,2008,7.78
New Caledonia,NCL,2009,6.95
New Caledonia,NCL,2010,4.85
New Caledonia,NCL,2011,5.93
New Caledonia,NCL,2012,6.17
New Caledonia,NCL,2013,6.56
New Caledonia,NCL,2014,4.29
New Caledonia,NCL,2015,5.09
New Caledonia,NCL,2016,3.7
New Caledonia,NCL,2017,5.1
New Caledonia,NCL,2018,4.63
New Caledonia,NCL,2019,5.24
New Caledonia,NCL,2020,6.06
New Caledonia,NCL,2021,8.33
New Caledonia,NCL,2022,9.6
New Caledonia,NCL,2023,9.04
New Caledonia,NCL,2024,12.64
Niger,NER,1990,91.36
Niger,NER,1991,92.14
Niger,NER,1992,92.81
Niger,NER,1993,92.03
Niger,NER,1994,92.57
Niger,NER,1995,93.41
Niger,NER,1996,91.88
Niger,NER,1997,93.54
Niger,NER,1998,93.13
Niger,NER,1999,92.97
Niger,NER,2000,87.62
Niger,NER,2001,87.7
Niger,NER,2002,87.74
Niger,NER,2003,86.97
Niger,NER,2004,86.99
Niger,NER,2005,87.54
Niger,NER,2006,87.43
Niger,NER,2007,86.17
Niger,NER,2008,86.06
Niger,NER,2009,83.25
Niger,NER,2010,80.67
Niger,NER,2011,77.23
Niger,NER,2012,72.71
Niger,NER,2013,78.7
Niger,NER,2014,78.08
Niger,NER,2015,78.88
Niger,NER,2016,80.25
Niger,NER,2017,82.01
Niger,NER,2018,81.97
Niger,NER,2019,80.73
Niger,NER,2020,81.91
Niger,NER,2021,79.6
Niger,NER,2022,77.77
Niger,NER,2023,73.63
Nigeria,NGA,1990,64.76
Nigeria,NGA,1991,61.64
Nigeria,NGA,1992,57.73
Nigeria,NGA,1993,61.1
Nigeria,NGA,1994,65.57
Nigeria,NGA,1995,64.23
Nigeria,NGA,1996,62.6
Nigeria,NGA,1997,59.64
Nigeria,NGA,1998,62.97
Nigeria,NGA,1999,62.75
Nigeria,NGA,2000,60.23
Nigeria,NGA,2001,57.62
Nigeria,NGA,2002,57.96
Nigeria,NGA,2003,54.7
Nigeria,NGA,2004,56.64
Nigeria,NGA,2005,56.55
Nigeria,NGA,2006,60.01
Nigeria,NGA,2007,62.66
Nigeria,NGA,2008,60.03
Nigeria,NGA,2009,65.11
Nigeria,NGA,2010,61.26
Nigeria,NGA,2011,57.96
Nigeria,NGA,2012,58.45
Nigeria,NGA,2013,54.14
Nigeria,NGA,2014,49.53
Nigeria,NGA,2015,51.89
Nigeria,NGA,2016,51.6
Nigeria,NGA,2017,52.59
Nigeria,NGA,2018,51.49
Nigeria,NGA,2019,50.46
Nigeria,NGA,2020,53.32
Nigeria,NGA,2021,51.31
Nigeria,NGA,2022,50.77
Nigeria,NGA,2023,52.67
Nicaragua,NIC,1990,68.83
Nicaragua,NIC,1991,70.59
Nicaragua,NIC,1992,67.17
Nicaragua,NIC,1993,67.65
Nicaragua,NIC,1994,64.57
Nicaragua,NIC,1995,64.59
Nicaragua,NIC,1996,63.92
Nicaragua,NIC,1997,62.8
Nicaragua,NIC,1998,60.47
Nicaragua,NIC,1999,59.44
Nicaragua,NIC,2000,58.42
Nicaragua,NIC,2001,56.66
Nicaragua,NIC,2002,54.54
Nicaragua,NIC,2003,51.49
Nicaragua,NIC,2004,51.17
Nicaragua,NIC,2005,52.76
Nicaragua,NIC,2006,53.29
Nicaragua,NIC,2007,52.61
Nicaragua,NIC,2008,53.77
Nicaragua,NIC,2009,54.56
Nicaragua,NIC,2010,54.44
Nicaragua,NIC,2011,53.3
Nicaragua,NIC,2012,53.27
Nicaragua,NIC,2013,54.28
Nicaragua,NIC,2014,53.02
Nicaragua,NIC,2015,50.0
Nicaragua,NIC,2016,49.53
Nicaragua,NIC,2017,48.91
Nicaragua,NIC,2018,51.31
Nicaragua,NIC,2019,50.46
Nicaragua,NIC,2020,52.25
Nicaragua,NIC,2021,50.36
Nicaragua,NIC,2022,49.82
Nicaragua,NIC,2023,51.61
Niue,NIU,1990,0.57
Niue,NIU,1991,0.57
Niue,NIU,1992,1.84
Niue,NIU,1993,0.56
Niue,NIU,1994,0.56
Niue,NIU,1995,0.6
Niue,NIU,1996,0.6
Niue,NIU,1997,0.6
Niue,NIU,1998,0.61
Niue,NIU,1999,0.61
Niue,NIU,2000,0.6
Niue,NIU,2001,0.58
Niue,NIU,2002,0.63
Niue,NIU,2003,0.71
Niue,NIU,2004,0.79
Niue,NIU,2005,0.83
Niue,NIU,2006,0.79
Niue,NIU,2007,0.96
Niue,NIU,2008,0.57
Niue,NIU,2009,0.86
Niue,NIU,2010,1.38
Niue,NIU,2011,1.27
Niue,NIU,2012,1.19
Niue,NIU,2013,1.17
Niue,NIU,2014,1.16
Niue,NIU,2015,1.11
Niue,NIU,2016,1.05
Niue,NIU,2017,1.07
Niue,NIU,2018,3.02
Niue,NIU,2019,2.96
Niue,NIU,2020,3.04
Niue,NIU,2021,2.95
Niue,NIU,2022,2.76
Niue,NIU,2023,2.72
Niue,NIU,2024,2.72
Netherlands,NLD,1990,1.18
Netherlands,NLD,1991,1.15
Netherlands,NLD,1992,1.19
Netherlands,NLD,1993,1.19
Netherlands,NLD,1994,1.24
Netherlands,NLD,1995,1.25
Netherlands,NLD,1996,1.27
Netherlands,NLD,1997,1.48
Netherlands,NLD,1998,1.55
Netherlands,NLD,1999,1.63
Netherlands,NLD,2000,1.73
Netherlands,NLD,2001,1.76
Netherlands,NLD,2002,1.91
Netherlands,NLD,2003,1.9
Netherlands,NLD,2004,2.22
Netherlands,NLD,2005,2.74
Netherlands,NLD,2006,3.11
Netherlands,NLD,2007,3.68
Netherlands,NLD,2008,3.94
Netherlands,NLD,2009,4.38
Netherlands,NLD,2010,3.85
Netherlands,NLD,2011,4.69
Netherlands,NLD,2012,4.9
Netherlands,NLD,2013,4.96
Netherlands,NLD,2014,5.57
Netherlands,NLD,2015,5.78
Netherlands,NLD,2016,5.63
Netherlands,NLD,2017,6.4
Netherlands,NLD,2018,7.44
Netherlands,NLD,2019,8.59
Netherlands,NLD,2020,10.69
Netherlands,NLD,2021,12.23
Netherlands,NLD,2022,14.35
Netherlands,NLD,2023,15.91
Norway,NOR,1990,59.17
Norway,NOR,1991,60.78
Norway,NOR,1992,61.37
Norway,NOR,1993,61.09
Norway,NOR,1994,60.39
Norway,NOR,1995,60.04
Norway,NOR,1996,57.85
Norway,NOR,1997,58.83
Norway,NOR,1998,59.51
Norway,NOR,1999,59.41
Norway,NOR,2000,60.18
Norway,NOR,2001,59.59
Norway,NOR,2002,59.47
Norway,NOR,2003,56.23
Norway,NOR,2004,56.85
Norway,NOR,2005,58.56
Norway,NOR,2006,57.02
Norway,NOR,2007,57.36
Norway,NOR,2008,58.45
Norway,NOR,2009,56.68
Norway,NOR,2010,56.0
Norway,NOR,2011,55.98
Norway,NOR,2012,56.94
Norway,NOR,2013,56.6
Norway,NOR,2014,55.74
Norway,NOR,2015,56.54
Norway,NOR,2016,57.68
Norway,NOR,2017,58.85
Norway,NOR,2018,58.91
Norway,NOR,2019,59.7
Norway,NOR,2020,60.81
Norway,NOR,2021,61.67
Norway,NOR,2022,60.28
Norway,NOR,2023,61.03
Nepal,NPL,1990,95.12
Nepal,NPL,1991,94.19
Nepal,NPL,1992,94.16
Nepal,NPL,1993,93.55
Nepal,NPL,1994,92.38
Nepal,NPL,1995,91.73
Nepal,NPL,1996,91.52
Nepal,NPL,1997,90.71
Nepal,NPL,1998,90.49
Nepal,NPL,1999,88.05
Nepal,NPL,2000,88.29
Nepal,NPL,2001,87.76
Nepal,NPL,2002,89.94
Nepal,NPL,2003,89.44
Nepal,NPL,2004,90.3
Nepal,NPL,2005,89.52
Nepal,NPL,2006,91.25
Nepal,NPL,2007,91.31
Nepal,NPL,2008,90.47
Nepal,NPL,2009,88.93
Nepal,NPL,2010,87.29
Nepal,NPL,2011,86.95
Nepal,NPL,2012,84.72
Nepal,NPL,2013,86.02
Nepal,NPL,2014,84.04
Nepal,NPL,2015,85.23
Nepal,NPL,2016,79.45
Nepal,NPL,2017,76.76
Nepal,NPL,2018,74.97
Nepal,NPL,2019,78.25
Nepal,NPL,2020,73.09
Nepal,NPL,2021,71.84
Nepal,NPL,2022,74.68
Nepal,NPL,2023,74.02
Nauru,NRU,1990,0.0
Nauru,NRU,1991,0.0
Nauru,NRU,1992,0.0
Nauru,NRU,1993,0.0
Nauru,NRU,1994,0.0
Nauru,NRU,1995,0.0
Nauru,NRU,1996,0.0
Nauru,NRU,1997,0.0
Nauru,NRU,1998,0.0
Nauru,NRU,1999,0.0
Nauru,NRU,2000,0.0
Nauru,NRU,2001,0.0
Nauru,NRU,2002,0.0
Nauru,NRU,2003,0.0
Nauru,NRU,2004,0.0
Nauru,NRU,2005,0.0
Nauru,NRU,2006,0.07
Nauru,NRU,2007,0.08
Nauru,NRU,2008,0.08
Nauru,NRU,2009,0.04
Nauru,NRU,2010,0.03
Nauru,NRU,2011,0.05
Nauru,NRU,2012,0.07
Nauru,NRU,2013,0.06
Nauru,NRU,2014,0.05
Nauru,NRU,2015,0.1
Nauru,NRU,2016,0.18
Nauru,NRU,2017,0.6
Nauru,NRU,2018,0.66
Nauru,NRU,2019,0.59
Nauru,NRU,2020,1.34
Nauru,NRU,2021,2.33
Nauru,NRU,2022,2.58
Nauru,NRU,2023,2.57
Nauru,NRU,2024,2.67
New Zealand,NZL,1990,27.96
New Zealand,NZL,1991,27.58
New Zealand,NZL,1992,25.62
New Zealand,NZL,1993,27.28
New Zealand,NZL,1994,28.18
New Zealand,NZL,1995,28.72
New Zealand,NZL,1996,27.67
New Zealand,NZL,1997,25.9
New Zealand,NZL,1998,27.29
New Zealand,NZL,1999,26.42
New Zealand,NZL,2000,26.39
New Zealand,NZL,2001,24.59
New Zealand,NZL,2002,26.53
New Zealand,NZL,2003,25.88
New Zealand,NZL,2004,28.2
New Zealand,NZL,2005,26.76
New Zealand,NZL,2006,26.98
New Zealand,NZL,2007,26.97
New Zealand,NZL,2008,26.11
New Zealand,NZL,2009,28.37
New Zealand,NZL,2010,29.29
New Zealand,NZL,2011,30.2
New Zealand,NZL,2012,28.64
New Zealand,NZL,2013,28.06
New Zealand,NZL,2014,28.83
New Zealand,NZL,2015,29.08
New Zealand,NZL,2016,30.05
New Zealand,NZL,2017,28.19
New Zealand,NZL,2018,28.52
New Zealand,NZL,2019,27.75
New Zealand,NZL,2020,28.18
New Zealand,NZL,2021,28.66
New Zealand,NZL,2022,30.78
New Zealand,NZL,2023,30.32
Oman,OMN,1990,0.0
Oman,OMN,1991,0.0
Oman,OMN,1992,0.0
Oman,OMN,1993,0.0
Oman,OMN,1994,0.0
Oman,OMN,1995,0.0
Oman,OMN,1996,0.0
Oman,OMN,1997,0.0
Oman,OMN,1998,0.0
Oman,OMN,1999,0.0
Oman,OMN,2000,0.0
Oman,OMN,2001,0.0
Oman,OMN,2002,0.0
Oman,OMN,2003,0.0
Oman,OMN,2004,0.0
Oman,OMN,2005,0.0
Oman,OMN,2006,0.0
Oman,OMN,2007,0.0
Oman,OMN,2008,0.0
Oman,OMN,2009,0.0
Oman,OMN,2010,0.0
Oman,OMN,2011,0.0
Oman,OMN,2012,0.0
Oman,OMN,2013,0.0
Oman,OMN,2014,0.0
Oman,OMN,2015,0.0
Oman,OMN,2016,0.0
Oman,OMN,2017,0.01
Oman,OMN,2018,0.01
Oman,OMN,2019,0.01
Oman,OMN,2020,0.12
Oman,OMN,2021,0.14
Oman,OMN,2022,0.4
Oman,OMN,2023,0.41
Pakistan,PAK,1990,57.5
Pakistan,PAK,1991,58.09
Pakistan,PAK,1992,55.98
Pakistan,PAK,1993,54.15
Pakistan,PAK,1994,54.2
Pakistan,PAK,1995,53.13
Pakistan,PAK,1996,52.17
Pakistan,PAK,1997,51.94
Pakistan,PAK,1998,51.61
Pakistan,PAK,1999,50.24
Pakistan,PAK,2000,51.16
Pakistan,PAK,2001,51.79
Pakistan,PAK,2002,51.66
Pakistan,PAK,2003,50.32
Pakistan,PAK,2004,48.14
Pakistan,PAK,2005,48.14
Pakistan,PAK,2006,47.17
Pakistan,PAK,2007,44.94
Pakistan,PAK,2008,46.71
Pakistan,PAK,2009,46.5
Pakistan,PAK,2010,47.49
Pakistan,PAK,2011,46.84
Pakistan,PAK,2012,47.2
Pakistan,PAK,2013,48.0
Pakistan,PAK,2014,46.93
Pakistan,PAK,2015,45.21
Pakistan,PAK,2016,42.08
Pakistan,PAK,2017,39.59
Pakistan,PAK,2018,40.06
Pakistan,PAK,2019,41.6
Pakistan,PAK,2020,37.86
Pakistan,PAK,2021,38.42
Pakistan,PAK,2022,43.36
Pakistan,PAK,2023,44.14
Panama,PAN,1990,43.02
Panama,PAN,1991,40.7
Panama,PAN,1992,39.67
Panama,PAN,1993,39.88
Panama,PAN,1994,37.78
Panama,PAN,1995,34.76
Panama,PAN,1996,36.83
Panama,PAN,1997,36.53
Panama,PAN,1998,31.44
Panama,PAN,1999,33.72
Panama,PAN,2000,27.67
Panama,PAN,2001,24.04
Panama,PAN,2002,28.71
Panama,PAN,2003,27.45
Panama,PAN,2004,28.21
Panama,PAN,2005,22.77
Panama,PAN,2006,22.09
Panama,PAN,2007,22.79
Panama,PAN,2008,23.36
Panama,PAN,2009,20.37
Panama,PAN,2010,20.65
Panama,PAN,2011,19.73
Panama,PAN,2012,21.25
Panama,PAN,2013,20.71
Panama,PAN,2014,19.8
Panama,PAN,2015,21.95
Panama,PAN,2016,22.14
Panama,PAN,2017,23.65
Panama,PAN,2018,24.49
Panama,PAN,2019,18.88
Panama,PAN,2020,28.13
Panama,PAN,2021,26.39
Panama,PAN,2022,25.4
Panama,PAN,2023,21.03
Peru,PER,1990,39.43
Peru,PER,1991,39.92
Peru,PER,1992,37.31
Peru,PER,1993,37.08
Peru,PER,1994,35.94
Peru,PER,1995,33.28
Peru,PER,1996,31.72
Peru,PER,1997,31.74
Peru,PER,1998,39.38
Peru,PER,1999,36.69
Peru,PER,2000,39.1
Peru,PER,2001,41.69
Peru,PER,2002,40.72
Peru,PER,2003,41.48
Peru,PER,2004,38.53
Peru,PER,2005,38.57
Peru,PER,2006,39.0
Peru,PER,2007,36.11
Peru,PER,2008,33.87
Peru,PER,2009,33.11
Peru,PER,2010,32.35
Peru,PER,2011,30.67
Peru,PER,2012,30.89
Peru,PER,2013,28.32
Peru,PER,2014,28.49
Peru,PER,2015,27.48
Peru,PER,2016,27.0
Peru,PER,2017,27.35
Peru,PER,2018,27.91
Peru,PER,2019,27.17
Peru,PER,2020,31.72
Peru,PER,2021,28.31
Peru,PER,2022,26.1
Peru,PER,2023,25.83
Philippines,PHL,1990,49.51
Philippines,PHL,1991,51.29
Philippines,PHL,1992,47.72
Philippines,PHL,1993,44.08
Philippines,PHL,1994,43.11
Philippines,PHL,1995,37.76
Philippines,PHL,1996,35.83
Philippines,PHL,1997,33.36
Philippines,PHL,1998,32.84
Philippines,PHL,1999,33.65
Philippines,PHL,2000,33.94
Philippines,PHL,2001,32.89
Philippines,PHL,2002,31.83
Philippines,PHL,2003,30.9
Philippines,PHL,2004,30.21
Philippines,PHL,2005,31.31
Philippines,PHL,2006,33.28
Philippines,PHL,2007,32.39
Philippines,PHL,2008,33.85
Philippines,PHL,2009,34.09
Philippines,PHL,2010,32.66
Philippines,PHL,2011,33.78
Philippines,PHL,2012,34.14
Philippines,PHL,2013,33.13
Philippines,PHL,2014,32.42
Philippines,PHL,2015,30.82
Philippines,PHL,2016,28.59
Philippines,PHL,2017,27.75
Philippines,PHL,2018,27.6
Philippines,PHL,2019,26.86
Philippines,PHL,2020,29.0
Philippines,PHL,2021,27.95
Philippines,PHL,2022,27.53
Philippines,PHL,2023,27.32
Palau,PLW,1992,0.0
Palau,PLW,1993,0.0
Palau,PLW,1994,0.0
Palau,PLW,1995,0.0
Palau,PLW,1996,0.0
Palau,PLW,1997,0.0
Palau,PLW,1998,0.0
Palau,PLW,1999,0.0
Palau,PLW,2000,0.0
Palau,PLW,2001,0.0
Palau,PLW,2002,0.0
Palau,PLW,2003,0.0
Palau,PLW,2004,0.0
Palau,PLW,2005,0.0
Palau,PLW,2006,0.0
Palau,PLW,2007,0.0
Palau,PLW,2008,0.0
Palau,PLW,2009,0.0
Palau,PLW,2010,0.0
Palau,PLW,2011,0.0
Palau,PLW,2012,0.0
Palau,PLW,2013,0.0
Palau,PLW,2014,0.27
Palau,PLW,2015,0.37
Palau,PLW,2016,0.57
Palau,PLW,2017,0.56
Palau,PLW,2018,0.59
Palau,PLW,2019,0.56
Palau,PLW,2020,0.58
Palau,PLW,2021,0.59
Palau,PLW,2022,0.58
Palau,PLW,2023,0.6
Palau,PLW,2024,0.58
Papua New Guinea,PNG,1990,71.65
Papua New Guinea,PNG,1991,71.67
Papua New Guinea,PNG,1992,71.59
Papua New Guinea,PNG,1993,71.25
Papua New Guinea,PNG,1994,69.4
Papua New Guinea,PNG,1995,70.73
Papua New Guinea,PNG,1996,69.93
Papua New Guinea,PNG,1997,68.67
Papua New Guinea,PNG,1998,67.69
Papua New Guinea,PNG,1999,68.71
Papua New Guinea,PNG,2000,66.38
Papua New Guinea,PNG,2001,63.44
Papua New Guinea,PNG,2002,62.49
Papua New Guinea,PNG,2003,60.52
Papua New Guinea,PNG,2004,57.6
Papua New Guinea,PNG,2005,58.56
Papua New Guinea,PNG,2006,58.86
Papua New Guinea,PNG,2007,56.92
Papua New Guinea,PNG,2008,56.85
Papua New Guinea,PNG,2009,55.99
Papua New Guinea,PNG,2010,55.19
Papua New Guinea,PNG,2011,54.63
Papua New Guinea,PNG,2012,55.29
Papua New Guinea,PNG,2013,56.38
Papua New Guinea,PNG,2014,54.91
Papua New Guinea,PNG,2015,53.28
Papua New Guinea,PNG,2016,52.72
Papua New Guinea,PNG,2017,52.52
Papua New Guinea,PNG,2018,51.19
Papua New Guinea,PNG,2019,50.99
Papua New Guinea,PNG,2020,51.53
Papua New Guinea,PNG,2021,51.56
Papua New Guinea,PNG,2022,49.69
Papua New Guinea,PNG,2023,49.91
Papua New Guinea,PNG,2024,49.77
Poland,POL,1990,2.5
Poland,POL,1991,2.06
Poland,POL,1992,2.3
Poland,POL,1993,6.13
Poland,POL,1994,6.2
Poland,POL,1995,6.33
Poland,POL,1996,5.87
Poland,POL,1997,5.98
Poland,POL,1998,6.54
Poland,POL,1999,6.41
Poland,POL,2000,6.93
Poland,POL,2001,7.29
Poland,POL,2002,7.49
Poland,POL,2003,7.29
Poland,POL,2004,7.31
Poland,POL,2005,7.22
Poland,POL,2006,7.18
Poland,POL,2007,7.28
Poland,POL,2008,8.01
Poland,POL,2009,8.84
Poland,POL,2010,9.49
Poland,POL,2011,10.44
Poland,POL,2012,10.91
Poland,POL,2013,11.41
Poland,POL,2014,11.58
Poland,POL,2015,11.87
Poland,POL,2016,11.34
Poland,POL,2017,11.13
Poland,POL,2018,15.05
Poland,POL,2019,15.63
Poland,POL,2020,16.15
Poland,POL,2021,15.18
Poland,POL,2022,16.1
Poland,POL,2023,17.14
Puerto Rico,PRI,1990,1.75
Puerto Rico,PRI,1991,1.79
Puerto Rico,PRI,1992,1.77
Puerto Rico,PRI,1993,0.8
Puerto Rico,PRI,1994,0.25
Puerto Rico,PRI,1995,0.53
Puerto Rico,PRI,1996,0.74
Puerto Rico,PRI,1997,0.46
Puerto Rico,PRI,1998,0.52
Puerto Rico,PRI,1999,0.72
Puerto Rico,PRI,2000,0.55
Puerto Rico,PRI,2001,0.54
Puerto Rico,PRI,2002,0.5
Puerto Rico,PRI,2003,0.5
Puerto Rico,PRI,2004,0.5
Puerto Rico,PRI,2005,0.56
Puerto Rico,PRI,2006,0.48
Puerto Rico,PRI,2007,0.49
Puerto Rico,PRI,2008,0.51
Puerto Rico,PRI,2009,0.52
Puerto Rico,PRI,2010,0.4
Puerto Rico,PRI,2011,0.66
Puerto Rico,PRI,2012,0.53
Puerto Rico,PRI,2013,1.38
Puerto Rico,PRI,2014,1.65
Puerto Rico,PRI,2015,1.86
Puerto Rico,PRI,2016,1.89
Puerto Rico,PRI,2017,0.0
Puerto Rico,PRI,2018,0.0
Puerto Rico,PRI,2019,0.0
Puerto Rico,PRI,2020,0.0
Puerto Rico,PRI,2021,0.0
Puerto Rico,PRI,2022,0.0
Puerto Rico,PRI,2023,0.0
Puerto Rico,PRI,2024,0.0
North Korea,PRK,1990,7.19
North Korea,PRK,1991,7.53
North Korea,PRK,1992,7.74
North Korea,PRK,1993,7.99
North Korea,PRK,1994,8.99
North Korea,PRK,1995,9.59
North Korea,PRK,1996,10.2
North Korea,PRK,1997,9.64
North Korea,PRK,1998,9.89
North Korea,PRK,1999,9.38
North Korea,PRK,2000,8.71
North Korea,PRK,2001,8.62
North Korea,PRK,2002,9.03
North Korea,PRK,2003,9.26
North Korea,PRK,2004,9.37
North Korea,PRK,2005,9.23
North Korea,PRK,2006,8.96
North Korea,PRK,2007,10.91
North Korea,PRK,2008,10.19
North Korea,PRK,2009,10.35
North Korea,PRK,2010,11.01
North Korea,PRK,2011,14.79
North Korea,PRK,2012,15.4
North Korea,PRK,2013,20.83
North Korea,PRK,2014,18.51
North Korea,PRK,2015,22.64
North Korea,PRK,2016,24.02
North Korea,PRK,2017,10.22
North Korea,PRK,2018,11.83
North Korea,PRK,2019,10.04
North Korea,PRK,2020,11.15
North Korea,PRK,2021,14.61
North Korea,PRK,2022,14.3
North Korea,PRK,2023,13.16
Portugal,PRT,1990,26.95
Portugal,PRT,1991,25.79
Portugal,PRT,1992,22.4
Portugal,PRT,1993,24.37
Portugal,PRT,1994,24.95
Portugal,PRT,1995,23.74
Portugal,PRT,1996,25.35
Portugal,PRT,1997,24.55
Portugal,PRT,1998,22.43
Portugal,PRT,1999,19.02
Portugal,PRT,2000,20.12
Portugal,PRT,2001,20.83
Portugal,PRT,2002,18.28
Portugal,PRT,2003,22.09
Portugal,PRT,2004,19.87
Portugal,PRT,2005,18.07
Portugal,PRT,2006,22.33
Portugal,PRT,2007,23.15
Portugal,PRT,2008,23.19
Portugal,PRT,2009,24.9
Portugal,PRT,2010,27.83
Portugal,PRT,2011,27.22
Portugal,PRT,2012,25.52
Portugal,PRT,2013,30.17
Portugal,PRT,2014,30.46
Portugal,PRT,2015,27.2
Portugal,PRT,2016,29.0
Portugal,PRT,2017,24.42
Portugal,PRT,2018,27.47
Portugal,PRT,2019,28.19
Portugal,PRT,2020,31.33
Portugal,PRT,2021,32.45
Portugal,PRT,2022,31.51
Portugal,PRT,2023,35.42
Paraguay,PRY,1990,78.51
Paraguay,PRY,1991,79.15
Paraguay,PRY,1992,75.73
Paraguay,PRY,1993,72.62
Paraguay,PRY,1994,69.88
Paraguay,PRY,1995,70.17
Paraguay,PRY,1996,70.76
Paraguay,PRY,1997,69.52
Paraguay,PRY,1998,67.44
Paraguay,PRY,1999,65.88
Paraguay,PRY,2000,70.41
Paraguay,PRY,2001,69.84
Paraguay,PRY,2002,67.68
Paraguay,PRY,2003,67.05
Paraguay,PRY,2004,66.75
Paraguay,PRY,2005,68.81
Paraguay,PRY,2006,66.46
Paraguay,PRY,2007,68.44
Paraguay,PRY,2008,65.83
Paraguay,PRY,2009,65.41
Paraguay,PRY,2010,63.65
Paraguay,PRY,2011,62.46
Paraguay,PRY,2012,63.43
Paraguay,PRY,2013,62.63
Paraguay,PRY,2014,62.61
Paraguay,PRY,2015,60.57
Paraguay,PRY,2016,62.54
Paraguay,PRY,2017,60.14
Paraguay,PRY,2018,59.3
Paraguay,PRY,2019,60.17
Paraguay,PRY,2020,61.93
Paraguay,PRY,2021,58.94
Paraguay,PRY,2022,61.2
Paraguay,PRY,2023,62.68
Palestine,PSE,1990,23.01
Palestine,PSE,1991,22.9
Palestine,PSE,1992,22.47
Palestine,PSE,1993,22.2
Palestine,PSE,1994,21.92
Palestine,PSE,1995,21.92
Palestine,PSE,1996,21.19
Palestine,PSE,1997,18.04
Palestine,PSE,1998,17.2
Palestine,PSE,1999,16.73
Palestine,PSE,2000,18.44
Palestine,PSE,2001,18.02
Palestine,PSE,2002,23.82
Palestine,PSE,2003,24.57
Palestine,PSE,2004,26.23
Palestine,PSE,2005,25.92
Palestine,PSE,2006,20.17
Palestine,PSE,2007,22.51
Palestine,PSE,2008,22.16
Palestine,PSE,2009,18.44
Palestine,PSE,2010,16.48
Palestine,PSE,2011,19.77
Palestine,PSE,2012,15.79
Palestine,PSE,2013,15.44
Palestine,PSE,2014,13.97
Palestine,PSE,2015,14.2
Palestine,PSE,2016,15.42
Palestine,PSE,2017,12.36
Palestine,PSE,2018,14.65
Palestine,PSE,2019,15.68
Palestine,PSE,2020,16.8
Palestine,PSE,2021,17.1
Palestine,PSE,2022,18.06
Palestine,PSE,2023,21.19
Palestine,PSE,2024,21.17
French Polynesia,PYF,1990,4.1
French Polynesia,PYF,1991,4.14
French Polynesia,PYF,1992,6.64
French Polynesia,PYF,1993,6.93
French Polynesia,PYF,1994,6.59
French Polynesia,PYF,1995,8.07
French Polynesia,PYF,1996,7.27
French Polynesia,PYF,1997,7.29
French Polynesia,PYF,1998,9.96
French Polynesia,PYF,1999,6.97
French Polynesia,PYF,2000,8.48
French Polynesia,PYF,2001,6.37
French Polynesia,PYF,2002,5.87
French Polynesia,PYF,2003,6.79
French Polynesia,PYF,2004,7.54
French Polynesia,PYF,2005,7.58
French Polynesia,PYF,2006,9.49
French Polynesia,PYF,2007,9.21
French Polynesia,PYF,2008,8.78
French Polynesia,PYF,2009,8.76
French Polynesia,PYF,2010,7.37
French Polynesia,PYF,2011,6.82
French Polynesia,PYF,2012,6.64
French Polynesia,PYF,2013,6.49
French Polynesia,PYF,2014,7.45
French Polynesia,PYF,2015,7.83
French Polynesia,PYF,2016,8.08
French Polynesia,PYF,2017,8.07
French Polynesia,PYF,2018,7.71
French Polynesia,PYF,2019,7.65
French Polynesia,PYF,2020,8.26
French Polynesia,PYF,2021,7.47
French Polynesia,PYF,2022,8.66
French Polynesia,PYF,2023,7.24
French Polynesia,PYF,2024,7.88
Qatar,QAT,1990,0.17
Qatar,QAT,1991,0.17
Qatar,QAT,1992,0.06
Qatar,QAT,1993,0.04
Qatar,QAT,1994,0.04
Qatar,QAT,1995,0.08
Qatar,QAT,1996,0.07
Qatar,QAT,1997,0.05
Qatar,QAT,1998,0.05
Qatar,QAT,1999,0.07
Qatar,QAT,2000,0.06
Qatar,QAT,2001,0.1
Qatar,QAT,2002,0.05
Qatar,QAT,2003,0.04
Qatar,QAT,2004,0.02
Qatar,QAT,2005,0.02
Qatar,QAT,2006,0.08
Qatar,QAT,2007,0.05
Qatar,QAT,2008,0.09
Qatar,QAT,2009,0.06
Qatar,QAT,2010,0.1
Qatar,QAT,2011,0.11
Qatar,QAT,2012,0.03
Qatar,QAT,2013,0.03
Qatar,QAT,2014,0.04
Qatar,QAT,2015,0.04
Qatar,QAT,2016,0.05
Qatar,QAT,2017,0.05
Qatar,QAT,2018,0.04
Qatar,QAT,2019,0.04
Qatar,QAT,2020,0.04
Qatar,QAT,2021,0.03
Qatar,QAT,2022,0.25
Qatar,QAT,2023,0.72
Reunion,REU,1990,37.52
Reunion,REU,1991,35.33
Reunion,REU,1992,28.13
Reunion,REU,1993,25.49
Reunion,REU,1994,25.65
Reunion,REU,1995,23.91
Reunion,REU,1996,21.6
Reunion,REU,1997,18.36
Reunion,REU,1998,16.25
Reunion,REU,1999,11.62
Reunion,REU,2000,11.72
Reunion,REU,2001,10.72
Reunion,REU,2002,11.73
Reunion,REU,2003,12.41
Reunion,REU,2004,12.05
Reunion,REU,2005,11.38
Reunion,REU,2006,11.99
Reunion,REU,2007,16.42
Reunion,REU,2008,16.45
Reunion,REU,2009,15.31
Reunion,REU,2010,16.4
Romania,ROU,1990,3.36
Romania,ROU,1991,4.97
Romania,ROU,1992,5.61
Romania,ROU,1993,7.19
Romania,ROU,1994,7.64
Romania,ROU,1995,8.6
Romania,ROU,1996,11.92
Romania,ROU,1997,15.75
Romania,ROU,1998,16.27
Romania,ROU,1999,17.73
Romania,ROU,2000,16.37
Romania,ROU,2001,13.39
Romania,ROU,2002,14.4
Romania,ROU,2003,15.67
Romania,ROU,2004,17.27
Romania,ROU,2005,18.47
Romania,ROU,2006,17.39
Romania,ROU,2007,18.16
Romania,ROU,2008,20.4
Romania,ROU,2009,22.14
Romania,ROU,2010,24.07
Romania,ROU,2011,21.09
Romania,ROU,2012,21.53
Romania,ROU,2013,23.07
Romania,ROU,2014,24.31
Romania,ROU,2015,23.67
Romania,ROU,2016,24.4
Romania,ROU,2017,23.35
Romania,ROU,2018,23.03
Romania,ROU,2019,23.54
Romania,ROU,2020,24.06
Romania,ROU,2021,23.59
Romania,ROU,2022,23.49
Romania,ROU,2023,23.96
Russia,RUS,1990,3.75
Russia,RUS,1991,3.77
Russia,RUS,1992,3.98
Russia,RUS,1993,4.04
Russia,RUS,1994,3.87
Russia,RUS,1995,3.87
Russia,RUS,1996,3.69
Russia,RUS,1997,3.75
Russia,RUS,1998,3.58
Russia,RUS,1999,3.82
Russia,RUS,2000,3.5
Russia,RUS,2001,3.62
Russia,RUS,2002,3.46
Russia,RUS,2003,3.28
Russia,RUS,2004,3.55
Russia,RUS,2005,3.61
Russia,RUS,2006,3.48
Russia,RUS,2007,3.67
Russia,RUS,2008,3.31
Russia,RUS,2009,3.6
Russia,RUS,2010,3.34
Russia,RUS,2011,3.23
Russia,RUS,2012,3.24
Russia,RUS,2013,3.61
Russia,RUS,2014,3.3
Russia,RUS,2015,3.2
Russia,RUS,2016,3.36
Russia,RUS,2017,3.25
Russia,RUS,2018,3.19
Russia,RUS,2019,3.25
Russia,RUS,2020,3.74
Russia,RUS,2021,3.57
Russia,RUS,2022,3.4
Russia,RUS,2023,3.41
Rwanda,RWA,1990,80.09
Rwanda,RWA,1991,81.83
Rwanda,RWA,1992,81.56
Rwanda,RWA,1993,81.33
Rwanda,RWA,1994,78.54
Rwanda,RWA,1995,88.36
Rwanda,RWA,1996,89.15
Rwanda,RWA,1997,91.12
Rwanda,RWA,1998,90.8
Rwanda,RWA,1999,90.76
Rwanda,RWA,2000,86.78
Rwanda,RWA,2001,86.89
Rwanda,RWA,2002,87.13
Rwanda,RWA,2003,87.3
Rwanda,RWA,2004,87.55
Rwanda,RWA,2005,89.25
Rwanda,RWA,2006,90.59
Rwanda,RWA,2007,90.31
Rwanda,RWA,2008,90.63
Rwanda,RWA,2009,90.54
Rwanda,RWA,2010,90.47
Rwanda,RWA,2011,89.7
Rwanda,RWA,2012,88.78
Rwanda,RWA,2013,88.47
Rwanda,RWA,2014,87.95
Rwanda,RWA,2015,86.33
Rwanda,RWA,2016,85.55
Rwanda,RWA,2017,84.46
Rwanda,RWA,2018,83.37
Rwanda,RWA,2019,78.71
Rwanda,RWA,2020,78.61
Rwanda,RWA,2021,79.2
Rwanda,RWA,2022,79.92
Rwanda,RWA,2023,78.98
Rwanda,RWA,2024,75.34
Saudi Arabia,SAU,1990,0.04
Saudi Arabia,SAU,1991,0.04
Saudi Arabia,SAU,1992,0.02
Saudi Arabia,SAU,1993,0.02
Saudi Arabia,SAU,1994,0.03
Saudi Arabia,SAU,1995,0.03
Saudi Arabia,SAU,1996,0.01
Saudi Arabia,SAU,1997,0.01
Saudi Arabia,SAU,1998,0.01
Saudi Arabia,SAU,1999,0.01
Saudi Arabia,SAU,2000,0.01
Saudi Arabia,SAU,2001,0.01
Saudi Arabia,SAU,2002,0.01
Saudi Arabia,SAU,2003,0.01
Saudi Arabia,SAU,2004,0.01
Saudi Arabia,SAU,2005,0.01
Saudi Arabia,SAU,2006,0.01
Saudi Arabia,SAU,2007,0.01
Saudi Arabia,SAU,2008,0.01
Saudi Arabia,SAU,2009,0.01
Saudi Arabia,SAU,2010,0.01
Saudi Arabia,SAU,2011,0.01
Saudi Arabia,SAU,2012,0.01
Saudi Arabia,SAU,2013,0.01
Saudi Arabia,SAU,2014,0.01
Saudi Arabia,SAU,2015,0.01
Saudi Arabia,SAU,2016,0.01
Saudi Arabia,SAU,2017,0.01
Saudi Arabia,SAU,2018,0.01
Saudi Arabia,SAU,2019,0.03
Saudi Arabia,SAU,2020,0.07
Saudi Arabia,SAU,2021,0.08
Saudi Arabia,SAU,2022,0.16
Saudi Arabia,SAU,2023,0.16
Sudan,SDN,1990,73.27
Sudan,SDN,1991,76.17
Sudan,SDN,1992,77.4
Sudan,SDN,1993,85.63
Sudan,SDN,1994,79.49
Sudan,SDN,1995,81.47
Sudan,SDN,1996,83.61
Sudan,SDN,1997,80.53
Sudan,SDN,1998,81.9
Sudan,SDN,1999,80.85
Sudan,SDN,2000,80.68
Sudan,SDN,2001,79.38
Sudan,SDN,2002,76.76
Sudan,SDN,2003,77.0
Sudan,SDN,2004,75.36
Sudan,SDN,2005,72.28
Sudan,SDN,2006,69.26
Sudan,SDN,2007,65.62
Sudan,SDN,2008,63.49
Sudan,SDN,2009,63.1
Sudan,SDN,2010,61.31
Sudan,SDN,2011,63.66
Sudan,SDN,2012,63.74
Sudan,SDN,2013,64.3
Sudan,SDN,2014,63.71
Sudan,SDN,2015,61.92
Sudan,SDN,2016,58.89
Sudan,SDN,2017,59.39
Sudan,SDN,2018,59.76
Sudan,SDN,2019,59.41
Sudan,SDN,2020,62.59
Sudan,SDN,2021,60.89
Sudan,SDN,2022,62.61
Sudan,SDN,2023,70.3
Senegal,SEN,1990,55.55
Senegal,SEN,1991,55.28
Senegal,SEN,1992,53.67
Senegal,SEN,1993,55.09
Senegal,SEN,1994,54.75
Senegal,SEN,1995,53.18
Senegal,SEN,1996,52.47
Senegal,SEN,1997,50.68
Senegal,SEN,1998,48.03
Senegal,SEN,1999,45.85
Senegal,SEN,2000,47.52
Senegal,SEN,2001,45.83
Senegal,SEN,2002,43.76
Senegal,SEN,2003,43.66
Senegal,SEN,2004,39.88
Senegal,SEN,2005,40.32
Senegal,SEN,2006,43.35
Senegal,SEN,2007,40.01
Senegal,SEN,2008,39.8
Senegal,SEN,2009,51.31
Senegal,SEN,2010,49.55
Senegal,SEN,2011,47.97
Senegal,SEN,2012,49.6
Senegal,SEN,2013,42.69
Senegal,SEN,2014,42.53
Senegal,SEN,2015,39.11
Senegal,SEN,2016,36.72
Senegal,SEN,2017,36.81
Senegal,SEN,2018,34.24
Senegal,SEN,2019,36.2
Senegal,SEN,2020,38.67
Senegal,SEN,2021,32.53
Senegal,SEN,2022,29.12
Senegal,SEN,2023,29.87
Singapore,SGP,1990,0.19
Singapore,SGP,1991,0.5
Singapore,SGP,1992,0.53
Singapore,SGP,1993,0.52
Singapore,SGP,1994,0.48
Singapore,SGP,1995,0.45
Singapore,SGP,1996,0.46
Singapore,SGP,1997,0.43
Singapore,SGP,1998,0.43
Singapore,SGP,1999,0.43
Singapore,SGP,2000,0.33
Singapore,SGP,2001,0.6
Singapore,SGP,2002,0.58
Singapore,SGP,2003,0.58
Singapore,SGP,2004,0.53
Singapore,SGP,2005,0.54
Singapore,SGP,2006,0.52
Singapore,SGP,2007,0.5
Singapore,SGP,2008,0.53
Singapore,SGP,2009,0.48
Singapore,SGP,2010,0.47
Singapore,SGP,2011,0.48
Singapore,SGP,2012,0.51
Singapore,SGP,2013,0.56
Singapore,SGP,2014,0.59
Singapore,SGP,2015,0.65
Singapore,SGP,2016,0.71
Singapore,SGP,2017,0.7
Singapore,SGP,2018,0.78
Singapore,SGP,2019,0.89
Singapore,SGP,2020,0.91
Singapore,SGP,2021,1.1
Singapore,SGP,2022,1.35
Singapore,SGP,2023,1.57
Saint Helena,SHN,1990,10.89
Saint Helena,SHN,1991,9.78
Saint Helena,SHN,1992,8.81
Saint Helena,SHN,1993,7.54
Saint Helena,SHN,1994,7.11
Saint Helena,SHN,1995,6.75
Saint Helena,SHN,1996,7.91
Saint Helena,SHN,1997,6.81
Saint Helena,SHN,1998,6.96
Saint Helena,SHN,1999,6.9
Saint Helena,SHN,2000,7.08
Saint Helena,SHN,2001,6.27
Saint Helena,SHN,2002,7.4
Saint Helena,SHN,2003,6.37
Saint Helena,SHN,2004,13.04
Saint Helena,SHN,2005,8.21
Saint Helena,SHN,2006,9.11
Saint Helena,SHN,2007,3.94
Saint Helena,SHN,2008,9.03
Saint Helena,SHN,2009,10.21
Saint Helena,SHN,2010,9.17
Saint Helena,SHN,2011,9.55
Saint Helena,SHN,2012,7.7
Saint Helena,SHN,2013,8.89
Saint Helena,SHN,2014,9.76
Saint Helena,SHN,2015,14.56
Saint Helena,SHN,2016,9.63
Saint Helena,SHN,2017,15.93
Saint Helena,SHN,2018,10.76
Saint Helena,SHN,2019,9.47
Saint Helena,SHN,2020,11.63
Saint Helena,SHN,2021,13.31
Saint Helena,SHN,2022,10.24
Saint Helena,SHN,2023,9.33
Saint Helena,SHN,2024,7.68
Solomon Islands,SLB,1990,60.16
Solomon Islands,SLB,1991,58.97
Solomon Islands,SLB,1992,57.7
Solomon Islands,SLB,1993,56.11
Solomon Islands,SLB,1994,54.45
Solomon Islands,SLB,1995,54.09
Solomon Islands,SLB,1996,52.5
Solomon Islands,SLB,1997,53.13
Solomon Islands,SLB,1998,52.46
Solomon Islands,SLB,1999,55.27
Solomon Islands,SLB,2000,55.09
Solomon Islands,SLB,2001,53.99
Solomon Islands,SLB,2002,52.67
Solomon Islands,SLB,2003,51.33
Solomon Islands,SLB,2004,49.78
Solomon Islands,SLB,2005,49.58
Solomon Islands,SLB,2006,48.81
Solomon Islands,SLB,2007,47.3
Solomon Islands,SLB,2008,46.55
Solomon Islands,SLB,2009,45.67
Solomon Islands,SLB,2010,44.96
Solomon Islands,SLB,2011,43.57
Solomon Islands,SLB,2012,43.89
Solomon Islands,SLB,2013,41.89
Solomon Islands,SLB,2014,45.98
Solomon Islands,SLB,2015,40.17
Solomon Islands,SLB,2016,39.16
Solomon Islands,SLB,2017,38.19
Solomon Islands,SLB,2018,37.26
Solomon Islands,SLB,2019,36.51
Solomon Islands,SLB,2020,36.65
Solomon Islands,SLB,2021,35.61
Solomon Islands,SLB,2022,34.74
Solomon Islands,SLB,2023,34.35
Solomon Islands,SLB,2024,33.64
Sierra Leone,SLE,1990,92.33
Sierra Leone,SLE,1991,91.8
Sierra Leone,SLE,1992,92.53
Sierra Leone,SLE,1993,92.97
Sierra Leone,SLE,1994,92.72
Sierra Leone,SLE,1995,93.83
Sierra Leone,SLE,1996,94.3
Sierra Leone,SLE,1997,94.51
Sierra Leone,SLE,1998,94.63
Sierra Leone,SLE,1999,94.96
Sierra Leone,SLE,2000,93.32
Sierra Leone,SLE,2001,91.16
Sierra Leone,SLE,2002,87.96
Sierra Leone,SLE,2003,86.54
Sierra Leone,SLE,2004,86.54
Sierra Leone,SLE,2005,88.11
Sierra Leone,SLE,2006,84.37
Sierra Leone,SLE,2007,86.35
Sierra Leone,SLE,2008,86.04
Sierra Leone,SLE,2009,86.14
Sierra Leone,SLE,2010,84.89
Sierra Leone,SLE,2011,81.0
Sierra Leone,SLE,2012,79.06
Sierra Leone,SLE,2013,74.04
Sierra Leone,SLE,2014,72.91
Sierra Leone,SLE,2015,74.59
Sierra Leone,SLE,2016,73.59
Sierra Leone,SLE,2017,75.24
Sierra Leone,SLE,2018,76.72
Sierra Leone,SLE,2019,74.96
Sierra Leone,SLE,2020,74.14
Sierra Leone,SLE,2021,70.44
Sierra Leone,SLE,2022,70.86
Sierra Leone,SLE,2023,70.36
Sierra Leone,SLE,2024,69.9
El Salvador,SLV,1990,67.14
El Salvador,SLV,1991,64.73
El Salvador,SLV,1992,61.69
El Salvador,SLV,1993,59.34
El Salvador,SLV,1994,57.19
El Salvador,SLV,1995,54.71
El Salvador,SLV,1996,56.93
El Salvador,SLV,1997,53.01
El Salvador,SLV,1998,51.72
El Salvador,SLV,1999,51.03
El Salvador,SLV,2000,33.51
El Salvador,SLV,2001,33.11
El Salvador,SLV,2002,34.02
El Salvador,SLV,2003,33.85
El Salvador,SLV,2004,33.33
El Salvador,SLV,2005,34.08
El Salvador,SLV,2006,34.76
El Salvador,SLV,2007,28.24
El Salvador,SLV,2008,31.5
El Salvador,SLV,2009,32.2
El Salvador,SLV,2010,32.62
El Salvador,SLV,2011,29.52
El Salvador,SLV,2012,30.27
El Salvador,SLV,2013,27.54
El Salvador,SLV,2014,23.95
El Salvador,SLV,2015,21.02
El Salvador,SLV,2016,20.7
El Salvador,SLV,2017,24.98
El Salvador,SLV,2018,23.21
El Salvador,SLV,2019,19.38
El Salvador,SLV,2020,23.71
El Salvador,SLV,2021,21.92
El Salvador,SLV,2022,18.63
El Salvador,SLV,2023,15.54
Somalia,SOM,1990,86.29
Somalia,SOM,1991,87.56
Somalia,SOM,1992,88.81
Somalia,SOM,1993,89.4
Somalia,SOM,1994,89.91
Somalia,SOM,1995,90.57
Somalia,SOM,1996,91.05
Somalia,SOM,1997,91.73
Somalia,SOM,1998,92.47
Somalia,SOM,1999,92.9
Somalia,SOM,2000,92.66
Somalia,SOM,2001,92.42
Somalia,SOM,2002,92.23
Somalia,SOM,2003,92.1
Somalia,SOM,2004,91.96
Somalia,SOM,2005,92.01
Somalia,SOM,2006,91.86
Somalia,SOM,2007,91.74
Somalia,SOM,2008,91.63
Somalia,SOM,2009,91.58
Somalia,SOM,2010,91.34
Somalia,SOM,2011,91.13
Somalia,SOM,2012,91.12
Somalia,SOM,2013,91.47
Somalia,SOM,2014,91.49
Somalia,SOM,2015,91.01
Somalia,SOM,2016,91.24
Somalia,SOM,2017,91.12
Somalia,SOM,2018,91.03
Somalia,SOM,2019,90.82
Somalia,SOM,2020,90.2
Somalia,SOM,2021,90.26
Somalia,SOM,2022,89.36
Somalia,SOM,2023,89.27
Somalia,SOM,2024,89.28
Saint Pierre and Miquelon,SPM,1990,0.0
Saint Pierre and Miquelon,SPM,1991,0.0
Saint Pierre and Miquelon,SPM,1992,0.0
Saint Pierre and Miquelon,SPM,1993,0.0
Saint Pierre and Miquelon,SPM,1994,0.0
Saint Pierre and Miquelon,SPM,1995,0.0
Saint Pierre and Miquelon,SPM,1996,0.0
Saint Pierre and Miquelon,SPM,1997,0.0
Saint Pierre and Miquelon,SPM,1998,0.0
Saint Pierre and Miquelon,SPM,1999,0.0
Saint Pierre and Miquelon,SPM,2000,0.42
Saint Pierre and Miquelon,SPM,2001,0.49
Saint Pierre and Miquelon,SPM,2002,0.45
Saint Pierre and Miquelon,SPM,2003,0.41
Saint Pierre and Miquelon,SPM,2004,0.44
Saint Pierre and Miquelon,SPM,2005,1.37
Saint Pierre and Miquelon,SPM,2006,1.38
Saint Pierre and Miquelon,SPM,2007,1.86
Saint Pierre and Miquelon,SPM,2008,1.46
Saint Pierre and Miquelon,SPM,2009,1.43
Saint Pierre and Miquelon,SPM,2010,1.55
Saint Pierre and Miquelon,SPM,2011,1.59
Saint Pierre and Miquelon,SPM,2012,1.4
Saint Pierre and Miquelon,SPM,2013,1.49
Saint Pierre and Miquelon,SPM,2014,0.96
Saint Pierre and Miquelon,SPM,2015,0.95
Saint Pierre and Miquelon,SPM,2016,0.94
Saint Pierre and Miquelon,SPM,2017,0.92
Saint Pierre and Miquelon,SPM,2018,1.06
Saint Pierre and Miquelon,SPM,2019,0.94
Saint Pierre and Miquelon,SPM,2020,1.07
Saint Pierre and Miquelon,SPM,2021,1.22
Saint Pierre and Miquelon,SPM,2022,1.18
Saint Pierre and Miquelon,SPM,2023,0.94
Saint Pierre and Miquelon,SPM,2024,0.98
Serbia,SRB,1990,14.53
Serbia,SRB,1991,17.21
Serbia,SRB,1992,17.82
Serbia,SRB,1993,19.24
Serbia,SRB,1994,20.92
Serbia,SRB,1995,23.32
Serbia,SRB,1996,18.0
Serbia,SRB,1997,15.23
Serbia,SRB,1998,15.5
Serbia,SRB,1999,22.1
Serbia,SRB,2000,22.09
Serbia,SRB,2001,19.55
Serbia,SRB,2002,18.01
Serbia,SRB,2003,15.67
Serbia,SRB,2004,14.64
Serbia,SRB,2005,16.1
Serbia,SRB,2006,15.33
Serbia,SRB,2007,14.03
Serbia,SRB,2008,15.5
Serbia,SRB,2009,20.68
Serbia,SRB,2010,20.47
Serbia,SRB,2011,17.44
Serbia,SRB,2012,19.47
Serbia,SRB,2013,20.03
Serbia,SRB,2014,23.25
Serbia,SRB,2015,21.24
Serbia,SRB,2016,20.91
Serbia,SRB,2017,20.0
Serbia,SRB,2018,21.05
Serbia,SRB,2019,21.45
Serbia,SRB,2020,25.97
Serbia,SRB,2021,27.17
Serbia,SRB,2022,25.0
Serbia,SRB,2023,27.14
South Sudan,SSD,2012,30.56
South Sudan,SSD,2013,30.13
South Sudan,SSD,2014,29.45
South Sudan,SSD,2015,27.49
South Sudan,SSD,2016,28.66
South Sudan,SSD,2017,35.08
South Sudan,SSD,2018,31.41
South Sudan,SSD,2019,31.36
South Sudan,SSD,2020,32.74
South Sudan,SSD,2021,32.25
South Sudan,SSD,2022,33.64
South Sudan,SSD,2023,33.65
Sao Tome and Principe,STP,1990,50.93
Sao Tome and Principe,STP,1991,50.93
Sao Tome and Principe,STP,1992,54.18
Sao Tome and Principe,STP,1993,54.45
Sao Tome and Principe,STP,1994,53.44
Sao Tome and Principe,STP,1995,53.94
Sao Tome and Principe,STP,1996,55.63
Sao Tome and Principe,STP,1997,56.08
Sao Tome and Principe,STP,1998,55.06
Sao Tome and Principe,STP,1999,56.68
Sao Tome and Principe,STP,2000,54.73
Sao Tome and Principe,STP,2001,55.47
Sao Tome and Principe,STP,2002,55.34
Sao Tome and Principe,STP,2003,51.81
Sao Tome and Principe,STP,2004,48.92
Sao Tome and Principe,STP,2005,47.94
Sao Tome and Principe,STP,2006,47.33
Sao Tome and Principe,STP,2007,47.69
Sao Tome and Principe,STP,2008,46.04
Sao Tome and Principe,STP,2009,45.41
Sao Tome and Principe,STP,2010,38.2
Sao Tome and Principe,STP,2011,42.38
Sao Tome and Principe,STP,2012,40.15
Sao Tome and Principe,STP,2013,42.77
Sao Tome and Principe,STP,2014,38.39
Sao Tome and Principe,STP,2015,39.24
Sao Tome and Principe,STP,2016,38.06
Sao Tome and Principe,STP,2017,39.24
Sao Tome and Principe,STP,2018,40.59
Sao Tome and Principe,STP,2019,38.62
Sao Tome and Principe,STP,2020,41.41
Sao Tome and Principe,STP,2021,40.83
Sao Tome and Principe,STP,2022,41.49
Sao Tome and Principe,STP,2023,40.35
Sao Tome and Principe,STP,2024,39.86
Suriname,SUR,2000,23.63
Suriname,SUR,2001,24.14
Suriname,SUR,2002,27.79
Suriname,SUR,2003,24.64
Suriname,SUR,2004,22.63
Suriname,SUR,2005,18.88
Suriname,SUR,2006,22.09
Suriname,SUR,2007,24.59
Suriname,SUR,2008,26.19
Suriname,SUR,2009,26.47
Suriname,SUR,2010,22.1
Suriname,SUR,2011,21.16
Suriname,SUR,2012,15.77
Suriname,SUR,2013,17.63
Suriname,SUR,2014,12.85
Suriname,SUR,2015,11.59
Suriname,SUR,2016,11.1
Suriname,SUR,2017,15.54
Suriname,SUR,2018,18.35
Suriname,SUR,2019,14.87
Suriname,SUR,2020,14.57
Suriname,SUR,2021,13.85
Suriname,SUR,2022,12.84
Suriname,SUR,2023,16.32
Slovakia,SVK,1990,2.23
Slovakia,SVK,1991,2.09
Slovakia,SVK,1992,2.32
Slovakia,SVK,1993,4.1
Slovakia,SVK,1994,4.72
Slovakia,SVK,1995,4.21
Slovakia,SVK,1996,3.9
Slovakia,SVK,1997,3.85
Slovakia,SVK,1998,3.63
Slovakia,SVK,1999,3.8
Slovakia,SVK,2000,3.73
Slovakia,SVK,2001,6.0
Slovakia,SVK,2002,5.48
Slovakia,SVK,2003,5.35
Slovakia,SVK,2004,6.25
Slovakia,SVK,2005,6.31
Slovakia,SVK,2006,6.57
Slovakia,SVK,2007,8.26
Slovakia,SVK,2008,7.66
Slovakia,SVK,2009,10.04
Slovakia,SVK,2010,16.13
Slovakia,SVK,2011,16.17
Slovakia,SVK,2012,17.22
Slovakia,SVK,2013,16.8
Slovakia,SVK,2014,15.86
Slovakia,SVK,2015,18.77
Slovakia,SVK,2016,18.88
Slovakia,SVK,2017,17.73
Slovakia,SVK,2018,16.56
Slovakia,SVK,2019,17.63
Slovakia,SVK,2020,17.7
Slovakia,SVK,2021,17.95
Slovakia,SVK,2022,17.28
Slovakia,SVK,2023,16.4
Slovenia,SVN,1990,12.35
Slovenia,SVN,1991,13.13
Slovenia,SVN,1992,13.9
Slovenia,SVN,1993,12.36
Slovenia,SVN,1994,12.34
Slovenia,SVN,1995,11.49
Slovenia,SVN,1996,11.09
Slovenia,SVN,1997,10.23
Slovenia,SVN,1998,11.09
Slovenia,SVN,1999,10.95
Slovenia,SVN,2000,17.96
Slovenia,SVN,2001,18.67
Slovenia,SVN,2002,16.31
Slovenia,SVN,2003,16.9
Slovenia,SVN,2004,17.77
Slovenia,SVN,2005,18.58
Slovenia,SVN,2006,17.36
Slovenia,SVN,2007,18.35
Slovenia,SVN,2008,17.63
Slovenia,SVN,2009,19.57
Slovenia,SVN,2010,20.06
Slovenia,SVN,2011,19.08
Slovenia,SVN,2012,20.16
Slovenia,SVN,2013,22.46
Slovenia,SVN,2014,22.92
Slovenia,SVN,2015,21.5
Slovenia,SVN,2016,21.11
Slovenia,SVN,2017,19.95
Slovenia,SVN,2018,20.92
Slovenia,SVN,2019,21.16
Slovenia,SVN,2020,22.78
Slovenia,SVN,2021,23.55
Slovenia,SVN,2022,20.22
Slovenia,SVN,2023,23.16
Sweden,SWE,1990,34.06
Sweden,SWE,1991,32.46
Sweden,SWE,1992,33.23
Sweden,SWE,1993,34.39
Sweden,SWE,1994,31.36
Sweden,SWE,1995,33.92
Sweden,SWE,1996,31.36
Sweden,SWE,1997,35.51
Sweden,SWE,1998,35.53
Sweden,SWE,1999,34.63
Sweden,SWE,2000,39.82
Sweden,SWE,2001,37.38
Sweden,SWE,2002,35.85
Sweden,SWE,2003,34.56
Sweden,SWE,2004,35.49
Sweden,SWE,2005,39.3
Sweden,SWE,2006,40.08
Sweden,SWE,2007,41.75
Sweden,SWE,2008,43.2
Sweden,SWE,2009,45.71
Sweden,SWE,2010,44.7
Sweden,SWE,2011,45.43
Sweden,SWE,2012,48.29
Sweden,SWE,2013,47.27
Sweden,SWE,2014,48.61
Sweden,SWE,2015,51.91
Sweden,SWE,2016,50.97
Sweden,SWE,2017,51.85
Sweden,SWE,2018,51.51
Sweden,SWE,2019,52.69
Sweden,SWE,2020,57.63
Sweden,SWE,2021,57.72
Sweden,SWE,2022,59.75
Sweden,SWE,2023,58.92
Eswatini,SWZ,1990,62.23
Eswatini,SWZ,1991,61.78
Eswatini,SWZ,1992,63.23
Eswatini,SWZ,1993,62.17
Eswatini,SWZ,1994,55.32
Eswatini,SWZ,1995,54.65
Eswatini,SWZ,1996,63.0
Eswatini,SWZ,1997,54.96
Eswatini,SWZ,1998,56.79
Eswatini,SWZ,1999,56.02
Eswatini,SWZ,2000,60.06
Eswatini,SWZ,2001,60.86
Eswatini,SWZ,2002,63.59
Eswatini,SWZ,2003,66.49
Eswatini,SWZ,2004,66.55
Eswatini,SWZ,2005,67.03
Eswatini,SWZ,2006,66.76
Eswatini,SWZ,2007,66.91
Eswatini,SWZ,2008,67.84
Eswatini,SWZ,2009,66.66
Eswatini,SWZ,2010,68.49
Eswatini,SWZ,2011,69.26
Eswatini,SWZ,2012,68.78
Eswatini,SWZ,2013,66.06
Eswatini,SWZ,2014,68.35
Eswatini,SWZ,2015,68.85
Eswatini,SWZ,2016,64.3
Eswatini,SWZ,2017,65.35
Eswatini,SWZ,2018,66.73
Eswatini,SWZ,2019,65.47
Eswatini,SWZ,2020,68.38
Eswatini,SWZ,2021,67.64
Eswatini,SWZ,2022,66.24
Eswatini,SWZ,2023,65.06
Eswatini,SWZ,2024,64.68
Sint Maarten (Dutch part),SXM,2012,0.05
Sint Maarten (Dutch part),SXM,2013,0.05
Sint Maarten (Dutch part),SXM,2014,0.05
Sint Maarten (Dutch part),SXM,2015,0.05
Sint Maarten (Dutch part),SXM,2016,0.05
Sint Maarten (Dutch part),SXM,2017,0.05
Sint Maarten (Dutch part),SXM,2018,0.05
Sint Maarten (Dutch part),SXM,2019,0.05
Sint Maarten (Dutch part),SXM,2020,0.05
Sint Maarten (Dutch part),SXM,2021,0.05
Sint Maarten (Dutch part),SXM,2022,0.05
Sint Maarten (Dutch part),SXM,2023,0.05
Sint Maarten (Dutch part),SXM,2024,0.05
Seychelles,SYC,1990,4.25
Seychelles,SYC,1991,3.48
Seychelles,SYC,1992,3.34
Seychelles,SYC,1993,3.11
Seychelles,SYC,1994,2.76
Seychelles,SYC,1995,2.96
Seychelles,SYC,1996,2.29
Seychelles,SYC,1997,2.06
Seychelles,SYC,1998,1.9
Seychelles,SYC,1999,1.82
Seychelles,SYC,2000,1.52
Seychelles,SYC,2001,1.26
Seychelles,SYC,2002,1.1
Seychelles,SYC,2003,1.12
Seychelles,SYC,2004,0.96
Seychelles,SYC,2005,0.94
Seychelles,SYC,2006,0.95
Seychelles,SYC,2007,1.01
Seychelles,SYC,2008,0.91
Seychelles,SYC,2009,0.83
Seychelles,SYC,2010,0.71
Seychelles,SYC,2011,0.85
Seychelles,SYC,2012,0.8
Seychelles,SYC,2013,1.48
Seychelles,SYC,2014,1.35
Seychelles,SYC,2015,1.36
Seychelles,SYC,2016,1.21
Seychelles,SYC,2017,1.24
Seychelles,SYC,2018,1.24
Seychelles,SYC,2019,1.2
Seychelles,SYC,2020,1.35
Seychelles,SYC,2021,1.72
Seychelles,SYC,2022,1.91
Seychelles,SYC,2023,1.91
Seychelles,SYC,2024,1.73
Syria,SYR,1990,2.36
Syria,SYR,1991,2.08
Syria,SYR,1992,2.2
Syria,SYR,1993,2.2
Syria,SYR,1994,2.02
Syria,SYR,1995,1.77
Syria,SYR,1996,1.63
Syria,SYR,1997,1.66
Syria,SYR,1998,1.61
Syria,SYR,1999,1.75
Syria,SYR,2000,2.0
Syria,SYR,2001,2.07
Syria,SYR,2002,1.6
Syria,SYR,2003,1.9
Syria,SYR,2004,2.59
Syria,SYR,2005,2.1
Syria,SYR,2006,1.82
Syria,SYR,2007,1.54
Syria,SYR,2008,1.25
Syria,SYR,2009,0.91
Syria,SYR,2010,1.35
Syria,SYR,2011,1.54
Syria,SYR,2012,1.86
Syria,SYR,2013,2.78
Syria,SYR,2014,2.46
Syria,SYR,2015,0.58
Syria,SYR,2016,1.37
Syria,SYR,2017,1.1
Syria,SYR,2018,0.88
Syria,SYR,2019,0.98
Syria,SYR,2020,1.07
Syria,SYR,2021,1.17
Syria,SYR,2022,1.26
Syria,SYR,2023,1.18
Turks and Caicos Islands,TCA,1990,0.8
Turks and Caicos Islands,TCA,1991,0.53
Turks and Caicos Islands,TCA,1992,0.33
Turks and Caicos Islands,TCA,1993,0.52
Turks and Caicos Islands,TCA,1994,0.53
Turks and Caicos Islands,TCA,1995,0.52
Turks and Caicos Islands,TCA,1996,0.6
Turks and Caicos Islands,TCA,1997,0.51
Turks and Caicos Islands,TCA,1998,0.53
Turks and Caicos Islands,TCA,1999,0.52
Turks and Caicos Islands,TCA,2000,0.45
Turks and Caicos Islands,TCA,2001,0.43
Turks and Caicos Islands,TCA,2002,0.38
Turks and Caicos Islands,TCA,2003,0.39
Turks and Caicos Islands,TCA,2004,0.39
Turks and Caicos Islands,TCA,2005,0.36
Turks and Caicos Islands,TCA,2006,0.35
Turks and Caicos Islands,TCA,2007,0.33
Turks and Caicos Islands,TCA,2008,0.33
Turks and Caicos Islands,TCA,2009,0.34
Turks and Caicos Islands,TCA,2010,0.34
Turks and Caicos Islands,TCA,2011,0.37
Turks and Caicos Islands,TCA,2012,0.37
Turks and Caicos Islands,TCA,2013,0.37
Turks and Caicos Islands,TCA,2014,0.36
Turks and Caicos Islands,TCA,2015,0.38
Turks and Caicos Islands,TCA,2016,0.37
Turks and Caicos Islands,TCA,2017,0.37
Turks and Caicos Islands,TCA,2018,0.41
Turks and Caicos Islands,TCA,2019,0.49
Turks and Caicos Islands,TCA,2020,0.52
Turks and Caicos Islands,TCA,2021,0.74
Turks and Caicos Islands,TCA,2022,0.64
Turks and Caicos Islands,TCA,2023,0.63
Turks and Caicos Islands,TCA,2024,0.65
Chad,TCD,1990,89.49
Chad,TCD,1991,89.32
Chad,TCD,1992,89.18
Chad,TCD,1993,89.47
Chad,TCD,1994,89.26
Chad,TCD,1995,89.17
Chad,TCD,1996,89.04
Chad,TCD,1997,88.88
Chad,TCD,1998,88.87
Chad,TCD,1999,88.72
Chad,TCD,2000,88.7
Chad,TCD,2001,88.6
Chad,TCD,2002,88.53
Chad,TCD,2003,83.91
Chad,TCD,2004,84.0
Chad,TCD,2005,83.82
Chad,TCD,2006,83.74
Chad,TCD,2007,82.38
Chad,TCD,2008,79.85
Chad,TCD,2009,79.36
Chad,TCD,2010,79.23
Chad,TCD,2011,80.68
Chad,TCD,2012,76.08
Chad,TCD,2013,72.62
Chad,TCD,2014,72.52
Chad,TCD,2015,72.66
Chad,TCD,2016,72.72
Chad,TCD,2017,72.84
Chad,TCD,2018,73.13
Chad,TCD,2019,72.75
Chad,TCD,2020,71.9
Chad,TCD,2021,69.89
Chad,TCD,2022,70.0
Chad,TCD,2023,72.22
Chad,TCD,2024,72.97
Togo,TGO,1990,78.7
Togo,TGO,1991,82.09
Togo,TGO,1992,85.79
Togo,TGO,1993,91.5
Togo,TGO,1994,81.55
Togo,TGO,1995,81.52
Togo,TGO,1996,73.1
Togo,TGO,1997,79.56
Togo,TGO,1998,77.75
Togo,TGO,1999,73.12
Togo,TGO,2000,77.11
Togo,TGO,2001,82.05
Togo,TGO,2002,78.66
Togo,TGO,2003,74.79
Togo,TGO,2004,76.14
Togo,TGO,2005,77.22
Togo,TGO,2006,79.65
Togo,TGO,2007,79.9
Togo,TGO,2008,76.51
Togo,TGO,2009,63.38
Togo,TGO,2010,65.81
Togo,TGO,2011,69.1
Togo,TGO,2012,71.29
Togo,TGO,2013,75.63
Togo,TGO,2014,81.44
Togo,TGO,2015,81.23
Togo,TGO,2016,80.64
Togo,TGO,2017,80.92
Togo,TGO,2018,76.57
Togo,TGO,2019,76.6
Togo,TGO,2020,72.72
Togo,TGO,2021,73.25
Togo,TGO,2022,73.06
Togo,TGO,2023,71.69
Thailand,THA,1990,33.48
Thailand,THA,1991,32.96
Thailand,THA,1992,31.74
Thailand,THA,1993,26.37
Thailand,THA,1994,23.8
Thailand,THA,1995,22.55
Thailand,THA,1996,21.53
Thailand,THA,1997,21.11
Thailand,THA,1998,21.51
Thailand,THA,1999,21.56
Thailand,THA,2000,21.87
Thailand,THA,2001,19.94
Thailand,THA,2002,19.95
Thailand,THA,2003,20.39
Thailand,THA,2004,20.11
Thailand,THA,2005,20.34
Thailand,THA,2006,20.74
Thailand,THA,2007,21.86
Thailand,THA,2008,22.8
Thailand,THA,2009,23.02
Thailand,THA,2010,23.23
Thailand,THA,2011,23.04
Thailand,THA,2012,23.65
Thailand,THA,2013,23.39
Thailand,THA,2014,24.54
Thailand,THA,2015,22.78
Thailand,THA,2016,22.57
Thailand,THA,2017,22.42
Thailand,THA,2018,23.94
Thailand,THA,2019,24.17
Thailand,THA,2020,21.19
Thailand,THA,2021,19.45
Thailand,THA,2022,19.46
Thailand,THA,2023,19.79
Tajikistan,TJK,1990,29.63
Tajikistan,TJK,1991,30.99
Tajikistan,TJK,1992,37.37
Tajikistan,TJK,1993,43.95
Tajikistan,TJK,1994,57.25
Tajikistan,TJK,1995,60.58
Tajikistan,TJK,1996,62.66
Tajikistan,TJK,1997,56.82
Tajikistan,TJK,1998,55.8
Tajikistan,TJK,1999,59.72
Tajikistan,TJK,2000,62.41
Tajikistan,TJK,2001,64.07
Tajikistan,TJK,2002,64.15
Tajikistan,TJK,2003,64.58
Tajikistan,TJK,2004,61.41
Tajikistan,TJK,2005,63.73
Tajikistan,TJK,2006,61.57
Tajikistan,TJK,2007,53.79
Tajikistan,TJK,2008,54.61
Tajikistan,TJK,2009,60.58
Tajikistan,TJK,2010,61.83
Tajikistan,TJK,2011,59.98
Tajikistan,TJK,2012,55.8
Tajikistan,TJK,2013,55.12
Tajikistan,TJK,2014,45.89
Tajikistan,TJK,2015,48.11
Tajikistan,TJK,2016,43.66
Tajikistan,TJK,2017,44.23
Tajikistan,TJK,2018,41.58
Tajikistan,TJK,2019,40.07
Tajikistan,TJK,2020,38.75
Tajikistan,TJK,2021,34.89
Tajikistan,TJK,2022,36.66
Tajikistan,TJK,2023,36.54
Turkmenistan,TKM,1990,0.0
Turkmenistan,TKM,1991,0.0
Turkmenistan,TKM,1992,0.0
Turkmenistan,TKM,1993,0.0
Turkmenistan,TKM,1994,0.0
Turkmenistan,TKM,1995,0.0
Turkmenistan,TKM,1996,0.0
Turkmenistan,TKM,1997,0.0
Turkmenistan,TKM,1998,0.09
Turkmenistan,TKM,1999,0.09
Turkmenistan,TKM,2000,0.09
Turkmenistan,TKM,2001,0.09
Turkmenistan,TKM,2002,0.09
Turkmenistan,TKM,2003,0.08
Turkmenistan,TKM,2004,0.07
Turkmenistan,TKM,2005,0.07
Turkmenistan,TKM,2006,0.08
Turkmenistan,TKM,2007,0.07
Turkmenistan,TKM,2008,0.07
Turkmenistan,TKM,2009,0.08
Turkmenistan,TKM,2010,0.07
Turkmenistan,TKM,2011,0.06
Turkmenistan,TKM,2012,0.05
Turkmenistan,TKM,2013,0.06
Turkmenistan,TKM,2014,0.06
Turkmenistan,TKM,2015,0.05
Turkmenistan,TKM,2016,0.06
Turkmenistan,TKM,2017,0.06
Turkmenistan,TKM,2018,0.05
Turkmenistan,TKM,2019,0.05
Turkmenistan,TKM,2020,0.05
Turkmenistan,TKM,2021,0.04
Turkmenistan,TKM,2022,0.04
Turkmenistan,TKM,2023,0.04
East Timor,TLS,2002,48.25
East Timor,TLS,2003,47.85
East Timor,TLS,2004,44.04
East Timor,TLS,2005,43.61
East Timor,TLS,2006,41.9
East Timor,TLS,2007,41.88
East Timor,TLS,2008,39.72
East Timor,TLS,2009,36.91
East Timor,TLS,2010,34.82
East Timor,TLS,2011,32.84
East Timor,TLS,2012,25.61
East Timor,TLS,2013,22.57
East Timor,TLS,2014,18.08
East Timor,TLS,2015,18.0
East Timor,TLS,2016,12.67
East Timor,TLS,2017,13.24
East Timor,TLS,2018,12.72
East Timor,TLS,2019,11.67
East Timor,TLS,2020,11.4
East Timor,TLS,2021,12.08
East Timor,TLS,2022,10.94
East Timor,TLS,2023,9.78
East Timor,TLS,2024,8.52
Tonga,TON,1990,1.41
Tonga,TON,1991,1.29
Tonga,TON,1992,1.57
Tonga,TON,1993,1.43
Tonga,TON,1994,1.23
Tonga,TON,1995,1.16
Tonga,TON,1996,1.46
Tonga,TON,1997,1.26
Tonga,TON,1998,1.24
Tonga,TON,1999,1.03
Tonga,TON,2000,2.48
Tonga,TON,2001,2.7
Tonga,TON,2002,2.48
Tonga,TON,2003,2.01
Tonga,TON,2004,2.15
Tonga,TON,2005,2.15
Tonga,TON,2006,1.86
Tonga,TON,2007,2.16
Tonga,TON,2008,2.37
Tonga,TON,2009,2.05
Tonga,TON,2010,0.96
Tonga,TON,2011,1.1
Tonga,TON,2012,1.1
Tonga,TON,2013,1.54
Tonga,TON,2014,1.68
Tonga,TON,2015,2.0
Tonga,TON,2016,1.7
Tonga,TON,2017,1.74
Tonga,TON,2018,1.69
Tonga,TON,2019,1.68
Tonga,TON,2020,2.55
Tonga,TON,2021,2.4
Tonga,TON,2022,2.25
Tonga,TON,2023,3.36
Tonga,TON,2024,3.34
Trinidad and Tobago,TTO,1990,1.19
Trinidad and Tobago,TTO,1991,1.3
Trinidad and Tobago,TTO,1992,1.28
Trinidad and Tobago,TTO,1993,1.34
Trinidad and Tobago,TTO,1994,1.26
Trinidad and Tobago,TTO,1995,1.18
Trinidad and Tobago,TTO,1996,0.99
Trinidad and Tobago,TTO,1997,0.93
Trinidad and Tobago,TTO,1998,0.9
Trinidad and Tobago,TTO,1999,0.86
Trinidad and Tobago,TTO,2000,0.76
Trinidad and Tobago,TTO,2001,0.71
Trinidad and Tobago,TTO,2002,0.69
Trinidad and Tobago,TTO,2003,0.6
Trinidad and Tobago,TTO,2004,0.6
Trinidad and Tobago,TTO,2005,0.54
Trinidad and Tobago,TTO,2006,0.55
Trinidad and Tobago,TTO,2007,0.45
Trinidad and Tobago,TTO,2008,0.46
Trinidad and Tobago,TTO,2009,0.49
Trinidad and Tobago,TTO,2010,0.38
Trinidad and Tobago,TTO,2011,0.38
Trinidad and Tobago,TTO,2012,0.37
Trinidad and Tobago,TTO,2013,0.37
Trinidad and Tobago,TTO,2014,0.35
Trinidad and Tobago,TTO,2015,0.37
Trinidad and Tobago,TTO,2016,0.43
Trinidad and Tobago,TTO,2017,0.42
Trinidad and Tobago,TTO,2018,0.46
Trinidad and Tobago,TTO,2019,0.43
Trinidad and Tobago,TTO,2020,0.48
Trinidad and Tobago,TTO,2021,0.46
Trinidad and Tobago,TTO,2022,0.44
Trinidad and Tobago,TTO,2023,0.43
Tunisia,TUN,1990,14.48
Tunisia,TUN,1991,14.79
Tunisia,TUN,1992,14.2
Tunisia,TUN,1993,13.87
Tunisia,TUN,1994,14.2
Tunisia,TUN,1995,14.37
Tunisia,TUN,1996,14.38
Tunisia,TUN,1997,14.44
Tunisia,TUN,1998,14.5
Tunisia,TUN,1999,14.49
Tunisia,TUN,2000,14.24
Tunisia,TUN,2001,14.22
Tunisia,TUN,2002,14.55
Tunisia,TUN,2003,14.13
Tunisia,TUN,2004,13.92
Tunisia,TUN,2005,14.18
Tunisia,TUN,2006,14.32
Tunisia,TUN,2007,14.32
Tunisia,TUN,2008,14.61
Tunisia,TUN,2009,16.07
Tunisia,TUN,2010,12.61
Tunisia,TUN,2011,13.24
Tunisia,TUN,2012,13.01
Tunisia,TUN,2013,13.16
Tunisia,TUN,2014,12.84
Tunisia,TUN,2015,12.47
Tunisia,TUN,2016,12.34
Tunisia,TUN,2017,11.77
Tunisia,TUN,2018,11.85
Tunisia,TUN,2019,12.1
Tunisia,TUN,2020,12.74
Tunisia,TUN,2021,11.79
Tunisia,TUN,2022,11.52
Tunisia,TUN,2023,12.11
Turkey,TUR,1990,24.37
Turkey,TUR,1991,23.98
Turkey,TUR,1992,23.98
Turkey,TUR,1993,23.55
Turkey,TUR,1994,24.05
Turkey,TUR,1995,21.9
Turkey,TUR,1996,21.04
Turkey,TUR,1997,20.69
Turkey,TUR,1998,21.53
Turkey,TUR,1999,20.47
Turkey,TUR,2000,17.29
Turkey,TUR,2001,18.12
Turkey,TUR,2002,17.49
Turkey,TUR,2003,16.29
Turkey,TUR,2004,16.78
Turkey,TUR,2005,15.34
Turkey,TUR,2006,14.23
Turkey,TUR,2007,12.48
Turkey,TUR,2008,12.53
Turkey,TUR,2009,13.12
Turkey,TUR,2010,14.21
Turkey,TUR,2011,12.68
Turkey,TUR,2012,13.03
Turkey,TUR,2013,13.8
Turkey,TUR,2014,11.51
Turkey,TUR,2015,13.34
Turkey,TUR,2016,13.23
Turkey,TUR,2017,11.4
Turkey,TUR,2018,11.83
Turkey,TUR,2019,14.12
Turkey,TUR,2020,13.72
Turkey,TUR,2021,12.02
Turkey,TUR,2022,13.81
Turkey,TUR,2023,14.64
Tuvalu,TUV,1990,0.0
Tuvalu,TUV,1991,0.0
Tuvalu,TUV,1992,0.0
Tuvalu,TUV,1993,0.0
Tuvalu,TUV,1994,0.0
Tuvalu,TUV,1995,0.0
Tuvalu,TUV,1996,0.0
Tuvalu,TUV,1997,0.0
Tuvalu,TUV,1998,0.0
Tuvalu,TUV,1999,0.0
Tuvalu,TUV,2000,0.04
Tuvalu,TUV,2001,0.03
Tuvalu,TUV,2002,0.02
Tuvalu,TUV,2003,0.03
Tuvalu,TUV,2004,0.02
Tuvalu,TUV,2005,0.02
Tuvalu,TUV,2006,0.02
Tuvalu,TUV,2007,0.02
Tuvalu,TUV,2008,0.2
Tuvalu,TUV,2009,0.25
Tuvalu,TUV,2010,0.45
Tuvalu,TUV,2011,0.21
Tuvalu,TUV,2012,0.27
Tuvalu,TUV,2013,0.7
Tuvalu,TUV,2014,0.65
Tuvalu,TUV,2015,3.27
Tuvalu,TUV,2016,6.49
Tuvalu,TUV,2017,6.13
Tuvalu,TUV,2018,5.04
Tuvalu,TUV,2019,4.91
Tuvalu,TUV,2020,5.01
Tuvalu,TUV,2021,4.87
Tuvalu,TUV,2022,4.87
Tuvalu,TUV,2023,4.91
Tuvalu,TUV,2024,4.91
Tanzania,TZA,1990,93.31
Tanzania,TZA,1991,93.58
Tanzania,TZA,1992,93.72
Tanzania,TZA,1993,94.13
Tanzania,TZA,1994,95.19
Tanzania,TZA,1995,93.35
Tanzania,TZA,1996,92.11
Tanzania,TZA,1997,92.67
Tanzania,TZA,1998,93.12
Tanzania,TZA,1999,94.21
Tanzania,TZA,2000,93.65
Tanzania,TZA,2001,93.11
Tanzania,TZA,2002,92.41
Tanzania,TZA,2003,92.37
Tanzania,TZA,2004,91.3
Tanzania,TZA,2005,90.34
Tanzania,TZA,2006,89.9
Tanzania,TZA,2007,90.57
Tanzania,TZA,2008,90.31
Tanzania,TZA,2009,90.96
Tanzania,TZA,2010,89.41
Tanzania,TZA,2011,87.63
Tanzania,TZA,2012,85.25
Tanzania,TZA,2013,84.47
Tanzania,TZA,2014,84.72
Tanzania,TZA,2015,83.04
Tanzania,TZA,2016,81.76
Tanzania,TZA,2017,82.0
Tanzania,TZA,2018,81.36
Tanzania,TZA,2019,80.84
Tanzania,TZA,2020,81.89
Tanzania,TZA,2021,79.61
Tanzania,TZA,2022,78.05
Tanzania,TZA,2023,78.06
Uganda,UGA,1990,96.58
Uganda,UGA,1991,96.59
Uganda,UGA,1992,96.67
Uganda,UGA,1993,96.76
Uganda,UGA,1994,97.29
Uganda,UGA,1995,96.53
Uganda,UGA,1996,96.26
Uganda,UGA,1997,95.9
Uganda,UGA,1998,95.45
Uganda,UGA,1999,95.48
Uganda,UGA,2000,95.29
Uganda,UGA,2001,95.49
Uganda,UGA,2002,95.62
Uganda,UGA,2003,95.55
Uganda,UGA,2004,95.32
Uganda,UGA,2005,94.47
Uganda,UGA,2006,94.21
Uganda,UGA,2007,94.14
Uganda,UGA,2008,94.13
Uganda,UGA,2009,94.26
Uganda,UGA,2010,93.63
Uganda,UGA,2011,93.3
Uganda,UGA,2012,93.45
Uganda,UGA,2013,93.07
Uganda,UGA,2014,92.4
Uganda,UGA,2015,91.71
Uganda,UGA,2016,91.43
Uganda,UGA,2017,91.33
Uganda,UGA,2018,90.53
Uganda,UGA,2019,90.56
Uganda,UGA,2020,90.92
Uganda,UGA,2021,90.1
Uganda,UGA,2022,88.95
Uganda,UGA,2023,88.18
Uganda,UGA,2024,88.16
Ukraine,UKR,1990,0.65
Ukraine,UKR,1991,0.7
Ukraine,UKR,1992,0.6
Ukraine,UKR,1993,0.89
Ukraine,UKR,1994,1.1
Ukraine,UKR,1995,0.98
Ukraine,UKR,1996,0.9
Ukraine,UKR,1997,1.02
Ukraine,UKR,1998,1.58
Ukraine,UKR,1999,1.45
Ukraine,UKR,2000,1.25
Ukraine,UKR,2001,1.23
Ukraine,UKR,2002,1.03
Ukraine,UKR,2003,0.99
Ukraine,UKR,2004,1.21
Ukraine,UKR,2005,1.27
Ukraine,UKR,2006,1.75
Ukraine,UKR,2007,2.39
Ukraine,UKR,2008,2.72
Ukraine,UKR,2009,2.96
Ukraine,UKR,2010,2.88
Ukraine,UKR,2011,2.74
Ukraine,UKR,2012,2.86
Ukraine,UKR,2013,3.49
Ukraine,UKR,2014,3.5
Ukraine,UKR,2015,4.15
Ukraine,UKR,2016,5.48
Ukraine,UKR,2017,6.48
Ukraine,UKR,2018,6.92
Ukraine,UKR,2019,7.44
Ukraine,UKR,2020,8.72
Ukraine,UKR,2021,9.0
Ukraine,UKR,2022,11.46
Ukraine,UKR,2023,11.98
Uruguay,URY,1990,44.79
Uruguay,URY,1991,43.74
Uruguay,URY,1992,43.29
Uruguay,URY,1993,42.68
Uruguay,URY,1994,42.2
Uruguay,URY,1995,41.04
Uruguay,URY,1996,37.53
Uruguay,URY,1997,37.7
Uruguay,URY,1998,36.87
Uruguay,URY,1999,33.26
Uruguay,URY,2000,38.73
Uruguay,URY,2001,41.63
Uruguay,URY,2002,43.25
Uruguay,URY,2003,43.83
Uruguay,URY,2004,39.31
Uruguay,URY,2005,41.32
Uruguay,URY,2006,37.6
Uruguay,URY,2007,43.2
Uruguay,URY,2008,44.09
Uruguay,URY,2009,44.64
Uruguay,URY,2010,53.29
Uruguay,URY,2011,49.67
Uruguay,URY,2012,47.85
Uruguay,URY,2013,51.87
Uruguay,URY,2014,56.7
Uruguay,URY,2015,59.4
Uruguay,URY,2016,60.32
Uruguay,URY,2017,60.82
Uruguay,URY,2018,60.83
Uruguay,URY,2019,59.34
Uruguay,URY,2020,61.21
Uruguay,URY,2021,57.84
Uruguay,URY,2022,57.45
Uruguay,URY,2023,60.47
United States,USA,1990,4.18
United States,USA,1991,4.51
United States,USA,1992,4.76
United States,USA,1993,4.28
United States,USA,1994,4.09
United States,USA,1995,4.73
United States,USA,1996,4.76
United States,USA,1997,4.51
United States,USA,1998,4.53
United States,USA,1999,5.71
United States,USA,2000,5.43
United States,USA,2001,4.68
United States,USA,2002,4.84
United States,USA,2003,5.33
United States,USA,2004,5.48
United States,USA,2005,5.84
United States,USA,2006,6.4
United States,USA,2007,6.3
United States,USA,2008,6.85
United States,USA,2009,7.35
United States,USA,2010,7.44
United States,USA,2011,8.36
United States,USA,2012,8.53
United States,USA,2013,8.88
United States,USA,2014,9.02
United States,USA,2015,8.91
United States,USA,2016,9.33
United States,USA,2017,9.74
United States,USA,2018,9.95
United States,USA,2019,10.26
United States,USA,2020,11.03
United States,USA,2021,10.97
United States,USA,2022,11.36
United States,USA,2023,12.25
Uzbekistan,UZB,1990,1.3
Uzbekistan,UZB,1991,1.22
Uzbekistan,UZB,1992,1.41
Uzbekistan,UZB,1993,1.62
Uzbekistan,UZB,1994,1.59
Uzbekistan,UZB,1995,1.47
Uzbekistan,UZB,1996,1.66
Uzbekistan,UZB,1997,1.45
Uzbekistan,UZB,1998,1.23
Uzbekistan,UZB,1999,1.47
Uzbekistan,UZB,2000,0.71
Uzbekistan,UZB,2001,0.78
Uzbekistan,UZB,2002,1.01
Uzbekistan,UZB,2003,1.42
Uzbekistan,UZB,2004,1.04
Uzbekistan,UZB,2005,1.62
Uzbekistan,UZB,2006,0.85
Uzbekistan,UZB,2007,0.89
Uzbekistan,UZB,2008,0.79
Uzbekistan,UZB,2009,1.25
Uzbekistan,UZB,2010,1.34
Uzbekistan,UZB,2011,0.95
Uzbekistan,UZB,2012,1.33
Uzbekistan,UZB,2013,1.18
Uzbekistan,UZB,2014,1.39
Uzbekistan,UZB,2015,1.7
Uzbekistan,UZB,2016,1.6
Uzbekistan,UZB,2017,1.74
Uzbekistan,UZB,2018,1.5
Uzbekistan,UZB,2019,1.59
Uzbekistan,UZB,2020,1.03
Uzbekistan,UZB,2021,1.0
Uzbekistan,UZB,2022,1.39
Uzbekistan,UZB,2023,1.44
Saint Vincent and the Grenadines,VCT,1990,15.44
Saint Vincent and the Grenadines,VCT,1991,11.6
Saint Vincent and the Grenadines,VCT,1992,13.17
Saint Vincent and the Grenadines,VCT,1993,12.28
Saint Vincent and the Grenadines,VCT,1994,10.47
Saint Vincent and the Grenadines,VCT,1995,9.1
Saint Vincent and the Grenadines,VCT,1996,8.99
Saint Vincent and the Grenadines,VCT,1997,8.78
Saint Vincent and the Grenadines,VCT,1998,7.15
Saint Vincent and the Grenadines,VCT,1999,6.54
Saint Vincent and the Grenadines,VCT,2000,8.49
Saint Vincent and the Grenadines,VCT,2001,6.19
Saint Vincent and the Grenadines,VCT,2002,6.07
Saint Vincent and the Grenadines,VCT,2003,5.63
Saint Vincent and the Grenadines,VCT,2004,5.86
Saint Vincent and the Grenadines,VCT,2005,5.81
Saint Vincent and the Grenadines,VCT,2006,5.29
Saint Vincent and the Grenadines,VCT,2007,4.71
Saint Vincent and the Grenadines,VCT,2008,5.33
Saint Vincent and the Grenadines,VCT,2009,4.1
Saint Vincent and the Grenadines,VCT,2010,5.13
Saint Vincent and the Grenadines,VCT,2011,6.09
Saint Vincent and the Grenadines,VCT,2012,5.02
Saint Vincent and the Grenadines,VCT,2013,5.37
Saint Vincent and the Grenadines,VCT,2014,3.31
Saint Vincent and the Grenadines,VCT,2015,4.3
Saint Vincent and the Grenadines,VCT,2016,4.1
Saint Vincent and the Grenadines,VCT,2017,5.28
Saint Vincent and the Grenadines,VCT,2018,4.93
Saint Vincent and the Grenadines,VCT,2019,5.38
Saint Vincent and the Grenadines,VCT,2020,5.23
Saint Vincent and the Grenadines,VCT,2021,5.03
Saint Vincent and the Grenadines,VCT,2022,4.76
Saint Vincent and the Grenadines,VCT,2023,4.82
Saint Vincent and the Grenadines,VCT,2024,4.94
Venezuela,VEN,1990,12.02
Venezuela,VEN,1991,13.23
Venezuela,VEN,1992,14.15
Venezuela,VEN,1993,13.22
Venezuela,VEN,1994,13.83
Venezuela,VEN,1995,13.15
Venezuela,VEN,1996,12.89
Venezuela,VEN,1997,13.88
Venezuela,VEN,1998,13.68
Venezuela,VEN,1999,15.04
Venezuela,VEN,2000,15.29
Venezuela,VEN,2001,14.03
Venezuela,VEN,2002,12.84
Venezuela,VEN,2003,13.41
Venezuela,VEN,2004,14.61
Venezuela,VEN,2005,14.68
Venezuela,VEN,2006,15.83
Venezuela,VEN,2007,16.66
Venezuela,VEN,2008,16.42
Venezuela,VEN,2009,16.13
Venezuela,VEN,2010,13.53
Venezuela,VEN,2011,14.4
Venezuela,VEN,2012,13.37
Venezuela,VEN,2013,14.14
Venezuela,VEN,2014,12.96
Venezuela,VEN,2015,15.63
Venezuela,VEN,2016,14.05
Venezuela,VEN,2017,13.95
Venezuela,VEN,2018,19.1
Venezuela,VEN,2019,20.29
Venezuela,VEN,2020,31.54
Venezuela,VEN,2021,29.84
Venezuela,VEN,2022,28.12
Venezuela,VEN,2023,27.18
British Virgin Islands,VGB,1990,1.3
British Virgin Islands,VGB,1991,1.38
British Virgin Islands,VGB,1992,1.1
British Virgin Islands,VGB,1993,1.22
British Virgin Islands,VGB,1994,1.1
British Virgin Islands,VGB,1995,1.14
British Virgin Islands,VGB,1996,0.95
British Virgin Islands,VGB,1997,0.98
British Virgin Islands,VGB,1998,0.96
British Virgin Islands,VGB,1999,0.91
British Virgin Islands,VGB,2000,0.94
British Virgin Islands,VGB,2001,0.93
British Virgin Islands,VGB,2002,0.9
British Virgin Islands,VGB,2003,0.86
British Virgin Islands,VGB,2004,0.83
British Virgin Islands,VGB,2005,0.82
British Virgin Islands,VGB,2006,0.78
British Virgin Islands,VGB,2007,0.77
British Virgin Islands,VGB,2008,0.77
British Virgin Islands,VGB,2009,0.79
British Virgin Islands,VGB,2010,1.01
British Virgin Islands,VGB,2011,1.07
British Virgin Islands,VGB,2012,1.09
British Virgin Islands,VGB,2013,0.98
British Virgin Islands,VGB,2014,0.96
British Virgin Islands,VGB,2015,0.98
British Virgin Islands,VGB,2016,1.21
British Virgin Islands,VGB,2017,1.54
British Virgin Islands,VGB,2018,1.7
British Virgin Islands,VGB,2019,1.78
British Virgin Islands,VGB,2020,2.01
British Virgin Islands,VGB,2021,2.05
British Virgin Islands,VGB,2022,2.27
British Virgin Islands,VGB,2023,2.14
British Virgin Islands,VGB,2024,2.19
United States Virgin Islands,VIR,1990,0.49
United States Virgin Islands,VIR,1991,0.52
United States Virgin Islands,VIR,1992,0.47
United States Virgin Islands,VIR,1993,0.51
United States Virgin Islands,VIR,1994,0.46
United States Virgin Islands,VIR,1995,0.48
United States Virgin Islands,VIR,1996,0.46
United States Virgin Islands,VIR,1997,0.49
United States Virgin Islands,VIR,1998,0.5
United States Virgin Islands,VIR,1999,0.5
United States Virgin Islands,VIR,2000,0.5
United States Virgin Islands,VIR,2001,0.55
United States Virgin Islands,VIR,2002,0.57
United States Virgin Islands,VIR,2003,0.58
United States Virgin Islands,VIR,2004,0.59
United States Virgin Islands,VIR,2005,0.67
United States Virgin Islands,VIR,2006,0.69
United States Virgin Islands,VIR,2007,0.69
United States Virgin Islands,VIR,2008,0.72
United States Virgin Islands,VIR,2009,0.76
United States Virgin Islands,VIR,2010,0.76
United States Virgin Islands,VIR,2011,1.24
United States Virgin Islands,VIR,2012,2.02
United States Virgin Islands,VIR,2013,2.73
United States Virgin Islands,VIR,2014,3.99
United States Virgin Islands,VIR,2015,4.94
United States Virgin Islands,VIR,2016,5.22
United States Virgin Islands,VIR,2017,6.15
United States Virgin Islands,VIR,2018,7.18
United States Virgin Islands,VIR,2019,6.89
United States Virgin Islands,VIR,2020,7.05
United States Virgin Islands,VIR,2021,7.34
United States Virgin Islands,VIR,2022,7.7
United States Virgin Islands,VIR,2023,8.18
United States Virgin Islands,VIR,2024,8.4
Vietnam,VNM,1990,75.91
Vietnam,VNM,1991,75.46
Vietnam,VNM,1992,74.52
Vietnam,VNM,1993,70.62
Vietnam,VNM,1994,67.77
Vietnam,VNM,1995,64.82
Vietnam,VNM,1996,62.61
Vietnam,VNM,1997,60.53
Vietnam,VNM,1998,59.23
Vietnam,VNM,1999,59.32
Vietnam,VNM,2000,57.73
Vietnam,VNM,2001,56.14
Vietnam,VNM,2002,52.2
Vietnam,VNM,2003,50.83
Vietnam,VNM,2004,45.77
Vietnam,VNM,2005,44.15
Vietnam,VNM,2006,44.25
Vietnam,VNM,2007,41.9
Vietnam,VNM,2008,39.26
Vietnam,VNM,2009,36.97
Vietnam,VNM,2010,34.58
Vietnam,VNM,2011,36.37
Vietnam,VNM,2012,37.96
Vietnam,VNM,2013,37.52
Vietnam,VNM,2014,36.86
Vietnam,VNM,2015,27.91
Vietnam,VNM,2016,26.96
Vietnam,VNM,2017,28.57
Vietnam,VNM,2018,25.02
Vietnam,VNM,2019,21.35
Vietnam,VNM,2020,19.91
Vietnam,VNM,2021,25.87
Vietnam,VNM,2022,26.19
Vietnam,VNM,2023,24.49
Vanuatu,VUT,1990,25.28
Vanuatu,VUT,1991,29.13
Vanuatu,VUT,1992,33.97
Vanuatu,VUT,1993,36.8
Vanuatu,VUT,1994,39.51
Vanuatu,VUT,1995,41.47
Vanuatu,VUT,1996,40.78
Vanuatu,VUT,1997,43.13
Vanuatu,VUT,1998,45.8
Vanuatu,VUT,1999,47.21
Vanuatu,VUT,2000,46.13
Vanuatu,VUT,2001,47.78
Vanuatu,VUT,2002,49.76
Vanuatu,VUT,2003,49.11
Vanuatu,VUT,2004,51.23
Vanuatu,VUT,2005,50.64
Vanuatu,VUT,2006,50.63
Vanuatu,VUT,2007,47.43
Vanuatu,VUT,2008,47.74
Vanuatu,VUT,2009,36.16
Vanuatu,VUT,2010,35.63
Vanuatu,VUT,2011,33.5
Vanuatu,VUT,2012,36.34
Vanuatu,VUT,2013,38.1
Vanuatu,VUT,2014,29.48
Vanuatu,VUT,2015,33.13
Vanuatu,VUT,2016,30.82
Vanuatu,VUT,2017,32.61
Vanuatu,VUT,2018,27.7
Vanuatu,VUT,2019,29.54
Vanuatu,VUT,2020,24.72
Vanuatu,VUT,2021,23.18
Vanuatu,VUT,2022,28.96
Vanuatu,VUT,2023,20.73
Vanuatu,VUT,2024,21.01
Wallis and Futuna,WLF,1990,4.85
Wallis and Futuna,WLF,1991,4.72
Wallis and Futuna,WLF,1992,4.6
Wallis and Futuna,WLF,1993,4.48
Wallis and Futuna,WLF,1994,4.38
Wallis and Futuna,WLF,1995,4.29
Wallis and Futuna,WLF,1996,4.19
Wallis and Futuna,WLF,1997,4.1
Wallis and Futuna,WLF,1998,4.03
Wallis and Futuna,WLF,1999,3.95
Wallis and Futuna,WLF,2000,3.89
Wallis and Futuna,WLF,2001,4.44
Wallis and Futuna,WLF,2002,4.5
Wallis and Futuna,WLF,2003,4.67
Wallis and Futuna,WLF,2004,3.81
Wallis and Futuna,WLF,2005,3.74
Wallis and Futuna,WLF,2006,3.69
Wallis and Futuna,WLF,2007,3.55
Wallis and Futuna,WLF,2008,3.66
Wallis and Futuna,WLF,2009,3.63
Wallis and Futuna,WLF,2010,3.67
Wallis and Futuna,WLF,2011,3.62
Wallis and Futuna,WLF,2012,3.78
Wallis and Futuna,WLF,2013,3.96
Wallis and Futuna,WLF,2014,4.01
Wallis and Futuna,WLF,2015,3.99
Wallis and Futuna,WLF,2016,3.81
Wallis and Futuna,WLF,2017,3.85
Wallis and Futuna,WLF,2018,3.72
Wallis and Futuna,WLF,2019,3.61
Wallis and Futuna,WLF,2020,3.51
Wallis and Futuna,WLF,2021,3.54
Wallis and Futuna,WLF,2022,3.38
Wallis and Futuna,WLF,2023,6.18
Wallis and Futuna,WLF,2024,6.77
Samoa,WSM,1990,63.96
Samoa,WSM,1991,61.75
Samoa,WSM,1992,60.61
Samoa,WSM,1993,59.25
Samoa,WSM,1994,60.05
Samoa,WSM,1995,58.56
Samoa,WSM,1996,58.16
Samoa,WSM,1997,59.09
Samoa,WSM,1998,58.0
Samoa,WSM,1999,57.89
Samoa,WSM,2000,59.69
Samoa,WSM,2001,52.41
Samoa,WSM,2002,49.58
Samoa,WSM,2003,52.41
Samoa,WSM,2004,48.82
Samoa,WSM,2005,48.89
Samoa,WSM,2006,45.96
Samoa,WSM,2007,43.18
Samoa,WSM,2008,45.0
Samoa,WSM,2009,43.17
Samoa,WSM,2010,41.93
Samoa,WSM,2011,40.64
Samoa,WSM,2012,40.21
Samoa,WSM,2013,42.7
Samoa,WSM,2014,41.43
Samoa,WSM,2015,37.06
Samoa,WSM,2016,36.78
Samoa,WSM,2017,35.23
Samoa,WSM,2018,35.58
Samoa,WSM,2019,33.75
Samoa,WSM,2020,33.84
Samoa,WSM,2021,30.54
Samoa,WSM,2022,31.75
Samoa,WSM,2023,31.5
Samoa,WSM,2024,29.67
Yemen,YEM,1990,1.78
Yemen,YEM,1991,1.41
Yemen,YEM,1992,1.31
Yemen,YEM,1993,1.48
Yemen,YEM,1994,1.44
Yemen,YEM,1995,1.24
Yemen,YEM,1996,1.22
Yemen,YEM,1997,1.15
Yemen,YEM,1998,1.07
Yemen,YEM,1999,1.0
Yemen,YEM,2000,0.95
Yemen,YEM,2001,0.89
Yemen,YEM,2002,0.88
Yemen,YEM,2003,0.78
Yemen,YEM,2004,0.75
Yemen,YEM,2005,0.73
Yemen,YEM,2006,0.76
Yemen,YEM,2007,0.76
Yemen,YEM,2008,0.74
Yemen,YEM,2009,0.7
Yemen,YEM,2010,0.78
Yemen,YEM,2011,0.93
Yemen,YEM,2012,1.08
Yemen,YEM,2013,0.76
Yemen,YEM,2014,0.78
Yemen,YEM,2015,1.96
Yemen,YEM,2016,2.39
Yemen,YEM,2017,1.83
Yemen,YEM,2018,1.89
Yemen,YEM,2019,1.83
Yemen,YEM,2020,1.98
Yemen,YEM,2021,2.06
Yemen,YEM,2022,2.06
Yemen,YEM,2023,2.21
South Africa,ZAF,1990,19.22
South Africa,ZAF,1991,20.08
South Africa,ZAF,1992,21.0
South Africa,ZAF,1993,21.21
South Africa,ZAF,1994,20.51
South Africa,ZAF,1995,20.63
South Africa,ZAF,1996,19.83
South Africa,ZAF,1997,19.85
South Africa,ZAF,1998,20.03
South Africa,ZAF,1999,20.37
South Africa,ZAF,2000,12.42
South Africa,ZAF,2001,11.99
South Africa,ZAF,2002,11.62
South Africa,ZAF,2003,10.24
South Africa,ZAF,2004,9.24
South Africa,ZAF,2005,8.92
South Africa,ZAF,2006,8.87
South Africa,ZAF,2007,8.24
South Africa,ZAF,2008,8.31
South Africa,ZAF,2009,7.3
South Africa,ZAF,2010,7.91
South Africa,ZAF,2011,7.8
South Africa,ZAF,2012,7.39
South Africa,ZAF,2013,7.2
South Africa,ZAF,2014,6.97
South Africa,ZAF,2015,6.9
South Africa,ZAF,2016,7.12
South Africa,ZAF,2017,7.04
South Africa,ZAF,2018,7.36
South Africa,ZAF,2019,7.75
South Africa,ZAF,2020,8.17
South Africa,ZAF,2021,8.24
South Africa,ZAF,2022,8.77
South Africa,ZAF,2023,9.0
Zambia,ZMB,1990,83.05
Zambia,ZMB,1991,82.3
Zambia,ZMB,1992,82.74
Zambia,ZMB,1993,85.15
Zambia,ZMB,1994,86.86
Zambia,ZMB,1995,87.11
Zambia,ZMB,1996,89.64
Zambia,ZMB,1997,87.0
Zambia,ZMB,1998,87.75
Zambia,ZMB,1999,89.82
Zambia,ZMB,2000,89.23
Zambia,ZMB,2001,89.06
Zambia,ZMB,2002,89.01
Zambia,ZMB,2003,88.79
Zambia,ZMB,2004,88.94
Zambia,ZMB,2005,88.24
Zambia,ZMB,2006,89.12
Zambia,ZMB,2007,90.21
Zambia,ZMB,2008,88.38
Zambia,ZMB,2009,87.99
Zambia,ZMB,2010,87.85
Zambia,ZMB,2011,87.15
Zambia,ZMB,2012,85.35
Zambia,ZMB,2013,84.96
Zambia,ZMB,2014,83.38
Zambia,ZMB,2015,82.82
Zambia,ZMB,2016,83.24
Zambia,ZMB,2017,82.56
Zambia,ZMB,2018,83.46
Zambia,ZMB,2019,82.74
Zambia,ZMB,2020,82.62
Zambia,ZMB,2021,81.19
Zambia,ZMB,2022,81.25
Zambia,ZMB,2023,80.43
Zimbabwe,ZWE,1990,64.02
Zimbabwe,ZWE,1991,63.78
Zimbabwe,ZWE,1992,64.41
Zimbabwe,ZWE,1993,64.46
Zimbabwe,ZWE,1994,68.57
Zimbabwe,ZWE,1995,67.1
Zimbabwe,ZWE,1996,66.78
Zimbabwe,ZWE,1997,67.43
Zimbabwe,ZWE,1998,67.88
Zimbabwe,ZWE,1999,64.45
Zimbabwe,ZWE,2000,50.01
Zimbabwe,ZWE,2001,52.99
Zimbabwe,ZWE,2002,56.29
Zimbabwe,ZWE,2003,61.4
Zimbabwe,ZWE,2004,66.62
Zimbabwe,ZWE,2005,64.17
Zimbabwe,ZWE,2006,62.59
Zimbabwe,ZWE,2007,61.49
Zimbabwe,ZWE,2008,66.21
Zimbabwe,ZWE,2009,67.49
Zimbabwe,ZWE,2010,65.21
Zimbabwe,ZWE,2011,59.28
Zimbabwe,ZWE,2012,58.88
Zimbabwe,ZWE,2013,61.97
Zimbabwe,ZWE,2014,64.04
Zimbabwe,ZWE,2015,63.69
Zimbabwe,ZWE,2016,64.58
Zimbabwe,ZWE,2017,66.02
Zimbabwe,ZWE,2018,62.56
Zimbabwe,ZWE,2019,59.88
Zimbabwe,ZWE,2020,64.2
Zimbabwe,ZWE,2021,62.03
Zimbabwe,ZWE,2022,58.01
Zimbabwe,ZWE,2023,54.64
