country,iso_alpha,continent,year,decade,temperature_anomaly,co2,co2_per_capita,population,renewable_percent,source_flag
Aruba,ABW,North America,1970,1970,0.223,0.929,15.751,58967.0,,E
Aruba,ABW,North America,1971,1970,-0.322,0.808,13.747,58798.0,,E
Aruba,ABW,North America,1972,1970,-0.007,0.784,13.304,58913.0,,E
Aruba,ABW,North America,1973,1970,0.223,0.869,14.624,59456.0,,E
Aruba,ABW,North America,1974,1970,-0.51,0.788,13.103,60144.0,,E
Aruba,ABW,North America,1975,1970,-0.222,0.571,9.383,60825.0,,E
Aruba,ABW,North America,1976,1970,-0.37,1.219,19.89,61292.0,,E
Aruba,ABW,North America,1977,1970,0.345,0.637,10.348,61532.0,,E
Aruba,ABW,North America,1978,1970,0.618,0.542,8.784,61733.0,,E
Aruba,ABW,North America,1979,1970,,0.569,9.188,61914.0,,O
Aruba,ABW,North America,1980,1980,0.734,0.585,9.435,62051.0,,E
Aruba,ABW,North America,1981,1980,0.484,0.558,8.954,62279.0,,E
Aruba,ABW,North America,1982,1980,0.512,0.623,9.947,62676.0,,E
Aruba,ABW,North America,1983,1980,0.839,0.32,5.077,63114.0,,E
Aruba,ABW,North America,1984,1980,0.311,0.8,12.604,63484.0,,E
Aruba,ABW,North America,1985,1980,-0.084,0.937,14.708,63674.0,,E
Aruba,ABW,North America,1986,1980,-0.044,0.18,2.821,63640.0,,E
Aruba,ABW,North America,1987,1980,0.79,0.447,7.048,63419.0,,E
Aruba,ABW,North America,1988,1980,0.506,0.612,9.679,63221.0,,E
Aruba,ABW,North America,1989,1980,-0.038,0.649,10.227,63413.0,,E
Aruba,ABW,North America,1990,1990,0.294,0.487,7.561,64452.0,0.27,E
Aruba,ABW,North America,1991,1990,0.508,0.531,7.981,66564.0,0.23,E
Aruba,ABW,North America,1992,1990,0.614,0.539,7.818,68889.0,0.24,E
Aruba,ABW,North America,1993,1990,,0.649,9.123,71091.0,0.2,O
Aruba,ABW,North America,1994,1990,0.431,0.66,8.976,73475.0,0.18,E
Aruba,ABW,North America,1995,1990,0.68,0.711,9.361,75930.0,0.17,E
Aruba,ABW,North America,1996,1990,0.866,0.722,9.195,78497.0,0.17,E
Aruba,ABW,North America,1997,1990,0.568,0.758,9.349,81123.0,0.16,E
Aruba,ABW,North America,1998,1990,1.25,0.806,9.62,83788.0,0.16,E
Aruba,ABW,North America,1999,1990,0.512,0.81,9.363,86483.0,0.16,E
Aruba,ABW,North America,2000,2000,0.019,2.378,26.787,88772.0,0.18,E
Aruba,ABW,North America,2001,2000,0.636,2.407,26.652,90320.0,0.18,E
Aruba,ABW,North America,2002,2000,0.805,2.437,26.66,91393.0,0.18,E
Aruba,ABW,North America,2003,2000,1.003,2.561,27.741,92324.0,0.18,E
Aruba,ABW,North America,2004,2000,0.553,2.616,28.063,93223.0,0.19,E
Aruba,ABW,North America,2005,2000,0.721,2.715,28.81,94239.0,0.19,E
Aruba,ABW,North America,2006,2000,0.761,2.711,28.42,95403.0,0.19,E
Aruba,ABW,North America,2007,2000,1.071,2.821,29.205,96604.0,0.19,E
Aruba,ABW,North America,2008,2000,0.573,2.656,27.157,97815.0,0.19,E
Aruba,ABW,North America,2009,2000,0.82,2.627,26.526,99040.0,0.3,E
Aruba,ABW,North America,2010,2010,1.274,2.506,25.03,100127.0,5.46,E
Aruba,ABW,North America,2011,2010,0.4,2.495,24.706,100995.0,5.66,E
Aruba,ABW,North America,2012,2010,0.602,1.345,13.212,101774.0,6.86,E
Aruba,ABW,North America,2013,2010,1.093,0.861,8.395,102570.0,6.89,E
Aruba,ABW,North America,2014,2010,0.923,0.872,8.435,103381.0,6.93,E
Aruba,ABW,North America,2015,2010,1.832,0.898,8.615,104200.0,6.73,E
Aruba,ABW,North America,2016,2010,1.224,0.883,8.411,104989.0,6.96,E
Aruba,ABW,North America,2017,2010,1.247,0.89,8.42,105737.0,6.77,E
Aruba,ABW,North America,2018,2010,0.951,0.868,8.158,106447.0,8.57,E
Aruba,ABW,North America,2019,2010,1.287,0.832,7.767,107089.0,8.29,E
Aruba,ABW,North America,2020,2020,1.631,0.821,7.641,107411.0,9.11,E
Aruba,ABW,North America,2021,2020,,0.861,8.005,107565.0,8.76,O
Aruba,ABW,North America,2022,2020,,0.888,8.242,107792.0,8.71,O
Aruba,ABW,North America,2023,2020,,0.887,8.213,107946.0,9.09,O
Aruba,ABW,North America,2024,2020,,0.921,8.518,108076.0,7.87,O
Afghanistan,AFG,Asia,1970,1970,0.815,1.67,0.148,11290134.0,,E
Afghanistan,AFG,Asia,1971,1970,0.61,1.894,0.164,11567672.0,,E
Afghanistan,AFG,Asia,1972,1970,-1.131,1.53,0.129,11853698.0,,E
Afghanistan,AFG,Asia,1973,1970,0.212,1.635,0.135,12158000.0,,E
Afghanistan,AFG,Asia,1974,1970,-0.504,1.913,0.153,12469127.0,,E
Afghanistan,AFG,Asia,1975,1970,-0.457,2.121,0.166,12773966.0,,E
Afghanistan,AFG,Asia,1976,1970,-0.294,1.981,0.152,13059861.0,,E
Afghanistan,AFG,Asia,1977,1970,0.516,2.384,0.179,13340758.0,,E
Afghanistan,AFG,Asia,1978,1970,0.072,2.153,0.158,13611444.0,,E
Afghanistan,AFG,Asia,1979,1970,0.319,2.233,0.164,13655575.0,,E
Afghanistan,AFG,Asia,1980,1980,0.598,1.756,0.133,13169313.0,,E
Afghanistan,AFG,Asia,1981,1980,0.5,1.978,0.166,11937586.0,,E
Afghanistan,AFG,Asia,1982,1980,-0.322,2.095,0.191,10991380.0,,E
Afghanistan,AFG,Asia,1983,1980,0.137,2.52,0.231,10917985.0,,E
Afghanistan,AFG,Asia,1984,1980,0.15,2.822,0.252,11190222.0,,E
Afghanistan,AFG,Asia,1985,1980,0.283,3.501,0.306,11426855.0,,E
Afghanistan,AFG,Asia,1986,1980,-0.127,3.134,0.274,11420074.0,,E
Afghanistan,AFG,Asia,1987,1980,0.385,3.114,0.273,11387822.0,,E
Afghanistan,AFG,Asia,1988,1980,0.934,2.857,0.248,11523299.0,,E
Afghanistan,AFG,Asia,1989,1980,-0.129,2.765,0.233,11874089.0,,E
Afghanistan,AFG,Asia,1990,1990,0.778,2.024,0.168,12045664.0,23.0,E
Afghanistan,AFG,Asia,1991,1990,-0.176,1.914,0.156,12238879.0,23.69,E
Afghanistan,AFG,Asia,1992,1990,-0.32,1.482,0.112,13278983.0,27.38,E
Afghanistan,AFG,Asia,1993,1990,0.191,1.487,0.1,14943175.0,28.5,E
Afghanistan,AFG,Asia,1994,1990,0.444,1.454,0.089,16250800.0,30.14,E
Afghanistan,AFG,Asia,1995,1990,0.367,1.417,0.083,17065837.0,31.8,E
Afghanistan,AFG,Asia,1996,1990,-0.104,1.37,0.077,17763266.0,33.89,E
Afghanistan,AFG,Asia,1997,1990,0.467,1.304,0.071,18452100.0,36.42,E
Afghanistan,AFG,Asia,1998,1990,0.665,1.279,0.067,19159996.0,38.02,E
Afghanistan,AFG,Asia,1999,1990,1.203,1.092,0.055,19887792.0,43.44,E
Afghanistan,AFG,Asia,2000,2000,0.998,1.047,0.052,20130334.0,44.99,E
Afghanistan,AFG,Asia,2001,2000,1.292,1.069,0.053,20284303.0,45.6,E
Afghanistan,AFG,Asia,2002,2000,1.399,1.341,0.063,21378123.0,37.83,E
Afghanistan,AFG,Asia,2003,2000,0.593,1.56,0.069,22733053.0,36.66,E
Afghanistan,AFG,Asia,2004,2000,1.437,1.237,0.053,23560656.0,44.24,E
Afghanistan,AFG,Asia,2005,2000,0.454,1.89,0.077,24404575.0,33.88,E
Afghanistan,AFG,Asia,2006,2000,1.794,2.159,0.085,25424100.0,31.89,E
Afghanistan,AFG,Asia,2007,2000,0.669,2.8,0.108,25909852.0,28.78,E
Afghanistan,AFG,Asia,2008,2000,0.709,4.254,0.161,26482631.0,21.17,E
Afghanistan,AFG,Asia,2009,2000,0.92,6.388,0.233,27466102.0,16.53,E
Afghanistan,AFG,Asia,2010,2010,1.658,8.365,0.296,28284088.0,15.15,E
Afghanistan,AFG,Asia,2011,2010,1.402,11.41,0.389,29347708.0,12.61,E
Afghanistan,AFG,Asia,2012,2010,0.189,9.731,0.318,30560036.0,15.36,E
Afghanistan,AFG,Asia,2013,2010,1.265,8.891,0.281,31622709.0,17.64,E
Afghanistan,AFG,Asia,2014,2010,0.413,8.698,0.265,32792528.0,20.25,E
Afghanistan,AFG,Asia,2015,2010,1.076,9.384,0.277,33831767.0,18.06,E
Afghanistan,AFG,Asia,2016,2010,1.525,8.606,0.248,34700613.0,20.82,E
Afghanistan,AFG,Asia,2017,2010,1.554,9.311,0.261,35688941.0,20.28,E
Afghanistan,AFG,Asia,2018,2010,1.548,10.192,0.277,36743040.0,15.92,E
Afghanistan,AFG,Asia,2019,2010,0.892,10.4,0.275,37856125.0,17.64,E
Afghanistan,AFG,Asia,2020,2020,0.483,11.119,0.285,39068977.0,17.27,E
Afghanistan,AFG,Asia,2021,2020,1.311,9.869,0.247,40000410.0,22.85,E
Afghanistan,AFG,Asia,2022,2020,1.876,10.17,0.251,40578847.0,18.24,E
Afghanistan,AFG,Asia,2023,2020,1.667,10.516,0.254,41454762.0,17.89,E
Afghanistan,AFG,Asia,2024,2020,2.082,10.826,0.254,42647502.0,17.4,E
Angola,AGO,Africa,1970,1970,0.242,3.578,0.611,5852790.0,,E
Angola,AGO,Africa,1971,1970,-0.105,3.405,0.568,5991114.0,,E
Angola,AGO,Africa,1972,1970,-0.043,4.501,0.729,6174269.0,,E
Angola,AGO,Africa,1973,1970,0.464,4.874,0.763,6388534.0,,E
Angola,AGO,Africa,1974,1970,-0.169,4.866,0.736,6613368.0,,E
Angola,AGO,Africa,1975,1970,-0.04,4.409,0.644,6842952.0,,E
Angola,AGO,Africa,1976,1970,-0.338,3.28,0.464,7074668.0,,E
Angola,AGO,Africa,1977,1970,0.243,3.528,0.482,7317837.0,,E
Angola,AGO,Africa,1978,1970,0.07,5.4,0.713,7576742.0,,E
Angola,AGO,Africa,1979,1970,0.336,5.489,0.7,7847207.0,,E
Angola,AGO,Africa,1980,1980,0.328,5.334,0.656,8133867.0,,E
Angola,AGO,Africa,1981,1980,-0.003,5.267,0.624,8435605.0,,E
Angola,AGO,Africa,1982,1980,0.202,4.635,0.53,8751653.0,,E
Angola,AGO,Africa,1983,1980,0.546,5.101,0.562,9082985.0,,E
Angola,AGO,Africa,1984,1980,0.68,4.986,0.529,9425921.0,,E
Angola,AGO,Africa,1985,1980,0.709,4.676,0.478,9779125.0,,E
Angola,AGO,Africa,1986,1980,0.173,4.634,0.457,10139459.0,,E
Angola,AGO,Africa,1987,1980,0.742,5.786,0.551,10497863.0,,E
Angola,AGO,Africa,1988,1980,0.478,5.049,0.465,10861299.0,,E
Angola,AGO,Africa,1989,1980,-0.037,4.923,0.438,11238562.0,,E
Angola,AGO,Africa,1990,1990,0.565,5.09,0.438,11626361.0,72.26,E
Angola,AGO,Africa,1991,1990,0.145,5.064,0.421,12023532.0,71.89,E
Angola,AGO,Africa,1992,1990,0.228,5.164,0.416,12423717.0,72.72,E
Angola,AGO,Africa,1993,1990,0.119,5.748,0.448,12827136.0,71.28,E
Angola,AGO,Africa,1994,1990,0.333,11.353,0.857,13249763.0,72.22,E
Angola,AGO,Africa,1995,1990,0.622,12.617,0.921,13699780.0,73.85,E
Angola,AGO,Africa,1996,1990,0.253,15.249,1.076,14170973.0,72.98,E
Angola,AGO,Africa,1997,1990,0.073,15.884,1.083,14660419.0,73.52,E
Angola,AGO,Africa,1998,1990,1.015,16.513,1.089,15159378.0,76.55,E
Angola,AGO,Africa,1999,1990,0.297,17.261,1.102,15667235.0,72.99,E
Angola,AGO,Africa,2000,2000,0.064,15.995,0.988,16194873.0,74.05,E
Angola,AGO,Africa,2001,2000,0.118,15.908,0.95,16747204.0,73.0,E
Angola,AGO,Africa,2002,2000,0.569,16.08,0.928,17327701.0,71.19,E
Angola,AGO,Africa,2003,2000,0.768,17.484,0.974,17943718.0,65.99,E
Angola,AGO,Africa,2004,2000,0.312,17.016,0.915,18600426.0,62.89,E
Angola,AGO,Africa,2005,2000,0.909,15.387,0.798,19291160.0,69.48,E
Angola,AGO,Africa,2006,2000,0.347,17.145,0.857,20015281.0,63.41,E
Angola,AGO,Africa,2007,2000,0.676,17.588,0.846,20778570.0,59.89,E
Angola,AGO,Africa,2008,2000,0.178,18.75,0.869,21578656.0,56.54,E
Angola,AGO,Africa,2009,2000,0.448,20.668,0.922,22414775.0,54.15,E
Angola,AGO,Africa,2010,2010,0.951,22.983,0.987,23294822.0,54.27,E
Angola,AGO,Africa,2011,2010,0.604,23.397,0.966,24218358.0,52.92,E
Angola,AGO,Africa,2012,2010,0.275,25.941,1.03,25177398.0,50.34,E
Angola,AGO,Africa,2013,2010,0.782,25.71,0.983,26165616.0,48.23,E
Angola,AGO,Africa,2014,2010,0.564,26.092,0.961,27160767.0,48.96,E
Angola,AGO,Africa,2015,2010,1.11,27.505,0.977,28157802.0,48.6,E
Angola,AGO,Africa,2016,2010,1.343,25.466,0.873,29183072.0,49.49,E
Angola,AGO,Africa,2017,2010,0.626,23.601,0.781,30234836.0,53.9,E
Angola,AGO,Africa,2018,2010,1.189,23.278,0.744,31297160.0,53.78,E
Angola,AGO,Africa,2019,2010,1.444,22.21,0.686,32375633.0,51.99,E
Angola,AGO,Africa,2020,2020,0.915,16.549,0.495,33451139.0,62.03,E
Angola,AGO,Africa,2021,2020,1.451,19.219,0.557,34532427.0,53.93,E
Angola,AGO,Africa,2022,2020,0.863,21.089,0.592,35635028.0,51.86,E
Angola,AGO,Africa,2023,2020,1.383,21.675,0.59,36749909.0,49.91,E
Angola,AGO,Africa,2024,2020,1.457,22.334,0.589,37885854.0,,E
Anguilla,AIA,North America,1970,1970,0.055,,,6324.0,,E
Anguilla,AIA,North America,1971,1970,-0.261,,,6376.0,,E
Anguilla,AIA,North America,1972,1970,-0.173,,,6427.0,,E
Anguilla,AIA,North America,1973,1970,0.145,,,6466.0,,E
Anguilla,AIA,North America,1974,1970,-0.366,,,6502.0,,E
Anguilla,AIA,North America,1975,1970,-0.339,,,6519.0,,E
Anguilla,AIA,North America,1976,1970,-0.418,,,6545.0,,E
Anguilla,AIA,North America,1977,1970,0.196,,,6567.0,,E
Anguilla,AIA,North America,1978,1970,0.152,,,6587.0,,E
Anguilla,AIA,North America,1979,1970,0.072,,,6602.0,,E
Anguilla,AIA,North America,1980,1980,0.71,,,6612.0,,E
Anguilla,AIA,North America,1981,1980,0.56,,,6628.0,,E
Anguilla,AIA,North America,1982,1980,0.186,,,6653.0,,E
Anguilla,AIA,North America,1983,1980,0.524,,,6672.0,,E
Anguilla,AIA,North America,1984,1980,0.105,,,6764.0,,E
Anguilla,AIA,North America,1985,1980,-0.003,,,6978.0,,E
Anguilla,AIA,North America,1986,1980,0.047,,,7245.0,,E
Anguilla,AIA,North America,1987,1980,0.602,,,7519.0,,E
Anguilla,AIA,North America,1988,1980,0.456,,,7807.0,,E
Anguilla,AIA,North America,1989,1980,-0.007,,,8116.0,,E
Anguilla,AIA,North America,1990,1990,0.437,0.044,5.221,8422.0,0.36,E
Anguilla,AIA,North America,1991,1990,0.475,0.044,5.038,8728.0,0.35,E
Anguilla,AIA,North America,1992,1990,0.371,0.048,5.29,9005.0,0.32,E
Anguilla,AIA,North America,1993,1990,0.519,0.055,5.94,9252.0,0.3,E
Anguilla,AIA,North America,1994,1990,0.528,0.055,5.792,9489.0,0.29,E
Anguilla,AIA,North America,1995,1990,0.613,0.055,5.644,9738.0,0.28,E
Anguilla,AIA,North America,1996,1990,0.356,0.059,5.862,10000.0,0.27,E
Anguilla,AIA,North America,1997,1990,0.498,0.059,5.704,10278.0,0.26,E
Anguilla,AIA,North America,1998,1990,1.097,0.066,6.247,10557.0,0.25,E
Anguilla,AIA,North America,1999,1990,0.545,0.07,6.408,10864.0,0.24,E
Anguilla,AIA,North America,2000,2000,0.257,0.081,7.2,11196.0,0.23,E
Anguilla,AIA,North America,2001,2000,0.592,0.084,7.33,11497.0,0.21,E
Anguilla,AIA,North America,2002,2000,0.718,0.084,7.194,11714.0,0.22,E
Anguilla,AIA,North America,2003,2000,0.855,0.088,7.388,11903.0,0.21,E
Anguilla,AIA,North America,2004,2000,0.544,0.099,8.181,12092.0,0.18,E
Anguilla,AIA,North America,2005,2000,0.835,0.11,8.944,12290.0,0.17,E
Anguilla,AIA,North America,2006,2000,0.618,0.121,9.678,12493.0,0.15,E
Anguilla,AIA,North America,2007,2000,0.826,0.125,9.811,12697.0,0.15,E
Anguilla,AIA,North America,2008,2000,0.305,0.125,9.649,12911.0,0.15,E
Anguilla,AIA,North America,2009,2000,0.458,0.125,9.482,13138.0,0.15,E
Anguilla,AIA,North America,2010,2010,0.991,0.128,9.59,13372.0,0.14,E
Anguilla,AIA,North America,2011,2010,0.362,0.125,9.165,13593.0,0.15,E
Anguilla,AIA,North America,2012,2010,0.508,0.121,9.023,13401.0,0.17,E
Anguilla,AIA,North America,2013,2010,0.638,0.114,8.558,13272.0,0.19,E
Anguilla,AIA,North America,2014,2010,0.66,0.121,8.795,13748.0,0.39,E
Anguilla,AIA,North America,2015,2010,0.913,0.136,9.524,14235.0,0.46,E
Anguilla,AIA,North America,2016,2010,0.954,0.139,9.707,14344.0,0.68,E
Anguilla,AIA,North America,2017,2010,0.783,0.128,8.875,14450.0,0.7,E
Anguilla,AIA,North America,2018,2010,0.561,0.132,8.944,14747.0,0.67,E
Anguilla,AIA,North America,2019,2010,0.788,0.143,9.626,14845.0,0.8,E
Anguilla,AIA,North America,2020,2020,1.165,0.136,9.121,14864.0,1.19,E
Anguilla,AIA,North America,2021,2020,0.82,0.139,9.6,14503.0,1.16,E
Anguilla,AIA,North America,2022,2020,0.819,0.143,10.062,14202.0,1.02,E
Anguilla,AIA,North America,2023,2020,1.183,0.143,9.879,14435.0,0.89,E
Anguilla,AIA,North America,2024,2020,1.534,0.148,10.127,14623.0,0.94,E
Albania,ALB,Europe,1970,1970,-0.109,3.739,1.714,2181226.0,,E
Albania,ALB,Europe,1971,1970,-0.196,4.348,1.945,2234995.0,,E
Albania,ALB,Europe,1972,1970,-0.075,5.638,2.463,2289265.0,,E
Albania,ALB,Europe,1973,1970,-0.3,5.286,2.255,2344108.0,,E
Albania,ALB,Europe,1974,1970,-0.133,4.342,1.809,2399397.0,,E
Albania,ALB,Europe,1975,1970,-0.208,4.591,1.87,2454861.0,,E
Albania,ALB,Europe,1976,1970,-0.682,4.947,1.971,2510579.0,,E
Albania,ALB,Europe,1977,1970,0.541,5.717,2.228,2566603.0,,E
Albania,ALB,Europe,1978,1970,-0.808,6.491,2.473,2624620.0,,E
Albania,ALB,Europe,1979,1970,0.217,7.584,2.828,2681393.0,,E
Albania,ALB,Europe,1980,1980,-0.389,5.171,1.89,2735424.0,,E
Albania,ALB,Europe,1981,1980,-0.296,7.343,2.632,2790413.0,,E
Albania,ALB,Europe,1982,1980,0.231,7.308,2.567,2846910.0,,E
Albania,ALB,Europe,1983,1980,-0.062,7.631,2.627,2905128.0,,E
Albania,ALB,Europe,1984,1980,-0.21,7.826,2.639,2964961.0,,E
Albania,ALB,Europe,1985,1980,-0.038,7.882,2.604,3026245.0,,E
Albania,ALB,Europe,1986,1980,0.632,8.058,2.61,3087658.0,,E
Albania,ALB,Europe,1987,1980,-0.045,7.447,2.365,3148843.0,,E
Albania,ALB,Europe,1988,1980,0.432,7.329,2.281,3212924.0,,E
Albania,ALB,Europe,1989,1980,-0.004,8.986,2.756,3260369.0,,E
Albania,ALB,Europe,1990,1990,0.862,5.521,1.684,3277965.0,25.5,E
Albania,ALB,Europe,1991,1990,-0.24,4.29,1.307,3282608.0,32.98,E
Albania,ALB,Europe,1992,1990,0.12,2.517,0.767,3282506.0,46.78,E
Albania,ALB,Europe,1993,1990,0.125,2.338,0.713,3277831.0,51.12,E
Albania,ALB,Europe,1994,1990,1.402,1.924,0.588,3269417.0,51.43,E
Albania,ALB,Europe,1995,1990,-0.099,2.089,0.641,3258573.0,50.58,E
Albania,ALB,Europe,1996,1990,0.004,2.018,0.622,3245680.0,51.6,E
Albania,ALB,Europe,1997,1990,0.15,1.543,0.478,3229665.0,55.93,E
Albania,ALB,Europe,1998,1990,0.856,1.755,0.547,3210134.0,49.94,E
Albania,ALB,Europe,1999,1990,0.729,2.986,0.937,3188598.0,42.63,E
Albania,ALB,Europe,2000,2000,1.107,3.025,0.955,3166147.0,41.36,E
Albania,ALB,Europe,2001,2000,1.591,3.221,1.023,3147943.0,39.04,E
Albania,ALB,Europe,2002,2000,0.548,3.748,1.196,3134095.0,35.82,E
Albania,ALB,Europe,2003,2000,1.068,4.303,1.38,3118093.0,33.67,E
Albania,ALB,Europe,2004,2000,0.512,4.177,1.348,3098662.0,35.84,E
Albania,ALB,Europe,2005,2000,0.231,4.261,1.385,3076156.0,36.77,E
Albania,ALB,Europe,2006,2000,0.422,3.911,1.282,3050805.0,31.62,E
Albania,ALB,Europe,2007,2000,1.436,4.004,1.324,3022887.0,32.0,E
Albania,ALB,Europe,2008,2000,1.024,4.448,1.486,2992933.0,35.79,E
Albania,ALB,Europe,2009,2000,0.931,4.37,1.476,2961487.0,37.09,E
Albania,ALB,Europe,2010,2010,1.187,4.817,1.645,2928731.0,36.99,E
Albania,ALB,Europe,2011,2010,1.032,5.175,1.778,2911499.0,35.84,E
Albania,ALB,Europe,2012,2010,1.53,4.93,1.694,2910003.0,39.91,E
Albania,ALB,Europe,2013,2010,1.374,5.346,1.839,2907571.0,41.14,E
Albania,ALB,Europe,2014,2010,1.325,6.072,2.091,2903748.0,38.56,E
Albania,ALB,Europe,2015,2010,1.683,4.712,1.626,2898634.0,38.49,E
Albania,ALB,Europe,2016,2010,1.581,4.555,1.572,2897868.0,39.44,E
Albania,ALB,Europe,2017,2010,1.231,5.344,1.844,2898245.0,36.94,E
Albania,ALB,Europe,2018,2010,2.147,5.195,1.795,2894229.0,37.83,E
Albania,ALB,Europe,2019,2010,1.787,4.941,1.712,2885011.0,40.11,E
Albania,ALB,Europe,2020,2020,1.607,4.865,1.694,2871950.0,44.4,E
Albania,ALB,Europe,2021,2020,1.691,5.137,1.803,2849641.0,41.91,E
Albania,ALB,Europe,2022,2020,1.641,4.498,1.591,2827614.0,43.74,E
Albania,ALB,Europe,2023,2020,2.251,4.417,1.571,2811660.0,45.57,E
Albania,ALB,Europe,2024,2020,2.861,4.444,1.592,2791756.0,,E
Andorra,AND,Europe,1970,1970,0.1,,,19999.0,,E
Andorra,AND,Europe,1971,1970,-0.374,,,21466.0,,E
Andorra,AND,Europe,1972,1970,-0.486,,,22978.0,,E
Andorra,AND,Europe,1973,1970,-0.028,,,24544.0,,E
Andorra,AND,Europe,1974,1970,-0.405,,,26153.0,,E
Andorra,AND,Europe,1975,1970,0.197,,,27799.0,,E
Andorra,AND,Europe,1976,1970,-0.082,,,29457.0,,E
Andorra,AND,Europe,1977,1970,-0.12,,,31125.0,,E
Andorra,AND,Europe,1978,1970,-0.178,,,32758.0,,E
Andorra,AND,Europe,1979,1970,0.015,,,34326.0,,E
Andorra,AND,Europe,1980,1980,-0.24,,,35802.0,,E
Andorra,AND,Europe,1981,1980,0.128,,,37194.0,,E
Andorra,AND,Europe,1982,1980,0.994,,,38785.0,,E
Andorra,AND,Europe,1983,1980,0.791,,,40586.0,,E
Andorra,AND,Europe,1984,1980,-0.221,,,42291.0,,E
Andorra,AND,Europe,1985,1980,-0.01,,,43845.0,,E
Andorra,AND,Europe,1986,1980,0.393,,,45758.0,,E
Andorra,AND,Europe,1987,1980,0.394,,,47677.0,,E
Andorra,AND,Europe,1988,1980,0.888,,,49441.0,,E
Andorra,AND,Europe,1989,1980,1.146,,,50638.0,,E
Andorra,AND,Europe,1990,1990,1.719,0.403,7.66,52616.0,14.05,E
Andorra,AND,Europe,1991,1990,0.205,0.403,7.109,56691.0,14.05,E
Andorra,AND,Europe,1992,1990,0.365,0.403,6.693,60217.0,14.08,E
Andorra,AND,Europe,1993,1990,0.167,0.407,6.426,63293.0,13.72,E
Andorra,AND,Europe,1994,1990,1.502,0.403,6.236,64631.0,14.36,E
Andorra,AND,Europe,1995,1990,1.283,0.425,6.648,63936.0,14.28,E
Andorra,AND,Europe,1996,1990,0.572,0.454,7.098,64006.0,13.89,E
Andorra,AND,Europe,1997,1990,1.79,0.465,7.19,64722.0,13.98,E
Andorra,AND,Europe,1998,1990,1.013,0.491,7.507,65400.0,14.23,E
Andorra,AND,Europe,1999,1990,1.042,0.513,7.804,65732.0,14.32,E
Andorra,AND,Europe,2000,2000,1.037,0.524,7.975,65703.0,14.51,E
Andorra,AND,Europe,2001,2000,1.469,0.524,7.954,65874.0,15.39,E
Andorra,AND,Europe,2002,2000,0.822,0.531,7.986,66528.0,15.83,E
Andorra,AND,Europe,2003,2000,1.941,0.535,7.696,69507.0,16.52,E
Andorra,AND,Europe,2004,2000,0.928,0.564,7.59,74342.0,16.57,E
Andorra,AND,Europe,2005,2000,0.834,0.579,7.476,77436.0,16.61,E
Andorra,AND,Europe,2006,2000,1.461,0.546,6.858,79609.0,17.57,E
Andorra,AND,Europe,2007,2000,0.974,0.539,6.576,81901.0,16.56,E
Andorra,AND,Europe,2008,2000,0.878,0.539,6.449,83513.0,17.02,E
Andorra,AND,Europe,2009,2000,1.345,0.517,6.157,83907.0,17.13,E
Andorra,AND,Europe,2010,2010,0.396,0.517,6.4,80727.0,18.67,E
Andorra,AND,Europe,2011,2010,1.605,0.491,6.311,77801.0,18.55,E
Andorra,AND,Europe,2012,2010,1.212,0.487,6.34,76858.0,18.76,E
Andorra,AND,Europe,2013,2010,0.752,0.476,6.332,75220.0,19.14,E
Andorra,AND,Europe,2014,2010,1.921,0.462,6.259,73755.0,19.45,E
Andorra,AND,Europe,2015,2010,1.631,0.465,6.445,72195.0,19.05,E
Andorra,AND,Europe,2016,2010,1.922,0.473,6.547,72197.0,18.96,E
Andorra,AND,Europe,2017,2010,1.859,0.473,6.406,73780.0,17.99,E
Andorra,AND,Europe,2018,2010,1.847,0.498,6.628,75181.0,17.65,E
Andorra,AND,Europe,2019,2010,1.893,0.491,6.419,76492.0,17.2,E
Andorra,AND,Europe,2020,2020,2.48,0.377,4.876,77397.0,20.91,E
Andorra,AND,Europe,2021,2020,1.453,0.414,5.282,78379.0,18.41,E
Andorra,AND,Europe,2022,2020,3.147,0.423,5.311,79722.0,18.83,E
Andorra,AND,Europe,2023,2020,2.768,0.418,5.17,80869.0,18.32,E
Andorra,AND,Europe,2024,2020,2.423,0.425,5.182,81955.0,19.34,E
United Arab Emirates,ARE,Asia,1970,1970,0.237,15.235,53.166,286553.0,,E
United Arab Emirates,ARE,Asia,1971,1970,-0.302,21.167,63.177,335042.0,,E
United Arab Emirates,ARE,Asia,1972,1970,-0.466,23.435,60.866,385025.0,,E
United Arab Emirates,ARE,Asia,1973,1970,0.032,30.605,70.13,436407.0,,E
United Arab Emirates,ARE,Asia,1974,1970,-0.11,31.302,63.999,489098.0,,E
United Arab Emirates,ARE,Asia,1975,1970,-0.297,31.045,57.187,542868.0,,E
United Arab Emirates,ARE,Asia,1976,1970,-0.53,39.618,64.328,615871.0,,E
United Arab Emirates,ARE,Asia,1977,1970,0.444,38.753,54.565,710216.0,,E
United Arab Emirates,ARE,Asia,1978,1970,0.102,44.769,55.319,809285.0,,E
United Arab Emirates,ARE,Asia,1979,1970,0.559,36.568,40.095,912016.0,,E
United Arab Emirates,ARE,Asia,1980,1980,0.525,36.859,36.289,1015711.0,,E
United Arab Emirates,ARE,Asia,1981,1980,0.329,36.81,33.468,1099864.0,,E
United Arab Emirates,ARE,Asia,1982,1980,-0.344,36.818,31.566,1166383.0,,E
United Arab Emirates,ARE,Asia,1983,1980,-0.738,35.289,28.567,1235309.0,,E
United Arab Emirates,ARE,Asia,1984,1980,-0.243,46.306,35.456,1306005.0,,E
United Arab Emirates,ARE,Asia,1985,1980,0.099,49.828,36.162,1377918.0,,E
United Arab Emirates,ARE,Asia,1986,1980,0.159,47.156,32.136,1467386.0,,E
United Arab Emirates,ARE,Asia,1987,1980,0.12,47.606,30.24,1574258.0,,E
United Arab Emirates,ARE,Asia,1988,1980,0.166,48.274,28.704,1681797.0,,E
United Arab Emirates,ARE,Asia,1989,1980,-0.333,54.384,30.385,1789858.0,,E
United Arab Emirates,ARE,Asia,1990,1990,0.215,51.908,27.346,1898220.0,0.0,E
United Arab Emirates,ARE,Asia,1991,1990,-0.274,56.896,28.354,2006630.0,0.0,E
United Arab Emirates,ARE,Asia,1992,1990,-0.676,58.005,27.429,2114738.0,0.19,E
United Arab Emirates,ARE,Asia,1993,1990,-0.043,65.832,29.626,2222098.0,0.15,E
United Arab Emirates,ARE,Asia,1994,1990,0.388,75.35,32.364,2328191.0,0.12,E
United Arab Emirates,ARE,Asia,1995,1990,-0.181,72.874,29.932,2434667.0,0.11,E
United Arab Emirates,ARE,Asia,1996,1990,0.317,75.836,29.195,2597570.0,0.08,E
United Arab Emirates,ARE,Asia,1997,1990,-0.3,73.298,26.016,2817410.0,0.08,E
United Arab Emirates,ARE,Asia,1998,1990,0.997,80.625,26.517,3040432.0,0.07,E
United Arab Emirates,ARE,Asia,1999,1990,1.326,77.844,23.835,3266011.0,0.07,E
United Arab Emirates,ARE,Asia,2000,2000,0.714,112.277,32.138,3493583.0,0.08,E
United Arab Emirates,ARE,Asia,2001,2000,0.59,101.896,27.365,3723596.0,0.06,E
United Arab Emirates,ARE,Asia,2002,2000,1.16,85.213,21.536,3956829.0,0.07,E
United Arab Emirates,ARE,Asia,2003,2000,1.022,107.106,25.547,4192465.0,0.07,E
United Arab Emirates,ARE,Asia,2004,2000,1.007,112.469,25.394,4428964.0,0.1,E
United Arab Emirates,ARE,Asia,2005,2000,0.67,115.273,24.711,4664797.0,0.1,E
United Arab Emirates,ARE,Asia,2006,2000,1.224,122.723,24.5,5009106.0,0.1,E
United Arab Emirates,ARE,Asia,2007,2000,0.752,134.103,23.842,5624640.0,0.09,E
United Arab Emirates,ARE,Asia,2008,2000,0.735,155.03,24.598,6302669.0,0.09,E
United Arab Emirates,ARE,Asia,2009,2000,0.872,169.088,25.21,6707063.0,0.09,E
United Arab Emirates,ARE,Asia,2010,2010,1.499,185.848,26.786,6938372.0,0.08,E
United Arab Emirates,ARE,Asia,2011,2010,1.19,198.518,27.574,7199436.0,0.08,E
United Arab Emirates,ARE,Asia,2012,2010,1.156,208.324,27.787,7497122.0,0.08,E
United Arab Emirates,ARE,Asia,2013,2010,0.848,214.188,27.348,7831851.0,0.09,E
United Arab Emirates,ARE,Asia,2014,2010,1.011,214.53,26.045,8236880.0,0.13,E
United Arab Emirates,ARE,Asia,2015,2010,1.652,225.045,25.943,8674633.0,0.12,E
United Arab Emirates,ARE,Asia,2016,2010,1.178,227.898,25.235,9030873.0,0.12,E
United Arab Emirates,ARE,Asia,2017,2010,1.717,196.493,21.279,9234330.0,0.2,E
United Arab Emirates,ARE,Asia,2018,2010,1.576,204.105,21.837,9346870.0,0.31,E
United Arab Emirates,ARE,Asia,2019,2010,1.265,204.058,21.76,9377855.0,0.65,E
United Arab Emirates,ARE,Asia,2020,2020,1.269,215.266,22.783,9448529.0,0.89,E
United Arab Emirates,ARE,Asia,2021,2020,1.759,212.173,21.675,9789055.0,1.05,E
United Arab Emirates,ARE,Asia,2022,2020,1.532,207.103,20.221,10242085.0,1.22,E
United Arab Emirates,ARE,Asia,2023,2020,1.655,210.425,19.773,10642089.0,1.96,E
United Arab Emirates,ARE,Asia,2024,2020,1.784,221.988,20.131,11027135.0,,E
Argentina,ARG,South America,1970,1970,0.433,82.648,3.461,23878330.0,,E
Argentina,ARG,South America,1971,1970,-0.272,88.85,3.663,24257212.0,,E
Argentina,ARG,South America,1972,1970,-0.028,90.073,3.655,24644332.0,,E
Argentina,ARG,South America,1973,1970,-0.172,93.984,3.752,25046007.0,,E
Argentina,ARG,South America,1974,1970,-0.139,95.492,3.75,25461352.0,,E
Argentina,ARG,South America,1975,1970,-0.06,94.86,3.666,25874106.0,,E
Argentina,ARG,South America,1976,1970,-0.358,99.718,3.794,26282282.0,,E
Argentina,ARG,South America,1977,1970,0.382,100.729,3.772,26701815.0,,E
Argentina,ARG,South America,1978,1970,0.316,102.583,3.781,27132162.0,,E
Argentina,ARG,South America,1979,1970,0.223,110.649,4.014,27568894.0,,E
Argentina,ARG,South America,1980,1980,0.334,108.695,3.88,28011597.0,,E
Argentina,ARG,South America,1981,1980,0.343,102.009,3.584,28463956.0,,E
Argentina,ARG,South America,1982,1980,0.335,103.388,3.574,28924268.0,,E
Argentina,ARG,South America,1983,1980,0.03,105.182,3.579,29391334.0,,E
Argentina,ARG,South America,1984,1980,-0.114,106.492,3.566,29863090.0,,E
Argentina,ARG,South America,1985,1980,0.29,100.569,3.315,30336448.0,,E
Argentina,ARG,South America,1986,1980,0.442,104.199,3.382,30811982.0,,E
Argentina,ARG,South America,1987,1980,0.443,114.936,3.673,31291764.0,,E
Argentina,ARG,South America,1988,1980,-0.201,121.464,3.822,31780534.0,,E
Argentina,ARG,South America,1989,1980,0.603,117.067,3.628,32270958.0,,E
Argentina,ARG,South America,1990,1990,0.442,112.188,3.425,32755907.0,9.68,E
Argentina,ARG,South America,1991,1990,0.255,117.727,3.543,33230293.0,9.39,E
Argentina,ARG,South America,1992,1990,-0.255,121.514,3.606,33693532.0,10.13,E
Argentina,ARG,South America,1993,1990,0.065,118.021,3.456,34152719.0,10.93,E
Argentina,ARG,South America,1994,1990,0.48,118.507,3.424,34613492.0,11.38,E
Argentina,ARG,South America,1995,1990,0.229,125.415,3.576,35070016.0,11.56,E
Argentina,ARG,South America,1996,1990,0.485,131.446,3.701,35513795.0,9.76,E
Argentina,ARG,South America,1997,1990,0.738,136.617,3.8,35947790.0,11.09,E
Argentina,ARG,South America,1998,1990,0.324,139.505,3.835,36372862.0,10.95,E
Argentina,ARG,South America,1999,1990,0.132,148.345,4.032,36794687.0,9.84,E
Argentina,ARG,South America,2000,2000,-0.223,143.355,3.852,37213986.0,11.17,E
Argentina,ARG,South America,2001,2000,0.381,135.004,3.588,37624817.0,13.28,E
Argentina,ARG,South America,2002,2000,0.246,124.93,3.285,38029345.0,13.5,E
Argentina,ARG,South America,2003,2000,0.596,134.421,3.498,38424283.0,12.45,E
Argentina,ARG,South America,2004,2000,0.4,157.235,4.051,38815915.0,10.62,E
Argentina,ARG,South America,2005,2000,0.196,161.728,4.124,39216786.0,11.1,E
Argentina,ARG,South America,2006,2000,0.5,174.342,4.4,39622113.0,10.71,E
Argentina,ARG,South America,2007,2000,-0.271,173.764,4.342,40016767.0,8.97,E
Argentina,ARG,South America,2008,2000,0.479,187.596,4.641,40424151.0,8.86,E
Argentina,ARG,South America,2009,2000,0.728,178.378,4.366,40854832.0,10.03,E
Argentina,ARG,South America,2010,2010,0.029,186.121,4.508,41288694.0,10.09,E
Argentina,ARG,South America,2011,2010,0.246,189.884,4.55,41730655.0,10.04,E
Argentina,ARG,South America,2012,2010,0.673,191.715,4.547,42161718.0,9.71,E
Argentina,ARG,South America,2013,2010,0.348,189.525,4.451,42582453.0,10.07,E
Argentina,ARG,South America,2014,2010,0.87,188.539,4.382,43024071.0,11.02,E
Argentina,ARG,South America,2015,2010,0.857,191.809,4.412,43477011.0,10.58,E
Argentina,ARG,South America,2016,2010,0.39,190.02,4.328,43900312.0,10.47,E
Argentina,ARG,South America,2017,2010,0.986,187.068,4.224,44288898.0,11.53,E
Argentina,ARG,South America,2018,2010,0.764,182.483,4.087,44654876.0,11.67,E
Argentina,ARG,South America,2019,2010,0.66,180.428,4.012,44973469.0,11.76,E
Argentina,ARG,South America,2020,2020,1.017,164.613,3.643,45191960.0,10.93,E
Argentina,ARG,South America,2021,2020,0.915,190.197,4.197,45312282.0,10.55,E
Argentina,ARG,South America,2022,2020,0.543,183.768,4.047,45407904.0,10.42,E
Argentina,ARG,South America,2023,2020,1.435,178.407,3.918,45538402.0,11.85,E
Argentina,ARG,South America,2024,2020,1.001,171.059,3.743,45696153.0,,E
Armenia,ARM,Asia,1970,1970,,5.191,2.097,2475628.0,,
Armenia,ARM,Asia,1971,1970,,5.519,2.185,2525348.0,,
Armenia,ARM,Asia,1972,1970,,5.813,2.256,2577081.0,,
Armenia,ARM,Asia,1973,1970,,6.067,2.306,2630860.0,,
Armenia,ARM,Asia,1974,1970,,6.308,2.348,2686442.0,,
Armenia,ARM,Asia,1975,1970,,6.638,2.419,2743665.0,,
Armenia,ARM,Asia,1976,1970,,6.895,2.447,2818168.0,,
Armenia,ARM,Asia,1977,1970,,7.133,2.449,2912833.0,,
Armenia,ARM,Asia,1978,1970,,7.383,2.45,3012808.0,,
Armenia,ARM,Asia,1979,1970,,7.444,2.418,3078505.0,,
Armenia,ARM,Asia,1980,1980,,7.735,2.489,3107418.0,,
Armenia,ARM,Asia,1981,1980,,7.6,2.424,3135354.0,,
Armenia,ARM,Asia,1982,1980,,7.745,2.449,3163145.0,,
Armenia,ARM,Asia,1983,1980,,7.861,2.463,3191549.0,,
Armenia,ARM,Asia,1984,1980,,7.935,2.461,3224549.0,,
Armenia,ARM,Asia,1985,1980,,8.551,2.623,3260438.0,,
Armenia,ARM,Asia,1986,1980,,8.143,2.471,3294857.0,,
Armenia,ARM,Asia,1987,1980,,8.169,2.454,3328525.0,,
Armenia,ARM,Asia,1988,1980,,9.299,2.771,3355123.0,,
Armenia,ARM,Asia,1989,1980,,9.418,2.735,3443095.0,,
Armenia,ARM,Asia,1990,1990,,9.003,2.535,3552130.0,2.12,
Armenia,ARM,Asia,1991,1990,,7.383,2.043,3613978.0,2.31,
Armenia,ARM,Asia,1992,1990,-1.296,5.724,1.602,3571870.0,6.68,E
Armenia,ARM,Asia,1993,1990,-0.961,2.51,0.727,3453339.0,12.93,E
Armenia,ARM,Asia,1994,1990,0.469,2.685,0.798,3364620.0,17.76,E
Armenia,ARM,Asia,1995,1990,0.747,3.363,1.017,3307586.0,9.27,E
Armenia,ARM,Asia,1996,1990,0.542,2.5,0.763,3278738.0,12.47,E
Armenia,ARM,Asia,1997,1990,0.803,3.253,1.002,3246292.0,10.12,E
Armenia,ARM,Asia,1998,1990,1.415,3.419,1.066,3208399.0,9.38,E
Armenia,ARM,Asia,1999,1990,1.569,3.04,0.96,3167282.0,8.36,E
Armenia,ARM,Asia,2000,2000,1.069,3.491,1.117,3125630.0,7.16,E
Armenia,ARM,Asia,2001,2000,1.458,3.533,1.145,3084350.0,5.42,E
Armenia,ARM,Asia,2002,2000,1.163,3.077,1.007,3055636.0,8.9,E
Armenia,ARM,Asia,2003,2000,0.151,3.456,1.137,3038976.0,9.81,E
Armenia,ARM,Asia,2004,2000,1.106,3.691,1.221,3022544.0,8.71,E
Armenia,ARM,Asia,2005,2000,0.469,4.376,1.456,3006360.0,6.49,E
Armenia,ARM,Asia,2006,2000,1.602,4.402,1.472,2990371.0,7.65,E
Armenia,ARM,Asia,2007,2000,0.734,5.1,1.714,2974825.0,7.02,E
Armenia,ARM,Asia,2008,2000,0.835,5.575,1.883,2959996.0,6.4,E
Armenia,ARM,Asia,2009,2000,0.673,4.364,1.481,2945518.0,7.8,E
Armenia,ARM,Asia,2010,2010,2.716,4.256,1.452,2931083.0,9.36,E
Armenia,ARM,Asia,2011,2010,0.72,4.969,1.7,2923269.0,8.01,E
Armenia,ARM,Asia,2012,2010,1.342,5.748,1.967,2922529.0,6.56,E
Armenia,ARM,Asia,2013,2010,1.403,5.535,1.894,2922526.0,6.77,E
Armenia,ARM,Asia,2014,2010,1.189,5.604,1.918,2922433.0,7.08,E
Armenia,ARM,Asia,2015,2010,1.843,5.469,1.872,2921179.0,10.82,E
Armenia,ARM,Asia,2016,2010,1.319,5.207,1.784,2918796.0,13.26,E
Armenia,ARM,Asia,2017,2010,0.844,5.537,1.899,2914966.0,12.68,E
Armenia,ARM,Asia,2018,2010,2.691,5.822,2.001,2909971.0,12.62,E
Armenia,ARM,Asia,2019,2010,1.757,6.284,2.164,2903975.0,11.99,E
Armenia,ARM,Asia,2020,2020,1.849,6.795,2.351,2890893.0,10.46,E
Armenia,ARM,Asia,2021,2020,2.142,7.351,2.561,2870339.0,11.26,E
Armenia,ARM,Asia,2022,2020,1.783,7.699,2.672,2880880.0,10.3,E
Armenia,ARM,Asia,2023,2020,2.173,7.43,2.524,2943398.0,10.14,E
Armenia,ARM,Asia,2024,2020,2.339,7.431,2.499,2973843.0,,E
American Samoa,ASM,Oceania,1970,1970,-0.1,,,,,E
American Samoa,ASM,Oceania,1971,1970,-0.512,,,,,E
American Samoa,ASM,Oceania,1972,1970,-0.041,,,,,E
American Samoa,ASM,Oceania,1973,1970,0.377,,,,,E
American Samoa,ASM,Oceania,1974,1970,-0.263,,,,,E
American Samoa,ASM,Oceania,1975,1970,-0.074,,,,,E
American Samoa,ASM,Oceania,1976,1970,-0.132,,,,,E
American Samoa,ASM,Oceania,1977,1970,0.195,,,,,E
American Samoa,ASM,Oceania,1978,1970,0.131,,,,,E
American Samoa,ASM,Oceania,1979,1970,0.38,,,,,E
American Samoa,ASM,Oceania,1980,1980,0.37,,,,,E
American Samoa,ASM,Oceania,1981,1980,0.199,,,,,E
American Samoa,ASM,Oceania,1982,1980,0.296,,,,,E
American Samoa,ASM,Oceania,1983,1980,0.326,,,,,E
American Samoa,ASM,Oceania,1984,1980,0.284,,,,,E
American Samoa,ASM,Oceania,1985,1980,0.262,,,,,E
American Samoa,ASM,Oceania,1986,1980,0.399,,,,,E
American Samoa,ASM,Oceania,1987,1980,0.359,,,,,E
American Samoa,ASM,Oceania,1988,1980,0.536,,,,,E
American Samoa,ASM,Oceania,1989,1980,0.204,,,,,E
American Samoa,ASM,Oceania,1990,1990,0.551,,,,0.0,E
American Samoa,ASM,Oceania,1991,1990,0.686,,,,0.0,E
American Samoa,ASM,Oceania,1992,1990,0.468,,,,0.0,E
American Samoa,ASM,Oceania,1993,1990,0.052,,,,0.0,E
American Samoa,ASM,Oceania,1994,1990,0.318,,,,0.0,E
American Samoa,ASM,Oceania,1995,1990,0.697,,,,0.0,E
American Samoa,ASM,Oceania,1996,1990,0.714,,,,0.0,E
American Samoa,ASM,Oceania,1997,1990,,,,,0.0,O
American Samoa,ASM,Oceania,1998,1990,,,,,0.0,O
American Samoa,ASM,Oceania,1999,1990,0.032,,,,0.0,E
American Samoa,ASM,Oceania,2000,2000,0.387,,,,0.0,E
American Samoa,ASM,Oceania,2001,2000,0.572,,,,0.0,E
American Samoa,ASM,Oceania,2002,2000,0.706,,,,0.0,E
American Samoa,ASM,Oceania,2003,2000,0.475,,,,0.0,E
American Samoa,ASM,Oceania,2004,2000,0.324,,,,0.0,E
American Samoa,ASM,Oceania,2005,2000,0.742,,,,0.0,E
American Samoa,ASM,Oceania,2006,2000,0.541,,,,0.0,E
American Samoa,ASM,Oceania,2007,2000,0.898,,,,0.0,E
American Samoa,ASM,Oceania,2008,2000,0.286,,,,0.0,E
American Samoa,ASM,Oceania,2009,2000,0.58,,,,0.0,E
American Samoa,ASM,Oceania,2010,2010,0.697,,,,0.0,E
American Samoa,ASM,Oceania,2011,2010,0.763,,,,0.0,E
American Samoa,ASM,Oceania,2012,2010,0.859,,,,0.09,E
American Samoa,ASM,Oceania,2013,2010,1.151,,,,0.16,E
American Samoa,ASM,Oceania,2014,2010,0.971,,,,0.16,E
American Samoa,ASM,Oceania,2015,2010,0.81,,,,0.17,E
American Samoa,ASM,Oceania,2016,2010,1.34,,,,0.21,E
American Samoa,ASM,Oceania,2017,2010,1.236,,,,0.56,E
American Samoa,ASM,Oceania,2018,2010,0.99,,,,0.57,E
American Samoa,ASM,Oceania,2019,2010,1.34,,,,0.53,E
American Samoa,ASM,Oceania,2020,2020,1.232,,,,0.5,E
American Samoa,ASM,Oceania,2021,2020,1.069,,,,0.5,E
American Samoa,ASM,Oceania,2022,2020,1.057,,,,0.3,E
American Samoa,ASM,Oceania,2023,2020,1.082,,,,0.3,E
American Samoa,ASM,Oceania,2024,2020,1.658,,,,0.29,E
Antarctica,ATA,Antarctica,1970,1970,,,,,,
Antarctica,ATA,Antarctica,1971,1970,,,,,,
Antarctica,ATA,Antarctica,1972,1970,,,,,,
Antarctica,ATA,Antarctica,1973,1970,,,,,,
Antarctica,ATA,Antarctica,1974,1970,,,,,,
Antarctica,ATA,Antarctica,1975,1970,,,,,,
Antarctica,ATA,Antarctica,1976,1970,,,,,,
Antarctica,ATA,Antarctica,1977,1970,,,,,,
Antarctica,ATA,Antarctica,1978,1970,,,,,,
Antarctica,ATA,Antarctica,1979,1970,,,,,,
Antarctica,ATA,Antarctica,1980,1980,,,,,,
Antarctica,ATA,Antarctica,1981,1980,,,,,,
Antarctica,ATA,Antarctica,1982,1980,,,,,,
Antarctica,ATA,Antarctica,1983,1980,,,,,,
Antarctica,ATA,Antarctica,1984,1980,,,,,,
Antarctica,ATA,Antarctica,1985,1980,,,,,,
Antarctica,ATA,Antarctica,1986,1980,,,,,,
Antarctica,ATA,Antarctica,1987,1980,,0.004,,,,
Antarctica,ATA,Antarctica,1988,1980,,0.007,,,,
Antarctica,ATA,Antarctica,1989,1980,,0.007,,,,
Antarctica,ATA,Antarctica,1990,1990,,0.011,,,,
Antarctica,ATA,Antarctica,1991,1990,,0.015,,,,
Antarctica,ATA,Antarctica,1992,1990,,0.015,,,,
Antarctica,ATA,Antarctica,1993,1990,,0.015,,,,
Antarctica,ATA,Antarctica,1994,1990,,0.015,,,,
Antarctica,ATA,Antarctica,1995,1990,,0.004,,,,
Antarctica,ATA,Antarctica,1996,1990,,0.004,,,,
Antarctica,ATA,Antarctica,1997,1990,,0.004,,,,
Antarctica,ATA,Antarctica,1998,1990,,0.004,,,,
Antarctica,ATA,Antarctica,1999,1990,,0.004,,,,
Antarctica,ATA,Antarctica,2000,2000,,0.004,,,,
Antarctica,ATA,Antarctica,2001,2000,,0.004,,,,
Antarctica,ATA,Antarctica,2002,2000,,0.004,,,,
Antarctica,ATA,Antarctica,2003,2000,,0.004,,,,
Antarctica,ATA,Antarctica,2004,2000,,0.007,,,,
Antarctica,ATA,Antarctica,2005,2000,,0.007,,,,
Antarctica,ATA,Antarctica,2006,2000,,0.007,,,,
Antarctica,ATA,Antarctica,2007,2000,,0.011,,,,
Antarctica,ATA,Antarctica,2008,2000,,0.0,,,,
Antarctica,ATA,Antarctica,2009,2000,,0.0,,,,
Antarctica,ATA,Antarctica,2010,2010,,0.0,,,,
Antarctica,ATA,Antarctica,2011,2010,,0.0,,,,
Antarctica,ATA,Antarctica,2012,2010,,0.0,,,,
Antarctica,ATA,Antarctica,2013,2010,,0.0,,,,
Antarctica,ATA,Antarctica,2014,2010,,0.0,,,,
Antarctica,ATA,Antarctica,2015,2010,,0.0,,,,
Antarctica,ATA,Antarctica,2016,2010,,0.0,,,,
Antarctica,ATA,Antarctica,2017,2010,,0.0,,,,
Antarctica,ATA,Antarctica,2018,2010,,0.0,,,,
Antarctica,ATA,Antarctica,2019,2010,,0.0,,,,
Antarctica,ATA,Antarctica,2020,2020,,0.0,,,,
Antarctica,ATA,Antarctica,2021,2020,,0.0,,,,
Antarctica,ATA,Antarctica,2022,2020,,0.0,,,,
Antarctica,ATA,Antarctica,2023,2020,,0.0,,,,
Antarctica,ATA,Antarctica,2024,2020,,0.0,,,,
Antigua and Barbuda,ATG,North America,1970,1970,0.103,0.462,7.152,64549.0,,E
Antigua and Barbuda,ATG,North America,1971,1970,-0.236,0.425,6.564,64747.0,,E
Antigua and Barbuda,ATG,North America,1972,1970,-0.21,0.374,5.782,64631.0,,E
Antigua and Barbuda,ATG,North America,1973,1970,0.162,0.33,5.124,64362.0,,E
Antigua and Barbuda,ATG,North America,1974,1970,-0.379,0.429,6.691,64074.0,,E
Antigua and Barbuda,ATG,North America,1975,1970,-0.422,0.707,11.074,63856.0,,E
Antigua and Barbuda,ATG,North America,1976,1970,-0.45,0.403,6.319,63779.0,,E
Antigua and Barbuda,ATG,North America,1977,1970,0.186,0.465,7.284,63882.0,,E
Antigua and Barbuda,ATG,North America,1978,1970,0.157,0.491,7.665,64055.0,,E
Antigua and Barbuda,ATG,North America,1979,1970,0.155,0.407,6.325,64297.0,,E
Antigua and Barbuda,ATG,North America,1980,1980,0.658,0.143,2.214,64531.0,,E
Antigua and Barbuda,ATG,North America,1981,1980,0.586,0.106,1.643,64686.0,,E
Antigua and Barbuda,ATG,North America,1982,1980,0.199,0.293,4.523,64802.0,,E
Antigua and Barbuda,ATG,North America,1983,1980,0.498,0.084,1.297,64952.0,,E
Antigua and Barbuda,ATG,North America,1984,1980,0.017,0.147,2.258,64899.0,,E
Antigua and Barbuda,ATG,North America,1985,1980,-0.041,0.249,3.856,64606.0,,E
Antigua and Barbuda,ATG,North America,1986,1980,-0.015,0.249,3.875,64292.0,,E
Antigua and Barbuda,ATG,North America,1987,1980,0.652,0.275,4.296,63964.0,,E
Antigua and Barbuda,ATG,North America,1988,1980,0.381,0.286,4.491,63641.0,,E
Antigua and Barbuda,ATG,North America,1989,1980,-0.086,0.286,4.512,63346.0,,E
Antigua and Barbuda,ATG,North America,1990,1990,0.412,0.242,3.833,63087.0,0.0,E
Antigua and Barbuda,ATG,North America,1991,1990,0.478,0.249,3.929,63406.0,0.0,E
Antigua and Barbuda,ATG,North America,1992,1990,0.462,0.249,3.867,64422.0,0.0,E
Antigua and Barbuda,ATG,North America,1993,1990,0.528,0.256,3.91,65601.0,0.0,E
Antigua and Barbuda,ATG,North America,1994,1990,0.471,0.267,4.0,66860.0,0.0,E
Antigua and Barbuda,ATG,North America,1995,1990,0.671,0.271,3.975,68210.0,0.0,E
Antigua and Barbuda,ATG,North America,1996,1990,0.398,0.286,4.104,69629.0,0.0,E
Antigua and Barbuda,ATG,North America,1997,1990,0.551,0.308,4.331,71071.0,0.0,E
Antigua and Barbuda,ATG,North America,1998,1990,1.113,0.322,4.452,72430.0,0.0,E
Antigua and Barbuda,ATG,North America,1999,1990,0.565,0.344,4.674,73681.0,0.0,E
Antigua and Barbuda,ATG,North America,2000,2000,0.333,0.355,4.743,74929.0,0.02,E
Antigua and Barbuda,ATG,North America,2001,2000,,0.374,4.912,76082.0,0.06,O
Antigua and Barbuda,ATG,North America,2002,2000,0.661,0.403,5.231,77049.0,0.1,E
Antigua and Barbuda,ATG,North America,2003,2000,0.865,0.432,5.55,77896.0,0.14,E
Antigua and Barbuda,ATG,North America,2004,2000,0.555,0.451,5.724,78734.0,0.18,E
Antigua and Barbuda,ATG,North America,2005,2000,0.889,0.48,6.028,79628.0,0.22,E
Antigua and Barbuda,ATG,North America,2006,2000,0.6,0.517,6.408,80619.0,0.27,E
Antigua and Barbuda,ATG,North America,2007,2000,0.794,0.535,6.546,81716.0,0.3,E
Antigua and Barbuda,ATG,North America,2008,2000,0.249,0.539,6.495,82926.0,0.32,E
Antigua and Barbuda,ATG,North America,2009,2000,0.409,0.557,6.615,84193.0,0.33,E
Antigua and Barbuda,ATG,North America,2010,2010,1.062,0.55,6.44,85337.0,1.1,E
Antigua and Barbuda,ATG,North America,2011,2010,0.456,0.546,6.322,86350.0,1.1,E
Antigua and Barbuda,ATG,North America,2012,2010,0.557,0.557,6.381,87275.0,1.04,E
Antigua and Barbuda,ATG,North America,2013,2010,0.639,0.557,6.323,88074.0,0.37,E
Antigua and Barbuda,ATG,North America,2014,2010,0.595,0.568,6.397,88784.0,0.36,E
Antigua and Barbuda,ATG,North America,2015,2010,0.875,0.579,6.474,89421.0,0.61,E
Antigua and Barbuda,ATG,North America,2016,2010,0.934,0.594,6.597,89980.0,0.69,E
Antigua and Barbuda,ATG,North America,2017,2010,0.782,0.601,6.641,90483.0,0.73,E
Antigua and Barbuda,ATG,North America,2018,2010,0.556,0.616,6.769,90942.0,0.97,E
Antigua and Barbuda,ATG,North America,2019,2010,0.811,0.638,6.977,91377.0,1.01,E
Antigua and Barbuda,ATG,North America,2020,2020,1.131,0.616,6.701,91864.0,1.27,E
Antigua and Barbuda,ATG,North America,2021,2020,0.857,0.634,6.863,92358.0,1.45,E
Antigua and Barbuda,ATG,North America,2022,2020,0.758,0.642,6.913,92850.0,1.53,E
Antigua and Barbuda,ATG,North America,2023,2020,1.113,0.641,6.863,93331.0,1.47,E
Antigua and Barbuda,ATG,North America,2024,2020,1.54,0.665,7.092,93782.0,1.5,E
Australia,AUS,Oceania,1970,1970,0.008,147.863,11.736,12599414.0,,E
Australia,AUS,Oceania,1971,1970,-0.01,151.118,11.626,12997963.0,,E
Australia,AUS,Oceania,1972,1970,0.108,153.598,11.544,13304897.0,,E
Australia,AUS,Oceania,1973,1970,0.841,170.142,12.586,13518689.0,,E
Australia,AUS,Oceania,1974,1970,-0.385,166.183,12.113,13719499.0,,E
Australia,AUS,Oceania,1975,1970,0.022,173.102,12.459,13893988.0,,E
Australia,AUS,Oceania,1976,1970,-0.546,169.803,12.088,14046758.0,,E
Australia,AUS,Oceania,1977,1970,0.152,181.913,12.808,14203511.0,,E
Australia,AUS,Oceania,1978,1970,0.041,191.052,13.298,14367099.0,,E
Australia,AUS,Oceania,1979,1970,0.331,192.322,13.233,14533034.0,,E
Australia,AUS,Oceania,1980,1980,0.838,204.37,13.883,14721345.0,,E
Australia,AUS,Oceania,1981,1980,0.43,213.81,14.302,14949210.0,,E
Australia,AUS,Oceania,1982,1980,0.124,218.001,14.349,15192484.0,,E
Australia,AUS,Oceania,1983,1980,0.571,207.645,13.47,15414891.0,,E
Australia,AUS,Oceania,1984,1980,-0.217,217.515,13.925,15620653.0,,E
Australia,AUS,Oceania,1985,1980,0.286,224.557,14.18,15835743.0,,E
Australia,AUS,Oceania,1986,1980,0.335,224.04,13.942,16069631.0,,E
Australia,AUS,Oceania,1987,1980,0.308,234.598,14.373,16322272.0,,E
Australia,AUS,Oceania,1988,1980,0.914,240.737,14.507,16594104.0,,E
Australia,AUS,Oceania,1989,1980,0.114,256.838,15.225,16869362.0,,E
Australia,AUS,Oceania,1990,1990,0.516,278.061,16.236,17126304.0,8.01,E
Australia,AUS,Oceania,1991,1990,0.796,279.437,16.103,17353191.0,8.25,E
Australia,AUS,Oceania,1992,1990,0.253,284.433,16.208,17549286.0,7.52,E
Australia,AUS,Oceania,1993,1990,0.449,288.78,16.294,17722905.0,8.62,E
Australia,AUS,Oceania,1994,1990,0.183,293.613,16.405,17897433.0,8.26,E
Australia,AUS,Oceania,1995,1990,0.378,304.962,16.853,18095340.0,8.22,E
Australia,AUS,Oceania,1996,1990,0.573,311.851,17.036,18305305.0,8.87,E
Australia,AUS,Oceania,1997,1990,0.35,320.243,17.306,18504911.0,9.08,E
Australia,AUS,Oceania,1998,1990,1.075,334.038,17.861,18701710.0,8.6,E
Australia,AUS,Oceania,1999,1990,0.572,343.876,18.185,18909980.0,8.51,E
Australia,AUS,Oceania,2000,2000,0.134,349.898,18.288,19132472.0,8.42,E
Australia,AUS,Oceania,2001,2000,0.318,357.668,18.469,19365438.0,8.37,E
Australia,AUS,Oceania,2002,2000,0.708,362.425,18.495,19595356.0,8.74,E
Australia,AUS,Oceania,2003,2000,0.812,370.784,18.708,19819449.0,7.15,E
Australia,AUS,Oceania,2004,2000,0.694,382.005,19.056,20046679.0,6.68,E
Australia,AUS,Oceania,2005,2000,1.179,385.082,18.975,20294490.0,6.71,E
Australia,AUS,Oceania,2006,2000,0.697,391.373,19.007,20590566.0,6.85,E
Australia,AUS,Oceania,2007,2000,0.901,398.896,19.036,20954545.0,6.95,E
Australia,AUS,Oceania,2008,2000,0.598,404.279,18.918,21370595.0,6.79,E
Australia,AUS,Oceania,2009,2000,1.001,406.977,18.683,21783014.0,7.14,E
Australia,AUS,Oceania,2010,2010,0.65,405.026,18.293,22141583.0,8.16,E
Australia,AUS,Oceania,2011,2010,0.18,403.874,17.966,22479779.0,8.32,E
Australia,AUS,Oceania,2012,2010,0.282,405.005,17.722,22852648.0,8.3,E
Australia,AUS,Oceania,2013,2010,1.474,397.85,17.122,23236271.0,9.22,E
Australia,AUS,Oceania,2014,2010,1.161,392.61,16.639,23595599.0,9.32,E
Australia,AUS,Oceania,2015,2010,1.065,400.589,16.727,23947997.0,9.42,E
Australia,AUS,Oceania,2016,2010,1.167,409.666,16.838,24329963.0,9.58,E
Australia,AUS,Oceania,2017,2010,1.139,413.408,16.716,24731044.0,10.16,E
Australia,AUS,Oceania,2018,2010,1.126,414.781,16.512,25119700.0,10.02,E
Australia,AUS,Oceania,2019,2010,1.434,414.925,16.283,25482714.0,10.53,E
Australia,AUS,Oceania,2020,2020,1.432,398.547,15.481,25743787.0,11.35,E
Australia,AUS,Oceania,2021,2020,0.626,388.472,14.966,25956417.0,12.52,E
Australia,AUS,Oceania,2022,2020,0.757,384.078,14.659,26200987.0,13.67,E
Australia,AUS,Oceania,2023,2020,0.935,384.316,14.529,26451126.0,14.38,E
Australia,AUS,Oceania,2024,2020,1.51,386.732,14.477,26713206.0,,E
Austria,AUT,Europe,1970,1970,-0.551,50.672,6.787,7466320.0,,E
Austria,AUT,Europe,1971,1970,-0.067,52.102,6.947,7499635.0,,E
Austria,AUT,Europe,1972,1970,0.096,56.101,7.437,7543263.0,,E
Austria,AUT,Europe,1973,1970,-0.038,60.045,7.916,7585107.0,,E
Austria,AUT,Europe,1974,1970,0.308,57.327,7.545,7597963.0,,E
Austria,AUT,Europe,1975,1970,0.855,54.239,7.158,7577833.0,,E
Austria,AUT,Europe,1976,1970,0.211,58.229,7.698,7564457.0,,E
Austria,AUT,Europe,1977,1970,0.494,56.016,7.402,7567332.0,,E
Austria,AUT,Europe,1978,1970,-0.477,57.248,7.571,7561203.0,,E
Austria,AUT,Europe,1979,1970,-0.117,61.347,8.127,7548345.0,,E
Austria,AUT,Europe,1980,1980,-0.277,52.054,6.896,7548407.0,,E
Austria,AUT,Europe,1981,1980,0.273,55.862,7.382,7567550.0,,E
Austria,AUT,Europe,1982,1980,0.382,53.598,7.077,7573078.0,,E
Austria,AUT,Europe,1983,1980,1.062,51.698,6.837,7561166.0,,E
Austria,AUT,Europe,1984,1980,-0.247,54.247,7.175,7560715.0,,E
Austria,AUT,Europe,1985,1980,-0.57,54.403,7.192,7564310.0,,E
Austria,AUT,Europe,1986,1980,0.318,53.765,7.103,7569397.0,,E
Austria,AUT,Europe,1987,1980,-0.262,57.407,7.579,7574314.0,,E
Austria,AUT,Europe,1988,1980,0.821,52.963,6.982,7585346.0,,E
Austria,AUT,Europe,1989,1980,1.106,53.718,7.049,7620405.0,,E
Austria,AUT,Europe,1990,1990,1.264,62.191,8.098,7679627.0,25.17,E
Austria,AUT,Europe,1991,1990,0.125,65.79,8.481,7757140.0,24.53,E
Austria,AUT,Europe,1992,1990,1.245,60.291,7.688,7842715.0,26.17,E
Austria,AUT,Europe,1993,1990,0.524,60.711,7.678,7907492.0,26.39,E
Austria,AUT,Europe,1994,1990,1.962,61.08,7.694,7938157.0,25.72,E
Austria,AUT,Europe,1995,1990,0.947,64.063,8.058,7950322.0,25.67,E
Austria,AUT,Europe,1996,1990,-0.198,67.41,8.468,7960917.0,24.08,E
Austria,AUT,Europe,1997,1990,0.514,67.305,8.445,7969804.0,24.92,E
Austria,AUT,Europe,1998,1990,1.343,66.937,8.39,7978465.0,24.46,E
Austria,AUT,Europe,1999,1990,0.982,65.668,8.215,7993894.0,26.49,E
Austria,AUT,Europe,2000,2000,1.766,66.204,8.262,8012929.0,26.43,E
Austria,AUT,Europe,2001,2000,1.501,70.191,8.728,8042233.0,25.53,E
Austria,AUT,Europe,2002,2000,1.532,71.988,8.908,8081640.0,24.68,E
Austria,AUT,Europe,2003,2000,1.461,77.412,9.53,8122604.0,22.56,E
Austria,AUT,Europe,2004,2000,0.824,77.716,9.508,8173496.0,23.17,E
Austria,AUT,Europe,2005,2000,0.623,79.095,9.612,8229204.0,24.41,E
Austria,AUT,Europe,2006,2000,0.902,76.796,9.286,8269901.0,26.64,E
Austria,AUT,Europe,2007,2000,2.133,74.092,8.93,8296948.0,28.99,E
Austria,AUT,Europe,2008,2000,1.584,73.466,8.827,8323250.0,29.68,E
Austria,AUT,Europe,2009,2000,1.543,67.302,8.065,8345073.0,31.31,E
Austria,AUT,Europe,2010,2010,0.656,72.0,8.607,8365087.0,31.15,E
Austria,AUT,Europe,2011,2010,1.377,69.892,8.327,8393272.0,31.64,E
Austria,AUT,Europe,2012,2010,1.782,67.26,7.977,8431599.0,34.37,E
Austria,AUT,Europe,2013,2010,1.096,67.759,7.989,8481411.0,34.58,E
Austria,AUT,Europe,2014,2010,2.402,64.159,7.506,8547812.0,35.67,E
Austria,AUT,Europe,2015,2010,2.163,66.358,7.677,8644037.0,34.82,E
Austria,AUT,Europe,2016,2010,2.091,67.219,7.693,8737920.0,34.63,E
Austria,AUT,Europe,2017,2010,1.733,69.601,7.91,8798779.0,33.98,E
Austria,AUT,Europe,2018,2010,2.523,66.567,7.529,8841653.0,34.09,E
Austria,AUT,Europe,2019,2010,2.359,67.951,7.651,8880876.0,33.99,E
Austria,AUT,Europe,2020,2020,2.304,62.18,6.97,8921402.0,35.78,E
Austria,AUT,Europe,2021,2020,1.391,65.751,7.333,8967053.0,36.5,E
Austria,AUT,Europe,2022,2020,2.535,61.454,6.78,9064678.0,37.13,E
Austria,AUT,Europe,2023,2020,2.604,56.909,6.233,9130434.0,39.95,E
Austria,AUT,Europe,2024,2020,3.288,56.368,6.18,9120815.0,,E
Azerbaijan,AZE,Asia,1970,1970,,31.323,6.042,5183827.0,,
Azerbaijan,AZE,Asia,1971,1970,,33.26,6.295,5283502.0,,
Azerbaijan,AZE,Asia,1972,1970,,35.01,6.506,5380920.0,,
Azerbaijan,AZE,Asia,1973,1970,,36.507,6.666,5476614.0,,
Azerbaijan,AZE,Asia,1974,1970,,37.917,6.805,5572229.0,,
Azerbaijan,AZE,Asia,1975,1970,,39.871,7.033,5669260.0,,
Azerbaijan,AZE,Asia,1976,1970,,41.41,7.151,5791042.0,,
Azerbaijan,AZE,Asia,1977,1970,,42.823,7.212,5937643.0,,
Azerbaijan,AZE,Asia,1978,1970,,44.306,7.293,6075081.0,,
Azerbaijan,AZE,Asia,1979,1970,,44.676,7.221,6187137.0,,
Azerbaijan,AZE,Asia,1980,1980,,46.428,7.387,6284707.0,,
Azerbaijan,AZE,Asia,1981,1980,,45.573,7.137,6385607.0,,
Azerbaijan,AZE,Asia,1982,1980,,46.436,7.153,6491433.0,,
Azerbaijan,AZE,Asia,1983,1980,,47.106,7.135,6602330.0,,
Azerbaijan,AZE,Asia,1984,1980,,47.534,7.088,6706289.0,,
Azerbaijan,AZE,Asia,1985,1980,,51.248,7.537,6799823.0,,
Azerbaijan,AZE,Asia,1986,1980,,53.372,7.745,6891349.0,,
Azerbaijan,AZE,Asia,1987,1980,,50.586,7.25,6977658.0,,
Azerbaijan,AZE,Asia,1988,1980,,51.596,7.286,7081404.0,,
Azerbaijan,AZE,Asia,1989,1980,,51.587,7.197,7167583.0,,
Azerbaijan,AZE,Asia,1990,1990,,51.345,7.101,7231084.0,0.72,
Azerbaijan,AZE,Asia,1991,1990,,50.074,6.846,7314317.0,0.8,
Azerbaijan,AZE,Asia,1992,1990,-0.824,56.174,7.585,7405781.0,1.22,E
Azerbaijan,AZE,Asia,1993,1990,-1.002,48.406,6.451,7504119.0,1.98,E
Azerbaijan,AZE,Asia,1994,1990,0.105,41.945,5.513,7608894.0,1.52,E
Azerbaijan,AZE,Asia,1995,1990,1.034,33.309,4.315,7719283.0,1.37,E
Azerbaijan,AZE,Asia,1996,1990,0.268,31.242,3.99,7830981.0,1.74,E
Azerbaijan,AZE,Asia,1997,1990,0.618,29.843,3.76,7936220.0,1.99,E
Azerbaijan,AZE,Asia,1998,1990,1.21,31.785,3.96,8025808.0,2.48,E
Azerbaijan,AZE,Asia,1999,1990,1.244,28.822,3.558,8100472.0,2.14,E
Azerbaijan,AZE,Asia,2000,2000,1.114,29.765,3.641,8174784.0,2.07,E
Azerbaijan,AZE,Asia,2001,2000,1.423,28.415,3.444,8251776.0,1.75,E
Azerbaijan,AZE,Asia,2002,2000,1.456,28.57,3.431,8326141.0,2.35,E
Azerbaijan,AZE,Asia,2003,2000,-0.077,30.488,3.629,8400528.0,2.94,E
Azerbaijan,AZE,Asia,2004,2000,1.345,32.253,3.799,8489874.0,3.07,E
Azerbaijan,AZE,Asia,2005,2000,0.868,34.194,3.977,8597248.0,3.36,E
Azerbaijan,AZE,Asia,2006,2000,1.548,34.522,3.963,8711380.0,2.86,E
Azerbaijan,AZE,Asia,2007,2000,1.01,30.037,3.402,8828313.0,3.78,E
Azerbaijan,AZE,Asia,2008,2000,0.918,33.037,3.694,8942637.0,3.08,E
Azerbaijan,AZE,Asia,2009,2000,0.826,29.103,3.217,9046336.0,3.27,E
Azerbaijan,AZE,Asia,2010,2010,2.383,27.549,3.012,9146852.0,4.45,E
Azerbaijan,AZE,Asia,2011,2010,0.814,30.21,3.264,9256156.0,3.55,E
Azerbaijan,AZE,Asia,2012,2010,1.505,32.77,3.495,9376179.0,2.84,E
Azerbaijan,AZE,Asia,2013,2010,1.587,33.559,3.531,9504417.0,2.52,E
Azerbaijan,AZE,Asia,2014,2010,1.243,34.345,3.566,9631136.0,2.12,E
Azerbaijan,AZE,Asia,2015,2010,1.664,34.683,3.556,9752859.0,2.33,E
Azerbaijan,AZE,Asia,2016,2010,1.451,34.727,3.519,9868434.0,1.93,E
Azerbaijan,AZE,Asia,2017,2010,1.284,34.698,3.481,9968510.0,1.9,E
Azerbaijan,AZE,Asia,2018,2010,2.239,34.576,3.444,10039782.0,1.92,E
Azerbaijan,AZE,Asia,2019,2010,1.975,37.753,3.734,10110483.0,1.69,E
Azerbaijan,AZE,Asia,2020,2020,1.995,36.237,3.559,10181736.0,1.29,E
Azerbaijan,AZE,Asia,2021,2020,2.085,38.3,3.742,10234372.0,1.32,E
Azerbaijan,AZE,Asia,2022,2020,2.194,41.175,3.999,10295307.0,1.27,E
Azerbaijan,AZE,Asia,2023,2020,2.271,42.748,4.143,10318209.0,1.26,E
Azerbaijan,AZE,Asia,2024,2020,2.153,39.83,3.853,10336577.0,,E
Burundi,BDI,Africa,1970,1970,0.244,0.062,0.018,3530431.0,,E
Burundi,BDI,Africa,1971,1970,-0.326,0.073,0.02,3617295.0,,E
Burundi,BDI,Africa,1972,1970,0.115,0.073,0.02,3617134.0,,E
Burundi,BDI,Africa,1973,1970,0.501,0.073,0.02,3611994.0,,E
Burundi,BDI,Africa,1974,1970,0.081,0.092,0.025,3703604.0,,E
Burundi,BDI,Africa,1975,1970,,0.077,0.02,3796617.0,,O
Burundi,BDI,Africa,1976,1970,,0.088,0.023,3882626.0,,O
Burundi,BDI,Africa,1977,1970,,0.099,0.025,3983585.0,,O
Burundi,BDI,Africa,1978,1970,,0.103,0.025,4100342.0,,O
Burundi,BDI,Africa,1979,1970,,0.11,0.026,4203533.0,,O
Burundi,BDI,Africa,1980,1980,,0.147,0.033,4383713.0,,O
Burundi,BDI,Africa,1981,1980,,0.158,0.035,4566017.0,,O
Burundi,BDI,Africa,1982,1980,0.667,0.158,0.034,4681397.0,,E
Burundi,BDI,Africa,1983,1980,0.734,0.205,0.043,4808530.0,,E
Burundi,BDI,Africa,1984,1980,,0.22,0.045,4926477.0,,O
Burundi,BDI,Africa,1985,1980,,0.231,0.046,5034043.0,,O
Burundi,BDI,Africa,1986,1980,0.603,0.234,0.046,5129423.0,,E
Burundi,BDI,Africa,1987,1980,0.688,0.249,0.047,5247790.0,,E
Burundi,BDI,Africa,1988,1980,0.445,0.227,0.042,5365332.0,,E
Burundi,BDI,Africa,1989,1980,0.179,0.267,0.049,5471706.0,,E
Burundi,BDI,Africa,1990,1990,0.508,0.209,0.037,5587051.0,94.88,E
Burundi,BDI,Africa,1991,1990,0.12,0.238,0.042,5703860.0,94.03,E
Burundi,BDI,Africa,1992,1990,0.234,0.216,0.037,5858405.0,94.61,E
Burundi,BDI,Africa,1993,1990,,0.227,0.04,5676847.0,94.45,O
Burundi,BDI,Africa,1994,1990,,0.234,0.041,5713856.0,94.01,O
Burundi,BDI,Africa,1995,1990,,0.238,0.039,6066319.0,94.82,O
Burundi,BDI,Africa,1996,1990,,0.242,0.04,6070510.0,95.11,O
Burundi,BDI,Africa,1997,1990,,0.249,0.041,6070038.0,95.75,O
Burundi,BDI,Africa,1998,1990,0.775,0.249,0.04,6187114.0,94.52,E
Burundi,BDI,Africa,1999,1990,,0.253,0.04,6337155.0,95.01,O
Burundi,BDI,Africa,2000,2000,,0.271,0.042,6470196.0,95.06,O
Burundi,BDI,Africa,2001,2000,0.533,0.205,0.031,6634368.0,95.36,E
Burundi,BDI,Africa,2002,2000,0.941,0.213,0.031,6824139.0,94.85,E
Burundi,BDI,Africa,2003,2000,1.08,0.169,0.024,7043158.0,95.9,E
Burundi,BDI,Africa,2004,2000,1.181,0.198,0.027,7310656.0,95.82,E
Burundi,BDI,Africa,2005,2000,,0.158,0.021,7587303.0,95.8,O
Burundi,BDI,Africa,2006,2000,,0.187,0.024,7865545.0,95.22,O
Burundi,BDI,Africa,2007,2000,1.284,0.187,0.023,8161879.0,95.03,E
Burundi,BDI,Africa,2008,2000,,0.202,0.024,8505643.0,94.63,O
Burundi,BDI,Africa,2009,2000,,0.216,0.024,8947653.0,94.6,O
Burundi,BDI,Africa,2010,2010,,0.333,0.036,9376448.0,93.18,O
Burundi,BDI,Africa,2011,2010,,0.414,0.043,9717980.0,91.95,O
Burundi,BDI,Africa,2012,2010,,0.392,0.039,10071033.0,91.75,O
Burundi,BDI,Africa,2013,2010,,0.436,0.042,10439346.0,90.53,O
Burundi,BDI,Africa,2014,2010,,0.355,0.033,10799789.0,90.8,O
Burundi,BDI,Africa,2015,2010,,0.355,0.032,11047581.0,90.2,O
Burundi,BDI,Africa,2016,2010,,0.429,0.038,11239459.0,89.04,O
Burundi,BDI,Africa,2017,2010,,0.516,0.045,11506764.0,87.71,O
Burundi,BDI,Africa,2018,2010,,0.645,0.054,11859444.0,85.36,O
Burundi,BDI,Africa,2019,2010,,0.685,0.056,12255339.0,84.57,O
Burundi,BDI,Africa,2020,2020,,0.739,0.059,12617041.0,83.33,O
Burundi,BDI,Africa,2021,2020,,0.772,0.06,12965487.0,81.95,O
Burundi,BDI,Africa,2022,2020,,0.878,0.066,13321102.0,80.16,O
Burundi,BDI,Africa,2023,2020,,0.901,0.066,13689455.0,81.88,O
Burundi,BDI,Africa,2024,2020,,0.917,0.065,14047788.0,85.17,O
Belgium,BEL,Europe,1970,1970,,125.498,13.031,9630508.0,,
Belgium,BEL,Europe,1971,1970,,121.374,12.556,9666524.0,,
Belgium,BEL,Europe,1972,1970,,130.641,13.475,9694853.0,,
Belgium,BEL,Europe,1973,1970,,138.643,14.267,9718032.0,,
Belgium,BEL,Europe,1974,1970,,134.954,13.862,9735809.0,,
Belgium,BEL,Europe,1975,1970,,121.823,12.497,9748472.0,,
Belgium,BEL,Europe,1976,1970,,129.681,13.289,9758905.0,,
Belgium,BEL,Europe,1977,1970,,126.199,12.912,9774018.0,,
Belgium,BEL,Europe,1978,1970,,135.45,13.833,9791812.0,,
Belgium,BEL,Europe,1979,1970,,139.787,14.247,9811367.0,,
Belgium,BEL,Europe,1980,1980,,134.836,13.712,9833093.0,,
Belgium,BEL,Europe,1981,1980,,123.577,12.545,9850674.0,,
Belgium,BEL,Europe,1982,1980,,117.109,11.874,9862329.0,,
Belgium,BEL,Europe,1983,1980,,101.206,10.255,9869136.0,,
Belgium,BEL,Europe,1984,1980,,104.97,10.63,9874586.0,,
Belgium,BEL,Europe,1985,1980,,104.012,10.527,9880338.0,,
Belgium,BEL,Europe,1986,1980,,102.374,10.354,9886981.0,,
Belgium,BEL,Europe,1987,1980,,102.592,10.364,9899150.0,,
Belgium,BEL,Europe,1988,1980,,99.75,10.059,9916566.0,,
Belgium,BEL,Europe,1989,1980,,106.792,10.747,9936575.0,,
Belgium,BEL,Europe,1990,1990,,120.335,12.081,9960968.0,1.27,
Belgium,BEL,Europe,1991,1990,,123.396,12.341,9998962.0,1.21,
Belgium,BEL,Europe,1992,1990,,122.519,12.196,10045988.0,1.19,
Belgium,BEL,Europe,1993,1990,,121.451,12.043,10084932.0,0.96,
Belgium,BEL,Europe,1994,1990,,124.833,12.34,10116005.0,0.94,
Belgium,BEL,Europe,1995,1990,,125.969,12.426,10137264.0,1.26,
Belgium,BEL,Europe,1996,1990,,129.503,12.75,10156972.0,1.19,
Belgium,BEL,Europe,1997,1990,,124.017,12.181,10181465.0,1.15,
Belgium,BEL,Europe,1998,1990,,130.256,12.766,10203185.0,1.29,
Belgium,BEL,Europe,1999,1990,,124.719,12.195,10226681.0,1.4,
Belgium,BEL,Europe,2000,2000,1.478,126.776,12.366,10251719.0,1.44,E
Belgium,BEL,Europe,2001,2000,1.332,126.085,12.257,10287005.0,1.58,E
Belgium,BEL,Europe,2002,2000,1.393,126.883,12.279,10332975.0,1.68,E
Belgium,BEL,Europe,2003,2000,1.52,128.292,12.364,10376262.0,1.89,E
Belgium,BEL,Europe,2004,2000,1.085,128.812,12.36,10421298.0,2.05,E
Belgium,BEL,Europe,2005,2000,1.193,125.658,11.992,10478883.0,2.48,E
Belgium,BEL,Europe,2006,2000,1.401,123.9,11.746,10548445.0,2.88,E
Belgium,BEL,Europe,2007,2000,1.88,120.493,11.34,10625488.0,3.43,E
Belgium,BEL,Europe,2008,2000,1.251,120.204,11.224,10709711.0,3.98,E
Belgium,BEL,Europe,2009,2000,1.148,107.807,9.97,10812936.0,4.92,E
Belgium,BEL,Europe,2010,2010,0.224,114.563,10.475,10936619.0,6.25,E
Belgium,BEL,Europe,2011,2010,1.278,105.159,9.526,11038624.0,6.71,E
Belgium,BEL,Europe,2012,2010,1.125,102.486,9.227,11107522.0,7.68,E
Belgium,BEL,Europe,2013,2010,0.46,102.816,9.213,11160277.0,8.25,E
Belgium,BEL,Europe,2014,2010,2.41,97.081,8.66,11210113.0,9.12,E
Belgium,BEL,Europe,2015,2010,1.362,101.327,8.987,11275332.0,9.39,E
Belgium,BEL,Europe,2016,2010,1.875,99.816,8.808,11332707.0,9.2,E
Belgium,BEL,Europe,2017,2010,1.721,99.282,8.727,11376583.0,9.65,E
Belgium,BEL,Europe,2018,2010,2.181,100.256,8.772,11428608.0,10.63,E
Belgium,BEL,Europe,2019,2010,2.063,99.799,8.685,11490623.0,10.24,E
Belgium,BEL,Europe,2020,2020,2.55,91.255,7.908,11540102.0,12.39,E
Belgium,BEL,Europe,2021,2020,1.191,94.928,8.204,11570843.0,11.76,E
Belgium,BEL,Europe,2022,2020,2.788,88.915,7.638,11641814.0,13.23,E
Belgium,BEL,Europe,2023,2020,2.426,84.703,7.232,11712891.0,14.82,E
Belgium,BEL,Europe,2024,2020,2.603,85.456,7.28,11738761.0,,E
Benin,BEN,Africa,1970,1970,0.364,0.282,0.092,3065061.0,,E
Benin,BEN,Africa,1971,1970,-0.175,0.293,0.094,3134768.0,,E
Benin,BEN,Africa,1972,1970,0.076,0.388,0.121,3207549.0,,E
Benin,BEN,Africa,1973,1970,0.619,0.381,0.116,3283500.0,,E
Benin,BEN,Africa,1974,1970,0.024,0.407,0.121,3362629.0,,E
Benin,BEN,Africa,1975,1970,-0.315,0.443,0.129,3445406.0,,E
Benin,BEN,Africa,1976,1970,-0.234,0.26,0.074,3532198.0,,E
Benin,BEN,Africa,1977,1970,0.339,0.297,0.082,3623200.0,,E
Benin,BEN,Africa,1978,1970,-0.042,0.363,0.098,3718308.0,,E
Benin,BEN,Africa,1979,1970,0.51,0.366,0.096,3818536.0,,E
Benin,BEN,Africa,1980,1980,0.45,0.48,0.122,3925258.0,,E
Benin,BEN,Africa,1981,1980,0.211,0.387,0.096,4038308.0,,E
Benin,BEN,Africa,1982,1980,0.244,0.443,0.106,4156593.0,,E
Benin,BEN,Africa,1983,1980,0.565,0.404,0.095,4278981.0,,E
Benin,BEN,Africa,1984,1980,0.546,0.448,0.102,4405902.0,,E
Benin,BEN,Africa,1985,1980,0.448,0.686,0.151,4538017.0,,E
Benin,BEN,Africa,1986,1980,0.335,0.624,0.133,4675421.0,,E
Benin,BEN,Africa,1987,1980,1.02,0.474,0.098,4818487.0,,E
Benin,BEN,Africa,1988,1980,0.668,0.508,0.102,4967343.0,,E
Benin,BEN,Africa,1989,1980,-0.009,0.57,0.111,5121659.0,,E
Benin,BEN,Africa,1990,1990,0.621,0.579,0.11,5281482.0,93.7,E
Benin,BEN,Africa,1991,1990,0.342,0.62,0.114,5446935.0,94.97,E
Benin,BEN,Africa,1992,1990,0.013,0.671,0.119,5617847.0,94.85,E
Benin,BEN,Africa,1993,1990,0.558,0.807,0.137,5872707.0,94.99,E
Benin,BEN,Africa,1994,1990,0.469,0.912,0.15,6096510.0,94.98,E
Benin,BEN,Africa,1995,1990,0.457,0.956,0.154,6226775.0,94.77,E
Benin,BEN,Africa,1996,1990,0.784,1.184,0.185,6391861.0,84.15,E
Benin,BEN,Africa,1997,1990,0.599,1.224,0.186,6583375.0,80.63,E
Benin,BEN,Africa,1998,1990,1.092,1.114,0.164,6789492.0,79.57,E
Benin,BEN,Africa,1999,1990,0.683,1.462,0.209,7002818.0,76.91,E
Benin,BEN,Africa,2000,2000,0.515,1.473,0.204,7221618.0,70.29,E
Benin,BEN,Africa,2001,2000,0.594,1.689,0.227,7445599.0,66.86,E
Benin,BEN,Africa,2002,2000,0.793,2.11,0.275,7675430.0,64.04,E
Benin,BEN,Africa,2003,2000,1.012,2.394,0.303,7913074.0,61.73,E
Benin,BEN,Africa,2004,2000,0.791,2.594,0.318,8159098.0,60.69,E
Benin,BEN,Africa,2005,2000,1.175,2.49,0.295,8426145.0,59.2,E
Benin,BEN,Africa,2006,2000,1.105,3.351,0.385,8693243.0,57.31,E
Benin,BEN,Africa,2007,2000,0.865,3.931,0.439,8953973.0,54.49,E
Benin,BEN,Africa,2008,2000,0.701,3.919,0.425,9228468.0,54.76,E
Benin,BEN,Africa,2009,2000,1.001,4.225,0.444,9509431.0,52.83,E
Benin,BEN,Africa,2010,2010,1.287,4.679,0.478,9797488.0,47.19,E
Benin,BEN,Africa,2011,2010,1.004,4.48,0.444,10093626.0,48.7,E
Benin,BEN,Africa,2012,2010,0.655,4.403,0.423,10397659.0,50.33,E
Benin,BEN,Africa,2013,2010,0.927,4.566,0.426,10708831.0,51.97,E
Benin,BEN,Africa,2014,2010,1.036,4.774,0.433,11030008.0,51.05,E
Benin,BEN,Africa,2015,2010,1.212,5.318,0.468,11360681.0,49.94,E
Benin,BEN,Africa,2016,2010,1.071,5.311,0.454,11697845.0,45.42,E
Benin,BEN,Africa,2017,2010,1.193,5.555,0.461,12039777.0,45.38,E
Benin,BEN,Africa,2018,2010,1.05,5.668,0.458,12383349.0,43.97,E
Benin,BEN,Africa,2019,2010,1.133,5.273,0.414,12726760.0,46.47,E
Benin,BEN,Africa,2020,2020,1.048,5.541,0.424,13070169.0,46.2,E
Benin,BEN,Africa,2021,2020,1.567,5.806,0.433,13413423.0,54.52,E
Benin,BEN,Africa,2022,2020,0.94,6.092,0.443,13759507.0,53.66,E
Benin,BEN,Africa,2023,2020,1.423,5.928,0.42,14111035.0,48.89,E
Benin,BEN,Africa,2024,2020,1.46,6.066,0.419,14462721.0,,E
Bonaire Sint Eustatius and Saba,BES,North America,1970,1970,,0.259,26.234,9885.0,,
Bonaire Sint Eustatius and Saba,BES,North America,1971,1970,,0.226,22.24,10148.0,,
Bonaire Sint Eustatius and Saba,BES,North America,1972,1970,,0.219,21.089,10377.0,,
Bonaire Sint Eustatius and Saba,BES,North America,1973,1970,,0.243,22.993,10558.0,,
Bonaire Sint Eustatius and Saba,BES,North America,1974,1970,,0.22,20.536,10715.0,,
Bonaire Sint Eustatius and Saba,BES,North America,1975,1970,,0.159,14.649,10878.0,,
Bonaire Sint Eustatius and Saba,BES,North America,1976,1970,,0.34,30.785,11057.0,,
Bonaire Sint Eustatius and Saba,BES,North America,1977,1970,,0.178,15.815,11242.0,,
Bonaire Sint Eustatius and Saba,BES,North America,1978,1970,,0.151,13.239,11437.0,,
Bonaire Sint Eustatius and Saba,BES,North America,1979,1970,,0.159,13.668,11621.0,,
Bonaire Sint Eustatius and Saba,BES,North America,1980,1980,,0.163,13.848,11804.0,,
Bonaire Sint Eustatius and Saba,BES,North America,1981,1980,,0.156,13.016,11962.0,,
Bonaire Sint Eustatius and Saba,BES,North America,1982,1980,,0.174,14.413,12078.0,,
Bonaire Sint Eustatius and Saba,BES,North America,1983,1980,,0.089,7.347,12177.0,,
Bonaire Sint Eustatius and Saba,BES,North America,1984,1980,,0.223,18.187,12284.0,,
Bonaire Sint Eustatius and Saba,BES,North America,1985,1980,,0.261,21.103,12391.0,,
Bonaire Sint Eustatius and Saba,BES,North America,1986,1980,,0.05,4.012,12494.0,,
Bonaire Sint Eustatius and Saba,BES,North America,1987,1980,,0.045,3.537,12601.0,,
Bonaire Sint Eustatius and Saba,BES,North America,1988,1980,,0.044,3.453,12714.0,,
Bonaire Sint Eustatius and Saba,BES,North America,1989,1980,,0.084,6.513,12830.0,,
Bonaire Sint Eustatius and Saba,BES,North America,1990,1990,,0.089,6.906,12958.0,,
Bonaire Sint Eustatius and Saba,BES,North America,1991,1990,,0.071,5.464,13070.0,,
Bonaire Sint Eustatius and Saba,BES,North America,1992,1990,,0.059,4.462,13186.0,,
Bonaire Sint Eustatius and Saba,BES,North America,1993,1990,,0.091,6.83,13297.0,,
Bonaire Sint Eustatius and Saba,BES,North America,1994,1990,,0.087,6.495,13407.0,,
Bonaire Sint Eustatius and Saba,BES,North America,1995,1990,,0.086,6.368,13531.0,,
Bonaire Sint Eustatius and Saba,BES,North America,1996,1990,,0.081,5.896,13670.0,,
Bonaire Sint Eustatius and Saba,BES,North America,1997,1990,,0.084,6.107,13812.0,,
Bonaire Sint Eustatius and Saba,BES,North America,1998,1990,,0.005,0.334,13959.0,,
Bonaire Sint Eustatius and Saba,BES,North America,1999,1990,,0.035,2.474,14101.0,,
Bonaire Sint Eustatius and Saba,BES,North America,2000,2000,,0.093,6.494,14256.0,,
Bonaire Sint Eustatius and Saba,BES,North America,2001,2000,,0.094,6.49,14526.0,,
Bonaire Sint Eustatius and Saba,BES,North America,2002,2000,,0.091,6.046,15033.0,,
Bonaire Sint Eustatius and Saba,BES,North America,2003,2000,,0.091,5.805,15666.0,,
Bonaire Sint Eustatius and Saba,BES,North America,2004,2000,,0.095,5.843,16330.0,,
Bonaire Sint Eustatius and Saba,BES,North America,2005,2000,,0.095,5.562,17002.0,,
Bonaire Sint Eustatius and Saba,BES,North America,2006,2000,,0.099,5.568,17701.0,,
Bonaire Sint Eustatius and Saba,BES,North America,2007,2000,,0.111,6.028,18408.0,,
Bonaire Sint Eustatius and Saba,BES,North America,2008,2000,,0.107,5.583,19118.0,,
Bonaire Sint Eustatius and Saba,BES,North America,2009,2000,,0.109,5.502,19847.0,,
Bonaire Sint Eustatius and Saba,BES,North America,2010,2010,,0.075,3.655,20583.0,,
Bonaire Sint Eustatius and Saba,BES,North America,2011,2010,,0.096,4.432,21650.0,,
Bonaire Sint Eustatius and Saba,BES,North America,2012,2010,,0.117,5.132,22847.0,9.61,
Bonaire Sint Eustatius and Saba,BES,North America,2013,2010,,0.114,4.765,23835.0,10.71,
Bonaire Sint Eustatius and Saba,BES,North America,2014,2010,,0.117,4.787,24491.0,11.55,
Bonaire Sint Eustatius and Saba,BES,North America,2015,2010,,0.128,5.205,24638.0,10.93,
Bonaire Sint Eustatius and Saba,BES,North America,2016,2010,,0.132,5.369,24567.0,9.45,
Bonaire Sint Eustatius and Saba,BES,North America,2017,2010,,0.139,5.609,24821.0,8.75,
Bonaire Sint Eustatius and Saba,BES,North America,2018,2010,,0.132,5.238,25184.0,11.03,
Bonaire Sint Eustatius and Saba,BES,North America,2019,2010,,0.139,5.428,25652.0,9.68,
Bonaire Sint Eustatius and Saba,BES,North America,2020,2020,,0.132,4.982,26476.0,7.9,
Bonaire Sint Eustatius and Saba,BES,North America,2021,2020,,0.139,5.091,27347.0,7.81,
Bonaire Sint Eustatius and Saba,BES,North America,2022,2020,,0.147,5.115,28654.0,7.49,
Bonaire Sint Eustatius and Saba,BES,North America,2023,2020,,0.146,4.889,29920.0,7.33,
Bonaire Sint Eustatius and Saba,BES,North America,2024,2020,,0.152,4.947,30699.0,8.03,
Burkina Faso,BFA,Africa,1970,1970,0.377,0.143,0.025,5610307.0,,E
Burkina Faso,BFA,Africa,1971,1970,-0.016,0.15,0.026,5708002.0,,E
Burkina Faso,BFA,Africa,1972,1970,0.15,0.161,0.028,5807238.0,,E
Burkina Faso,BFA,Africa,1973,1970,0.68,0.169,0.029,5911926.0,,E
Burkina Faso,BFA,Africa,1974,1970,-0.059,0.205,0.034,6024905.0,,E
Burkina Faso,BFA,Africa,1975,1970,-0.33,0.22,0.036,6147575.0,,E
Burkina Faso,BFA,Africa,1976,1970,-0.333,0.209,0.033,6280638.0,,E
Burkina Faso,BFA,Africa,1977,1970,0.246,0.249,0.039,6428739.0,,E
Burkina Faso,BFA,Africa,1978,1970,0.197,0.348,0.053,6590987.0,,E
Burkina Faso,BFA,Africa,1979,1970,0.421,0.407,0.06,6763902.0,,E
Burkina Faso,BFA,Africa,1980,1980,0.796,0.432,0.062,6947900.0,,E
Burkina Faso,BFA,Africa,1981,1980,0.282,0.557,0.078,7140270.0,,E
Burkina Faso,BFA,Africa,1982,1980,0.175,0.575,0.078,7340199.0,,E
Burkina Faso,BFA,Africa,1983,1980,0.707,0.594,0.079,7551136.0,,E
Burkina Faso,BFA,Africa,1984,1980,0.777,0.465,0.06,7772260.0,,E
Burkina Faso,BFA,Africa,1985,1980,0.475,0.476,0.06,7999935.0,,E
Burkina Faso,BFA,Africa,1986,1980,0.341,0.48,0.058,8228847.0,,E
Burkina Faso,BFA,Africa,1987,1980,1.021,0.517,0.061,8457112.0,,E
Burkina Faso,BFA,Africa,1988,1980,0.588,0.553,0.064,8687441.0,,E
Burkina Faso,BFA,Africa,1989,1980,0.006,0.821,0.092,8921178.0,,E
Burkina Faso,BFA,Africa,1990,1990,0.615,0.594,0.065,9159358.0,86.28,E
Burkina Faso,BFA,Africa,1991,1990,0.527,0.638,0.068,9394631.0,86.08,E
Burkina Faso,BFA,Africa,1992,1990,-0.011,0.634,0.066,9629280.0,86.43,E
Burkina Faso,BFA,Africa,1993,1990,0.707,0.634,0.064,9871715.0,86.33,E
Burkina Faso,BFA,Africa,1994,1990,0.296,0.66,0.065,10123807.0,86.22,E
Burkina Faso,BFA,Africa,1995,1990,0.39,0.661,0.064,10386723.0,86.44,E
Burkina Faso,BFA,Africa,1996,1990,0.902,0.727,0.068,10655943.0,85.75,E
Burkina Faso,BFA,Africa,1997,1990,0.617,0.764,0.07,10934222.0,85.17,E
Burkina Faso,BFA,Africa,1998,1990,1.004,0.848,0.075,11240668.0,84.08,E
Burkina Faso,BFA,Africa,1999,1990,0.554,1.04,0.09,11574930.0,83.09,E
Burkina Faso,BFA,Africa,2000,2000,0.544,0.931,0.078,11925548.0,83.9,E
Burkina Faso,BFA,Africa,2001,2000,0.5,1.064,0.087,12294996.0,81.66,E
Burkina Faso,BFA,Africa,2002,2000,1.014,1.067,0.084,12680904.0,81.85,E
Burkina Faso,BFA,Africa,2003,2000,0.986,1.184,0.091,13082530.0,80.82,E
Burkina Faso,BFA,Africa,2004,2000,0.87,1.107,0.082,13500536.0,81.98,E
Burkina Faso,BFA,Africa,2005,2000,1.441,1.104,0.079,13932127.0,85.45,E
Burkina Faso,BFA,Africa,2006,2000,1.146,1.217,0.085,14373713.0,84.85,E
Burkina Faso,BFA,Africa,2007,2000,0.852,1.616,0.109,14816313.0,82.93,E
Burkina Faso,BFA,Africa,2008,2000,0.279,1.818,0.119,15258103.0,83.49,E
Burkina Faso,BFA,Africa,2009,2000,0.917,1.836,0.117,15710067.0,83.31,E
Burkina Faso,BFA,Africa,2010,2010,1.233,1.985,0.123,16176503.0,82.06,E
Burkina Faso,BFA,Africa,2011,2010,0.971,2.149,0.129,16661907.0,81.39,E
Burkina Faso,BFA,Africa,2012,2010,0.46,2.612,0.152,17172284.0,79.17,E
Burkina Faso,BFA,Africa,2013,2010,0.816,2.809,0.159,17695411.0,78.72,E
Burkina Faso,BFA,Africa,2014,2010,0.869,2.868,0.157,18229466.0,78.88,E
Burkina Faso,BFA,Africa,2015,2010,1.095,3.744,0.199,18777488.0,78.81,E
Burkina Faso,BFA,Africa,2016,2010,1.037,3.988,0.206,19334854.0,77.08,E
Burkina Faso,BFA,Africa,2017,2010,1.186,4.622,0.232,19894413.0,74.63,E
Burkina Faso,BFA,Africa,2018,2010,1.127,5.226,0.256,20438289.0,73.69,E
Burkina Faso,BFA,Africa,2019,2010,1.055,5.618,0.268,20961956.0,72.68,E
Burkina Faso,BFA,Africa,2020,2020,1.026,5.618,0.262,21478691.0,74.33,E
Burkina Faso,BFA,Africa,2021,2020,1.611,6.329,0.288,21995249.0,67.01,E
Burkina Faso,BFA,Africa,2022,2020,0.784,6.542,0.291,22509038.0,63.47,E
Burkina Faso,BFA,Africa,2023,2020,1.45,6.308,0.274,23025777.0,60.42,E
Burkina Faso,BFA,Africa,2024,2020,1.437,6.508,0.276,23548782.0,58.38,E
Bangladesh,BGD,Asia,1970,1970,-0.007,3.803,0.055,69058898.0,,E
Bangladesh,BGD,Asia,1971,1970,-0.564,3.606,0.051,70276757.0,,E
Bangladesh,BGD,Asia,1972,1970,-0.018,3.506,0.049,71641525.0,,E
Bangladesh,BGD,Asia,1973,1970,0.164,4.55,0.062,73722297.0,,E
Bangladesh,BGD,Asia,1974,1970,-0.122,4.653,0.061,75839352.0,,E
Bangladesh,BGD,Asia,1975,1970,-0.061,4.857,0.062,77854352.0,,E
Bangladesh,BGD,Asia,1976,1970,-0.065,5.556,0.07,79855318.0,,E
Bangladesh,BGD,Asia,1977,1970,-0.215,5.785,0.071,81867267.0,,E
Bangladesh,BGD,Asia,1978,1970,-0.169,5.984,0.071,83889660.0,,E
Bangladesh,BGD,Asia,1979,1970,0.533,6.613,0.077,85935070.0,,E
Bangladesh,BGD,Asia,1980,1980,0.182,7.597,0.086,88016435.0,,E
Bangladesh,BGD,Asia,1981,1980,-0.098,7.886,0.087,90303104.0,,E
Bangladesh,BGD,Asia,1982,1980,0.038,8.552,0.092,92814506.0,,E
Bangladesh,BGD,Asia,1983,1980,-0.035,8.188,0.086,95335162.0,,E
Bangladesh,BGD,Asia,1984,1980,-0.21,9.077,0.093,97814965.0,,E
Bangladesh,BGD,Asia,1985,1980,0.16,10.189,0.102,100253825.0,,E
Bangladesh,BGD,Asia,1986,1980,0.111,11.406,0.111,102635569.0,,E
Bangladesh,BGD,Asia,1987,1980,0.42,11.8,0.112,104959291.0,,E
Bangladesh,BGD,Asia,1988,1980,0.442,13.478,0.126,107216011.0,,E
Bangladesh,BGD,Asia,1989,1980,0.214,13.382,0.122,109433805.0,,E
Bangladesh,BGD,Asia,1990,1990,-0.004,14.082,0.126,111633722.0,71.7,E
Bangladesh,BGD,Asia,1991,1990,0.125,14.753,0.13,113787112.0,73.16,E
Bangladesh,BGD,Asia,1992,1990,0.032,15.391,0.133,115952198.0,71.66,E
Bangladesh,BGD,Asia,1993,1990,-0.243,16.074,0.136,118132363.0,70.56,E
Bangladesh,BGD,Asia,1994,1990,0.378,17.553,0.146,120343183.0,68.98,E
Bangladesh,BGD,Asia,1995,1990,0.385,21.056,0.172,122600372.0,63.81,E
Bangladesh,BGD,Asia,1996,1990,0.365,21.507,0.172,124862185.0,62.13,E
Bangladesh,BGD,Asia,1997,1990,0.027,23.144,0.182,127198070.0,59.96,E
Bangladesh,BGD,Asia,1998,1990,0.588,23.216,0.179,129622332.0,60.2,E
Bangladesh,BGD,Asia,1999,1990,0.908,25.093,0.19,132108065.0,60.5,E
Bangladesh,BGD,Asia,2000,2000,0.339,26.539,0.197,134544303.0,60.18,E
Bangladesh,BGD,Asia,2001,2000,0.443,31.064,0.227,136805810.0,55.92,E
Bangladesh,BGD,Asia,2002,2000,0.527,32.007,0.23,138933659.0,54.43,E
Bangladesh,BGD,Asia,2003,2000,0.39,33.496,0.238,140970355.0,52.59,E
Bangladesh,BGD,Asia,2004,2000,0.378,35.978,0.252,142902857.0,52.02,E
Bangladesh,BGD,Asia,2005,2000,0.811,37.717,0.261,144715789.0,50.63,E
Bangladesh,BGD,Asia,2006,2000,1.04,41.726,0.285,146405983.0,48.67,E
Bangladesh,BGD,Asia,2007,2000,0.552,42.675,0.288,147989282.0,47.18,E
Bangladesh,BGD,Asia,2008,2000,0.383,45.341,0.303,149474264.0,45.19,E
Bangladesh,BGD,Asia,2009,2000,1.151,49.188,0.326,150873716.0,43.1,E
Bangladesh,BGD,Asia,2010,2010,1.09,54.036,0.355,152201978.0,40.29,E
Bangladesh,BGD,Asia,2011,2010,0.408,55.593,0.362,153591074.0,38.45,E
Bangladesh,BGD,Asia,2012,2010,0.579,59.704,0.385,155070110.0,37.38,E
Bangladesh,BGD,Asia,2013,2010,0.527,64.763,0.414,156532134.0,37.18,E
Bangladesh,BGD,Asia,2014,2010,0.747,67.552,0.428,157964931.0,35.36,E
Bangladesh,BGD,Asia,2015,2010,0.993,76.946,0.483,159383179.0,32.93,E
Bangladesh,BGD,Asia,2016,2010,1.603,81.761,0.508,160811934.0,29.92,E
Bangladesh,BGD,Asia,2017,2010,1.4,86.531,0.534,162186146.0,27.59,E
Bangladesh,BGD,Asia,2018,2010,1.151,86.608,0.53,163523109.0,26.18,E
Bangladesh,BGD,Asia,2019,2010,1.397,94.808,0.575,164913060.0,24.72,E
Bangladesh,BGD,Asia,2020,2020,1.165,95.729,0.576,166298024.0,25.13,E
Bangladesh,BGD,Asia,2021,2020,1.574,98.53,0.588,167658855.0,23.48,E
Bangladesh,BGD,Asia,2022,2020,1.456,102.147,0.603,169384891.0,22.54,E
Bangladesh,BGD,Asia,2023,2020,1.853,104.527,0.61,171466986.0,23.56,E
Bangladesh,BGD,Asia,2024,2020,1.639,108.318,0.624,173562366.0,,E
Bulgaria,BGR,Europe,1970,1970,0.218,61.174,7.205,8490822.0,,E
Bulgaria,BGR,Europe,1971,1970,-0.128,64.222,7.521,8538900.0,,E
Bulgaria,BGR,Europe,1972,1970,0.148,66.079,7.702,8579912.0,,E
Bulgaria,BGR,Europe,1973,1970,-0.4,68.717,7.967,8624799.0,,E
Bulgaria,BGR,Europe,1974,1970,-0.186,71.137,8.193,8682750.0,,E
Bulgaria,BGR,Europe,1975,1970,0.402,72.926,8.36,8723145.0,,E
Bulgaria,BGR,Europe,1976,1970,-0.829,72.968,8.33,8759433.0,,E
Bulgaria,BGR,Europe,1977,1970,0.58,75.796,8.609,8804690.0,,E
Bulgaria,BGR,Europe,1978,1970,-0.691,81.207,9.214,8813742.0,,E
Bulgaria,BGR,Europe,1979,1970,0.185,78.931,8.944,8824994.0,,E
Bulgaria,BGR,Europe,1980,1980,-0.43,77.254,8.72,8859539.0,,E
Bulgaria,BGR,Europe,1981,1980,-0.023,80.09,9.011,8887803.0,,E
Bulgaria,BGR,Europe,1982,1980,-0.112,89.844,10.08,8912738.0,,E
Bulgaria,BGR,Europe,1983,1980,0.414,90.061,10.081,8933328.0,,E
Bulgaria,BGR,Europe,1984,1980,0.004,87.045,9.723,8952608.0,,E
Bulgaria,BGR,Europe,1985,1980,-0.579,89.221,9.959,8958855.0,,E
Bulgaria,BGR,Europe,1986,1980,0.383,91.172,10.172,8963473.0,,E
Bulgaria,BGR,Europe,1987,1980,-0.458,91.277,10.169,8976206.0,,E
Bulgaria,BGR,Europe,1988,1980,0.16,86.917,9.673,8985721.0,,E
Bulgaria,BGR,Europe,1989,1980,0.44,86.467,9.676,8936386.0,,E
Bulgaria,BGR,Europe,1990,1990,0.831,76.638,8.687,8822366.0,1.81,E
Bulgaria,BGR,Europe,1991,1990,-0.125,61.521,7.075,8695798.0,2.18,E
Bulgaria,BGR,Europe,1992,1990,0.18,57.356,6.701,8559091.0,2.59,E
Bulgaria,BGR,Europe,1993,1990,-0.291,58.389,6.896,8466533.0,2.38,E
Bulgaria,BGR,Europe,1994,1990,1.622,56.383,6.699,8416924.0,2.28,E
Bulgaria,BGR,Europe,1995,1990,0.265,57.917,6.93,8357576.0,3.03,E
Bulgaria,BGR,Europe,1996,1990,-0.322,58.46,7.051,8291402.0,3.53,E
Bulgaria,BGR,Europe,1997,1990,-0.296,55.806,6.791,8217101.0,3.76,E
Bulgaria,BGR,Europe,1998,1990,0.814,53.114,6.526,8138193.0,5.83,E
Bulgaria,BGR,Europe,1999,1990,0.725,46.371,5.748,8067464.0,6.58,E
Bulgaria,BGR,Europe,2000,2000,1.209,45.499,5.687,8000519.0,7.97,E
Bulgaria,BGR,Europe,2001,2000,1.669,49.02,6.183,7928455.0,7.24,E
Bulgaria,BGR,Europe,2002,2000,0.873,46.141,5.869,7861949.0,8.7,E
Bulgaria,BGR,Europe,2003,2000,0.198,50.491,6.47,7804405.0,9.16,E
Bulgaria,BGR,Europe,2004,2000,0.55,49.537,6.392,7749430.0,9.55,E
Bulgaria,BGR,Europe,2005,2000,0.238,50.6,6.576,7695047.0,9.83,E
Bulgaria,BGR,Europe,2006,2000,0.592,51.837,6.785,7640292.0,9.96,E
Bulgaria,BGR,Europe,2007,2000,1.904,55.669,7.338,7586896.0,8.85,E
Bulgaria,BGR,Europe,2008,2000,1.196,54.026,7.169,7535589.0,9.94,E
Bulgaria,BGR,Europe,2009,2000,1.313,45.75,6.11,7488016.0,11.62,E
Bulgaria,BGR,Europe,2010,2010,1.376,47.816,6.429,7437594.0,14.27,E
Bulgaria,BGR,Europe,2011,2010,0.432,53.12,7.198,7380023.0,13.22,E
Bulgaria,BGR,Europe,2012,2010,1.693,48.277,6.598,7317020.0,15.61,E
Bulgaria,BGR,Europe,2013,2010,1.496,42.583,5.862,7264605.0,18.25,E
Bulgaria,BGR,Europe,2014,2010,1.222,45.169,6.253,7223450.0,17.15,E
Bulgaria,BGR,Europe,2015,2010,1.456,48.127,6.705,7177515.0,17.85,E
Bulgaria,BGR,Europe,2016,2010,1.902,45.344,6.362,7127436.0,17.71,E
Bulgaria,BGR,Europe,2017,2010,0.948,47.446,6.706,7075642.0,17.11,E
Bulgaria,BGR,Europe,2018,2010,2.176,43.503,6.193,7024745.0,19.59,E
Bulgaria,BGR,Europe,2019,2010,2.088,42.195,6.049,6975466.0,19.3,E
Bulgaria,BGR,Europe,2020,2020,2.008,36.571,5.274,6933656.0,21.1,E
Bulgaria,BGR,Europe,2021,2020,1.585,42.365,6.16,6877222.0,20.41,E
Bulgaria,BGR,Europe,2022,2020,1.851,46.932,6.876,6825862.0,19.82,E
Bulgaria,BGR,Europe,2023,2020,2.673,34.501,5.077,6795805.0,20.28,E
Bulgaria,BGR,Europe,2024,2020,3.104,31.622,4.679,6757686.0,,E
Bahrain,BHR,Asia,1970,1970,0.243,2.59,11.522,224817.0,,E
Bahrain,BHR,Asia,1971,1970,-0.228,3.037,13.164,230744.0,,E
Bahrain,BHR,Asia,1972,1970,-0.546,3.679,15.193,242129.0,,E
Bahrain,BHR,Asia,1973,1970,-0.204,5.518,21.611,255334.0,,E
Bahrain,BHR,Asia,1974,1970,-0.188,5.401,20.074,269047.0,,E
Bahrain,BHR,Asia,1975,1970,-0.18,5.749,20.296,283251.0,,E
Bahrain,BHR,Asia,1976,1970,-0.466,6.57,22.055,297871.0,,E
Bahrain,BHR,Asia,1977,1970,0.369,7.464,23.859,312825.0,,E
Bahrain,BHR,Asia,1978,1970,0.138,7.76,23.655,328059.0,,E
Bahrain,BHR,Asia,1979,1970,0.898,8.127,23.661,343461.0,,E
Bahrain,BHR,Asia,1980,1980,0.395,7.881,21.954,358990.0,,E
Bahrain,BHR,Asia,1981,1980,0.452,8.519,22.806,373534.0,,E
Bahrain,BHR,Asia,1982,1980,-0.091,9.831,25.402,386992.0,,E
Bahrain,BHR,Asia,1983,1980,-0.879,8.222,20.518,400721.0,,E
Bahrain,BHR,Asia,1984,1980,-0.002,9.2,22.161,415164.0,,E
Bahrain,BHR,Asia,1985,1980,0.45,10.186,23.668,430365.0,,E
Bahrain,BHR,Asia,1986,1980,0.743,11.003,24.654,446290.0,,E
Bahrain,BHR,Asia,1987,1980,0.503,11.421,24.674,462862.0,,E
Bahrain,BHR,Asia,1988,1980,0.581,12.077,25.163,479931.0,,E
Bahrain,BHR,Asia,1989,1980,-0.011,11.652,23.428,497329.0,,E
Bahrain,BHR,Asia,1990,1990,0.368,11.494,22.327,514799.0,0.0,E
Bahrain,BHR,Asia,1991,1990,-0.321,11.329,21.3,531883.0,0.0,E
Bahrain,BHR,Asia,1992,1990,-0.646,10.402,18.99,547753.0,0.0,E
Bahrain,BHR,Asia,1993,1990,0.018,16.748,29.758,562820.0,0.0,E
Bahrain,BHR,Asia,1994,1990,0.883,14.352,24.832,577960.0,0.0,E
Bahrain,BHR,Asia,1995,1990,0.129,14.744,24.854,593230.0,0.0,E
Bahrain,BHR,Asia,1996,1990,0.567,15.942,26.195,608593.0,0.0,E
Bahrain,BHR,Asia,1997,1990,0.241,17.221,27.597,624019.0,0.0,E
Bahrain,BHR,Asia,1998,1990,1.294,18.276,28.583,639391.0,0.0,E
Bahrain,BHR,Asia,1999,1990,1.93,18.254,27.885,654622.0,0.0,E
Bahrain,BHR,Asia,2000,2000,1.055,19.199,28.673,669589.0,0.0,E
Bahrain,BHR,Asia,2001,2000,1.152,19.679,28.115,699964.0,0.0,E
Bahrain,BHR,Asia,2002,2000,1.513,20.112,26.737,752205.0,0.0,E
Bahrain,BHR,Asia,2003,2000,1.196,20.976,25.856,811276.0,0.0,E
Bahrain,BHR,Asia,2004,2000,1.323,21.204,24.331,871446.0,0.0,E
Bahrain,BHR,Asia,2005,2000,1.007,24.487,26.256,932618.0,0.0,E
Bahrain,BHR,Asia,2006,2000,1.752,24.036,24.166,994626.0,0.0,E
Bahrain,BHR,Asia,2007,2000,0.964,26.626,25.18,1057419.0,0.0,E
Bahrain,BHR,Asia,2008,2000,1.224,29.525,26.344,1120718.0,0.0,E
Bahrain,BHR,Asia,2009,2000,1.115,28.138,23.773,1183616.0,0.0,E
Bahrain,BHR,Asia,2010,2010,2.178,29.143,24.02,1213248.0,0.0,E
Bahrain,BHR,Asia,2011,2010,1.326,28.544,23.654,1206733.0,0.0,E
Bahrain,BHR,Asia,2012,2010,1.28,27.202,22.365,1216307.0,0.0,E
Bahrain,BHR,Asia,2013,2010,1.409,31.228,24.839,1257206.0,0.0,E
Bahrain,BHR,Asia,2014,2010,1.814,30.971,23.59,1312857.0,0.0,E
Bahrain,BHR,Asia,2015,2010,2.367,32.521,23.744,1369656.0,0.0,E
Bahrain,BHR,Asia,2016,2010,1.649,31.635,22.129,1429609.0,0.0,E
Bahrain,BHR,Asia,2017,2010,2.082,32.917,22.211,1482003.0,0.0,E
Bahrain,BHR,Asia,2018,2010,2.193,32.698,21.833,1497634.0,0.02,E
Bahrain,BHR,Asia,2019,2010,1.988,37.616,25.319,1485675.0,0.02,E
Bahrain,BHR,Asia,2020,2020,2.007,37.429,25.238,1483081.0,0.03,E
Bahrain,BHR,Asia,2021,2020,2.434,36.265,24.148,1501762.0,0.07,E
Bahrain,BHR,Asia,2022,2020,2.003,37.827,24.668,1533460.0,0.14,E
Bahrain,BHR,Asia,2023,2020,2.3,38.787,24.71,1569674.0,0.16,E
Bahrain,BHR,Asia,2024,2020,2.466,39.003,24.27,1607059.0,,E
Bahamas,BHS,North America,1970,1970,-0.453,2.569,13.886,184995.0,,E
Bahamas,BHS,North America,1971,1970,-0.029,6.724,35.227,190869.0,,E
Bahamas,BHS,North America,1972,1970,0.339,6.481,33.058,196060.0,,E
Bahamas,BHS,North America,1973,1970,0.196,7.863,39.157,200800.0,,E
Bahamas,BHS,North America,1974,1970,-0.017,7.38,35.936,205357.0,,E
Bahamas,BHS,North America,1975,1970,0.376,8.246,39.286,209897.0,,E
Bahamas,BHS,North America,1976,1970,-0.326,6.457,30.101,214517.0,,E
Bahamas,BHS,North America,1977,1970,-0.003,9.709,44.297,219169.0,,E
Bahamas,BHS,North America,1978,1970,0.063,6.597,29.48,223770.0,,E
Bahamas,BHS,North America,1979,1970,0.145,6.915,30.296,228244.0,,E
Bahamas,BHS,North America,1980,1980,0.323,7.971,34.279,232540.0,,E
Bahamas,BHS,North America,1981,1980,-0.124,2.798,11.826,236626.0,,E
Bahamas,BHS,North America,1982,1980,0.502,2.258,9.385,240624.0,,E
Bahamas,BHS,North America,1983,1980,0.131,2.014,8.231,244718.0,,E
Bahamas,BHS,North America,1984,1980,0.023,1.854,7.449,248879.0,,E
Bahamas,BHS,North America,1985,1980,0.266,1.51,5.963,253169.0,,E
Bahamas,BHS,North America,1986,1980,0.255,1.411,5.477,257547.0,,E
Bahamas,BHS,North America,1987,1980,0.401,1.422,5.427,261947.0,,E
Bahamas,BHS,North America,1988,1980,0.329,1.539,5.775,266457.0,,E
Bahamas,BHS,North America,1989,1980,0.679,1.946,7.174,271187.0,,E
Bahamas,BHS,North America,1990,1990,0.778,2.023,7.329,275954.0,0.21,E
Bahamas,BHS,North America,1991,1990,0.776,1.997,7.113,280745.0,0.21,E
Bahamas,BHS,North America,1992,1990,0.25,1.869,6.535,285938.0,0.24,E
Bahamas,BHS,North America,1993,1990,0.369,1.744,5.986,291350.0,0.26,E
Bahamas,BHS,North America,1994,1990,0.801,1.77,5.968,296519.0,0.26,E
Bahamas,BHS,North America,1995,1990,0.762,1.839,6.101,301471.0,0.25,E
Bahamas,BHS,North America,1996,1990,0.113,1.814,5.922,306281.0,0.25,E
Bahamas,BHS,North America,1997,1990,0.876,1.608,5.173,310914.0,0.32,E
Bahamas,BHS,North America,1998,1990,1.032,1.99,6.309,315376.0,0.26,E
Bahamas,BHS,North America,1999,1990,0.688,2.034,6.362,319623.0,0.27,E
Bahamas,BHS,North America,2000,2000,0.313,2.026,6.257,323846.0,0.29,E
Bahamas,BHS,North America,2001,2000,0.267,1.946,5.934,327847.0,0.41,E
Bahamas,BHS,North America,2002,2000,1.008,2.034,6.132,331625.0,0.28,E
Bahamas,BHS,North America,2003,2000,1.175,2.07,6.168,335625.0,0.27,E
Bahamas,BHS,North America,2004,2000,0.485,2.048,6.028,339794.0,0.26,E
Bahamas,BHS,North America,2005,2000,0.463,1.905,5.54,343905.0,0.28,E
Bahamas,BHS,North America,2006,2000,0.272,1.854,5.322,348386.0,0.31,E
Bahamas,BHS,North America,2007,2000,0.968,1.872,5.299,353343.0,0.32,E
Bahamas,BHS,North America,2008,2000,1.001,1.92,5.361,358133.0,0.32,E
Bahamas,BHS,North America,2009,2000,0.551,2.154,5.938,362806.0,0.25,E
Bahamas,BHS,North America,2010,2010,0.408,2.231,6.072,367482.0,0.23,E
Bahamas,BHS,North America,2011,2010,0.562,2.11,5.677,371738.0,0.3,E
Bahamas,BHS,North America,2012,2010,0.521,2.048,5.455,375474.0,0.3,E
Bahamas,BHS,North America,2013,2010,0.712,1.993,5.26,378957.0,0.29,E
Bahamas,BHS,North America,2014,2010,1.067,2.063,5.396,382312.0,0.31,E
Bahamas,BHS,North America,2015,2010,1.448,2.231,5.79,385355.0,0.3,E
Bahamas,BHS,North America,2016,2010,1.382,2.246,5.788,388060.0,0.32,E
Bahamas,BHS,North America,2017,2010,1.57,2.521,6.455,390496.0,0.32,E
Bahamas,BHS,North America,2018,2010,1.132,2.455,6.251,392718.0,0.31,E
Bahamas,BHS,North America,2019,2010,1.552,2.521,6.387,394684.0,0.3,E
Bahamas,BHS,North America,2020,2020,1.689,2.052,5.183,395874.0,0.42,E
Bahamas,BHS,North America,2021,2020,0.668,2.726,6.877,396381.0,0.4,E
Bahamas,BHS,North America,2022,2020,1.292,2.962,7.451,397542.0,0.39,E
Bahamas,BHS,North America,2023,2020,1.665,2.956,7.4,399452.0,0.41,E
Bahamas,BHS,North America,2024,2020,1.438,3.07,7.65,401282.0,0.47,E
Bosnia and Herzegovina,BIH,Europe,1970,1970,,10.898,2.888,3773248.0,,
Bosnia and Herzegovina,BIH,Europe,1971,1970,,11.746,3.083,3809388.0,,
Bosnia and Herzegovina,BIH,Europe,1972,1970,,11.008,2.86,3848278.0,,
Bosnia and Herzegovina,BIH,Europe,1973,1970,,13.15,3.383,3887374.0,,
Bosnia and Herzegovina,BIH,Europe,1974,1970,,13.206,3.363,3926471.0,,
Bosnia and Herzegovina,BIH,Europe,1975,1970,,13.78,3.475,3965749.0,,
Bosnia and Herzegovina,BIH,Europe,1976,1970,,14.222,3.551,4004560.0,,
Bosnia and Herzegovina,BIH,Europe,1977,1970,,13.83,3.421,4042136.0,,
Bosnia and Herzegovina,BIH,Europe,1978,1970,,15.453,3.789,4078246.0,,
Bosnia and Herzegovina,BIH,Europe,1979,1970,,16.806,4.086,4113302.0,,
Bosnia and Herzegovina,BIH,Europe,1980,1980,,16.524,3.983,4148427.0,,
Bosnia and Herzegovina,BIH,Europe,1981,1980,,17.983,4.298,4184220.0,,
Bosnia and Herzegovina,BIH,Europe,1982,1980,,16.519,3.913,4221104.0,,
Bosnia and Herzegovina,BIH,Europe,1983,1980,,17.788,4.177,4258736.0,,
Bosnia and Herzegovina,BIH,Europe,1984,1980,,18.759,4.367,4295538.0,,
Bosnia and Herzegovina,BIH,Europe,1985,1980,,19.135,4.419,4330362.0,,
Bosnia and Herzegovina,BIH,Europe,1986,1980,,19.983,4.581,4362114.0,,
Bosnia and Herzegovina,BIH,Europe,1987,1980,,19.508,4.444,4390248.0,,
Bosnia and Herzegovina,BIH,Europe,1988,1980,,20.13,4.56,4414409.0,,
Bosnia and Herzegovina,BIH,Europe,1989,1980,,20.068,4.526,4433985.0,,
Bosnia and Herzegovina,BIH,Europe,1990,1990,,19.872,4.467,4448658.0,7.3,
Bosnia and Herzegovina,BIH,Europe,1991,1990,,14.06,3.154,4458350.0,8.76,
Bosnia and Herzegovina,BIH,Europe,1992,1990,0.672,15.029,3.549,4234620.0,11.57,E
Bosnia and Herzegovina,BIH,Europe,1993,1990,0.261,12.581,3.222,3904484.0,14.61,E
Bosnia and Herzegovina,BIH,Europe,1994,1990,1.706,3.205,0.86,3725412.0,33.38,E
Bosnia and Herzegovina,BIH,Europe,1995,1990,0.298,3.406,0.917,3715565.0,33.22,E
Bosnia and Herzegovina,BIH,Europe,1996,1990,-0.029,4.24,1.094,3875246.0,32.85,E
Bosnia and Herzegovina,BIH,Europe,1997,1990,0.129,8.366,2.082,4018228.0,27.6,E
Bosnia and Herzegovina,BIH,Europe,1998,1990,1.08,10.551,2.58,4089357.0,26.74,E
Bosnia and Herzegovina,BIH,Europe,1999,1990,0.63,10.333,2.502,4130312.0,28.43,E
Bosnia and Herzegovina,BIH,Europe,2000,2000,1.541,13.702,3.294,4159785.0,19.35,E
Bosnia and Herzegovina,BIH,Europe,2001,2000,1.548,13.263,3.173,4179446.0,20.27,E
Bosnia and Herzegovina,BIH,Europe,2002,2000,1.159,14.173,3.384,4188006.0,21.21,E
Bosnia and Herzegovina,BIH,Europe,2003,2000,1.117,14.358,3.436,4178523.0,20.14,E
Bosnia and Herzegovina,BIH,Europe,2004,2000,0.61,15.462,3.734,4140990.0,20.1,E
Bosnia and Herzegovina,BIH,Europe,2005,2000,0.151,16.046,3.917,4096493.0,19.73,E
Bosnia and Herzegovina,BIH,Europe,2006,2000,0.613,17.387,4.279,4063269.0,18.12,E
Bosnia and Herzegovina,BIH,Europe,2007,2000,1.879,17.474,4.354,4013420.0,14.84,E
Bosnia and Herzegovina,BIH,Europe,2008,2000,1.386,19.955,5.055,3947545.0,14.28,E
Bosnia and Herzegovina,BIH,Europe,2009,2000,1.398,20.537,5.293,3879798.0,17.43,E
Bosnia and Herzegovina,BIH,Europe,2010,2010,0.97,21.146,5.548,3811480.0,19.57,E
Bosnia and Herzegovina,BIH,Europe,2011,2010,1.133,23.765,6.351,3741799.0,14.16,E
Bosnia and Herzegovina,BIH,Europe,2012,2010,1.77,22.138,6.032,3670109.0,15.28,E
Bosnia and Herzegovina,BIH,Europe,2013,2010,1.332,21.801,6.038,3610857.0,19.48,E
Bosnia and Herzegovina,BIH,Europe,2014,2010,1.841,19.312,5.417,3564831.0,23.65,E
Bosnia and Herzegovina,BIH,Europe,2015,2010,1.829,18.46,5.247,3518541.0,25.25,E
Bosnia and Herzegovina,BIH,Europe,2016,2010,1.697,21.734,6.258,3472997.0,23.0,E
Bosnia and Herzegovina,BIH,Europe,2017,2010,1.416,22.153,6.461,3428684.0,18.49,E
Bosnia and Herzegovina,BIH,Europe,2018,2010,2.269,22.079,6.519,3386999.0,35.36,E
Bosnia and Herzegovina,BIH,Europe,2019,2010,1.971,20.81,6.22,3345532.0,36.84,E
Bosnia and Herzegovina,BIH,Europe,2020,2020,1.849,20.832,6.314,3299352.0,37.71,E
Bosnia and Herzegovina,BIH,Europe,2021,2020,1.566,21.268,6.554,3244912.0,36.61,E
Bosnia and Herzegovina,BIH,Europe,2022,2020,2.063,20.743,6.472,3204802.0,37.25,E
Bosnia and Herzegovina,BIH,Europe,2023,2020,2.448,19.881,6.242,3185072.0,39.47,E
Bosnia and Herzegovina,BIH,Europe,2024,2020,3.33,19.426,6.139,3164256.0,,E
Saint Barthelemy,BLM,,2011,2010,,,,,0.05,
Saint Barthelemy,BLM,,2012,2010,,,,,0.04,
Saint Barthelemy,BLM,,2013,2010,,,,,0.04,
Saint Barthelemy,BLM,,2014,2010,,,,,0.04,
Saint Barthelemy,BLM,,2015,2010,,,,,0.04,
Saint Barthelemy,BLM,,2016,2010,,,,,0.06,
Saint Barthelemy,BLM,,2017,2010,,,,,0.06,
Saint Barthelemy,BLM,,2018,2010,,,,,0.06,
Saint Barthelemy,BLM,,2019,2010,,,,,0.05,
Saint Barthelemy,BLM,,2020,2020,,,,,0.05,
Saint Barthelemy,BLM,,2021,2020,,,,,0.06,
Saint Barthelemy,BLM,,2022,2020,,,,,0.48,
Saint Barthelemy,BLM,,2023,2020,,,,,0.69,
Saint Barthelemy,BLM,,2024,2020,,,,,1.0,
Belarus,BLR,Europe,1970,1970,,65.814,7.301,9014901.0,,
Belarus,BLR,Europe,1971,1970,,69.849,7.693,9079747.0,,
Belarus,BLR,Europe,1972,1970,,73.511,8.039,9144638.0,,
Belarus,BLR,Europe,1973,1970,,76.639,8.325,9205707.0,,
Belarus,BLR,Europe,1974,1970,,79.583,8.589,9265673.0,,
Belarus,BLR,Europe,1975,1970,,83.657,8.972,9324290.0,,
Belarus,BLR,Europe,1976,1970,,86.839,9.258,9380093.0,,
Belarus,BLR,Europe,1977,1970,,89.767,9.514,9434946.0,,
Belarus,BLR,Europe,1978,1970,,92.85,9.788,9485806.0,,
Belarus,BLR,Europe,1979,1970,,93.585,9.812,9537697.0,,
Belarus,BLR,Europe,1980,1980,,97.226,10.124,9603173.0,,
Belarus,BLR,Europe,1981,1980,,95.395,9.857,9678048.0,,
Belarus,BLR,Europe,1982,1980,,97.167,9.968,9748285.0,,
Belarus,BLR,Europe,1983,1980,,98.525,10.038,9815555.0,,
Belarus,BLR,Europe,1984,1980,,99.364,10.055,9881698.0,,
Belarus,BLR,Europe,1985,1980,,107.09,10.769,9944184.0,,
Belarus,BLR,Europe,1986,1980,,121.533,12.148,10004289.0,,
Belarus,BLR,Europe,1987,1980,,111.862,11.122,10057608.0,,
Belarus,BLR,Europe,1988,1980,,114.893,11.367,10107636.0,,
Belarus,BLR,Europe,1989,1980,,109.2,10.749,10158779.0,,
Belarus,BLR,Europe,1990,1990,,108.459,10.648,10186258.0,0.92,
Belarus,BLR,Europe,1991,1990,,104.186,10.22,10193889.0,1.01,
Belarus,BLR,Europe,1992,1990,1.252,93.597,9.16,10217561.0,1.17,E
Belarus,BLR,Europe,1993,1990,0.002,80.674,7.877,10241320.0,1.4,E
Belarus,BLR,Europe,1994,1990,1.116,67.99,6.646,10230193.0,2.31,E
Belarus,BLR,Europe,1995,1990,1.477,61.015,5.983,10197466.0,2.82,E
Belarus,BLR,Europe,1996,1990,-0.297,61.844,6.085,10164025.0,3.49,E
Belarus,BLR,Europe,1997,1990,0.337,61.697,6.095,10122365.0,3.82,E
Belarus,BLR,Europe,1998,1990,0.684,60.184,5.97,10080579.0,4.12,E
Belarus,BLR,Europe,1999,1990,1.484,58.076,5.785,10039221.0,4.5,E
Belarus,BLR,Europe,2000,2000,1.918,55.014,5.506,9991310.0,5.65,E
Belarus,BLR,Europe,2001,2000,1.956,54.105,5.444,9938068.0,6.26,E
Belarus,BLR,Europe,2002,2000,1.87,53.944,5.464,9873451.0,6.52,E
Belarus,BLR,Europe,2003,2000,0.061,55.236,5.635,9803175.0,6.25,E
Belarus,BLR,Europe,2004,2000,0.907,58.373,5.996,9735089.0,6.27,E
Belarus,BLR,Europe,2005,2000,1.252,59.396,6.144,9667833.0,6.83,E
Belarus,BLR,Europe,2006,2000,0.625,61.809,6.433,9608041.0,7.2,E
Belarus,BLR,Europe,2007,2000,2.341,60.276,6.303,9563135.0,7.28,E
Belarus,BLR,Europe,2008,2000,2.232,62.931,6.604,9529357.0,7.08,E
Belarus,BLR,Europe,2009,2000,1.577,60.628,6.377,9507334.0,7.39,E
Belarus,BLR,Europe,2010,2010,1.426,62.515,6.587,9490752.0,7.29,E
Belarus,BLR,Europe,2011,2010,0.973,61.353,6.477,9472738.0,7.52,E
Belarus,BLR,Europe,2012,2010,1.512,62.592,6.614,9463075.0,7.24,E
Belarus,BLR,Europe,2013,2010,1.153,64.152,6.778,9464454.0,6.97,E
Belarus,BLR,Europe,2014,2010,2.118,63.699,6.725,9472704.0,6.69,E
Belarus,BLR,Europe,2015,2010,2.186,58.828,6.201,9487289.0,6.82,E
Belarus,BLR,Europe,2016,2010,2.135,58.188,6.126,9499066.0,6.72,E
Belarus,BLR,Europe,2017,2010,1.526,59.444,6.26,9495793.0,7.28,E
Belarus,BLR,Europe,2018,2010,2.272,62.171,6.558,9480031.0,7.21,E
Belarus,BLR,Europe,2019,2010,2.606,62.171,6.589,9435415.0,7.81,E
Belarus,BLR,Europe,2020,2020,3.443,59.123,6.323,9350943.0,8.39,E
Belarus,BLR,Europe,2021,2020,1.626,60.861,6.579,9251368.0,8.21,E
Belarus,BLR,Europe,2022,2020,1.827,57.121,6.227,9173240.0,8.33,E
Belarus,BLR,Europe,2023,2020,2.645,55.736,6.114,9115679.0,8.23,E
Belarus,BLR,Europe,2024,2020,3.46,55.818,6.163,9056696.0,,E
Belize,BLZ,North America,1970,1970,-0.307,0.121,1.001,120746.0,,E
Belize,BLZ,North America,1971,1970,-0.26,0.143,1.163,122820.0,,E
Belize,BLZ,North America,1972,1970,0.458,0.158,1.264,124688.0,,E
Belize,BLZ,North America,1973,1970,0.34,0.147,1.159,126461.0,,E
Belize,BLZ,North America,1974,1970,0.114,0.154,1.2,128200.0,,E
Belize,BLZ,North America,1975,1970,0.104,0.176,1.349,130403.0,,E
Belize,BLZ,North America,1976,1970,-0.435,0.176,1.321,133117.0,,E
Belize,BLZ,North America,1977,1970,0.115,0.198,1.456,135904.0,,E
Belize,BLZ,North America,1978,1970,-0.015,0.216,1.558,138721.0,,E
Belize,BLZ,North America,1979,1970,0.511,0.209,1.474,141693.0,,E
Belize,BLZ,North America,1980,1980,0.539,0.191,1.313,145072.0,,E
Belize,BLZ,North America,1981,1980,0.145,0.183,1.231,148802.0,,E
Belize,BLZ,North America,1982,1980,0.724,0.172,1.129,152561.0,,E
Belize,BLZ,North America,1983,1980,0.881,0.172,1.102,156310.0,,E
Belize,BLZ,North America,1984,1980,0.395,0.172,1.076,160060.0,,E
Belize,BLZ,North America,1985,1980,0.563,0.191,1.163,163812.0,,E
Belize,BLZ,North America,1986,1980,0.181,0.205,1.224,167568.0,,E
Belize,BLZ,North America,1987,1980,0.552,0.227,1.326,171349.0,,E
Belize,BLZ,North America,1988,1980,0.629,0.249,1.422,175195.0,,E
Belize,BLZ,North America,1989,1980,0.257,0.3,1.677,179124.0,,E
Belize,BLZ,North America,1990,1990,0.461,0.311,1.701,183090.0,49.19,E
Belize,BLZ,North America,1991,1990,0.638,0.407,2.174,187056.0,43.32,E
Belize,BLZ,North America,1992,1990,0.354,0.355,1.861,190995.0,47.25,E
Belize,BLZ,North America,1993,1990,0.384,0.377,1.936,194916.0,47.44,E
Belize,BLZ,North America,1994,1990,0.704,0.374,1.877,199101.0,46.59,E
Belize,BLZ,North America,1995,1990,0.72,0.377,1.848,204165.0,47.55,E
Belize,BLZ,North America,1996,1990,0.168,0.308,1.463,210321.0,53.88,E
Belize,BLZ,North America,1997,1990,0.835,0.388,1.786,217459.0,49.7,E
Belize,BLZ,North America,1998,1990,0.862,0.37,1.643,225186.0,49.94,E
Belize,BLZ,North America,1999,1990,0.397,0.348,1.493,233066.0,50.29,E
Belize,BLZ,North America,2000,2000,0.136,0.396,1.643,240809.0,47.24,E
Belize,BLZ,North America,2001,2000,0.414,0.447,1.8,248393.0,39.07,E
Belize,BLZ,North America,2002,2000,0.716,0.432,1.689,256019.0,41.0,E
Belize,BLZ,North America,2003,2000,0.932,0.432,1.639,263794.0,39.5,E
Belize,BLZ,North America,2004,2000,0.692,0.392,1.443,271695.0,43.69,E
Belize,BLZ,North America,2005,2000,0.844,0.418,1.493,279747.0,38.79,E
Belize,BLZ,North America,2006,2000,0.648,0.443,1.54,287889.0,43.08,E
Belize,BLZ,North America,2007,2000,0.853,0.473,1.596,296117.0,39.09,E
Belize,BLZ,North America,2008,2000,0.584,0.432,1.42,304373.0,40.3,E
Belize,BLZ,North America,2009,2000,0.921,0.513,1.641,312619.0,35.77,E
Belize,BLZ,North America,2010,2010,0.833,0.539,1.682,320256.0,29.18,E
Belize,BLZ,North America,2011,2010,0.713,0.572,1.746,327306.0,41.52,E
Belize,BLZ,North America,2012,2010,0.636,0.473,1.413,334421.0,46.74,E
Belize,BLZ,North America,2013,2010,0.778,0.473,1.384,341635.0,36.53,E
Belize,BLZ,North America,2014,2010,0.779,0.502,1.439,348934.0,35.8,E
Belize,BLZ,North America,2015,2010,1.267,0.685,1.923,356341.0,29.07,E
Belize,BLZ,North America,2016,2010,1.354,0.674,1.848,364717.0,31.72,E
Belize,BLZ,North America,2017,2010,1.246,0.667,1.787,373215.0,35.33,E
Belize,BLZ,North America,2018,2010,0.763,0.66,1.735,380232.0,33.08,E
Belize,BLZ,North America,2019,2010,1.459,0.769,1.994,385833.0,28.39,E
Belize,BLZ,North America,2020,2020,1.607,0.654,1.672,390819.0,29.04,E
Belize,BLZ,North America,2021,2020,1.224,0.694,1.754,395355.0,20.95,E
Belize,BLZ,North America,2022,2020,1.008,0.724,1.797,402741.0,19.08,E
Belize,BLZ,North America,2023,2020,1.873,0.766,1.864,411112.0,17.89,E
Belize,BLZ,North America,2024,2020,1.816,0.796,1.909,417077.0,18.11,E
Bermuda,BMU,North America,1970,1970,,0.227,4.356,52147.0,,
Bermuda,BMU,North America,1971,1970,,0.231,4.386,52628.0,,
Bermuda,BMU,North America,1972,1970,,0.253,4.786,52825.0,,
Bermuda,BMU,North America,1973,1970,,0.425,8.025,52963.0,,
Bermuda,BMU,North America,1974,1970,,0.443,8.353,53077.0,,
Bermuda,BMU,North America,1975,1970,,0.458,8.617,53148.0,,
Bermuda,BMU,North America,1976,1970,,0.469,8.81,53232.0,,
Bermuda,BMU,North America,1977,1970,,0.454,8.517,53346.0,,
Bermuda,BMU,North America,1978,1970,,0.425,7.952,53451.0,,
Bermuda,BMU,North America,1979,1970,,0.462,8.623,53538.0,,
Bermuda,BMU,North America,1980,1980,,0.436,8.121,53693.0,,
Bermuda,BMU,North America,1981,1980,,0.388,7.19,54020.0,,
Bermuda,BMU,North America,1982,1980,,0.396,7.273,54407.0,,
Bermuda,BMU,North America,1983,1980,,0.451,8.224,54802.0,,
Bermuda,BMU,North America,1984,1980,,0.443,8.033,55189.0,,
Bermuda,BMU,North America,1985,1980,,0.451,8.11,55569.0,,
Bermuda,BMU,North America,1986,1980,,0.421,7.537,55907.0,,
Bermuda,BMU,North America,1987,1980,,0.572,10.155,56285.0,,
Bermuda,BMU,North America,1988,1980,,0.645,11.37,56714.0,,
Bermuda,BMU,North America,1989,1980,,0.78,13.656,57149.0,,
Bermuda,BMU,North America,1990,1990,,0.502,8.717,57584.0,0.0,
Bermuda,BMU,North America,1991,1990,,0.539,9.285,58007.0,0.0,
Bermuda,BMU,North America,1992,1990,,0.462,7.901,58430.0,0.0,
Bermuda,BMU,North America,1993,1990,,0.539,9.155,58834.0,0.0,
Bermuda,BMU,North America,1994,1990,,0.531,8.972,59214.0,0.0,
Bermuda,BMU,North America,1995,1990,,0.531,8.922,59549.0,0.26,
Bermuda,BMU,North America,1996,1990,,0.528,8.818,59836.0,0.41,
Bermuda,BMU,North America,1997,1990,,0.524,8.704,60194.0,0.43,
Bermuda,BMU,North America,1998,1990,,0.52,8.577,60659.0,0.44,
Bermuda,BMU,North America,1999,1990,,0.513,8.39,61142.0,0.48,
Bermuda,BMU,North America,2000,2000,,0.517,8.391,61569.0,0.46,
Bermuda,BMU,North America,2001,2000,,0.528,8.525,61887.0,0.54,
Bermuda,BMU,North America,2002,2000,,0.557,8.959,62163.0,0.51,
Bermuda,BMU,North America,2003,2000,,0.561,8.983,62405.0,0.51,
Bermuda,BMU,North America,2004,2000,,0.583,9.31,62576.0,0.52,
Bermuda,BMU,North America,2005,2000,,0.583,9.287,62730.0,0.49,
Bermuda,BMU,North America,2006,2000,,0.656,10.434,62855.0,0.44,
Bermuda,BMU,North America,2007,2000,,0.729,11.568,63030.0,0.5,
Bermuda,BMU,North America,2008,2000,,0.645,10.184,63319.0,0.46,
Bermuda,BMU,North America,2009,2000,,0.473,7.433,63587.0,0.43,
Bermuda,BMU,North America,2010,2010,,0.605,9.484,63748.0,0.43,
Bermuda,BMU,North America,2011,2010,,0.443,6.954,63753.0,0.42,
Bermuda,BMU,North America,2012,2010,,0.366,5.755,63665.0,0.44,
Bermuda,BMU,North America,2013,2010,,0.535,8.412,63593.0,1.48,
Bermuda,BMU,North America,2014,2010,,0.667,10.493,63551.0,0.43,
Bermuda,BMU,North America,2015,2010,,0.542,8.542,63482.0,0.55,
Bermuda,BMU,North America,2016,2010,,0.616,9.699,63466.0,1.09,
Bermuda,BMU,North America,2017,2010,,0.641,10.081,63603.0,0.63,
Bermuda,BMU,North America,2018,2010,,0.696,10.903,63852.0,0.67,
Bermuda,BMU,North America,2019,2010,,0.594,9.256,64130.0,0.74,
Bermuda,BMU,North America,2020,2020,,0.436,6.77,64404.0,0.86,
Bermuda,BMU,North America,2021,2020,,0.517,7.988,64672.0,1.16,
Bermuda,BMU,North America,2022,2020,,0.531,8.194,64772.0,1.9,
Bermuda,BMU,North America,2023,2020,,0.53,8.184,64721.0,1.95,
Bermuda,BMU,North America,2024,2020,,0.55,8.506,64660.0,2.24,
Bolivia (Plurinational State of),BOL,South America,1970,1970,0.275,2.484,0.541,4590008.0,,E
Bolivia (Plurinational State of),BOL,South America,1971,1970,-0.484,3.059,0.652,4694351.0,,E
Bolivia (Plurinational State of),BOL,South America,1972,1970,0.162,3.568,0.743,4800985.0,,E
Bolivia (Plurinational State of),BOL,South America,1973,1970,0.176,3.454,0.704,4910200.0,,E
Bolivia (Plurinational State of),BOL,South America,1974,1970,-0.194,3.513,0.699,5022480.0,,E
Bolivia (Plurinational State of),BOL,South America,1975,1970,-0.095,4.055,0.789,5137540.0,,E
Bolivia (Plurinational State of),BOL,South America,1976,1970,-0.175,4.575,0.87,5256497.0,,E
Bolivia (Plurinational State of),BOL,South America,1977,1970,0.29,4.476,0.832,5379169.0,,E
Bolivia (Plurinational State of),BOL,South America,1978,1970,0.351,5.021,0.912,5504131.0,,E
Bolivia (Plurinational State of),BOL,South America,1979,1970,0.177,4.731,0.84,5630853.0,,E
Bolivia (Plurinational State of),BOL,South America,1980,1980,0.229,4.661,0.809,5758905.0,,E
Bolivia (Plurinational State of),BOL,South America,1981,1980,0.209,4.784,0.812,5888114.0,,E
Bolivia (Plurinational State of),BOL,South America,1982,1980,0.281,4.341,0.721,6018091.0,,E
Bolivia (Plurinational State of),BOL,South America,1983,1980,0.466,4.282,0.696,6149066.0,,E
Bolivia (Plurinational State of),BOL,South America,1984,1980,0.281,4.033,0.642,6281868.0,,E
Bolivia (Plurinational State of),BOL,South America,1985,1980,0.386,4.115,0.641,6416193.0,,E
Bolivia (Plurinational State of),BOL,South America,1986,1980,0.478,3.768,0.575,6552481.0,,E
Bolivia (Plurinational State of),BOL,South America,1987,1980,0.722,4.018,0.6,6692168.0,,E
Bolivia (Plurinational State of),BOL,South America,1988,1980,0.397,4.294,0.628,6835507.0,,E
Bolivia (Plurinational State of),BOL,South America,1989,1980,0.16,4.977,0.713,6981771.0,,E
Bolivia (Plurinational State of),BOL,South America,1990,1990,0.235,10.018,1.405,7130143.0,37.02,E
Bolivia (Plurinational State of),BOL,South America,1991,1990,0.556,10.506,1.443,7280294.0,38.1,E
Bolivia (Plurinational State of),BOL,South America,1992,1990,0.054,11.025,1.484,7430337.0,36.88,E
Bolivia (Plurinational State of),BOL,South America,1993,1990,0.381,11.562,1.525,7579196.0,36.91,E
Bolivia (Plurinational State of),BOL,South America,1994,1990,0.86,9.65,1.249,7727320.0,35.16,E
Bolivia (Plurinational State of),BOL,South America,1995,1990,0.734,9.029,1.147,7874676.0,33.17,E
Bolivia (Plurinational State of),BOL,South America,1996,1990,0.279,10.027,1.25,8021742.0,32.39,E
Bolivia (Plurinational State of),BOL,South America,1997,1990,0.862,11.733,1.436,8167911.0,31.97,E
Bolivia (Plurinational State of),BOL,South America,1998,1990,0.931,11.264,1.355,8313400.0,30.62,E
Bolivia (Plurinational State of),BOL,South America,1999,1990,0.31,10.95,1.294,8459810.0,30.77,E
Bolivia (Plurinational State of),BOL,South America,2000,2000,0.363,8.442,0.981,8606330.0,29.17,E
Bolivia (Plurinational State of),BOL,South America,2001,2000,0.66,8.752,1.0,8752740.0,28.99,E
Bolivia (Plurinational State of),BOL,South America,2002,2000,1.037,10.415,1.17,8900358.0,28.13,E
Bolivia (Plurinational State of),BOL,South America,2003,2000,0.662,10.983,1.214,9050703.0,27.01,E
Bolivia (Plurinational State of),BOL,South America,2004,2000,0.875,11.051,1.201,9204297.0,25.8,E
Bolivia (Plurinational State of),BOL,South America,2005,2000,0.817,12.337,1.318,9360758.0,24.65,E
Bolivia (Plurinational State of),BOL,South America,2006,2000,0.947,12.369,1.299,9521685.0,23.7,E
Bolivia (Plurinational State of),BOL,South America,2007,2000,0.556,12.74,1.315,9685960.0,22.07,E
Bolivia (Plurinational State of),BOL,South America,2008,2000,0.419,13.028,1.322,9850859.0,21.3,E
Bolivia (Plurinational State of),BOL,South America,2009,2000,0.683,13.633,1.361,10016279.0,20.62,E
Bolivia (Plurinational State of),BOL,South America,2010,2010,0.701,14.809,1.454,10182345.0,19.93,E
Bolivia (Plurinational State of),BOL,South America,2011,2010,1.161,16.051,1.551,10348931.0,18.1,E
Bolivia (Plurinational State of),BOL,South America,2012,2010,0.854,17.575,1.671,10515814.0,17.37,E
Bolivia (Plurinational State of),BOL,South America,2013,2010,0.567,17.778,1.664,10682612.0,16.02,E
Bolivia (Plurinational State of),BOL,South America,2014,2010,1.008,19.9,1.834,10848889.0,15.03,E
Bolivia (Plurinational State of),BOL,South America,2015,2010,1.461,19.9,1.807,11014707.0,14.22,E
Bolivia (Plurinational State of),BOL,South America,2016,2010,0.782,21.25,1.901,11180020.0,13.62,E
Bolivia (Plurinational State of),BOL,South America,2017,2010,0.97,22.182,1.955,11344591.0,14.29,E
Bolivia (Plurinational State of),BOL,South America,2018,2010,0.571,22.509,1.956,11508370.0,14.29,E
Bolivia (Plurinational State of),BOL,South America,2019,2010,0.91,22.609,1.937,11671386.0,13.49,E
Bolivia (Plurinational State of),BOL,South America,2020,2020,1.261,18.32,1.55,11816301.0,16.88,E
Bolivia (Plurinational State of),BOL,South America,2021,2020,0.761,21.767,1.823,11937369.0,12.74,E
Bolivia (Plurinational State of),BOL,South America,2022,2020,0.726,23.488,1.945,12077156.0,13.29,E
Bolivia (Plurinational State of),BOL,South America,2023,2020,2.04,24.621,2.011,12244161.0,13.28,E
Bolivia (Plurinational State of),BOL,South America,2024,2020,2.061,28.709,2.313,12413318.0,,E
Brazil,BRA,South America,1970,1970,0.118,93.467,0.98,95375656.0,,E
Brazil,BRA,South America,1971,1970,-0.138,102.314,1.047,97739280.0,,E
Brazil,BRA,South America,1972,1970,0.099,113.992,1.138,100146794.0,,E
Brazil,BRA,South America,1973,1970,0.432,132.029,1.287,102600970.0,,E
Brazil,BRA,South America,1974,1970,-0.18,142.981,1.361,105089675.0,,E
Brazil,BRA,South America,1975,1970,-0.125,150.287,1.396,107619567.0,,E
Brazil,BRA,South America,1976,1970,-0.171,154.562,1.402,110213353.0,,E
Brazil,BRA,South America,1977,1970,0.26,162.314,1.438,112875287.0,,E
Brazil,BRA,South America,1978,1970,0.038,177.061,1.532,115600943.0,,E
Brazil,BRA,South America,1979,1970,0.0,187.728,1.586,118380819.0,,E
Brazil,BRA,South America,1980,1980,0.298,186.127,1.536,121207451.0,,E
Brazil,BRA,South America,1981,1980,0.169,171.262,1.38,124063113.0,,E
Brazil,BRA,South America,1982,1980,0.278,171.439,1.351,126923156.0,,E
Brazil,BRA,South America,1983,1980,0.469,165.851,1.278,129790081.0,,E
Brazil,BRA,South America,1984,1980,0.323,167.524,1.263,132658861.0,,E
Brazil,BRA,South America,1985,1980,0.107,180.065,1.329,135515593.0,,E
Brazil,BRA,South America,1986,1980,0.281,197.183,1.425,138336371.0,,E
Brazil,BRA,South America,1987,1980,0.714,205.912,1.459,141104946.0,,E
Brazil,BRA,South America,1988,1980,0.484,207.64,1.444,143826357.0,,E
Brazil,BRA,South America,1989,1980,0.172,212.016,1.447,146502975.0,,E
Brazil,BRA,South America,1990,1990,0.475,218.658,1.466,149143223.0,49.82,E
Brazil,BRA,South America,1991,1990,0.498,229.394,1.512,151724253.0,48.9,E
Brazil,BRA,South America,1992,1990,0.428,233.601,1.514,154275077.0,48.66,E
Brazil,BRA,South America,1993,1990,0.505,244.306,1.558,156794574.0,48.16,E
Brazil,BRA,South America,1994,1990,0.666,254.002,1.595,159265011.0,48.31,E
Brazil,BRA,South America,1995,1990,0.829,268.678,1.661,161735079.0,46.09,E
Brazil,BRA,South America,1996,1990,0.553,289.311,1.762,164202549.0,44.49,E
Brazil,BRA,South America,1997,1990,0.726,306.949,1.842,166661662.0,43.68,E
Brazil,BRA,South America,1998,1990,1.275,317.359,1.876,169159651.0,43.81,E
Brazil,BRA,South America,1999,1990,0.593,327.256,1.907,171641544.0,43.99,E
Brazil,BRA,South America,2000,2000,0.53,340.183,1.955,174018278.0,42.67,E
Brazil,BRA,South America,2001,2000,0.777,346.166,1.963,176301201.0,41.34,E
Brazil,BRA,South America,2002,2000,1.065,347.765,1.948,178503485.0,42.87,E
Brazil,BRA,South America,2003,2000,0.952,344.645,1.908,180622688.0,45.13,E
Brazil,BRA,South America,2004,2000,0.814,361.434,1.979,182675144.0,45.2,E
Brazil,BRA,South America,2005,2000,1.157,364.371,1.973,184688101.0,46.15,E
Brazil,BRA,South America,2006,2000,0.84,368.871,1.976,186653099.0,46.7,E
Brazil,BRA,South America,2007,2000,1.008,390.573,2.071,188552311.0,47.21,E
Brazil,BRA,South America,2008,2000,0.745,412.638,2.168,190367297.0,47.04,E
Brazil,BRA,South America,2009,2000,0.984,389.775,2.029,192079958.0,48.91,E
Brazil,BRA,South America,2010,2010,1.141,440.269,2.273,193701931.0,46.79,E
Brazil,BRA,South America,2011,2010,0.802,461.911,2.365,195284736.0,45.23,E
Brazil,BRA,South America,2012,2010,1.071,497.468,2.527,196876113.0,43.44,E
Brazil,BRA,South America,2013,2010,0.982,531.569,2.678,198478290.0,42.29,E
Brazil,BRA,South America,2014,2010,1.204,556.526,2.781,200085126.0,41.72,E
Brazil,BRA,South America,2015,2010,1.607,528.174,2.619,201675534.0,43.64,E
Brazil,BRA,South America,2016,2010,1.574,491.745,2.42,203218108.0,45.4,E
Brazil,BRA,South America,2017,2010,1.416,497.255,2.429,204703440.0,45.24,E
Brazil,BRA,South America,2018,2010,1.199,476.601,2.312,206107265.0,46.86,E
Brazil,BRA,South America,2019,2010,1.564,476.724,2.298,207455459.0,47.49,E
Brazil,BRA,South America,2020,2020,1.421,447.999,2.147,208660845.0,49.98,E
Brazil,BRA,South America,2021,2020,1.146,496.562,2.37,209550291.0,46.51,E
Brazil,BRA,South America,2022,2020,0.965,480.058,2.283,210306411.0,48.39,E
Brazil,BRA,South America,2023,2020,1.658,483.992,2.292,211140731.0,50.18,E
Brazil,BRA,South America,2024,2020,2.037,483.012,2.278,211998565.0,,E
Barbados,BRB,North America,1970,1970,0.011,0.429,1.719,249398.0,,E
Barbados,BRB,North America,1971,1970,-0.227,0.484,1.941,249177.0,,E
Barbados,BRB,North America,1972,1970,-0.054,0.502,2.011,249666.0,,E
Barbados,BRB,North America,1973,1970,-0.027,0.48,1.917,250330.0,,E
Barbados,BRB,North America,1974,1970,-0.343,0.491,1.958,250786.0,,E
Barbados,BRB,North America,1975,1970,-0.561,0.568,2.261,251188.0,,E
Barbados,BRB,North America,1976,1970,-0.4,0.531,2.113,251454.0,,E
Barbados,BRB,North America,1977,1970,0.004,0.59,2.344,251630.0,,E
Barbados,BRB,North America,1978,1970,0.321,0.63,2.505,251566.0,,E
Barbados,BRB,North America,1979,1970,0.129,0.601,2.391,251277.0,,E
Barbados,BRB,North America,1980,1980,0.571,0.674,2.68,251533.0,,E
Barbados,BRB,North America,1981,1980,0.382,0.685,2.716,252274.0,,E
Barbados,BRB,North America,1982,1980,0.256,0.645,2.548,253098.0,,E
Barbados,BRB,North America,1983,1980,0.387,0.685,2.698,253993.0,,E
Barbados,BRB,North America,1984,1980,0.052,0.747,2.93,254930.0,,E
Barbados,BRB,North America,1985,1980,-0.122,0.846,3.306,255831.0,,E
Barbados,BRB,North America,1986,1980,-0.016,0.915,3.567,256628.0,,E
Barbados,BRB,North America,1987,1980,0.708,0.941,3.658,257288.0,,E
Barbados,BRB,North America,1988,1980,0.572,0.945,3.665,257768.0,,E
Barbados,BRB,North America,1989,1980,0.393,0.989,3.83,258113.0,,E
Barbados,BRB,North America,1990,1990,0.562,1.037,4.011,258583.0,17.52,E
Barbados,BRB,North America,1991,1990,0.637,1.184,4.563,259382.0,16.85,E
Barbados,BRB,North America,1992,1990,0.562,1.164,4.473,260272.0,15.67,E
Barbados,BRB,North America,1993,1990,0.644,0.936,3.584,261036.0,14.25,E
Barbados,BRB,North America,1994,1990,0.655,0.94,3.593,261625.0,13.75,E
Barbados,BRB,North America,1995,1990,0.732,1.023,3.903,262046.0,14.42,E
Barbados,BRB,North America,1996,1990,0.595,1.05,4.002,262290.0,15.24,E
Barbados,BRB,North America,1997,1990,0.55,1.156,4.404,262405.0,14.29,E
Barbados,BRB,North America,1998,1990,1.394,1.228,4.678,262434.0,10.61,E
Barbados,BRB,North America,1999,1990,0.795,1.302,4.958,262521.0,11.26,E
Barbados,BRB,North America,2000,2000,0.649,1.309,4.995,262071.0,11.87,E
Barbados,BRB,North America,2001,2000,0.871,1.307,4.982,262429.0,10.81,E
Barbados,BRB,North America,2002,2000,0.889,1.317,4.985,264155.0,9.78,E
Barbados,BRB,North America,2003,2000,1.112,1.358,5.111,265789.0,8.62,E
Barbados,BRB,North America,2004,2000,0.861,1.387,5.188,267297.0,8.65,E
Barbados,BRB,North America,2005,2000,1.289,1.429,5.318,268717.0,8.69,E
Barbados,BRB,North America,2006,2000,1.033,1.471,5.448,270011.0,8.82,E
Barbados,BRB,North America,2007,2000,0.893,1.469,5.415,271298.0,8.56,E
Barbados,BRB,North America,2008,2000,0.551,1.733,6.356,272719.0,7.63,E
Barbados,BRB,North America,2009,2000,0.689,1.7,6.2,274137.0,8.46,E
Barbados,BRB,North America,2010,2010,1.428,1.567,5.692,275251.0,8.21,E
Barbados,BRB,North America,2011,2010,0.989,1.626,5.889,276150.0,4.14,E
Barbados,BRB,North America,2012,2010,0.83,1.554,5.612,276949.0,3.82,E
Barbados,BRB,North America,2013,2010,1.132,1.54,5.546,277669.0,3.13,E
Barbados,BRB,North America,2014,2010,0.797,1.368,4.913,278355.0,2.98,E
Barbados,BRB,North America,2015,2010,1.27,1.335,4.784,278999.0,3.16,E
Barbados,BRB,North America,2016,2010,1.58,1.371,4.905,279604.0,2.98,E
Barbados,BRB,North America,2017,2010,1.237,1.399,4.994,280177.0,4.3,E
Barbados,BRB,North America,2018,2010,0.972,1.447,5.154,280719.0,4.94,E
Barbados,BRB,North America,2019,2010,1.455,1.392,4.95,281216.0,3.46,E
Barbados,BRB,North America,2020,2020,1.315,1.256,4.457,281706.0,4.52,E
Barbados,BRB,North America,2021,2020,1.351,1.19,4.218,282157.0,5.25,E
Barbados,BRB,North America,2022,2020,1.163,1.315,4.658,282324.0,5.64,E
Barbados,BRB,North America,2023,2020,,1.317,4.664,282347.0,5.58,O
Barbados,BRB,North America,2024,2020,,1.365,4.833,282476.0,5.62,O
Brunei Darussalam,BRN,Asia,1970,1970,0.086,8.204,60.698,135157.0,,E
Brunei Darussalam,BRN,Asia,1971,1970,-0.239,7.511,54.456,137931.0,,E
Brunei Darussalam,BRN,Asia,1972,1970,0.038,9.453,66.479,142197.0,,E
Brunei Darussalam,BRN,Asia,1973,1970,0.288,9.973,67.671,147381.0,,E
Brunei Darussalam,BRN,Asia,1974,1970,-0.306,8.178,53.567,152669.0,,E
Brunei Darussalam,BRN,Asia,1975,1970,0.061,7.075,44.757,158081.0,,E
Brunei Darussalam,BRN,Asia,1976,1970,-0.086,6.02,36.792,163621.0,,E
Brunei Darussalam,BRN,Asia,1977,1970,-0.043,6.39,37.747,169287.0,,E
Brunei Darussalam,BRN,Asia,1978,1970,0.153,9.534,54.509,174902.0,,E
Brunei Darussalam,BRN,Asia,1979,1970,0.305,7.434,41.203,180430.0,,E
Brunei Darussalam,BRN,Asia,1980,1980,0.292,6.877,36.951,186121.0,,E
Brunei Darussalam,BRN,Asia,1981,1980,0.243,2.059,10.725,191990.0,,E
Brunei Darussalam,BRN,Asia,1982,1980,0.251,2.665,13.446,198177.0,,E
Brunei Darussalam,BRN,Asia,1983,1980,0.699,2.733,13.349,204754.0,,E
Brunei Darussalam,BRN,Asia,1984,1980,0.003,1.916,9.053,211673.0,,E
Brunei Darussalam,BRN,Asia,1985,1980,0.264,2.594,11.849,218928.0,,E
Brunei Darussalam,BRN,Asia,1986,1980,0.181,2.297,10.142,226510.0,,E
Brunei Darussalam,BRN,Asia,1987,1980,0.482,3.316,14.178,233876.0,,E
Brunei Darussalam,BRN,Asia,1988,1980,0.435,5.712,23.709,240928.0,,E
Brunei Darussalam,BRN,Asia,1989,1980,0.041,6.342,25.566,248077.0,,E
Brunei Darussalam,BRN,Asia,1990,1990,0.455,5.009,19.618,255307.0,0.67,E
Brunei Darussalam,BRN,Asia,1991,1990,0.51,6.826,25.994,262604.0,0.43,E
Brunei Darussalam,BRN,Asia,1992,1990,0.454,6.668,24.712,269848.0,0.21,E
Brunei Darussalam,BRN,Asia,1993,1990,0.267,5.851,21.126,276978.0,0.0,E
Brunei Darussalam,BRN,Asia,1994,1990,0.457,5.293,18.63,284098.0,0.0,E
Brunei Darussalam,BRN,Asia,1995,1990,0.501,5.884,20.207,291207.0,0.0,E
Brunei Darussalam,BRN,Asia,1996,1990,0.414,5.963,19.989,298283.0,0.0,E
Brunei Darussalam,BRN,Asia,1997,1990,0.676,6.179,20.235,305357.0,0.0,E
Brunei Darussalam,BRN,Asia,1998,1990,1.28,5.595,17.911,312398.0,0.0,E
Brunei Darussalam,BRN,Asia,1999,1990,0.542,5.978,18.716,319412.0,0.0,E
Brunei Darussalam,BRN,Asia,2000,2000,0.47,5.886,18.032,326429.0,0.0,E
Brunei Darussalam,BRN,Asia,2001,2000,0.587,5.758,17.273,333353.0,0.0,E
Brunei Darussalam,BRN,Asia,2002,2000,0.699,5.285,15.54,340108.0,0.0,E
Brunei Darussalam,BRN,Asia,2003,2000,0.828,6.14,17.711,346650.0,0.0,E
Brunei Darussalam,BRN,Asia,2004,2000,0.659,5.967,16.907,352921.0,0.0,E
Brunei Darussalam,BRN,Asia,2005,2000,0.914,5.429,15.124,358930.0,0.0,E
Brunei Darussalam,BRN,Asia,2006,2000,0.696,7.144,19.589,364670.0,0.0,E
Brunei Darussalam,BRN,Asia,2007,2000,0.738,8.077,21.777,370883.0,0.0,E
Brunei Darussalam,BRN,Asia,2008,2000,0.445,9.166,24.26,377800.0,0.0,E
Brunei Darussalam,BRN,Asia,2009,2000,0.858,7.745,20.119,384965.0,0.0,E
Brunei Darussalam,BRN,Asia,2010,2010,0.933,8.017,20.435,392340.0,0.0,E
Brunei Darussalam,BRN,Asia,2011,2010,0.597,9.555,23.925,399395.0,0.02,E
Brunei Darussalam,BRN,Asia,2012,2010,0.768,9.5,23.424,405564.0,0.01,E
Brunei Darussalam,BRN,Asia,2013,2010,0.962,7.626,18.546,411205.0,0.01,E
Brunei Darussalam,BRN,Asia,2014,2010,0.917,8.831,21.19,416757.0,0.01,E
Brunei Darussalam,BRN,Asia,2015,2010,1.124,6.933,16.421,422223.0,0.01,E
Brunei Darussalam,BRN,Asia,2016,2010,1.556,7.633,17.852,427571.0,0.01,E
Brunei Darussalam,BRN,Asia,2017,2010,1.223,9.309,21.51,432787.0,0.01,E
Brunei Darussalam,BRN,Asia,2018,2010,1.101,9.341,21.336,437811.0,0.01,E
Brunei Darussalam,BRN,Asia,2019,2010,1.348,9.564,21.605,442690.0,0.01,E
Brunei Darussalam,BRN,Asia,2020,2020,1.372,11.157,24.937,447411.0,0.01,E
Brunei Darussalam,BRN,Asia,2021,2020,1.083,11.709,25.92,451722.0,0.03,E
Brunei Darussalam,BRN,Asia,2022,2020,1.125,12.237,26.872,455374.0,0.03,E
Brunei Darussalam,BRN,Asia,2023,2020,1.304,12.503,27.241,458959.0,0.04,E
Brunei Darussalam,BRN,Asia,2024,2020,1.705,12.052,26.046,462734.0,,E
Bhutan,BTN,Asia,1970,1970,-0.016,0.004,0.012,308536.0,,E
Bhutan,BTN,Asia,1971,1970,-0.214,0.004,0.011,319219.0,,E
Bhutan,BTN,Asia,1972,1970,-0.026,0.004,0.011,330265.0,,E
Bhutan,BTN,Asia,1973,1970,0.321,0.004,0.011,341713.0,,E
Bhutan,BTN,Asia,1974,1970,0.163,0.004,0.01,353548.0,,E
Bhutan,BTN,Asia,1975,1970,0.12,0.004,0.01,365800.0,,E
Bhutan,BTN,Asia,1976,1970,-0.026,0.004,0.01,378499.0,,E
Bhutan,BTN,Asia,1977,1970,-0.025,0.007,0.019,391649.0,,E
Bhutan,BTN,Asia,1978,1970,-0.202,0.011,0.027,405256.0,,E
Bhutan,BTN,Asia,1979,1970,0.4,0.022,0.052,419208.0,,E
Bhutan,BTN,Asia,1980,1980,0.082,0.022,0.051,433412.0,,E
Bhutan,BTN,Asia,1981,1980,0.23,0.055,0.124,447851.0,,E
Bhutan,BTN,Asia,1982,1980,-0.09,0.063,0.136,462495.0,,E
Bhutan,BTN,Asia,1983,1980,-0.244,0.087,0.182,477473.0,,E
Bhutan,BTN,Asia,1984,1980,0.019,0.109,0.221,492794.0,,E
Bhutan,BTN,Asia,1985,1980,0.258,0.12,0.236,508399.0,,E
Bhutan,BTN,Asia,1986,1980,-0.018,0.112,0.214,524327.0,,E
Bhutan,BTN,Asia,1987,1980,0.267,0.16,0.296,540570.0,,E
Bhutan,BTN,Asia,1988,1980,0.62,0.167,0.301,557002.0,,E
Bhutan,BTN,Asia,1989,1980,0.342,0.12,0.209,573593.0,,E
Bhutan,BTN,Asia,1990,1990,0.033,0.186,0.315,589295.0,80.88,E
Bhutan,BTN,Asia,1991,1990,0.254,0.186,0.31,599789.0,80.53,E
Bhutan,BTN,Asia,1992,1990,-0.067,0.215,0.372,577780.0,77.51,E
Bhutan,BTN,Asia,1993,1990,-0.14,0.182,0.328,554680.0,79.42,E
Bhutan,BTN,Asia,1994,1990,0.325,0.212,0.383,554509.0,78.0,E
Bhutan,BTN,Asia,1995,1990,0.538,0.249,0.454,547995.0,74.19,E
Bhutan,BTN,Asia,1996,1990,0.341,0.298,0.544,548792.0,70.4,E
Bhutan,BTN,Asia,1997,1990,-0.316,0.39,0.698,558698.0,64.02,E
Bhutan,BTN,Asia,1998,1990,0.806,0.385,0.676,569439.0,64.24,E
Bhutan,BTN,Asia,1999,1990,0.981,0.386,0.662,582589.0,63.11,E
Bhutan,BTN,Asia,2000,2000,0.152,0.397,0.665,596871.0,61.56,E
Bhutan,BTN,Asia,2001,2000,0.672,0.464,0.759,610801.0,57.1,E
Bhutan,BTN,Asia,2002,2000,0.484,0.494,0.791,624417.0,56.03,E
Bhutan,BTN,Asia,2003,2000,0.518,0.494,0.775,637667.0,54.71,E
Bhutan,BTN,Asia,2004,2000,0.476,0.436,0.67,650559.0,58.14,E
Bhutan,BTN,Asia,2005,2000,0.777,0.546,0.825,661875.0,52.19,E
Bhutan,BTN,Asia,2006,2000,1.012,0.411,0.613,670803.0,60.98,E
Bhutan,BTN,Asia,2007,2000,1.022,0.397,0.585,678643.0,63.15,E
Bhutan,BTN,Asia,2008,2000,0.596,0.646,0.942,686359.0,53.21,E
Bhutan,BTN,Asia,2009,2000,1.456,0.683,0.984,693994.0,58.38,E
Bhutan,BTN,Asia,2010,2010,1.27,0.905,1.291,701638.0,54.98,E
Bhutan,BTN,Asia,2011,2010,0.574,1.007,1.419,709387.0,53.66,E
Bhutan,BTN,Asia,2012,2010,0.579,1.15,1.603,717288.0,49.83,E
Bhutan,BTN,Asia,2013,2010,0.806,1.269,1.75,725282.0,47.97,E
Bhutan,BTN,Asia,2014,2010,0.873,1.332,1.817,733151.0,50.14,E
Bhutan,BTN,Asia,2015,2010,1.081,1.434,1.936,740623.0,48.95,E
Bhutan,BTN,Asia,2016,2010,1.572,1.56,2.086,747878.0,45.64,E
Bhutan,BTN,Asia,2017,2010,1.545,1.649,2.186,754343.0,45.67,E
Bhutan,BTN,Asia,2018,2010,1.432,1.682,2.214,759766.0,47.4,E
Bhutan,BTN,Asia,2019,2010,1.377,1.565,2.046,764830.0,48.27,E
Bhutan,BTN,Asia,2020,2020,1.24,1.214,1.576,770013.0,49.89,E
Bhutan,BTN,Asia,2021,2020,1.854,1.455,1.876,775450.0,50.16,E
Bhutan,BTN,Asia,2022,2020,1.609,1.55,1.984,780921.0,48.76,E
Bhutan,BTN,Asia,2023,2020,1.91,1.63,2.072,786386.0,48.71,E
Bhutan,BTN,Asia,2024,2020,1.83,1.657,2.094,791530.0,53.74,E
Botswana,BWA,Africa,1970,1970,0.659,,,590338.0,,E
Botswana,BWA,Africa,1971,1970,-0.072,,,600488.0,,E
Botswana,BWA,Africa,1972,1970,-0.421,0.022,0.035,622416.0,,E
Botswana,BWA,Africa,1973,1970,0.661,0.051,0.079,652420.0,,E
Botswana,BWA,Africa,1974,1970,-0.712,0.088,0.128,685455.0,,E
Botswana,BWA,Africa,1975,1970,-0.206,0.187,0.259,720389.0,,E
Botswana,BWA,Africa,1976,1970,-0.683,0.594,0.783,758514.0,,E
Botswana,BWA,Africa,1977,1970,0.329,0.78,0.976,799587.0,,E
Botswana,BWA,Africa,1978,1970,-0.019,0.832,0.979,849246.0,,E
Botswana,BWA,Africa,1979,1970,0.582,0.942,1.044,901754.0,,E
Botswana,BWA,Africa,1980,1980,0.015,1.403,1.497,937493.0,,E
Botswana,BWA,Africa,1981,1980,-0.366,1.408,1.451,970003.0,,E
Botswana,BWA,Africa,1982,1980,0.36,1.399,1.386,1009273.0,,E
Botswana,BWA,Africa,1983,1980,1.028,1.33,1.271,1046148.0,,E
Botswana,BWA,Africa,1984,1980,0.514,1.344,1.24,1083665.0,,E
Botswana,BWA,Africa,1985,1980,0.371,1.658,1.478,1121954.0,,E
Botswana,BWA,Africa,1986,1980,0.284,1.566,1.349,1160655.0,,E
Botswana,BWA,Africa,1987,1980,1.237,1.838,1.533,1199180.0,,E
Botswana,BWA,Africa,1988,1980,0.248,2.001,1.619,1235488.0,,E
Botswana,BWA,Africa,1989,1980,-0.301,2.229,1.755,1270279.0,,E
Botswana,BWA,Africa,1990,1990,0.747,2.7,2.068,1305699.0,49.03,E
Botswana,BWA,Africa,1991,1990,0.057,2.634,1.963,1341767.0,49.51,E
Botswana,BWA,Africa,1992,1990,0.894,2.777,2.012,1380038.0,46.1,E
Botswana,BWA,Africa,1993,1990,0.645,3.195,2.25,1420120.0,47.34,E
Botswana,BWA,Africa,1994,1990,-0.032,3.03,2.075,1460030.0,49.84,E
Botswana,BWA,Africa,1995,1990,1.195,3.045,2.031,1498842.0,48.86,E
Botswana,BWA,Africa,1996,1990,-0.242,2.755,1.794,1535917.0,46.44,E
Botswana,BWA,Africa,1997,1990,0.021,2.799,1.781,1571700.0,45.78,E
Botswana,BWA,Africa,1998,1990,0.987,3.342,2.08,1606906.0,39.2,E
Botswana,BWA,Africa,1999,1990,0.684,3.158,1.923,1642006.0,41.53,E
Botswana,BWA,Africa,2000,2000,-0.608,3.778,2.252,1677384.0,38.4,E
Botswana,BWA,Africa,2001,2000,-0.075,3.847,2.247,1712264.0,37.51,E
Botswana,BWA,Africa,2002,2000,0.518,3.975,2.278,1744765.0,36.02,E
Botswana,BWA,Africa,2003,2000,1.038,3.825,2.154,1775744.0,36.07,E
Botswana,BWA,Africa,2004,2000,0.174,3.895,2.155,1807153.0,34.38,E
Botswana,BWA,Africa,2005,2000,1.395,4.096,2.226,1839881.0,32.61,E
Botswana,BWA,Africa,2006,2000,-0.397,4.133,2.205,1874526.0,31.78,E
Botswana,BWA,Africa,2007,2000,0.38,4.228,2.212,1911200.0,29.52,E
Botswana,BWA,Africa,2008,2000,0.284,4.503,2.309,1949973.0,29.04,E
Botswana,BWA,Africa,2009,2000,-0.09,3.855,1.937,1990671.0,30.95,E
Botswana,BWA,Africa,2010,2010,1.24,4.537,2.232,2033110.0,30.38,E
Botswana,BWA,Africa,2011,2010,-0.026,4.029,1.943,2073538.0,30.79,E
Botswana,BWA,Africa,2012,2010,0.509,5.077,2.408,2108617.0,29.0,E
Botswana,BWA,Africa,2013,2010,0.838,5.663,2.645,2140687.0,32.06,E
Botswana,BWA,Africa,2014,2010,-0.102,6.85,3.154,2172053.0,31.23,E
Botswana,BWA,Africa,2015,2010,1.474,5.418,2.459,2203276.0,32.12,E
Botswana,BWA,Africa,2016,2010,1.442,6.341,2.837,2234784.0,32.85,E
Botswana,BWA,Africa,2017,2010,-0.026,7.066,3.117,2266749.0,33.21,E
Botswana,BWA,Africa,2018,2010,0.713,7.643,3.324,2299149.0,32.59,E
Botswana,BWA,Africa,2019,2010,1.537,7.486,3.21,2332082.0,33.74,E
Botswana,BWA,Africa,2020,2020,0.434,6.192,2.617,2365895.0,36.1,E
Botswana,BWA,Africa,2021,2020,-0.322,6.683,2.783,2401448.0,35.21,E
Botswana,BWA,Africa,2022,2020,0.085,7.396,3.031,2439895.0,34.45,E
Botswana,BWA,Africa,2023,2020,0.888,7.249,2.923,2480242.0,34.08,E
Botswana,BWA,Africa,2024,2020,1.597,7.462,2.96,2521145.0,,E
Central African Republic,CAF,Africa,1970,1970,0.244,0.209,0.1,2097513.0,,E
Central African Republic,CAF,Africa,1971,1970,-0.099,0.183,0.086,2141455.0,,E
Central African Republic,CAF,Africa,1972,1970,0.01,0.169,0.077,2183773.0,,E
Central African Republic,CAF,Africa,1973,1970,0.501,0.161,0.072,2226007.0,,E
Central African Republic,CAF,Africa,1974,1970,-0.102,0.114,0.05,2269345.0,,E
Central African Republic,CAF,Africa,1975,1970,-0.098,0.103,0.044,2313925.0,,E
Central African Republic,CAF,Africa,1976,1970,-0.173,0.128,0.055,2348567.0,,E
Central African Republic,CAF,Africa,1977,1970,0.226,0.128,0.054,2372932.0,,E
Central African Republic,CAF,Africa,1978,1970,0.033,0.147,0.061,2397963.0,,E
Central African Republic,CAF,Africa,1979,1970,0.376,0.103,0.042,2423800.0,,E
Central African Republic,CAF,Africa,1980,1980,0.417,0.106,0.043,2450537.0,,E
Central African Republic,CAF,Africa,1981,1980,-0.128,0.136,0.055,2478413.0,,E
Central African Republic,CAF,Africa,1982,1980,0.021,0.143,0.057,2507374.0,,E
Central African Republic,CAF,Africa,1983,1980,0.212,0.147,0.058,2537407.0,,E
Central African Republic,CAF,Africa,1984,1980,-0.087,0.15,0.058,2568610.0,,E
Central African Republic,CAF,Africa,1985,1980,-0.031,0.161,0.062,2600939.0,,E
Central African Republic,CAF,Africa,1986,1980,0.241,0.161,0.061,2634262.0,,E
Central African Republic,CAF,Africa,1987,1980,0.288,0.26,0.097,2669154.0,,E
Central African Republic,CAF,Africa,1988,1980,0.053,0.231,0.085,2713967.0,,E
Central African Republic,CAF,Africa,1989,1980,-0.249,0.249,0.089,2783977.0,,E
Central African Republic,CAF,Africa,1990,1990,0.213,0.183,0.064,2871915.0,92.52,E
Central African Republic,CAF,Africa,1991,1990,0.411,0.191,0.064,2963195.0,92.78,E
Central African Republic,CAF,Africa,1992,1990,-0.54,0.194,0.063,3058837.0,92.8,E
Central African Republic,CAF,Africa,1993,1990,0.138,0.198,0.063,3157842.0,92.55,E
Central African Republic,CAF,Africa,1994,1990,0.359,0.209,0.064,3257956.0,91.57,E
Central African Republic,CAF,Africa,1995,1990,-0.038,0.209,0.062,3348062.0,91.43,E
Central African Republic,CAF,Africa,1996,1990,-0.087,0.213,0.062,3435973.0,89.8,E
Central African Republic,CAF,Africa,1997,1990,-0.073,0.216,0.061,3531700.0,89.89,E
Central African Republic,CAF,Africa,1998,1990,1.055,0.22,0.061,3628833.0,89.02,E
Central African Republic,CAF,Africa,1999,1990,0.273,0.231,0.062,3729452.0,88.95,E
Central African Republic,CAF,Africa,2000,2000,0.464,0.125,0.032,3833421.0,93.68,E
Central African Republic,CAF,Africa,2001,2000,0.253,0.143,0.036,3919498.0,92.92,E
Central African Republic,CAF,Africa,2002,2000,0.597,0.117,0.029,4006079.0,94.26,E
Central African Republic,CAF,Africa,2003,2000,0.696,0.114,0.028,4103092.0,94.41,E
Central African Republic,CAF,Africa,2004,2000,0.767,0.125,0.03,4192828.0,94.09,E
Central African Republic,CAF,Africa,2005,2000,0.807,0.128,0.03,4288814.0,94.19,E
Central African Republic,CAF,Africa,2006,2000,0.816,0.139,0.032,4377582.0,93.86,E
Central African Republic,CAF,Africa,2007,2000,0.342,0.154,0.034,4462777.0,93.3,E
Central African Republic,CAF,Africa,2008,2000,0.387,0.15,0.033,4558989.0,93.68,E
Central African Republic,CAF,Africa,2009,2000,0.82,0.154,0.034,4529051.0,93.64,E
Central African Republic,CAF,Africa,2010,2010,0.882,0.169,0.038,4493003.0,93.18,E
Central African Republic,CAF,Africa,2011,2010,0.437,0.154,0.034,4565023.0,93.63,E
Central African Republic,CAF,Africa,2012,2010,0.092,0.183,0.04,4610848.0,92.43,E
Central African Republic,CAF,Africa,2013,2010,0.592,0.103,0.022,4642423.0,95.69,E
Central African Republic,CAF,Africa,2014,2010,0.462,0.132,0.029,4623187.0,94.66,E
Central African Republic,CAF,Africa,2015,2010,0.715,0.194,0.042,4629322.0,92.51,E
Central African Republic,CAF,Africa,2016,2010,0.926,0.238,0.051,4713663.0,91.38,E
Central African Republic,CAF,Africa,2017,2010,0.934,0.286,0.06,4793512.0,89.71,E
Central African Republic,CAF,Africa,2018,2010,0.925,0.271,0.056,4878663.0,90.43,E
Central African Republic,CAF,Africa,2019,2010,1.143,0.311,0.063,4944708.0,89.53,E
Central African Republic,CAF,Africa,2020,2020,0.804,0.333,0.066,5026629.0,89.14,E
Central African Republic,CAF,Africa,2021,2020,0.949,0.366,0.072,5112103.0,89.15,E
Central African Republic,CAF,Africa,2022,2020,0.711,0.377,0.074,5098038.0,89.17,E
Central African Republic,CAF,Africa,2023,2020,0.899,0.389,0.076,5152415.0,88.97,E
Central African Republic,CAF,Africa,2024,2020,1.345,0.395,0.074,5330691.0,88.99,E
Canada,CAN,North America,1970,1970,0.431,341.232,15.916,21440022.0,,E
Canada,CAN,North America,1971,1970,-0.013,352.317,16.091,21895694.0,,E
Canada,CAN,North America,1972,1970,-1.783,380.814,17.13,22230876.0,,E
Canada,CAN,North America,1973,1970,0.325,381.299,16.937,22512229.0,,E
Canada,CAN,North America,1974,1970,-0.829,389.632,17.071,22824085.0,,E
Canada,CAN,North America,1975,1970,0.236,396.79,17.141,23148981.0,,E
Canada,CAN,North America,1976,1970,0.095,398.966,17.009,23455783.0,,E
Canada,CAN,North America,1977,1970,1.086,407.79,17.184,23730341.0,,E
Canada,CAN,North America,1978,1970,-0.596,415.532,17.329,23978742.0,,E
Canada,CAN,North America,1979,1970,-0.22,441.684,18.223,24237173.0,,E
Canada,CAN,North America,1980,1980,0.922,442.843,18.05,24533779.0,,E
Canada,CAN,North America,1981,1980,1.555,429.622,17.292,24844977.0,,E
Canada,CAN,North America,1982,1980,-0.674,414.455,16.486,25140164.0,,E
Canada,CAN,North America,1983,1980,0.497,408.335,16.068,25412605.0,,E
Canada,CAN,North America,1984,1980,0.349,425.237,16.565,25670376.0,,E
Canada,CAN,North America,1985,1980,-0.299,421.726,16.266,25927463.0,,E
Canada,CAN,North America,1986,1980,0.008,404.715,15.441,26211036.0,,E
Canada,CAN,North America,1987,1980,1.348,430.982,16.238,26540913.0,,E
Canada,CAN,North America,1988,1980,1.199,455.673,16.922,26927938.0,,E
Canada,CAN,North America,1989,1980,0.012,462.889,16.915,27366046.0,,E
Canada,CAN,North America,1990,1990,0.066,458.018,16.482,27789437.0,22.57,E
Canada,CAN,North America,1991,1990,0.334,449.776,15.974,28157154.0,22.72,E
Canada,CAN,North America,1992,1990,0.091,463.393,16.259,28500066.0,22.43,E
Canada,CAN,North America,1993,1990,0.338,464.072,16.096,28830635.0,22.3,E
Canada,CAN,North America,1994,1990,0.455,478.468,16.415,29147383.0,22.15,E
Canada,CAN,North America,1995,1990,0.94,491.305,16.678,29459138.0,22.42,E
Canada,CAN,North America,1996,1990,-0.122,507.775,17.058,29767210.0,22.05,E
Canada,CAN,North America,1997,1990,0.428,522.019,17.366,30059088.0,21.81,E
Canada,CAN,North America,1998,1990,2.479,529.615,17.462,30329971.0,22.0,E
Canada,CAN,North America,1999,1990,1.707,543.859,17.774,30599458.0,22.2,E
Canada,CAN,North America,2000,2000,1.293,566.68,18.344,30891800.0,20.25,E
Canada,CAN,North America,2001,2000,1.433,558.981,17.908,31213578.0,19.82,E
Canada,CAN,North America,2002,2000,0.539,564.256,17.893,31535579.0,20.11,E
Canada,CAN,North America,2003,2000,1.244,581.19,18.255,31836483.0,19.74,E
Canada,CAN,North America,2004,2000,0.487,576.286,17.935,32132680.0,20.37,E
Canada,CAN,North America,2005,2000,1.28,570.396,17.583,32440172.0,21.56,E
Canada,CAN,North America,2006,2000,2.355,566.315,17.287,32759174.0,21.46,E
Canada,CAN,North America,2007,2000,1.331,589.956,17.828,33092171.0,21.57,E
Canada,CAN,North America,2008,2000,0.863,574.214,17.167,33449088.0,21.55,E
Canada,CAN,North America,2009,2000,0.547,541.13,15.997,33826370.0,22.19,E
Canada,CAN,North America,2010,2010,2.93,554.307,16.209,34196900.0,21.4,E
Canada,CAN,North America,2011,2010,1.458,562.832,16.288,34555449.0,21.48,E
Canada,CAN,North America,2012,2010,2.149,561.77,16.086,34922513.0,21.81,E
Canada,CAN,North America,2013,2010,1.201,568.59,16.11,35293421.0,22.23,E
Canada,CAN,North America,2014,2010,0.284,564.938,15.854,35634265.0,22.21,E
Canada,CAN,North America,2015,2010,1.258,563.003,15.655,35962236.0,22.31,E
Canada,CAN,North America,2016,2010,2.41,553.707,15.231,36353345.0,22.1,E
Canada,CAN,North America,2017,2010,1.523,566.66,15.395,36808498.0,22.85,E
Canada,CAN,North America,2018,2010,0.499,575.091,15.42,37294996.0,22.35,E
Canada,CAN,North America,2019,2010,1.304,579.007,15.325,37782934.0,22.4,E
Canada,CAN,North America,2020,2020,1.13,524.208,13.733,38171903.0,23.89,E
Canada,CAN,North America,2021,2020,2.524,537.479,13.977,38454058.0,24.1,E
Canada,CAN,North America,2022,2020,1.256,547.658,14.107,38821259.0,24.21,E
Canada,CAN,North America,2023,2020,2.345,545.479,13.88,39299098.0,23.53,E
Canada,CAN,North America,2024,2020,3.359,533.34,13.42,39742429.0,,E
Switzerland,CHE,Europe,1970,1970,-0.491,40.252,6.512,6180922.0,,E
Switzerland,CHE,Europe,1971,1970,-0.075,41.894,6.742,6213536.0,,E
Switzerland,CHE,Europe,1972,1970,-0.069,42.916,6.854,6261086.0,,E
Switzerland,CHE,Europe,1973,1970,-0.065,46.205,7.326,6307408.0,,E
Switzerland,CHE,Europe,1974,1970,0.085,41.425,6.532,6341381.0,,E
Switzerland,CHE,Europe,1975,1970,0.612,39.049,6.161,6338600.0,,E
Switzerland,CHE,Europe,1976,1970,0.358,40.435,6.416,6302556.0,,E
Switzerland,CHE,Europe,1977,1970,0.164,41.031,6.532,6281365.0,,E
Switzerland,CHE,Europe,1978,1970,-0.367,42.165,6.712,6282045.0,,E
Switzerland,CHE,Europe,1979,1970,-0.07,39.858,6.332,6294719.0,,E
Switzerland,CHE,Europe,1980,1980,-0.195,40.482,6.405,6319848.0,,E
Switzerland,CHE,Europe,1981,1980,-0.013,38.802,6.106,6354561.0,,E
Switzerland,CHE,Europe,1982,1980,0.579,36.575,5.722,6391805.0,,E
Switzerland,CHE,Europe,1983,1980,0.869,40.011,6.233,6419309.0,,E
Switzerland,CHE,Europe,1984,1980,-0.328,39.112,6.071,6442419.0,,E
Switzerland,CHE,Europe,1985,1980,-0.326,39.762,6.145,6470959.0,,E
Switzerland,CHE,Europe,1986,1980,0.245,42.226,6.492,6504748.0,,E
Switzerland,CHE,Europe,1987,1980,-0.006,40.182,6.139,6545771.0,,E
Switzerland,CHE,Europe,1988,1980,0.92,40.64,6.163,6594145.0,,E
Switzerland,CHE,Europe,1989,1980,1.146,39.389,5.925,6647787.0,,E
Switzerland,CHE,Europe,1990,1990,1.421,44.149,6.576,6713168.0,16.79,E
Switzerland,CHE,Europe,1991,1990,0.334,46.131,6.787,6796942.0,17.1,E
Switzerland,CHE,Europe,1992,1990,0.973,46.018,6.693,6875049.0,17.0,E
Switzerland,CHE,Europe,1993,1990,0.566,43.61,6.286,6938106.0,17.98,E
Switzerland,CHE,Europe,1994,1990,1.861,42.668,6.101,6993594.0,18.31,E
Switzerland,CHE,Europe,1995,1990,1.006,43.414,6.166,7040481.0,17.61,E
Switzerland,CHE,Europe,1996,1990,0.037,44.107,6.237,7071885.0,16.68,E
Switzerland,CHE,Europe,1997,1990,1.075,43.046,6.072,7089161.0,17.4,E
Switzerland,CHE,Europe,1998,1990,1.121,44.622,6.276,7110294.0,17.06,E
Switzerland,CHE,Europe,1999,1990,0.987,44.447,6.221,7144119.0,18.37,E
Switzerland,CHE,Europe,2000,2000,1.428,43.621,6.072,7184003.0,18.18,E
Switzerland,CHE,Europe,2001,2000,1.461,45.085,6.239,7226391.0,18.71,E
Switzerland,CHE,Europe,2002,2000,1.276,43.467,5.972,7278744.0,18.18,E
Switzerland,CHE,Europe,2003,2000,1.861,44.651,6.089,7333451.0,18.02,E
Switzerland,CHE,Europe,2004,2000,0.981,45.231,6.125,7384196.0,18.09,E
Switzerland,CHE,Europe,2005,2000,0.813,45.776,6.159,7431824.0,18.72,E
Switzerland,CHE,Europe,2006,2000,1.101,45.365,6.066,7478514.0,18.06,E
Switzerland,CHE,Europe,2007,2000,1.818,43.359,5.746,7545386.0,19.3,E
Switzerland,CHE,Europe,2008,2000,1.208,44.701,5.85,7641730.0,20.0,E
Switzerland,CHE,Europe,2009,2000,1.375,43.526,5.625,7737644.0,20.46,E
Switzerland,CHE,Europe,2010,2010,0.449,45.034,5.755,7825750.0,21.05,E
Switzerland,CHE,Europe,2011,2010,1.666,40.973,5.177,7914379.0,21.07,E
Switzerland,CHE,Europe,2012,2010,1.502,42.242,5.281,7998927.0,22.36,E
Switzerland,CHE,Europe,2013,2010,0.771,43.183,5.337,8091199.0,22.29,E
Switzerland,CHE,Europe,2014,2010,2.168,39.244,4.792,8190238.0,22.65,E
Switzerland,CHE,Europe,2015,2010,1.974,38.756,4.678,8283940.0,24.4,E
Switzerland,CHE,Europe,2016,2010,1.862,39.225,4.684,8374903.0,24.61,E
Switzerland,CHE,Europe,2017,2010,1.841,38.234,4.523,8453630.0,25.52,E
Switzerland,CHE,Europe,2018,2010,2.355,36.945,4.338,8516341.0,24.75,E
Switzerland,CHE,Europe,2019,2010,2.109,36.822,4.293,8577525.0,25.33,E
Switzerland,CHE,Europe,2020,2020,2.519,34.343,3.975,8640582.0,26.76,E
Switzerland,CHE,Europe,2021,2020,1.201,35.902,4.123,8707019.0,28.1,E
Switzerland,CHE,Europe,2022,2020,2.882,32.951,3.748,8792180.0,26.6,E
Switzerland,CHE,Europe,2023,2020,2.796,31.977,3.605,8870564.0,28.61,E
Switzerland,CHE,Europe,2024,2020,2.867,32.072,3.595,8921979.0,,E
Chile,CHL,South America,1970,1970,0.216,24.636,2.502,9845347.0,,E
Chile,CHL,South America,1971,1970,-0.371,27.056,2.703,10009698.0,,E
Chile,CHL,South America,1972,1970,-0.135,28.139,2.766,10174678.0,,E
Chile,CHL,South America,1973,1970,-0.086,27.588,2.668,10340367.0,,E
Chile,CHL,South America,1974,1970,-0.19,25.878,2.463,10505817.0,,E
Chile,CHL,South America,1975,1970,-0.185,22.947,2.15,10671567.0,,E
Chile,CHL,South America,1976,1970,-0.346,24.029,2.217,10838255.0,,E
Chile,CHL,South America,1977,1970,0.267,23.017,2.091,11005518.0,,E
Chile,CHL,South America,1978,1970,0.272,22.842,2.044,11172698.0,,E
Chile,CHL,South America,1979,1970,0.19,24.73,2.181,11339778.0,,E
Chile,CHL,South America,1980,1980,0.265,25.1,2.181,11508553.0,,E
Chile,CHL,South America,1981,1980,0.299,24.347,2.085,11678714.0,,E
Chile,CHL,South America,1982,1980,0.295,20.475,1.728,11850214.0,,E
Chile,CHL,South America,1983,1980,0.524,20.674,1.719,12026139.0,,E
Chile,CHL,South America,1984,1980,-0.181,22.005,1.803,12207731.0,,E
Chile,CHL,South America,1985,1980,0.278,21.292,1.718,12395277.0,,E
Chile,CHL,South America,1986,1980,0.036,22.022,1.749,12588923.0,,E
Chile,CHL,South America,1987,1980,0.575,22.41,1.752,12790156.0,,E
Chile,CHL,South America,1988,1980,0.048,26.6,2.046,12999426.0,,E
Chile,CHL,South America,1989,1980,0.308,32.018,2.423,13215015.0,,E
Chile,CHL,South America,1990,1990,0.173,32.908,2.449,13437181.0,34.03,E
Chile,CHL,South America,1991,1990,0.054,30.892,2.261,13662482.0,37.27,E
Chile,CHL,South America,1992,1990,-0.119,32.001,2.305,13884579.0,38.62,E
Chile,CHL,South America,1993,1990,0.165,34.098,2.418,14102276.0,35.77,E
Chile,CHL,South America,1994,1990,0.155,37.975,2.653,14316263.0,34.82,E
Chile,CHL,South America,1995,1990,-0.11,41.563,2.861,14527382.0,34.17,E
Chile,CHL,South America,1996,1990,0.186,48.226,3.273,14734049.0,32.23,E
Chile,CHL,South America,1997,1990,0.653,55.942,3.746,14932436.0,29.96,E
Chile,CHL,South America,1998,1990,0.642,57.258,3.785,15127799.0,29.75,E
Chile,CHL,South America,1999,1990,0.158,61.408,4.009,15319311.0,29.06,E
Chile,CHL,South America,2000,2000,-0.312,58.503,3.773,15503638.0,31.36,E
Chile,CHL,South America,2001,2000,-0.114,52.918,3.374,15683852.0,32.15,E
Chile,CHL,South America,2002,2000,-0.041,54.836,3.458,15857926.0,33.07,E
Chile,CHL,South America,2003,2000,0.163,55.1,3.438,16024755.0,31.62,E
Chile,CHL,South America,2004,2000,0.399,59.221,3.658,16187324.0,31.44,E
Chile,CHL,South America,2005,2000,0.068,61.116,3.738,16348780.0,32.26,E
Chile,CHL,South America,2006,2000,0.366,64.048,3.88,16509195.0,32.91,E
Chile,CHL,South America,2007,2000,-0.437,70.469,4.227,16671571.0,30.46,E
Chile,CHL,South America,2008,2000,0.267,70.549,4.19,16838987.0,30.83,E
Chile,CHL,South America,2009,2000,0.28,65.96,3.878,17009730.0,31.53,E
Chile,CHL,South America,2010,2010,-0.253,71.347,4.153,17181463.0,27.04,E
Chile,CHL,South America,2011,2010,-0.044,78.071,4.499,17351810.0,28.79,E
Chile,CHL,South America,2012,2010,0.452,79.621,4.545,17519116.0,30.3,E
Chile,CHL,South America,2013,2010,0.212,81.733,4.621,17687006.0,30.23,E
Chile,CHL,South America,2014,2010,0.276,77.586,4.343,17864192.0,26.95,E
Chile,CHL,South America,2015,2010,0.575,81.778,4.531,18047630.0,25.06,E
Chile,CHL,South America,2016,2010,0.713,84.25,4.612,18267225.0,24.55,E
Chile,CHL,South America,2017,2010,0.566,84.135,4.533,18558868.0,24.1,E
Chile,CHL,South America,2018,2010,0.246,84.443,4.469,18893185.0,25.46,E
Chile,CHL,South America,2019,2010,0.392,91.977,4.791,19197748.0,25.27,E
Chile,CHL,South America,2020,2020,0.652,80.178,4.139,19370621.0,26.73,E
Chile,CHL,South America,2021,2020,0.618,83.63,4.298,19456323.0,24.17,E
Chile,CHL,South America,2022,2020,0.231,85.744,4.385,19553033.0,27.33,E
Chile,CHL,South America,2023,2020,0.901,77.604,3.948,19658833.0,31.18,E
Chile,CHL,South America,2024,2020,0.46,78.726,3.983,19764774.0,,E
China,CHN,Asia,1970,1970,-0.304,807.964,0.981,823308964.0,,E
China,CHN,Asia,1971,1970,0.036,909.21,1.077,844069870.0,,E
China,CHN,Asia,1972,1970,0.011,968.636,1.122,863677810.0,,E
China,CHN,Asia,1973,1970,0.408,1008.269,1.142,882576945.0,,E
China,CHN,Asia,1974,1970,-0.01,1028.063,1.142,900307580.0,,E
China,CHN,Asia,1975,1970,0.274,1183.154,1.291,916116796.0,,E
China,CHN,Asia,1976,1970,-0.396,1226.339,1.318,930372293.0,,E
China,CHN,Asia,1977,1970,-0.06,1340.715,1.421,943546374.0,,E
China,CHN,Asia,1978,1970,0.236,1492.517,1.561,956161482.0,,E
China,CHN,Asia,1979,1970,0.295,1525.417,1.574,969288071.0,,E
China,CHN,Asia,1980,1980,0.251,1494.298,1.52,983163540.0,,E
China,CHN,Asia,1981,1980,0.219,1476.28,1.48,997721072.0,,E
China,CHN,Asia,1982,1980,0.378,1606.239,1.585,1013588177.0,,E
China,CHN,Asia,1983,1980,0.122,1693.747,1.646,1029064952.0,,E
China,CHN,Asia,1984,1980,-0.154,1844.213,1.767,1043849645.0,,E
China,CHN,Asia,1985,1980,-0.125,1997.193,1.884,1059807818.0,,E
China,CHN,Asia,1986,1980,-0.04,2103.43,1.953,1077233607.0,,E
China,CHN,Asia,1987,1980,0.433,2256.629,2.059,1096217445.0,,E
China,CHN,Asia,1988,1980,0.4,2424.444,2.174,1115244168.0,,E
China,CHN,Asia,1989,1980,0.432,2462.15,2.171,1133991006.0,,E
China,CHN,Asia,1990,1990,0.854,2483.534,2.153,1153582725.0,34.35,E
China,CHN,Asia,1991,1990,0.529,2619.143,2.237,1170788533.0,33.53,E
China,CHN,Asia,1992,1990,0.137,2731.29,2.306,1184574236.0,33.23,E
China,CHN,Asia,1993,1990,0.287,2914.284,2.434,1197308574.0,32.04,E
China,CHN,Asia,1994,1990,0.738,3093.891,2.559,1209003099.0,31.69,E
China,CHN,Asia,1995,1990,0.584,3351.197,2.747,1220133929.0,29.99,E
China,CHN,Asia,1996,1990,0.22,3499.311,2.843,1230944809.0,30.88,E
China,CHN,Asia,1997,1990,0.75,3512.35,2.83,1241139623.0,30.43,E
China,CHN,Asia,1998,1990,1.28,3355.336,2.682,1250847122.0,29.96,E
China,CHN,Asia,1999,1990,1.245,3549.949,2.817,1260176650.0,30.68,E
China,CHN,Asia,2000,2000,0.588,3643.81,2.87,1269581174.0,30.15,E
China,CHN,Asia,2001,2000,1.054,3724.114,2.912,1278725061.0,28.84,E
China,CHN,Asia,2002,2000,1.148,4098.181,3.185,1286866835.0,27.47,E
China,CHN,Asia,2003,2000,0.844,4835.251,3.735,1294517323.0,24.29,E
China,CHN,Asia,2004,2000,1.133,5210.961,4.002,1302100316.0,20.57,E
China,CHN,Asia,2005,2000,1.068,5881.991,4.49,1310027135.0,17.81,E
China,CHN,Asia,2006,2000,1.25,6486.185,4.921,1318054030.0,16.75,E
China,CHN,Asia,2007,2000,1.553,6974.663,5.261,1325813576.0,15.25,E
China,CHN,Asia,2008,2000,1.105,7492.404,5.617,1333821011.0,14.48,E
China,CHN,Asia,2009,2000,1.347,7881.491,5.871,1342522717.0,13.7,E
China,CHN,Asia,2010,2010,0.976,8610.048,6.37,1351561505.0,12.54,E
China,CHN,Asia,2011,2010,0.807,9520.153,6.999,1360250658.0,11.57,E
China,CHN,Asia,2012,2010,0.642,9767.311,7.132,1369520866.0,11.68,E
China,CHN,Asia,2013,2010,1.086,9942.371,7.21,1379008040.0,11.55,E
China,CHN,Asia,2014,2010,1.069,9976.027,7.188,1387951970.0,11.96,E
China,CHN,Asia,2015,2010,1.3,9858.04,7.061,1396134171.0,12.18,E
China,CHN,Asia,2016,2010,1.334,9748.175,6.943,1404052628.0,12.48,E
China,CHN,Asia,2017,2010,1.591,10000.014,7.08,1412354730.0,12.98,E
China,CHN,Asia,2018,2010,1.388,10346.79,7.292,1419008954.0,13.28,E
China,CHN,Asia,2019,2010,1.437,10713.515,7.526,1423520357.0,13.4,E
China,CHN,Asia,2020,2020,1.66,10896.521,7.641,1426106093.0,13.66,E
China,CHN,Asia,2021,2020,1.702,11284.401,7.911,1426437269.0,13.69,E
China,CHN,Asia,2022,2020,1.902,11711.808,8.218,1425179562.0,14.21,E
China,CHN,Asia,2023,2020,1.892,12172.009,8.556,1422584930.0,14.21,E
China,CHN,Asia,2024,2020,2.274,12289.037,8.658,1419321284.0,,E
Côte d'Ivoire,CIV,Africa,1970,1970,0.268,2.242,0.414,5411573.0,,E
Côte d'Ivoire,CIV,Africa,1971,1970,-0.136,2.455,0.434,5650875.0,,E
Côte d'Ivoire,CIV,Africa,1972,1970,0.006,2.711,0.459,5909721.0,,E
Côte d'Ivoire,CIV,Africa,1973,1970,0.619,2.876,0.465,6184949.0,,E
Côte d'Ivoire,CIV,Africa,1974,1970,-0.032,3.243,0.501,6474062.0,,E
Côte d'Ivoire,CIV,Africa,1975,1970,-0.141,3.986,0.588,6776303.0,,E
Côte d'Ivoire,CIV,Africa,1976,1970,-0.312,3.961,0.561,7057963.0,,E
Côte d'Ivoire,CIV,Africa,1977,1970,0.337,4.052,0.553,7321955.0,,E
Côte d'Ivoire,CIV,Africa,1978,1970,0.123,4.814,0.633,7603134.0,,E
Côte d'Ivoire,CIV,Africa,1979,1970,0.533,5.419,0.686,7902266.0,,E
Côte d'Ivoire,CIV,Africa,1980,1980,0.454,5.569,0.677,8220717.0,,E
Côte d'Ivoire,CIV,Africa,1981,1980,0.286,3.866,0.452,8556600.0,,E
Côte d'Ivoire,CIV,Africa,1982,1980,0.184,5.555,0.624,8907942.0,,E
Côte d'Ivoire,CIV,Africa,1983,1980,0.685,4.518,0.487,9272742.0,,E
Côte d'Ivoire,CIV,Africa,1984,1980,0.518,5.133,0.532,9650523.0,,E
Côte d'Ivoire,CIV,Africa,1985,1980,0.244,6.984,0.696,10040486.0,,E
Côte d'Ivoire,CIV,Africa,1986,1980,0.217,5.577,0.534,10440924.0,,E
Côte d'Ivoire,CIV,Africa,1987,1980,1.016,7.35,0.677,10851481.0,,E
Côte d'Ivoire,CIV,Africa,1988,1980,0.696,8.805,0.781,11275194.0,,E
Côte d'Ivoire,CIV,Africa,1989,1980,0.312,8.266,0.705,11719774.0,,E
Côte d'Ivoire,CIV,Africa,1990,1990,0.608,4.782,0.392,12189780.0,73.59,E
Côte d'Ivoire,CIV,Africa,1991,1990,0.491,4.309,0.34,12683875.0,74.02,E
Côte d'Ivoire,CIV,Africa,1992,1990,0.287,3.844,0.291,13200313.0,74.56,E
Côte d'Ivoire,CIV,Africa,1993,1990,0.521,5.093,0.371,13735955.0,75.13,E
Côte d'Ivoire,CIV,Africa,1994,1990,0.537,4.133,0.289,14287211.0,75.61,E
Côte d'Ivoire,CIV,Africa,1995,1990,0.689,6.225,0.419,14855566.0,74.89,E
Côte d'Ivoire,CIV,Africa,1996,1990,0.749,7.526,0.487,15442322.0,74.04,E
Côte d'Ivoire,CIV,Africa,1997,1990,0.665,7.211,0.449,16047178.0,72.14,E
Côte d'Ivoire,CIV,Africa,1998,1990,1.278,6.748,0.405,16663948.0,73.45,E
Côte d'Ivoire,CIV,Africa,1999,1990,0.511,6.095,0.354,17215937.0,61.93,E
Côte d'Ivoire,CIV,Africa,2000,2000,0.469,6.63,0.375,17699007.0,63.72,E
Côte d'Ivoire,CIV,Africa,2001,2000,0.533,7.653,0.421,18178920.0,64.73,E
Côte d'Ivoire,CIV,Africa,2002,2000,0.847,7.45,0.399,18654772.0,65.32,E
Côte d'Ivoire,CIV,Africa,2003,2000,1.161,5.301,0.277,19125546.0,70.32,E
Côte d'Ivoire,CIV,Africa,2004,2000,0.838,7.386,0.377,19594997.0,75.4,E
Côte d'Ivoire,CIV,Africa,2005,2000,1.097,7.568,0.377,20068468.0,77.92,E
Côte d'Ivoire,CIV,Africa,2006,2000,0.952,6.887,0.335,20546808.0,74.79,E
Côte d'Ivoire,CIV,Africa,2007,2000,1.018,6.653,0.316,21030558.0,76.33,E
Côte d'Ivoire,CIV,Africa,2008,2000,0.715,6.713,0.312,21514446.0,74.21,E
Côte d'Ivoire,CIV,Africa,2009,2000,0.909,5.66,0.257,21997936.0,73.71,E
Côte d'Ivoire,CIV,Africa,2010,2010,1.269,6.225,0.277,22488068.0,75.42,E
Côte d'Ivoire,CIV,Africa,2011,2010,0.984,6.523,0.284,22982003.0,79.11,E
Côte d'Ivoire,CIV,Africa,2012,2010,0.657,8.54,0.364,23467083.0,74.9,E
Côte d'Ivoire,CIV,Africa,2013,2010,0.903,9.68,0.404,23939775.0,72.16,E
Côte d'Ivoire,CIV,Africa,2014,2010,0.8,9.903,0.404,24527393.0,71.91,E
Côte d'Ivoire,CIV,Africa,2015,2010,1.241,9.555,0.378,25246347.0,64.51,E
Côte d'Ivoire,CIV,Africa,2016,2010,1.451,11.979,0.461,25989404.0,64.03,E
Côte d'Ivoire,CIV,Africa,2017,2010,1.498,12.002,0.449,26733376.0,62.53,E
Côte d'Ivoire,CIV,Africa,2018,2010,1.273,10.415,0.379,27464175.0,60.51,E
Côte d'Ivoire,CIV,Africa,2019,2010,1.312,10.539,0.374,28193014.0,59.94,E
Côte d'Ivoire,CIV,Africa,2020,2020,1.324,11.019,0.381,28915452.0,61.75,E
Côte d'Ivoire,CIV,Africa,2021,2020,1.421,13.666,0.461,29639737.0,57.13,E
Côte d'Ivoire,CIV,Africa,2022,2020,1.145,14.504,0.477,30395004.0,55.93,E
Côte d'Ivoire,CIV,Africa,2023,2020,1.602,14.052,0.451,31165653.0,54.54,E
Côte d'Ivoire,CIV,Africa,2024,2020,1.725,14.829,0.464,31934229.0,,E
Cameroon,CMR,Africa,1970,1970,0.16,0.637,0.099,6449795.0,,E
Cameroon,CMR,Africa,1971,1970,-0.158,0.809,0.122,6624415.0,,E
Cameroon,CMR,Africa,1972,1970,0.022,0.86,0.126,6806873.0,,E
Cameroon,CMR,Africa,1973,1970,0.546,0.897,0.128,6996661.0,,E
Cameroon,CMR,Africa,1974,1970,-0.092,0.974,0.135,7193589.0,,E
Cameroon,CMR,Africa,1975,1970,-0.222,1.161,0.157,7397126.0,,E
Cameroon,CMR,Africa,1976,1970,-0.196,1.089,0.143,7597962.0,,E
Cameroon,CMR,Africa,1977,1970,0.305,1.559,0.2,7796510.0,,E
Cameroon,CMR,Africa,1978,1970,0.03,1.993,0.249,8011917.0,,E
Cameroon,CMR,Africa,1979,1970,0.387,1.815,0.22,8239642.0,,E
Cameroon,CMR,Africa,1980,1980,0.351,3.886,0.457,8512217.0,,E
Cameroon,CMR,Africa,1981,1980,-0.008,5.319,0.603,8816377.0,,E
Cameroon,CMR,Africa,1982,1980,-0.033,6.316,0.7,9028676.0,,E
Cameroon,CMR,Africa,1983,1980,0.114,6.554,0.711,9215395.0,,E
Cameroon,CMR,Africa,1984,1980,0.176,6.053,0.639,9475085.0,,E
Cameroon,CMR,Africa,1985,1980,0.008,6.471,0.663,9761728.0,,E
Cameroon,CMR,Africa,1986,1980,0.033,1.993,0.198,10060342.0,,E
Cameroon,CMR,Africa,1987,1980,0.444,1.843,0.178,10370753.0,,E
Cameroon,CMR,Africa,1988,1980,0.255,2.154,0.202,10684972.0,,E
Cameroon,CMR,Africa,1989,1980,-0.324,7.578,0.689,11002749.0,,E
Cameroon,CMR,Africa,1990,1990,0.586,2.605,0.23,11331827.0,81.6,E
Cameroon,CMR,Africa,1991,1990,0.594,2.668,0.229,11667186.0,83.19,E
Cameroon,CMR,Africa,1992,1990,-0.237,2.712,0.226,12006362.0,84.44,E
Cameroon,CMR,Africa,1993,1990,0.179,2.866,0.232,12353131.0,83.94,E
Cameroon,CMR,Africa,1994,1990,0.242,4.88,0.384,12704900.0,83.61,E
Cameroon,CMR,Africa,1995,1990,0.26,5.375,0.412,13058517.0,84.48,E
Cameroon,CMR,Africa,1996,1990,0.318,5.975,0.445,13414761.0,84.94,E
Cameroon,CMR,Africa,1997,1990,0.54,5.379,0.39,13775216.0,84.69,E
Cameroon,CMR,Africa,1998,1990,1.175,5.373,0.38,14144857.0,84.49,E
Cameroon,CMR,Africa,1999,1990,0.548,5.219,0.359,14525145.0,86.23,E
Cameroon,CMR,Africa,2000,2000,0.31,5.589,0.375,14912632.0,84.59,E
Cameroon,CMR,Africa,2001,2000,0.223,5.562,0.363,15309489.0,85.3,E
Cameroon,CMR,Africa,2002,2000,0.68,5.351,0.34,15725534.0,85.25,E
Cameroon,CMR,Africa,2003,2000,0.895,5.705,0.353,16160340.0,85.3,E
Cameroon,CMR,Africa,2004,2000,0.761,5.698,0.343,16610485.0,85.54,E
Cameroon,CMR,Africa,2005,2000,0.877,5.424,0.318,17074599.0,86.31,E
Cameroon,CMR,Africa,2006,2000,0.923,5.486,0.313,17550403.0,85.51,E
Cameroon,CMR,Africa,2007,2000,0.597,7.409,0.41,18049897.0,80.82,E
Cameroon,CMR,Africa,2008,2000,0.518,7.321,0.394,18574052.0,80.82,E
Cameroon,CMR,Africa,2009,2000,0.93,8.555,0.448,19113978.0,79.22,E
Cameroon,CMR,Africa,2010,2010,1.081,8.383,0.426,19668063.0,78.74,E
Cameroon,CMR,Africa,2011,2010,0.511,8.105,0.401,20232312.0,78.63,E
Cameroon,CMR,Africa,2012,2010,0.32,7.607,0.366,20809530.0,78.57,E
Cameroon,CMR,Africa,2013,2010,0.617,7.853,0.367,21402379.0,77.67,E
Cameroon,CMR,Africa,2014,2010,0.759,8.775,0.398,22059894.0,76.88,E
Cameroon,CMR,Africa,2015,2010,1.02,9.85,0.433,22763418.0,78.04,E
Cameroon,CMR,Africa,2016,2010,1.107,9.965,0.425,23454165.0,78.81,E
Cameroon,CMR,Africa,2017,2010,1.057,9.582,0.397,24128609.0,79.24,E
Cameroon,CMR,Africa,2018,2010,1.006,9.844,0.397,24806377.0,78.64,E
Cameroon,CMR,Africa,2019,2010,1.411,9.605,0.377,25506095.0,78.9,E
Cameroon,CMR,Africa,2020,2020,1.083,9.716,0.371,26210566.0,78.93,E
Cameroon,CMR,Africa,2021,2020,1.225,9.734,0.362,26915765.0,79.55,E
Cameroon,CMR,Africa,2022,2020,0.804,9.792,0.354,27632770.0,79.59,E
Cameroon,CMR,Africa,2023,2020,1.081,9.695,0.342,28372690.0,79.99,E
Cameroon,CMR,Africa,2024,2020,1.407,9.632,0.331,29123748.0,,E
Democratic Republic of the Congo,COD,Africa,1970,1970,0.212,2.71,0.135,20137442.0,,E
Democratic Republic of the Congo,COD,Africa,1971,1970,-0.143,2.959,0.143,20695568.0,,E
Democratic Republic of the Congo,COD,Africa,1972,1970,0.072,3.017,0.142,21251166.0,,E
Democratic Republic of the Congo,COD,Africa,1973,1970,0.453,3.189,0.146,21827663.0,,E
Democratic Republic of the Congo,COD,Africa,1974,1970,-0.086,3.365,0.15,22418883.0,,E
Democratic Republic of the Congo,COD,Africa,1975,1970,-0.112,3.233,0.14,23021102.0,,E
Democratic Republic of the Congo,COD,Africa,1976,1970,-0.2,3.405,0.144,23624035.0,,E
Democratic Republic of the Congo,COD,Africa,1977,1970,0.229,3.477,0.144,24229060.0,,E
Democratic Republic of the Congo,COD,Africa,1978,1970,0.11,3.526,0.141,24992694.0,,E
Democratic Republic of the Congo,COD,Africa,1979,1970,0.401,3.74,0.144,25886782.0,,E
Democratic Republic of the Congo,COD,Africa,1980,1980,0.3,3.485,0.13,26711098.0,,E
Democratic Republic of the Congo,COD,Africa,1981,1980,0.107,3.755,0.137,27500518.0,,E
Democratic Republic of the Congo,COD,Africa,1982,1980,0.099,3.047,0.108,28338193.0,,E
Democratic Republic of the Congo,COD,Africa,1983,1980,0.458,3.998,0.137,29250969.0,,E
Democratic Republic of the Congo,COD,Africa,1984,1980,0.104,3.932,0.13,30245088.0,,E
Democratic Republic of the Congo,COD,Africa,1985,1980,0.043,3.612,0.116,31264819.0,,E
Democratic Republic of the Congo,COD,Africa,1986,1980,0.203,3.346,0.104,32265200.0,,E
Democratic Republic of the Congo,COD,Africa,1987,1980,0.462,3.816,0.115,33298910.0,,E
Democratic Republic of the Congo,COD,Africa,1988,1980,0.392,3.978,0.116,34382756.0,,E
Democratic Republic of the Congo,COD,Africa,1989,1980,-0.163,4.352,0.123,35486863.0,,E
Democratic Republic of the Congo,COD,Africa,1990,1990,0.127,4.249,0.116,36684065.0,92.05,E
Democratic Republic of the Congo,COD,Africa,1991,1990,0.236,3.133,0.083,37925828.0,95.14,E
Democratic Republic of the Congo,COD,Africa,1992,1990,-0.297,2.808,0.072,39228908.0,95.88,E
Democratic Republic of the Congo,COD,Africa,1993,1990,0.002,2.662,0.065,40656338.0,96.11,E
Democratic Republic of the Congo,COD,Africa,1994,1990,0.208,2.751,0.065,42626873.0,96.61,E
Democratic Republic of the Congo,COD,Africa,1995,1990,0.299,3.096,0.07,44433718.0,96.9,E
Democratic Republic of the Congo,COD,Africa,1996,1990,-0.134,3.473,0.077,45296125.0,96.96,E
Democratic Republic of the Congo,COD,Africa,1997,1990,0.658,3.089,0.067,46029907.0,97.06,E
Democratic Republic of the Congo,COD,Africa,1998,1990,0.869,2.733,0.058,47297595.0,96.85,E
Democratic Republic of the Congo,COD,Africa,1999,1990,0.292,2.199,0.045,48912972.0,96.99,E
Democratic Republic of the Congo,COD,Africa,2000,2000,0.42,1.705,0.034,50507445.0,97.94,E
Democratic Republic of the Congo,COD,Africa,2001,2000,0.325,1.647,0.032,52132646.0,98.34,E
Democratic Republic of the Congo,COD,Africa,2002,2000,0.799,1.734,0.032,53750529.0,98.27,E
Democratic Republic of the Congo,COD,Africa,2003,2000,0.865,2.096,0.038,55343873.0,97.97,E
Democratic Republic of the Congo,COD,Africa,2004,2000,0.847,2.028,0.036,56997740.0,97.88,E
Democratic Republic of the Congo,COD,Africa,2005,2000,0.91,2.287,0.039,58775726.0,97.42,E
Democratic Republic of the Congo,COD,Africa,2006,2000,0.779,2.352,0.039,60615909.0,97.33,E
Democratic Republic of the Congo,COD,Africa,2007,2000,0.628,2.623,0.042,62477753.0,97.17,E
Democratic Republic of the Congo,COD,Africa,2008,2000,0.474,2.685,0.042,64390658.0,96.97,E
Democratic Republic of the Congo,COD,Africa,2009,2000,0.778,2.446,0.037,66412038.0,97.02,E
Democratic Republic of the Congo,COD,Africa,2010,2010,1.199,2.735,0.04,68563038.0,96.81,E
Democratic Republic of the Congo,COD,Africa,2011,2010,0.675,3.041,0.043,70849311.0,96.21,E
Democratic Republic of the Congo,COD,Africa,2012,2010,0.316,2.797,0.038,73254623.0,95.47,E
Democratic Republic of the Congo,COD,Africa,2013,2010,0.793,3.921,0.052,75789397.0,95.35,E
Democratic Republic of the Congo,COD,Africa,2014,2010,0.71,5.066,0.065,78403248.0,95.31,E
Democratic Republic of the Congo,COD,Africa,2015,2010,0.782,3.274,0.04,81035532.0,95.67,E
Democratic Republic of the Congo,COD,Africa,2016,2010,1.276,2.659,0.032,83956416.0,96.61,E
Democratic Republic of the Congo,COD,Africa,2017,2010,1.044,2.92,0.034,87083400.0,95.86,E
Democratic Republic of the Congo,COD,Africa,2018,2010,1.206,3.774,0.042,90047647.0,96.09,E
Democratic Republic of the Congo,COD,Africa,2019,2010,1.319,4.118,0.044,92947450.0,96.3,E
Democratic Republic of the Congo,COD,Africa,2020,2020,1.409,4.305,0.045,95990000.0,95.57,E
Democratic Republic of the Congo,COD,Africa,2021,2020,1.35,4.292,0.043,99148930.0,95.57,E
Democratic Republic of the Congo,COD,Africa,2022,2020,1.241,5.892,0.058,102396974.0,95.72,E
Democratic Republic of the Congo,COD,Africa,2023,2020,1.321,5.881,0.056,105789733.0,95.89,E
Democratic Republic of the Congo,COD,Africa,2024,2020,1.437,5.904,0.054,109276264.0,,E
Congo,COG,Africa,1970,1970,0.183,0.572,0.409,1397640.0,,E
Congo,COG,Africa,1971,1970,-0.072,0.685,0.475,1441047.0,,E
Congo,COG,Africa,1972,1970,-0.035,0.663,0.446,1486478.0,,E
Congo,COG,Africa,1973,1970,0.508,1.22,0.796,1533685.0,,E
Congo,COG,Africa,1974,1970,-0.064,1.623,1.026,1582304.0,,E
Congo,COG,Africa,1975,1970,-0.139,1.099,0.676,1627033.0,,E
Congo,COG,Africa,1976,1970,-0.269,1.235,0.741,1667233.0,,E
Congo,COG,Africa,1977,1970,0.233,0.48,0.281,1707572.0,,E
Congo,COG,Africa,1978,1970,0.099,0.322,0.184,1748098.0,,E
Congo,COG,Africa,1979,1970,0.411,0.348,0.195,1788523.0,,E
Congo,COG,Africa,1980,1980,0.292,0.406,0.222,1828991.0,,E
Congo,COG,Africa,1981,1980,-0.225,0.471,0.252,1869764.0,,E
Congo,COG,Africa,1982,1980,-0.288,1.343,0.703,1910429.0,,E
Congo,COG,Africa,1983,1980,0.244,1.142,0.586,1950328.0,,E
Congo,COG,Africa,1984,1980,0.031,1.14,0.57,1999533.0,,E
Congo,COG,Africa,1985,1980,-0.309,1.275,0.619,2059317.0,,E
Congo,COG,Africa,1986,1980,-0.109,1.062,0.501,2120604.0,,E
Congo,COG,Africa,1987,1980,0.316,1.32,0.605,2183478.0,,E
Congo,COG,Africa,1988,1980,0.142,1.493,0.664,2247653.0,,E
Congo,COG,Africa,1989,1980,-0.409,1.496,0.646,2313562.0,,E
Congo,COG,Africa,1990,1990,-0.03,1.008,0.423,2380562.0,65.42,E
Congo,COG,Africa,1991,1990,0.137,1.083,0.442,2449235.0,64.57,E
Congo,COG,Africa,1992,1990,-0.356,1.289,0.512,2519467.0,67.61,E
Congo,COG,Africa,1993,1990,0.0,1.16,0.447,2595127.0,68.42,E
Congo,COG,Africa,1994,1990,0.22,3.384,1.266,2673147.0,76.47,E
Congo,COG,Africa,1995,1990,0.417,3.225,1.173,2749464.0,69.8,E
Congo,COG,Africa,1996,1990,-0.115,4.037,1.428,2826786.0,75.41,E
Congo,COG,Africa,1997,1990,,4.831,1.673,2887862.0,80.16,O
Congo,COG,Africa,1998,1990,1.034,3.869,1.311,2952062.0,79.74,E
Congo,COG,Africa,1999,1990,0.578,3.916,1.291,3032876.0,76.96,E
Congo,COG,Africa,2000,2000,0.362,4.284,1.359,3151349.0,64.86,E
Congo,COG,Africa,2001,2000,0.3,4.178,1.277,3272542.0,61.18,E
Congo,COG,Africa,2002,2000,0.7,2.72,0.812,3350770.0,68.62,E
Congo,COG,Africa,2003,2000,0.774,3.258,0.946,3445758.0,62.1,E
Congo,COG,Africa,2004,2000,0.775,3.549,0.995,3565565.0,63.06,E
Congo,COG,Africa,2005,2000,0.726,4.352,1.177,3696399.0,63.06,E
Congo,COG,Africa,2006,2000,0.72,4.786,1.247,3837411.0,69.35,E
Congo,COG,Africa,2007,2000,0.676,4.259,1.07,3980430.0,60.25,E
Congo,COG,Africa,2008,2000,0.633,4.27,1.038,4113514.0,56.79,E
Congo,COG,Africa,2009,2000,0.654,4.944,1.155,4281218.0,55.87,E
Congo,COG,Africa,2010,2010,1.137,5.5,1.233,4462304.0,54.53,E
Congo,COG,Africa,2011,2010,0.493,5.046,1.095,4609728.0,64.35,E
Congo,COG,Africa,2012,2010,0.455,5.018,1.059,4740457.0,65.11,E
Congo,COG,Africa,2013,2010,0.653,5.89,1.213,4857104.0,62.35,E
Congo,COG,Africa,2014,2010,0.586,5.471,1.1,4975887.0,62.09,E
Congo,COG,Africa,2015,2010,0.892,5.637,1.106,5097583.0,64.24,E
Congo,COG,Africa,2016,2010,1.345,5.727,1.097,5222545.0,67.71,E
Congo,COG,Africa,2017,2010,0.999,5.651,1.056,5351013.0,70.04,E
Congo,COG,Africa,2018,2010,1.095,6.545,1.194,5483128.0,68.63,E
Congo,COG,Africa,2019,2010,1.293,7.294,1.299,5616656.0,72.67,E
Congo,COG,Africa,2020,2020,1.332,7.677,1.335,5752792.0,70.1,E
Congo,COG,Africa,2021,2020,1.167,7.393,1.255,5892187.0,70.09,E
Congo,COG,Africa,2022,2020,1.093,8.728,1.446,6035104.0,70.63,E
Congo,COG,Africa,2023,2020,1.273,8.274,1.338,6182890.0,67.48,E
Congo,COG,Africa,2024,2020,1.446,8.84,1.396,6332969.0,,E
Cook Islands,COK,Oceania,1970,1970,0.226,0.011,0.536,20512.0,,E
Cook Islands,COK,Oceania,1971,1970,-0.1,0.011,0.526,20889.0,,E
Cook Islands,COK,Oceania,1972,1970,-0.051,0.011,0.529,20795.0,,E
Cook Islands,COK,Oceania,1973,1970,0.455,0.011,0.544,20211.0,,E
Cook Islands,COK,Oceania,1974,1970,-0.199,0.011,0.561,19583.0,,E
Cook Islands,COK,Oceania,1975,1970,-0.275,0.015,0.775,18920.0,,E
Cook Islands,COK,Oceania,1976,1970,-0.295,0.015,0.802,18270.0,,E
Cook Islands,COK,Oceania,1977,1970,0.153,0.029,1.635,17933.0,,E
Cook Islands,COK,Oceania,1978,1970,0.114,0.029,1.64,17872.0,,E
Cook Islands,COK,Oceania,1979,1970,0.128,0.026,1.441,17799.0,,E
Cook Islands,COK,Oceania,1980,1980,0.238,0.029,1.654,17719.0,,E
Cook Islands,COK,Oceania,1981,1980,0.081,0.066,3.742,17623.0,,E
Cook Islands,COK,Oceania,1982,1980,0.053,0.051,2.932,17498.0,,E
Cook Islands,COK,Oceania,1983,1980,0.224,0.051,2.964,17304.0,,E
Cook Islands,COK,Oceania,1984,1980,0.061,0.022,1.287,17085.0,,E
Cook Islands,COK,Oceania,1985,1980,0.077,0.022,1.304,16853.0,,E
Cook Islands,COK,Oceania,1986,1980,0.319,0.022,1.322,16626.0,,E
Cook Islands,COK,Oceania,1987,1980,0.116,0.022,1.324,16601.0,,E
Cook Islands,COK,Oceania,1988,1980,0.371,0.022,1.311,16771.0,,E
Cook Islands,COK,Oceania,1989,1980,0.142,0.022,1.296,16958.0,,E
Cook Islands,COK,Oceania,1990,1990,0.221,0.04,2.351,17146.0,11.23,E
Cook Islands,COK,Oceania,1991,1990,0.516,0.04,2.326,17329.0,11.3,E
Cook Islands,COK,Oceania,1992,1990,0.497,0.04,2.304,17495.0,11.41,E
Cook Islands,COK,Oceania,1993,1990,0.253,0.044,2.496,17615.0,10.57,E
Cook Islands,COK,Oceania,1994,1990,0.298,0.044,2.483,17710.0,10.65,E
Cook Islands,COK,Oceania,1995,1990,0.532,0.044,2.47,17801.0,10.68,E
Cook Islands,COK,Oceania,1996,1990,0.525,0.051,2.869,17880.0,9.75,E
Cook Islands,COK,Oceania,1997,1990,0.046,0.051,2.907,17648.0,9.68,E
Cook Islands,COK,Oceania,1998,1990,,0.051,2.999,17102.0,9.59,O
Cook Islands,COK,Oceania,1999,1990,1.103,0.051,3.107,16508.0,9.39,E
Cook Islands,COK,Oceania,2000,2000,0.752,0.051,3.231,15876.0,9.28,E
Cook Islands,COK,Oceania,2001,2000,0.816,0.055,3.602,15259.0,9.9,E
Cook Islands,COK,Oceania,2002,2000,0.706,0.044,2.932,14994.0,12.25,E
Cook Islands,COK,Oceania,2003,2000,0.644,0.048,3.165,15049.0,11.07,E
Cook Islands,COK,Oceania,2004,2000,0.705,0.051,3.396,15103.0,10.4,E
Cook Islands,COK,Oceania,2005,2000,0.594,0.059,3.869,15153.0,9.42,E
Cook Islands,COK,Oceania,2006,2000,0.793,0.066,4.33,15233.0,8.42,E
Cook Islands,COK,Oceania,2007,2000,0.824,0.066,4.25,15519.0,8.71,E
Cook Islands,COK,Oceania,2008,2000,0.688,0.066,4.121,16003.0,8.42,E
Cook Islands,COK,Oceania,2009,2000,0.521,0.062,3.776,16497.0,9.01,E
Cook Islands,COK,Oceania,2010,2010,1.018,0.07,4.095,17000.0,7.25,E
Cook Islands,COK,Oceania,2011,2010,0.861,0.077,4.402,17480.0,6.52,E
Cook Islands,COK,Oceania,2012,2010,0.605,0.081,4.557,17690.0,6.17,E
Cook Islands,COK,Oceania,2013,2010,0.838,0.081,4.572,17629.0,6.32,E
Cook Islands,COK,Oceania,2014,2010,0.638,0.081,4.591,17556.0,6.26,E
Cook Islands,COK,Oceania,2015,2010,0.049,0.077,4.404,17471.0,7.18,E
Cook Islands,COK,Oceania,2016,2010,0.789,0.077,4.432,17360.0,7.66,E
Cook Islands,COK,Oceania,2017,2010,1.154,0.077,4.509,17066.0,7.98,E
Cook Islands,COK,Oceania,2018,2010,0.717,0.077,4.629,16623.0,9.4,E
Cook Islands,COK,Oceania,2019,2010,0.644,0.081,4.991,16151.0,9.02,E
Cook Islands,COK,Oceania,2020,2020,0.753,0.066,4.21,15664.0,10.16,E
Cook Islands,COK,Oceania,2021,2020,1.046,0.073,4.819,15205.0,8.75,E
Cook Islands,COK,Oceania,2022,2020,0.957,0.077,5.218,14747.0,8.52,E
Cook Islands,COK,Oceania,2023,2020,0.436,0.077,5.376,14244.0,9.0,E
Cook Islands,COK,Oceania,2024,2020,0.786,0.08,5.824,13750.0,8.26,E
Colombia,COL,South America,1970,1970,0.042,28.37,1.363,20811790.0,,E
Colombia,COL,South America,1971,1970,-0.401,30.282,1.42,21319099.0,,E
Colombia,COL,South America,1972,1970,-0.036,31.426,1.44,21819572.0,,E
Colombia,COL,South America,1973,1970,0.376,33.632,1.506,22325375.0,,E
Colombia,COL,South America,1974,1970,-0.288,36.396,1.594,22833475.0,,E
Colombia,COL,South America,1975,1970,-0.279,35.811,1.534,23344650.0,,E
Colombia,COL,South America,1976,1970,-0.22,37.983,1.592,23858815.0,,E
Colombia,COL,South America,1977,1970,0.252,39.244,1.609,24393499.0,,E
Colombia,COL,South America,1978,1970,0.142,41.539,1.665,24950342.0,,E
Colombia,COL,South America,1979,1970,0.166,44.272,1.735,25515627.0,,E
Colombia,COL,South America,1980,1980,0.438,44.18,1.692,26104503.0,,E
Colombia,COL,South America,1981,1980,0.144,44.267,1.657,26713267.0,,E
Colombia,COL,South America,1982,1980,0.202,45.688,1.671,27338334.0,,E
Colombia,COL,South America,1983,1980,0.623,49.218,1.759,27988176.0,,E
Colombia,COL,South America,1984,1980,-0.207,48.712,1.701,28642690.0,,E
Colombia,COL,South America,1985,1980,-0.007,48.091,1.643,29268470.0,,E
Colombia,COL,South America,1986,1980,0.023,48.768,1.632,29879114.0,,E
Colombia,COL,South America,1987,1980,0.584,50.138,1.644,30499471.0,,E
Colombia,COL,South America,1988,1980,0.353,52.152,1.675,31130530.0,,E
Colombia,COL,South America,1989,1980,-0.025,53.1,1.671,31776280.0,,E
Colombia,COL,South America,1990,1990,0.319,56.857,1.753,32440064.0,37.39,E
Colombia,COL,South America,1991,1990,0.474,56.609,1.71,33098373.0,36.19,E
Colombia,COL,South America,1992,1990,0.644,61.341,1.817,33760571.0,32.45,E
Colombia,COL,South America,1993,1990,0.354,63.26,1.837,34441479.0,32.42,E
Colombia,COL,South America,1994,1990,0.315,66.982,1.907,35127408.0,33.11,E
Colombia,COL,South America,1995,1990,0.601,59.35,1.658,35804670.0,32.88,E
Colombia,COL,South America,1996,1990,0.241,59.628,1.635,36462740.0,32.98,E
Colombia,COL,South America,1997,1990,0.626,65.096,1.754,37121155.0,25.15,E
Colombia,COL,South America,1998,1990,1.024,65.56,1.735,37792169.0,25.34,E
Colombia,COL,South America,1999,1990,0.043,55.286,1.438,38454861.0,28.44,E
Colombia,COL,South America,2000,2000,0.043,56.213,1.438,39089939.0,27.37,E
Colombia,COL,South America,2001,2000,0.497,56.465,1.422,39709263.0,26.59,E
Colombia,COL,South America,2002,2000,0.75,55.417,1.374,40324684.0,28.11,E
Colombia,COL,South America,2003,2000,0.801,57.033,1.393,40937426.0,30.03,E
Colombia,COL,South America,2004,2000,0.675,54.324,1.308,41543177.0,28.56,E
Colombia,COL,South America,2005,2000,0.839,60.256,1.43,42128978.0,28.45,E
Colombia,COL,South America,2006,2000,0.684,62.466,1.463,42691081.0,30.0,E
Colombia,COL,South America,2007,2000,0.757,60.67,1.403,43235374.0,30.54,E
Colombia,COL,South America,2008,2000,0.502,66.982,1.531,43758805.0,30.22,E
Colombia,COL,South America,2009,2000,0.991,71.771,1.621,44271543.0,30.79,E
Colombia,COL,South America,2010,2010,1.146,75.431,1.685,44777325.0,29.92,E
Colombia,COL,South America,2011,2010,0.6,75.191,1.661,45259614.0,29.05,E
Colombia,COL,South America,2012,2010,0.793,78.675,1.721,45715807.0,28.92,E
Colombia,COL,South America,2013,2010,0.97,86.445,1.873,46151583.0,31.35,E
Colombia,COL,South America,2014,2010,0.973,92.042,1.977,46565426.0,31.34,E
Colombia,COL,South America,2015,2010,1.434,91.027,1.938,46969938.0,30.33,E
Colombia,COL,South America,2016,2010,1.345,91.583,1.931,47437513.0,29.73,E
Colombia,COL,South America,2017,2010,1.061,83.459,1.734,48131076.0,31.49,E
Colombia,COL,South America,2018,2010,1.288,90.811,1.852,49024463.0,29.65,E
Colombia,COL,South America,2019,2010,1.618,98.962,1.983,49907987.0,30.93,E
Colombia,COL,South America,2020,2020,1.719,92.305,1.823,50629997.0,31.64,E
Colombia,COL,South America,2021,2020,1.21,103.734,2.027,51188174.0,29.62,E
Colombia,COL,South America,2022,2020,1.07,89.437,1.729,51737944.0,28.83,E
Colombia,COL,South America,2023,2020,1.69,89.992,1.72,52321152.0,27.69,E
Colombia,COL,South America,2024,2020,2.151,92.659,1.752,52886360.0,,E
Comoros,COM,Africa,1970,1970,0.106,0.029,0.12,244196.0,,E
Comoros,COM,Africa,1971,1970,-0.508,0.029,0.116,251878.0,,E
Comoros,COM,Africa,1972,1970,-0.039,0.029,0.113,260085.0,,E
Comoros,COM,Africa,1973,1970,0.172,0.029,0.109,268827.0,,E
Comoros,COM,Africa,1974,1970,-0.339,0.029,0.105,278084.0,,E
Comoros,COM,Africa,1975,1970,-0.151,0.033,0.115,287702.0,,E
Comoros,COM,Africa,1976,1970,-0.101,0.04,0.135,297547.0,,E
Comoros,COM,Africa,1977,1970,0.411,0.04,0.131,307588.0,,E
Comoros,COM,Africa,1978,1970,0.127,0.029,0.092,317695.0,,E
Comoros,COM,Africa,1979,1970,0.278,0.022,0.067,327805.0,,E
Comoros,COM,Africa,1980,1980,0.219,0.048,0.141,337728.0,,E
Comoros,COM,Africa,1981,1980,0.105,0.048,0.137,347393.0,,E
Comoros,COM,Africa,1982,1980,0.568,0.048,0.133,357150.0,,E
Comoros,COM,Africa,1983,1980,0.41,0.048,0.13,367241.0,,E
Comoros,COM,Africa,1984,1980,-0.352,0.048,0.126,377644.0,,E
Comoros,COM,Africa,1985,1980,,0.048,0.123,388357.0,,O
Comoros,COM,Africa,1986,1980,0.085,0.044,0.11,399328.0,,E
Comoros,COM,Africa,1987,1980,0.537,0.048,0.116,410445.0,,E
Comoros,COM,Africa,1988,1980,0.544,0.051,0.122,421697.0,,E
Comoros,COM,Africa,1989,1980,-0.151,0.051,0.118,433110.0,,E
Comoros,COM,Africa,1990,1990,0.238,0.062,0.14,444601.0,74.0,E
Comoros,COM,Africa,1991,1990,0.382,0.066,0.145,455563.0,73.4,E
Comoros,COM,Africa,1992,1990,0.202,0.07,0.15,465118.0,73.63,E
Comoros,COM,Africa,1993,1990,0.316,0.07,0.147,473681.0,73.06,E
Comoros,COM,Africa,1994,1990,0.677,0.073,0.152,482148.0,73.29,E
Comoros,COM,Africa,1995,1990,0.558,0.077,0.157,490594.0,73.0,E
Comoros,COM,Africa,1996,1990,0.095,0.077,0.154,499113.0,73.44,E
Comoros,COM,Africa,1997,1990,0.388,0.081,0.159,507779.0,72.92,E
Comoros,COM,Africa,1998,1990,0.861,0.088,0.17,516606.0,71.54,E
Comoros,COM,Africa,1999,1990,0.309,0.095,0.181,525894.0,71.09,E
Comoros,COM,Africa,2000,2000,0.312,0.103,0.191,536084.0,69.87,E
Comoros,COM,Africa,2001,2000,0.46,0.106,0.194,547221.0,69.51,E
Comoros,COM,Africa,2002,2000,0.916,0.106,0.19,558927.0,70.31,E
Comoros,COM,Africa,2003,2000,0.593,0.136,0.238,569808.0,64.4,E
Comoros,COM,Africa,2004,2000,0.516,0.15,0.259,580711.0,63.52,E
Comoros,COM,Africa,2005,2000,0.612,0.143,0.241,592679.0,65.74,E
Comoros,COM,Africa,2006,2000,0.418,0.169,0.279,604752.0,61.81,E
Comoros,COM,Africa,2007,2000,0.751,0.106,0.172,616935.0,74.37,E
Comoros,COM,Africa,2008,2000,0.383,0.11,0.175,629314.0,73.44,E
Comoros,COM,Africa,2009,2000,0.641,0.136,0.211,641949.0,68.53,E
Comoros,COM,Africa,2010,2010,0.883,0.161,0.246,654846.0,66.02,E
Comoros,COM,Africa,2011,2010,0.519,0.143,0.214,668064.0,68.99,E
Comoros,COM,Africa,2012,2010,0.482,0.154,0.226,681637.0,68.28,E
Comoros,COM,Africa,2013,2010,0.721,0.183,0.263,696203.0,63.56,E
Comoros,COM,Africa,2014,2010,0.841,0.165,0.232,711512.0,67.95,E
Comoros,COM,Africa,2015,2010,1.058,0.18,0.247,726685.0,67.03,E
Comoros,COM,Africa,2016,2010,1.033,0.205,0.277,741745.0,63.97,E
Comoros,COM,Africa,2017,2010,1.283,0.264,0.349,756672.0,59.45,E
Comoros,COM,Africa,2018,2010,1.037,0.286,0.37,771597.0,57.68,E
Comoros,COM,Africa,2019,2010,1.629,0.311,0.396,786582.0,55.31,E
Comoros,COM,Africa,2020,2020,1.362,0.37,0.461,802172.0,50.83,E
Comoros,COM,Africa,2021,2020,0.983,0.498,0.609,818178.0,41.19,E
Comoros,COM,Africa,2022,2020,0.854,0.532,0.637,834191.0,39.28,E
Comoros,COM,Africa,2023,2020,1.62,0.542,0.638,850390.0,37.09,E
Comoros,COM,Africa,2024,2020,1.813,0.552,0.637,866632.0,36.07,E
Cabo Verde,CPV,Africa,1970,1970,0.841,0.037,0.127,287895.0,,E
Cabo Verde,CPV,Africa,1971,1970,-0.059,0.037,0.125,294052.0,,E
Cabo Verde,CPV,Africa,1972,1970,0.276,0.051,0.172,297388.0,,E
Cabo Verde,CPV,Africa,1973,1970,0.622,0.062,0.208,299890.0,,E
Cabo Verde,CPV,Africa,1974,1970,-0.593,0.066,0.218,302578.0,,E
Cabo Verde,CPV,Africa,1975,1970,,0.077,0.252,305853.0,,O
Cabo Verde,CPV,Africa,1976,1970,-0.384,0.073,0.237,309462.0,,E
Cabo Verde,CPV,Africa,1977,1970,,0.081,0.258,312843.0,,O
Cabo Verde,CPV,Africa,1978,1970,0.24,0.209,0.66,316163.0,,E
Cabo Verde,CPV,Africa,1979,1970,0.599,0.249,0.78,319485.0,,E
Cabo Verde,CPV,Africa,1980,1980,0.644,0.121,0.374,323310.0,,E
Cabo Verde,CPV,Africa,1981,1980,0.498,0.033,0.101,327859.0,,E
Cabo Verde,CPV,Africa,1982,1980,0.741,0.037,0.11,332729.0,,E
Cabo Verde,CPV,Africa,1983,1980,0.742,0.037,0.109,337661.0,,E
Cabo Verde,CPV,Africa,1984,1980,,0.084,0.246,342511.0,,O
Cabo Verde,CPV,Africa,1985,1980,0.331,0.084,0.243,347370.0,,E
Cabo Verde,CPV,Africa,1986,1980,0.2,0.059,0.166,352321.0,,E
Cabo Verde,CPV,Africa,1987,1980,1.158,0.081,0.226,357308.0,,E
Cabo Verde,CPV,Africa,1988,1980,0.583,0.073,0.202,362339.0,,E
Cabo Verde,CPV,Africa,1989,1980,0.718,0.081,0.219,367820.0,,E
Cabo Verde,CPV,Africa,1990,1990,1.081,0.18,0.478,375437.0,21.07,E
Cabo Verde,CPV,Africa,1991,1990,0.448,0.165,0.429,384603.0,26.27,E
Cabo Verde,CPV,Africa,1992,1990,0.656,0.18,0.456,393426.0,26.34,E
Cabo Verde,CPV,Africa,1993,1990,0.276,0.169,0.419,401977.0,30.42,E
Cabo Verde,CPV,Africa,1994,1990,0.209,0.176,0.429,410230.0,32.43,E
Cabo Verde,CPV,Africa,1995,1990,1.243,0.198,0.473,418116.0,30.82,E
Cabo Verde,CPV,Africa,1996,1990,1.366,0.22,0.517,425592.0,30.19,E
Cabo Verde,CPV,Africa,1997,1990,1.422,0.227,0.525,432803.0,30.49,E
Cabo Verde,CPV,Africa,1998,1990,1.548,0.242,0.55,439789.0,30.03,E
Cabo Verde,CPV,Africa,1999,1990,0.562,0.286,0.64,446528.0,26.86,E
Cabo Verde,CPV,Africa,2000,2000,0.807,0.297,0.655,453335.0,27.88,E
Cabo Verde,CPV,Africa,2001,2000,1.097,0.348,0.756,460300.0,25.97,E
Cabo Verde,CPV,Africa,2002,2000,1.244,0.385,0.824,467056.0,25.98,E
Cabo Verde,CPV,Africa,2003,2000,1.328,0.414,0.875,473384.0,24.83,E
Cabo Verde,CPV,Africa,2004,2000,1.363,0.429,0.894,479377.0,24.38,E
Cabo Verde,CPV,Africa,2005,2000,0.939,0.447,0.921,485128.0,23.88,E
Cabo Verde,CPV,Africa,2006,2000,1.123,0.495,1.008,490728.0,21.18,E
Cabo Verde,CPV,Africa,2007,2000,0.589,0.506,1.019,496196.0,21.04,E
Cabo Verde,CPV,Africa,2008,2000,1.07,0.473,0.943,501362.0,23.81,E
Cabo Verde,CPV,Africa,2009,2000,0.545,0.524,1.035,506148.0,22.08,E
Cabo Verde,CPV,Africa,2010,2010,,0.557,1.092,509793.0,21.22,O
Cabo Verde,CPV,Africa,2011,2010,1.14,0.616,1.204,511453.0,20.78,E
Cabo Verde,CPV,Africa,2012,2010,1.106,0.502,0.98,511966.0,24.26,E
Cabo Verde,CPV,Africa,2013,2010,1.108,0.495,0.966,512231.0,25.94,E
Cabo Verde,CPV,Africa,2014,2010,0.86,0.491,0.958,512334.0,26.11,E
Cabo Verde,CPV,Africa,2015,2010,0.848,0.495,0.965,512405.0,26.35,E
Cabo Verde,CPV,Africa,2016,2010,1.486,0.531,1.037,512556.0,23.94,E
Cabo Verde,CPV,Africa,2017,2010,1.785,0.572,1.114,512899.0,22.65,E
Cabo Verde,CPV,Africa,2018,2010,0.702,0.572,1.113,513418.0,22.86,E
Cabo Verde,CPV,Africa,2019,2010,1.39,0.63,1.226,514116.0,20.63,E
Cabo Verde,CPV,Africa,2020,2020,,0.52,1.011,514683.0,24.36,O
Cabo Verde,CPV,Africa,2021,2020,1.493,0.59,1.142,516655.0,21.9,E
Cabo Verde,CPV,Africa,2022,2020,1.581,0.598,1.15,519750.0,23.07,E
Cabo Verde,CPV,Africa,2023,2020,2.541,0.571,1.094,522335.0,22.85,E
Cabo Verde,CPV,Africa,2024,2020,2.33,0.594,1.131,524878.0,22.35,E
Costa Rica,CRI,North America,1970,1970,-0.388,1.249,0.679,1838946.0,,E
Costa Rica,CRI,North America,1971,1970,-0.413,1.527,0.809,1888548.0,,E
Costa Rica,CRI,North America,1972,1970,0.248,1.761,0.909,1938261.0,,E
Costa Rica,CRI,North America,1973,1970,0.244,2.043,1.028,1988348.0,,E
Costa Rica,CRI,North America,1974,1970,-0.21,1.904,0.934,2039649.0,,E
Costa Rica,CRI,North America,1975,1970,-0.204,2.036,0.973,2092716.0,,E
Costa Rica,CRI,North America,1976,1970,0.12,2.082,0.969,2147772.0,,E
Costa Rica,CRI,North America,1977,1970,0.414,2.607,1.182,2205035.0,,E
Costa Rica,CRI,North America,1978,1970,0.24,2.911,1.286,2264516.0,,E
Costa Rica,CRI,North America,1979,1970,0.159,2.78,1.195,2326490.0,,E
Costa Rica,CRI,North America,1980,1980,0.487,2.447,1.024,2390641.0,,E
Costa Rica,CRI,North America,1981,1980,0.19,2.235,0.91,2456643.0,,E
Costa Rica,CRI,North America,1982,1980,0.271,2.069,0.82,2524811.0,,E
Costa Rica,CRI,North America,1983,1980,0.769,2.088,0.804,2595155.0,,E
Costa Rica,CRI,North America,1984,1980,0.049,1.979,0.742,2667597.0,,E
Costa Rica,CRI,North America,1985,1980,-0.057,2.24,0.817,2741903.0,,E
Costa Rica,CRI,North America,1986,1980,0.229,2.575,0.914,2817219.0,,E
Costa Rica,CRI,North America,1987,1980,0.781,2.721,0.941,2892698.0,,E
Costa Rica,CRI,North America,1988,1980,0.206,2.903,0.978,2968102.0,,E
Costa Rica,CRI,North America,1989,1980,0.029,2.93,0.963,3043826.0,,E
Costa Rica,CRI,North America,1990,1990,0.473,2.909,0.932,3121707.0,45.37,E
Costa Rica,CRI,North America,1991,1990,0.526,3.282,1.025,3202182.0,44.68,E
Costa Rica,CRI,North America,1992,1990,0.423,3.735,1.137,3284261.0,35.12,E
Costa Rica,CRI,North America,1993,1990,0.333,3.881,1.153,3367436.0,36.28,E
Costa Rica,CRI,North America,1994,1990,0.29,5.188,1.503,3451122.0,35.82,E
Costa Rica,CRI,North America,1995,1990,0.514,4.789,1.355,3535179.0,35.01,E
Costa Rica,CRI,North America,1996,1990,-0.096,4.673,1.291,3619012.0,36.6,E
Costa Rica,CRI,North America,1997,1990,0.691,4.9,1.324,3701713.0,33.58,E
Costa Rica,CRI,North America,1998,1990,1.04,5.214,1.378,3782840.0,28.89,E
Costa Rica,CRI,North America,1999,1990,-0.167,5.415,1.402,3862103.0,29.89,E
Costa Rica,CRI,North America,2000,2000,0.027,5.367,1.363,3937737.0,32.95,E
Costa Rica,CRI,North America,2001,2000,0.695,5.638,1.406,4008951.0,32.1,E
Costa Rica,CRI,North America,2002,2000,0.931,6.214,1.525,4075710.0,32.54,E
Costa Rica,CRI,North America,2003,2000,0.906,6.551,1.583,4138791.0,33.3,E
Costa Rica,CRI,North America,2004,2000,0.852,6.797,1.618,4200079.0,39.16,E
Costa Rica,CRI,North America,2005,2000,0.748,6.66,1.563,4261240.0,41.73,E
Costa Rica,CRI,North America,2006,2000,0.638,6.976,1.614,4321337.0,42.4,E
Costa Rica,CRI,North America,2007,2000,0.802,7.907,1.805,4380250.0,41.18,E
Costa Rica,CRI,North America,2008,2000,0.359,7.934,1.787,4440058.0,40.7,E
Costa Rica,CRI,North America,2009,2000,1.092,7.693,1.71,4499788.0,40.72,E
Costa Rica,CRI,North America,2010,2010,0.975,7.461,1.638,4555965.0,40.39,E
Costa Rica,CRI,North America,2011,2010,0.514,7.276,1.578,4609834.0,38.02,E
Costa Rica,CRI,North America,2012,2010,0.503,7.217,1.547,4663930.0,38.06,E
Costa Rica,CRI,North America,2013,2010,0.806,7.584,1.608,4716153.0,37.8,E
Costa Rica,CRI,North America,2014,2010,0.766,7.702,1.616,4767126.0,37.62,E
Costa Rica,CRI,North America,2015,2010,1.074,7.353,1.526,4818045.0,38.33,E
Costa Rica,CRI,North America,2016,2010,1.044,7.829,1.609,4867003.0,34.09,E
Costa Rica,CRI,North America,2017,2010,0.773,7.987,1.626,4913177.0,33.31,E
Costa Rica,CRI,North America,2018,2010,1.193,7.967,1.607,4957813.0,33.12,E
Costa Rica,CRI,North America,2019,2010,1.364,7.66,1.532,4999549.0,33.4,E
Costa Rica,CRI,North America,2020,2020,1.406,6.754,1.342,5034323.0,36.41,E
Costa Rica,CRI,North America,2021,2020,1.007,7.665,1.515,5059991.0,34.16,E
Costa Rica,CRI,North America,2022,2020,0.897,8.01,1.576,5081764.0,34.01,E
Costa Rica,CRI,North America,2023,2020,1.707,8.473,1.659,5105526.0,32.26,E
Costa Rica,CRI,North America,2024,2020,1.759,8.76,1.708,5129909.0,,E
Cuba,CUB,North America,1970,1970,-0.366,18.654,2.114,8824389.0,,E
Cuba,CUB,North America,1971,1970,0.08,19.589,2.182,8979089.0,,E
Cuba,CUB,North America,1972,1970,0.45,20.777,2.277,9123895.0,,E
Cuba,CUB,North America,1973,1970,0.428,22.375,2.418,9255332.0,,E
Cuba,CUB,North America,1974,1970,0.109,22.888,2.442,9374184.0,,E
Cuba,CUB,North America,1975,1970,0.538,27.039,2.852,9479729.0,,E
Cuba,CUB,North America,1976,1970,-0.173,27.197,2.842,9571240.0,,E
Cuba,CUB,North America,1977,1970,0.175,29.374,3.044,9648443.0,,E
Cuba,CUB,North America,1978,1970,0.059,30.661,3.157,9711985.0,,E
Cuba,CUB,North America,1979,1970,0.368,31.685,3.245,9763358.0,,E
Cuba,CUB,North America,1980,1980,0.503,31.374,3.2,9804798.0,,E
Cuba,CUB,North America,1981,1980,-0.006,32.723,3.322,9849325.0,,E
Cuba,CUB,North America,1982,1980,0.591,34.527,3.483,9912681.0,,E
Cuba,CUB,North America,1983,1980,0.29,30.821,3.085,9991027.0,,E
Cuba,CUB,North America,1984,1980,0.276,32.581,3.234,10073306.0,,E
Cuba,CUB,North America,1985,1980,0.223,32.556,3.205,10157229.0,,E
Cuba,CUB,North America,1986,1980,0.357,33.547,3.275,10244250.0,,E
Cuba,CUB,North America,1987,1980,0.769,33.933,3.283,10335337.0,,E
Cuba,CUB,North America,1988,1980,0.592,35.616,3.414,10432590.0,,E
Cuba,CUB,North America,1989,1980,0.664,35.719,3.391,10533249.0,,E
Cuba,CUB,North America,1990,1990,0.822,29.638,2.788,10631796.0,37.24,E
Cuba,CUB,North America,1991,1990,0.887,26.961,2.516,10717640.0,40.47,E
Cuba,CUB,North America,1992,1990,0.595,20.754,1.924,10785807.0,45.67,E
Cuba,CUB,North America,1993,1990,0.613,19.79,1.825,10841040.0,40.68,E
Cuba,CUB,North America,1994,1990,0.981,21.426,1.968,10886022.0,39.59,E
Cuba,CUB,North America,1995,1990,0.997,22.868,2.093,10925362.0,33.98,E
Cuba,CUB,North America,1996,1990,0.312,23.304,2.126,10962009.0,35.18,E
Cuba,CUB,North America,1997,1990,0.811,24.824,2.257,10997933.0,30.41,E
Cuba,CUB,North America,1998,1990,0.98,24.309,2.203,11034716.0,27.92,E
Cuba,CUB,North America,1999,1990,0.644,24.489,2.212,11072230.0,27.36,E
Cuba,CUB,North America,2000,2000,0.449,25.299,2.277,11109112.0,28.22,E
Cuba,CUB,North America,2001,2000,0.427,24.681,2.215,11144134.0,28.21,E
Cuba,CUB,North America,2002,2000,0.796,25.179,2.253,11177422.0,27.8,E
Cuba,CUB,North America,2003,2000,0.895,25.554,2.28,11209379.0,25.45,E
Cuba,CUB,North America,2004,2000,0.643,24.54,2.183,11238756.0,25.84,E
Cuba,CUB,North America,2005,2000,0.587,25.706,2.282,11262553.0,17.73,E
Cuba,CUB,North America,2006,2000,0.766,26.781,2.375,11278550.0,15.84,E
Cuba,CUB,North America,2007,2000,0.841,25.724,2.279,11287274.0,15.23,E
Cuba,CUB,North America,2008,2000,0.514,27.738,2.456,11291764.0,15.23,E
Cuba,CUB,North America,2009,2000,0.801,28.261,2.502,11294719.0,15.83,E
Cuba,CUB,North America,2010,2010,0.54,33.042,2.925,11297414.0,12.41,E
Cuba,CUB,North America,2011,2010,0.452,29.076,2.573,11301578.0,15.78,E
Cuba,CUB,North America,2012,2010,0.522,29.476,2.608,11303172.0,16.33,E
Cuba,CUB,North America,2013,2010,0.781,27.894,2.469,11298163.0,15.37,E
Cuba,CUB,North America,2014,2010,0.972,27.366,2.425,11285780.0,20.17,E
Cuba,CUB,North America,2015,2010,1.223,29.091,2.58,11275069.0,18.44,E
Cuba,CUB,North America,2016,2010,1.263,27.772,2.465,11265615.0,15.96,E
Cuba,CUB,North America,2017,2010,1.371,24.559,2.183,11247824.0,19.15,E
Cuba,CUB,North America,2018,2010,1.034,23.019,2.05,11227116.0,21.36,E
Cuba,CUB,North America,2019,2010,1.429,22.487,2.007,11202847.0,17.28,E
Cuba,CUB,North America,2020,2020,1.571,21.281,1.904,11176349.0,18.65,E
Cuba,CUB,North America,2021,2020,1.146,22.549,2.027,11122169.0,14.73,E
Cuba,CUB,North America,2022,2020,1.304,23.259,2.103,11059822.0,12.19,E
Cuba,CUB,North America,2023,2020,1.737,23.47,2.13,11019932.0,9.22,E
Cuba,CUB,North America,2024,2020,1.579,24.44,2.226,10979781.0,,E
Curacao,CUW,North America,1970,1970,,13.906,92.163,150885.0,,
Curacao,CUW,North America,1971,1970,,12.103,79.519,152199.0,,
Curacao,CUW,North America,1972,1970,,11.735,76.554,153294.0,,
Curacao,CUW,North America,1973,1970,,13.018,84.481,154096.0,,
Curacao,CUW,North America,1974,1970,,11.8,76.279,154689.0,,
Curacao,CUW,North America,1975,1970,,8.545,55.056,155208.0,,
Curacao,CUW,North America,1976,1970,,18.254,117.284,155635.0,,
Curacao,CUW,North America,1977,1970,,9.534,61.123,155980.0,,
Curacao,CUW,North America,1978,1970,,8.119,51.96,156265.0,,
Curacao,CUW,North America,1979,1970,,8.517,54.428,156492.0,,
Curacao,CUW,North America,1980,1980,,8.765,55.951,156665.0,,
Curacao,CUW,North America,1981,1980,,8.349,53.245,156805.0,,
Curacao,CUW,North America,1982,1980,,9.335,59.515,156850.0,,
Curacao,CUW,North America,1983,1980,,4.798,30.59,156837.0,,
Curacao,CUW,North America,1984,1980,,11.98,76.406,156797.0,,
Curacao,CUW,North America,1985,1980,,14.022,89.478,156713.0,,
Curacao,CUW,North America,1986,1980,,2.688,17.166,156598.0,,
Curacao,CUW,North America,1987,1980,,2.39,15.275,156456.0,,
Curacao,CUW,North America,1988,1980,,2.354,15.066,156259.0,,
Curacao,CUW,North America,1989,1980,,4.481,28.721,156031.0,,
Curacao,CUW,North America,1990,1990,,4.799,30.813,155750.0,0.0,
Curacao,CUW,North America,1991,1990,,3.83,24.634,155455.0,0.0,
Curacao,CUW,North America,1992,1990,,3.155,20.342,155101.0,0.0,
Curacao,CUW,North America,1993,1990,,4.87,31.523,154504.0,0.18,
Curacao,CUW,North America,1994,1990,,4.669,30.384,153677.0,0.16,
Curacao,CUW,North America,1995,1990,,4.621,30.259,152705.0,0.16,
Curacao,CUW,North America,1996,1990,,4.322,28.515,151582.0,0.16,
Curacao,CUW,North America,1997,1990,,4.523,30.093,150316.0,0.17,
Curacao,CUW,North America,1998,1990,,0.25,1.677,148874.0,0.16,
Curacao,CUW,North America,1999,1990,,1.871,12.704,147276.0,0.15,
Curacao,CUW,North America,2000,2000,,4.964,34.11,145540.0,0.15,
Curacao,CUW,North America,2001,2000,,5.055,34.922,144758.0,1.29,
Curacao,CUW,North America,2002,2000,,4.874,33.401,145911.0,1.24,
Curacao,CUW,North America,2003,2000,,4.877,32.969,147923.0,1.26,
Curacao,CUW,North America,2004,2000,,5.117,34.157,149805.0,1.24,
Curacao,CUW,North America,2005,2000,,5.071,33.514,151324.0,1.23,
Curacao,CUW,North America,2006,2000,,5.285,34.655,152516.0,1.22,
Curacao,CUW,North America,2007,2000,,5.95,38.72,153672.0,1.19,
Curacao,CUW,North America,2008,2000,,5.723,36.975,154784.0,1.04,
Curacao,CUW,North America,2009,2000,,5.856,37.58,155832.0,1.03,
Curacao,CUW,North America,2010,2010,,4.034,25.713,156881.0,1.03,
Curacao,CUW,North America,2011,2010,,5.146,32.452,158572.0,1.03,
Curacao,CUW,North America,2012,2010,,6.287,39.076,160904.0,1.15,
Curacao,CUW,North America,2013,2010,,5.932,36.366,163122.0,2.19,
Curacao,CUW,North America,2014,2010,,6.797,41.182,165041.0,2.62,
Curacao,CUW,North America,2015,2010,,7.332,44.002,166621.0,2.47,
Curacao,CUW,North America,2016,2010,,6.203,36.97,167787.0,2.67,
Curacao,CUW,North America,2017,2010,,4.968,29.482,168525.0,3.49,
Curacao,CUW,North America,2018,2010,,4.324,23.809,181590.0,4.85,
Curacao,CUW,North America,2019,2010,,2.396,12.641,189555.0,4.59,
Curacao,CUW,North America,2020,2020,,2.008,10.852,185029.0,5.06,
Curacao,CUW,North America,2021,2020,,2.14,11.546,185324.0,5.06,
Curacao,CUW,North America,2022,2020,,2.209,11.92,185350.0,4.61,
Curacao,CUW,North America,2023,2020,,2.205,11.89,185437.0,4.11,
Curacao,CUW,North America,2024,2020,,2.29,12.344,185482.0,,
Christmas Island,CXR,Asia,1970,1970,,0.07,,,,O
Christmas Island,CXR,Asia,1971,1970,,0.084,,,,O
Christmas Island,CXR,Asia,1972,1970,,0.084,,,,O
Christmas Island,CXR,Asia,1973,1970,0.372,0.07,,,,E
Christmas Island,CXR,Asia,1974,1970,-0.202,0.125,,,,E
Christmas Island,CXR,Asia,1975,1970,-0.244,0.136,,,,E
Christmas Island,CXR,Asia,1976,1970,-0.302,0.125,,,,E
Christmas Island,CXR,Asia,1977,1970,-0.013,0.092,,,,E
Christmas Island,CXR,Asia,1978,1970,-0.157,0.092,,,,E
Christmas Island,CXR,Asia,1979,1970,0.171,0.099,,,,E
Christmas Island,CXR,Asia,1980,1980,0.386,0.099,,,,E
Christmas Island,CXR,Asia,1981,1980,,0.103,,,,O
Christmas Island,CXR,Asia,1982,1980,,0.073,,,,O
Christmas Island,CXR,Asia,1983,1980,,0.081,,,,O
Christmas Island,CXR,Asia,1984,1980,0.324,,,,,E
Christmas Island,CXR,Asia,1985,1980,,,,,,O
Christmas Island,CXR,Asia,1986,1980,,,,,,O
Christmas Island,CXR,Asia,1987,1980,0.507,,,,,E
Christmas Island,CXR,Asia,1988,1980,0.501,,,,,E
Christmas Island,CXR,Asia,1989,1980,0.29,,,,,E
Christmas Island,CXR,Asia,1990,1990,0.602,,,,,E
Christmas Island,CXR,Asia,1991,1990,0.322,,,,,E
Christmas Island,CXR,Asia,1992,1990,0.371,,,,,E
Christmas Island,CXR,Asia,1993,1990,0.355,,,,,E
Christmas Island,CXR,Asia,1994,1990,,0.0,,,,O
Christmas Island,CXR,Asia,1995,1990,,0.0,,,,O
Christmas Island,CXR,Asia,1996,1990,0.612,0.0,,,,E
Christmas Island,CXR,Asia,1997,1990,,0.0,,,,O
Christmas Island,CXR,Asia,1998,1990,1.137,0.0,,,,E
Christmas Island,CXR,Asia,1999,1990,0.422,0.0,,,,E
Christmas Island,CXR,Asia,2000,2000,0.392,0.0,,,,E
Christmas Island,CXR,Asia,2001,2000,0.67,0.0,,,,E
Christmas Island,CXR,Asia,2002,2000,0.758,0.0,,,,E
Christmas Island,CXR,Asia,2003,2000,0.867,0.0,,,,E
Christmas Island,CXR,Asia,2004,2000,0.642,0.0,,,,E
Christmas Island,CXR,Asia,2005,2000,1.149,0.0,,,,E
Christmas Island,CXR,Asia,2006,2000,0.361,0.0,,,,E
Christmas Island,CXR,Asia,2007,2000,0.733,0.0,,,,E
Christmas Island,CXR,Asia,2008,2000,0.296,0.0,,,,E
Christmas Island,CXR,Asia,2009,2000,0.482,0.0,,,,E
Christmas Island,CXR,Asia,2010,2010,0.945,0.0,,,,E
Christmas Island,CXR,Asia,2011,2010,0.302,0.0,,,,E
Christmas Island,CXR,Asia,2012,2010,0.763,0.0,,,,E
Christmas Island,CXR,Asia,2013,2010,1.256,0.0,,,,E
Christmas Island,CXR,Asia,2014,2010,1.176,0.0,,,,E
Christmas Island,CXR,Asia,2015,2010,1.232,0.0,,,,E
Christmas Island,CXR,Asia,2016,2010,1.909,0.0,,,,E
Christmas Island,CXR,Asia,2017,2010,1.343,0.0,,,,E
Christmas Island,CXR,Asia,2018,2010,0.959,0.0,,,,E
Christmas Island,CXR,Asia,2019,2010,1.347,0.0,,,,E
Christmas Island,CXR,Asia,2020,2020,1.881,0.0,,,,E
Christmas Island,CXR,Asia,2021,2020,1.481,0.0,,,,E
Christmas Island,CXR,Asia,2022,2020,1.41,0.0,,,,E
Christmas Island,CXR,Asia,2023,2020,1.422,0.0,,,,E
Christmas Island,CXR,Asia,2024,2020,2.054,0.0,,,,E
Cayman Islands,CYM,North America,1970,1970,-0.114,,,,,E
Cayman Islands,CYM,North America,1971,1970,-0.205,,,,,E
Cayman Islands,CYM,North America,1972,1970,0.207,,,,,E
Cayman Islands,CYM,North America,1973,1970,0.298,,,,,E
Cayman Islands,CYM,North America,1974,1970,,,,,,O
Cayman Islands,CYM,North America,1975,1970,,,,,,O
Cayman Islands,CYM,North America,1976,1970,-0.434,,,,,E
Cayman Islands,CYM,North America,1977,1970,-0.004,,,,,E
Cayman Islands,CYM,North America,1978,1970,,,,,,O
Cayman Islands,CYM,North America,1979,1970,,,,,,O
Cayman Islands,CYM,North America,1980,1980,0.593,,,,,E
Cayman Islands,CYM,North America,1981,1980,0.032,,,,,E
Cayman Islands,CYM,North America,1982,1980,0.447,,,,,E
Cayman Islands,CYM,North America,1983,1980,0.347,,,,,E
Cayman Islands,CYM,North America,1984,1980,0.182,,,,,E
Cayman Islands,CYM,North America,1985,1980,0.053,,,,,E
Cayman Islands,CYM,North America,1986,1980,0.034,,,,,E
Cayman Islands,CYM,North America,1987,1980,,,,,,O
Cayman Islands,CYM,North America,1988,1980,,,,,,O
Cayman Islands,CYM,North America,1989,1980,,,,,,O
Cayman Islands,CYM,North America,1990,1990,,,,,0.0,O
Cayman Islands,CYM,North America,1991,1990,,,,,0.0,O
Cayman Islands,CYM,North America,1992,1990,,,,,0.0,O
Cayman Islands,CYM,North America,1993,1990,0.577,,,,0.0,E
Cayman Islands,CYM,North America,1994,1990,,,,,0.0,O
Cayman Islands,CYM,North America,1995,1990,0.86,,,,0.0,E
Cayman Islands,CYM,North America,1996,1990,0.254,,,,0.0,E
Cayman Islands,CYM,North America,1997,1990,0.848,,,,0.0,E
Cayman Islands,CYM,North America,1998,1990,0.804,,,,0.0,E
Cayman Islands,CYM,North America,1999,1990,0.352,,,,0.0,E
Cayman Islands,CYM,North America,2000,2000,,,,,0.0,O
Cayman Islands,CYM,North America,2001,2000,,,,,0.0,O
Cayman Islands,CYM,North America,2002,2000,,,,,0.0,O
Cayman Islands,CYM,North America,2003,2000,,,,,0.0,O
Cayman Islands,CYM,North America,2004,2000,,,,,0.0,O
Cayman Islands,CYM,North America,2005,2000,0.733,,,,0.0,E
Cayman Islands,CYM,North America,2006,2000,0.687,,,,0.0,E
Cayman Islands,CYM,North America,2007,2000,0.867,,,,0.0,E
Cayman Islands,CYM,North America,2008,2000,0.703,,,,0.0,E
Cayman Islands,CYM,North America,2009,2000,0.636,,,,0.01,E
Cayman Islands,CYM,North America,2010,2010,0.867,,,,0.01,E
Cayman Islands,CYM,North America,2011,2010,0.582,,,,0.02,E
Cayman Islands,CYM,North America,2012,2010,0.678,,,,0.01,E
Cayman Islands,CYM,North America,2013,2010,0.863,,,,0.01,E
Cayman Islands,CYM,North America,2014,2010,1.099,,,,0.01,E
Cayman Islands,CYM,North America,2015,2010,1.377,,,,0.01,E
Cayman Islands,CYM,North America,2016,2010,1.336,,,,0.01,E
Cayman Islands,CYM,North America,2017,2010,1.337,,,,0.01,E
Cayman Islands,CYM,North America,2018,2010,0.974,,,,0.01,E
Cayman Islands,CYM,North America,2019,2010,1.375,,,,0.0,E
Cayman Islands,CYM,North America,2020,2020,1.444,,,,0.01,E
Cayman Islands,CYM,North America,2021,2020,1.152,,,,0.01,E
Cayman Islands,CYM,North America,2022,2020,1.198,,,,0.0,E
Cayman Islands,CYM,North America,2023,2020,1.76,,,,0.0,E
Cayman Islands,CYM,North America,2024,2020,1.802,,,,0.0,E
Cyprus,CYP,Europe,1970,1970,0.509,1.703,2.63,647443.0,,E
Cyprus,CYP,Europe,1971,1970,-0.188,1.884,2.88,654058.0,,E
Cyprus,CYP,Europe,1972,1970,-0.533,2.406,3.639,661067.0,,E
Cyprus,CYP,Europe,1973,1970,-0.3,2.504,3.759,665946.0,,E
Cyprus,CYP,Europe,1974,1970,-0.149,1.929,2.908,663265.0,,E
Cyprus,CYP,Europe,1975,1970,-0.196,1.991,3.019,659408.0,,E
Cyprus,CYP,Europe,1976,1970,-0.712,2.488,3.758,662045.0,,E
Cyprus,CYP,Europe,1977,1970,0.135,2.7,4.048,667104.0,,E
Cyprus,CYP,Europe,1978,1970,-0.019,2.845,4.232,672259.0,,E
Cyprus,CYP,Europe,1979,1970,0.607,3.045,4.495,677552.0,,E
Cyprus,CYP,Europe,1980,1980,-0.296,3.261,4.773,683082.0,,E
Cyprus,CYP,Europe,1981,1980,0.085,3.096,4.494,688895.0,,E
Cyprus,CYP,Europe,1982,1980,-0.333,3.157,4.533,696503.0,,E
Cyprus,CYP,Europe,1983,1980,-0.799,3.151,4.456,707224.0,,E
Cyprus,CYP,Europe,1984,1980,0.003,3.235,4.497,719345.0,,E
Cyprus,CYP,Europe,1985,1980,-0.074,3.145,4.301,731290.0,,E
Cyprus,CYP,Europe,1986,1980,0.239,3.606,4.853,743116.0,,E
Cyprus,CYP,Europe,1987,1980,-0.28,4.185,5.544,754796.0,,E
Cyprus,CYP,Europe,1988,1980,0.028,4.198,5.478,766238.0,,E
Cyprus,CYP,Europe,1989,1980,0.11,4.43,5.698,777429.0,,E
Cyprus,CYP,Europe,1990,1990,0.085,4.648,5.896,788355.0,0.49,E
Cyprus,CYP,Europe,1991,1990,0.377,5.136,6.429,798950.0,0.36,E
Cyprus,CYP,Europe,1992,1990,-0.922,5.509,6.798,810344.0,0.34,E
Cyprus,CYP,Europe,1993,1990,-0.415,5.753,6.964,826042.0,0.33,E
Cyprus,CYP,Europe,1994,1990,1.095,5.995,7.097,844669.0,0.72,E
Cyprus,CYP,Europe,1995,1990,0.11,5.866,6.799,862698.0,3.33,E
Cyprus,CYP,Europe,1996,1990,0.307,6.216,7.061,880295.0,3.33,E
Cyprus,CYP,Europe,1997,1990,0.059,6.302,7.022,897574.0,3.27,E
Cyprus,CYP,Europe,1998,1990,1.006,6.597,7.213,914552.0,3.24,E
Cyprus,CYP,Europe,1999,1990,1.14,6.863,7.37,931235.0,3.2,E
Cyprus,CYP,Europe,2000,2000,0.688,7.107,7.499,947667.0,3.08,E
Cyprus,CYP,Europe,2001,2000,1.222,6.98,7.239,964129.0,3.03,E
Cyprus,CYP,Europe,2002,2000,0.889,7.172,7.308,981443.0,3.16,E
Cyprus,CYP,Europe,2003,2000,0.659,7.561,7.564,999600.0,3.24,E
Cyprus,CYP,Europe,2004,2000,0.682,7.787,7.65,1017875.0,3.29,E
Cyprus,CYP,Europe,2005,2000,0.418,7.952,7.674,1036156.0,3.34,E
Cyprus,CYP,Europe,2006,2000,0.706,8.183,7.761,1054424.0,3.5,E
Cyprus,CYP,Europe,2007,2000,0.878,8.475,7.9,1072727.0,4.32,E
Cyprus,CYP,Europe,2008,2000,1.093,8.692,7.966,1091029.0,5.66,E
Cyprus,CYP,Europe,2009,2000,1.041,8.438,7.606,1109377.0,6.29,E
Cyprus,CYP,Europe,2010,2010,2.048,8.072,7.157,1127826.0,6.5,E
Cyprus,CYP,Europe,2011,2010,0.734,7.792,6.797,1146493.0,7.6,E
Cyprus,CYP,Europe,2012,2010,0.954,7.262,6.231,1165403.0,8.6,E
Cyprus,CYP,Europe,2013,2010,1.216,6.578,5.556,1183899.0,9.73,E
Cyprus,CYP,Europe,2014,2010,1.034,6.93,5.766,1201806.0,9.49,E
Cyprus,CYP,Europe,2015,2010,1.218,6.952,5.701,1219504.0,10.41,E
Cyprus,CYP,Europe,2016,2010,1.689,7.35,5.941,1237114.0,10.27,E
Cyprus,CYP,Europe,2017,2010,0.945,7.469,5.955,1254274.0,10.94,E
Cyprus,CYP,Europe,2018,2010,2.12,7.324,5.764,1270743.0,12.02,E
Cyprus,CYP,Europe,2019,2010,1.425,7.324,5.693,1286669.0,11.97,E
Cyprus,CYP,Europe,2020,2020,1.552,6.903,5.301,1302250.0,15.02,E
Cyprus,CYP,Europe,2021,2020,1.852,6.951,5.276,1317311.0,15.58,E
Cyprus,CYP,Europe,2022,2020,1.068,7.071,5.311,1331376.0,15.83,E
Cyprus,CYP,Europe,2023,2020,1.75,7.188,5.344,1344981.0,16.3,E
Cyprus,CYP,Europe,2024,2020,2.352,7.299,5.374,1358287.0,,E
Czechia,CZE,Europe,1970,1970,,154.465,15.76,9801253.0,,
Czechia,CZE,Europe,1971,1970,,162.014,16.494,9822783.0,,
Czechia,CZE,Europe,1972,1970,,163.482,16.584,9858071.0,,
Czechia,CZE,Europe,1973,1970,,164.134,16.569,9906214.0,,
Czechia,CZE,Europe,1974,1970,,166.025,16.659,9965950.0,,
Czechia,CZE,Europe,1975,1970,,173.691,17.316,10030787.0,,
Czechia,CZE,Europe,1976,1970,,180.427,17.877,10092941.0,,
Czechia,CZE,Europe,1977,1970,,185.803,18.307,10149369.0,,
Czechia,CZE,Europe,1978,1970,,187.483,18.379,10200753.0,,
Czechia,CZE,Europe,1979,1970,,182.571,17.819,10246154.0,,
Czechia,CZE,Europe,1980,1980,,184.691,17.974,10275404.0,,
Czechia,CZE,Europe,1981,1980,,182.673,17.753,10289518.0,,
Czechia,CZE,Europe,1982,1980,,180.877,17.563,10299006.0,,
Czechia,CZE,Europe,1983,1980,,181.107,17.578,10302947.0,,
Czechia,CZE,Europe,1984,1980,,187.201,18.168,10303816.0,,
Czechia,CZE,Europe,1985,1980,,184.633,17.917,10305141.0,,
Czechia,CZE,Europe,1986,1980,,185.887,18.04,10304374.0,,
Czechia,CZE,Europe,1987,1980,,183.677,17.827,10303422.0,,
Czechia,CZE,Europe,1988,1980,,180.664,17.531,10305448.0,,
Czechia,CZE,Europe,1989,1980,,172.367,16.726,10305609.0,,
Czechia,CZE,Europe,1990,1990,,164.252,15.944,10301989.0,3.57,
Czechia,CZE,Europe,1991,1990,,148.886,14.449,10304420.0,3.98,
Czechia,CZE,Europe,1992,1990,,145.708,14.129,10312449.0,5.9,
Czechia,CZE,Europe,1993,1990,0.283,140.126,13.578,10320404.0,5.82,E
Czechia,CZE,Europe,1994,1990,1.798,132.67,12.853,10322332.0,5.91,E
Czechia,CZE,Europe,1995,1990,1.043,131.624,12.764,10312041.0,5.3,E
Czechia,CZE,Europe,1996,1990,-0.61,135.019,13.114,10296140.0,5.24,E
Czechia,CZE,Europe,1997,1990,0.133,130.942,12.737,10280049.0,5.65,E
Czechia,CZE,Europe,1998,1990,1.249,125.717,12.247,10265430.0,5.97,E
Czechia,CZE,Europe,1999,1990,1.103,116.669,11.381,10251385.0,6.48,E
Czechia,CZE,Europe,2000,2000,1.899,127.233,12.429,10236809.0,5.94,E
Czechia,CZE,Europe,2001,2000,1.216,127.165,12.428,10231942.0,6.29,E
Czechia,CZE,Europe,2002,2000,1.519,123.988,12.109,10239474.0,7.28,E
Czechia,CZE,Europe,2003,2000,1.068,127.592,12.449,10248907.0,6.72,E
Czechia,CZE,Europe,2004,2000,0.808,128.314,12.504,10261453.0,7.13,E
Czechia,CZE,Europe,2005,2000,0.737,125.713,12.229,10280155.0,7.53,E
Czechia,CZE,Europe,2006,2000,0.941,126.533,12.279,10304592.0,7.88,E
Czechia,CZE,Europe,2007,2000,2.159,128.364,12.417,10337539.0,8.32,E
Czechia,CZE,Europe,2008,2000,1.639,122.928,11.845,10378298.0,8.99,E
Czechia,CZE,Europe,2009,2000,1.419,114.972,11.033,10420985.0,10.25,E
Czechia,CZE,Europe,2010,2010,0.405,117.464,11.226,10464035.0,10.95,E
Czechia,CZE,Europe,2011,2010,1.036,115.178,10.974,10495508.0,12.16,E
Czechia,CZE,Europe,2012,2010,1.574,111.276,10.59,10507339.0,12.8,E
Czechia,CZE,Europe,2013,2010,0.778,106.71,10.152,10511164.0,13.95,E
Czechia,CZE,Europe,2014,2010,2.498,104.233,9.911,10517223.0,14.85,E
Czechia,CZE,Europe,2015,2010,2.12,104.99,9.976,10524418.0,14.83,E
Czechia,CZE,Europe,2016,2010,2.079,106.636,10.125,10531946.0,14.77,E
Czechia,CZE,Europe,2017,2010,1.596,107.736,10.22,10541343.0,14.46,E
Czechia,CZE,Europe,2018,2010,2.655,106.322,10.079,10548934.0,14.71,E
Czechia,CZE,Europe,2019,2010,2.544,100.997,9.569,10554872.0,15.87,E
Czechia,CZE,Europe,2020,2020,2.346,91.661,8.688,10550129.0,16.96,E
Czechia,CZE,Europe,2021,2020,1.305,96.629,9.176,10530683.0,17.1,E
Czechia,CZE,Europe,2022,2020,2.381,95.04,8.905,10673216.0,17.08,E
Czechia,CZE,Europe,2023,2020,2.536,83.232,7.7,10809722.0,17.23,E
Czechia,CZE,Europe,2024,2020,3.404,75.623,7.044,10735857.0,,E
Germany,DEU,Europe,1970,1970,-0.833,1025.802,13.117,78205103.0,,E
Germany,DEU,Europe,1971,1970,0.031,1037.079,13.237,78345876.0,,E
Germany,DEU,Europe,1972,1970,-0.018,1041.356,13.229,78719924.0,,E
Germany,DEU,Europe,1973,1970,0.186,1085.603,13.748,78966975.0,,E
Germany,DEU,Europe,1974,1970,0.316,1062.511,13.45,78996691.0,,E
Germany,DEU,Europe,1975,1970,1.097,1002.286,12.735,78701861.0,,E
Germany,DEU,Europe,1976,1970,0.467,1090.808,13.92,78364503.0,,E
Germany,DEU,Europe,1977,1970,0.28,1052.513,13.462,78185560.0,,E
Germany,DEU,Europe,1978,1970,-0.175,1079.067,13.814,78115357.0,,E
Germany,DEU,Europe,1979,1970,-0.643,1117.745,14.303,78147898.0,,E
Germany,DEU,Europe,1980,1980,-0.191,1099.901,14.045,78315373.0,,E
Germany,DEU,Europe,1981,1980,0.292,1048.362,13.364,78448044.0,,E
Germany,DEU,Europe,1982,1980,0.434,1015.5,12.954,78393670.0,,E
Germany,DEU,Europe,1983,1980,1.066,1011.436,12.93,78224137.0,,E
Germany,DEU,Europe,1984,1980,-0.113,1033.017,13.244,77998197.0,,E
Germany,DEU,Europe,1985,1980,-0.803,1043.913,13.407,77863423.0,,E
Germany,DEU,Europe,1986,1980,-0.009,1047.234,13.439,77923806.0,,E
Germany,DEU,Europe,1987,1980,-0.564,1032.267,13.224,78062321.0,,E
Germany,DEU,Europe,1988,1980,0.889,1028.702,13.124,78385992.0,,E
Germany,DEU,Europe,1989,1980,1.487,1008.565,12.766,79007062.0,,E
Germany,DEU,Europe,1990,1990,1.567,1054.796,13.233,79707963.0,2.1,E
Germany,DEU,Europe,1991,1990,0.285,1016.93,12.664,80303190.0,1.99,E
Germany,DEU,Europe,1992,1990,1.226,969.464,11.978,80934901.0,2.06,E
Germany,DEU,Europe,1993,1990,0.307,959.386,11.774,81486771.0,2.11,E
Germany,DEU,Europe,1994,1990,1.622,943.228,11.535,81773613.0,2.27,E
Germany,DEU,Europe,1995,1990,1.305,939.934,11.46,82019890.0,2.32,E
Germany,DEU,Europe,1996,1990,-0.701,959.69,11.666,82263195.0,2.25,E
Germany,DEU,Europe,1997,1990,0.558,931.508,11.306,82389631.0,2.82,E
Germany,DEU,Europe,1998,1990,1.151,923.499,11.261,82011933.0,3.05,E
Germany,DEU,Europe,1999,1990,1.363,895.442,10.963,81678279.0,3.26,E
Germany,DEU,Europe,2000,2000,1.759,898.976,10.99,81797255.0,3.7,E
Germany,DEU,Europe,2001,2000,1.288,915.255,11.171,81933882.0,3.9,E
Germany,DEU,Europe,2002,2000,1.485,898.834,10.952,82068328.0,4.41,E
Germany,DEU,Europe,2003,2000,1.252,894.501,10.894,82111619.0,5.44,E
Germany,DEU,Europe,2004,2000,0.991,876.57,10.678,82092706.0,6.34,E
Germany,DEU,Europe,2005,2000,1.018,867.88,10.578,82046733.0,7.28,E
Germany,DEU,Europe,2006,2000,1.251,886.434,10.85,81701971.0,8.59,E
Germany,DEU,Europe,2007,2000,2.086,846.153,10.408,81298546.0,10.47,E
Germany,DEU,Europe,2008,2000,1.539,856.643,10.561,81110780.0,10.25,E
Germany,DEU,Europe,2009,2000,1.275,789.984,9.761,80935276.0,10.72,E
Germany,DEU,Europe,2010,2010,0.188,826.705,10.228,80830916.0,11.61,E
Germany,DEU,Europe,2011,2010,1.113,804.542,9.95,80857877.0,12.54,E
Germany,DEU,Europe,2012,2010,1.342,814.093,10.061,80916391.0,13.64,E
Germany,DEU,Europe,2013,2010,0.577,831.746,10.263,81041581.0,13.63,E
Germany,DEU,Europe,2014,2010,2.51,792.584,9.74,81376078.0,14.02,E
Germany,DEU,Europe,2015,2010,1.665,800.823,9.757,82077546.0,14.55,E
Germany,DEU,Europe,2016,2010,1.979,797.988,9.642,82760102.0,14.24,E
Germany,DEU,Europe,2017,2010,1.642,784.595,9.441,83104010.0,15.22,E
Germany,DEU,Europe,2018,2010,2.387,758.771,9.101,83368507.0,16.04,E
Germany,DEU,Europe,2019,2010,2.321,708.649,8.481,83559184.0,17.07,E
Germany,DEU,Europe,2020,2020,2.506,647.177,7.739,83628711.0,18.52,E
Germany,DEU,Europe,2021,2020,1.319,677.998,8.101,83697080.0,17.93,E
Germany,DEU,Europe,2022,2020,2.593,667.843,7.942,84086227.0,19.56,E
Germany,DEU,Europe,2023,2020,2.461,593.766,7.023,84548233.0,21.23,E
Germany,DEU,Europe,2024,2020,3.0,572.319,6.769,84552234.0,,E
Djibouti,DJI,Africa,1970,1970,0.143,0.139,0.959,145188.0,,E
Djibouti,DJI,Africa,1971,1970,-0.158,0.161,1.039,155152.0,,E
Djibouti,DJI,Africa,1972,1970,0.21,0.191,1.146,166268.0,,E
Djibouti,DJI,Africa,1973,1970,0.655,0.18,1.006,178460.0,,E
Djibouti,DJI,Africa,1974,1970,-0.201,0.194,1.008,192622.0,,E
Djibouti,DJI,Africa,1975,1970,0.124,0.198,0.943,209922.0,,E
Djibouti,DJI,Africa,1976,1970,-0.007,0.198,0.857,230747.0,,E
Djibouti,DJI,Africa,1977,1970,0.226,0.198,0.777,254629.0,,E
Djibouti,DJI,Africa,1978,1970,0.235,0.202,0.72,280042.0,,E
Djibouti,DJI,Africa,1979,1970,0.05,0.363,1.191,304525.0,,E
Djibouti,DJI,Africa,1980,1980,0.75,0.348,1.068,325822.0,,E
Djibouti,DJI,Africa,1981,1980,0.055,0.3,0.876,343056.0,,E
Djibouti,DJI,Africa,1982,1980,0.148,0.348,0.975,356887.0,,E
Djibouti,DJI,Africa,1983,1980,0.294,0.348,0.942,369558.0,,E
Djibouti,DJI,Africa,1984,1980,-0.108,0.352,0.916,384072.0,,E
Djibouti,DJI,Africa,1985,1980,0.037,0.359,0.892,402691.0,,E
Djibouti,DJI,Africa,1986,1980,-0.082,0.377,0.885,426345.0,,E
Djibouti,DJI,Africa,1987,1980,0.194,0.388,0.855,454409.0,,E
Djibouti,DJI,Africa,1988,1980,0.547,0.348,0.718,484531.0,,E
Djibouti,DJI,Africa,1989,1980,-0.148,0.388,0.742,523362.0,,E
Djibouti,DJI,Africa,1990,1990,0.479,0.297,0.512,579544.0,29.65,E
Djibouti,DJI,Africa,1991,1990,0.405,0.3,0.476,631096.0,30.14,E
Djibouti,DJI,Africa,1992,1990,0.369,0.304,0.486,626016.0,30.26,E
Djibouti,DJI,Africa,1993,1990,0.223,0.304,0.495,614247.0,31.17,E
Djibouti,DJI,Africa,1994,1990,0.189,0.3,0.479,626717.0,32.41,E
Djibouti,DJI,Africa,1995,1990,0.562,0.311,0.492,633075.0,32.22,E
Djibouti,DJI,Africa,1996,1990,0.67,0.304,0.469,648354.0,33.97,E
Djibouti,DJI,Africa,1997,1990,0.56,0.333,0.496,671826.0,32.04,E
Djibouti,DJI,Africa,1998,1990,0.86,0.388,0.555,699355.0,29.6,E
Djibouti,DJI,Africa,1999,1990,0.282,0.388,0.536,724228.0,29.58,E
Djibouti,DJI,Africa,2000,2000,0.695,0.366,0.49,747326.0,31.44,E
Djibouti,DJI,Africa,2001,2000,0.654,0.366,0.475,771311.0,31.68,E
Djibouti,DJI,Africa,2002,2000,1.215,0.399,0.502,795576.0,32.44,E
Djibouti,DJI,Africa,2003,2000,1.254,0.421,0.518,813528.0,32.88,E
Djibouti,DJI,Africa,2004,2000,0.75,0.407,0.492,826133.0,33.62,E
Djibouti,DJI,Africa,2005,2000,0.965,0.414,0.493,839174.0,33.09,E
Djibouti,DJI,Africa,2006,2000,0.639,0.414,0.484,855767.0,33.01,E
Djibouti,DJI,Africa,2007,2000,0.641,0.454,0.52,874530.0,32.52,E
Djibouti,DJI,Africa,2008,2000,0.074,0.495,0.554,892739.0,33.14,E
Djibouti,DJI,Africa,2009,2000,1.137,0.443,0.486,911524.0,34.38,E
Djibouti,DJI,Africa,2010,2010,0.794,0.517,0.555,930252.0,32.54,E
Djibouti,DJI,Africa,2011,2010,0.664,0.315,0.332,948565.0,32.02,E
Djibouti,DJI,Africa,2012,2010,,0.293,0.303,966754.0,32.28,O
Djibouti,DJI,Africa,2013,2010,0.993,0.381,0.387,984833.0,29.93,E
Djibouti,DJI,Africa,2014,2010,0.859,0.418,0.416,1002720.0,29.42,E
Djibouti,DJI,Africa,2015,2010,1.37,0.505,0.495,1020316.0,24.75,E
Djibouti,DJI,Africa,2016,2010,1.187,0.428,0.412,1037660.0,23.63,E
Djibouti,DJI,Africa,2017,2010,1.385,0.414,0.392,1054844.0,23.3,E
Djibouti,DJI,Africa,2018,2010,0.887,0.472,0.44,1071886.0,24.95,E
Djibouti,DJI,Africa,2019,2010,0.917,0.54,0.496,1088710.0,24.15,E
Djibouti,DJI,Africa,2020,2020,1.005,0.463,0.419,1105193.0,26.77,E
Djibouti,DJI,Africa,2021,2020,0.647,0.558,0.497,1121251.0,33.58,E
Djibouti,DJI,Africa,2022,2020,1.1,0.55,0.484,1137101.0,38.51,E
Djibouti,DJI,Africa,2023,2020,0.366,0.558,0.484,1152951.0,37.46,E
Djibouti,DJI,Africa,2024,2020,1.603,0.564,0.483,1168726.0,42.5,E
Dominica,DMA,North America,1970,1970,0.096,0.026,0.372,68927.0,,E
Dominica,DMA,North America,1971,1970,-0.323,0.026,0.369,69548.0,,E
Dominica,DMA,North America,1972,1970,-0.171,0.026,0.366,70072.0,,E
Dominica,DMA,North America,1973,1970,0.168,0.026,0.363,70603.0,,E
Dominica,DMA,North America,1974,1970,-0.381,0.029,0.412,71106.0,,E
Dominica,DMA,North America,1975,1970,-0.374,0.029,0.409,71589.0,,E
Dominica,DMA,North America,1976,1970,-0.419,0.029,0.407,72036.0,,E
Dominica,DMA,North America,1977,1970,0.067,0.026,0.354,72424.0,,E
Dominica,DMA,North America,1978,1970,0.108,0.026,0.353,72741.0,,E
Dominica,DMA,North America,1979,1970,0.2,0.033,0.452,72978.0,,E
Dominica,DMA,North America,1980,1980,0.45,0.037,0.501,73102.0,,E
Dominica,DMA,North America,1981,1980,0.451,0.037,0.502,73004.0,,E
Dominica,DMA,North America,1982,1980,0.104,0.04,0.554,72704.0,,E
Dominica,DMA,North America,1983,1980,0.465,0.04,0.557,72385.0,,E
Dominica,DMA,North America,1984,1980,-0.027,0.044,0.61,72075.0,,E
Dominica,DMA,North America,1985,1980,-0.04,0.048,0.664,71768.0,,E
Dominica,DMA,North America,1986,1980,0.033,0.048,0.667,71426.0,,E
Dominica,DMA,North America,1987,1980,0.611,0.048,0.67,71044.0,,E
Dominica,DMA,North America,1988,1980,0.411,0.055,0.778,70628.0,,E
Dominica,DMA,North America,1989,1980,-0.045,0.059,0.835,70171.0,,E
Dominica,DMA,North America,1990,1990,0.515,0.059,0.842,69644.0,14.6,E
Dominica,DMA,North America,1991,1990,0.451,0.059,0.846,69321.0,14.51,E
Dominica,DMA,North America,1992,1990,0.388,0.059,0.845,69344.0,14.49,E
Dominica,DMA,North America,1993,1990,0.523,0.062,0.897,69453.0,13.41,E
Dominica,DMA,North America,1994,1990,0.598,0.07,1.002,69493.0,13.11,E
Dominica,DMA,North America,1995,1990,0.717,0.081,1.16,69490.0,15.65,E
Dominica,DMA,North America,1996,1990,0.477,0.073,1.056,69422.0,20.85,E
Dominica,DMA,North America,1997,1990,0.672,0.081,1.163,69315.0,15.52,E
Dominica,DMA,North America,1998,1990,1.101,0.077,1.113,69144.0,15.01,E
Dominica,DMA,North America,1999,1990,0.538,0.081,1.17,68883.0,14.08,E
Dominica,DMA,North America,2000,2000,0.36,0.103,1.497,68527.0,11.06,E
Dominica,DMA,North America,2001,2000,0.683,0.11,1.609,68299.0,9.41,E
Dominica,DMA,North America,2002,2000,0.749,0.103,1.5,68385.0,13.6,E
Dominica,DMA,North America,2003,2000,0.747,0.117,1.71,68552.0,10.56,E
Dominica,DMA,North America,2004,2000,0.488,0.143,2.081,68664.0,11.4,E
Dominica,DMA,North America,2005,2000,0.839,0.15,2.185,68750.0,10.02,E
Dominica,DMA,North America,2006,2000,0.677,0.143,2.076,68823.0,9.82,E
Dominica,DMA,North America,2007,2000,0.769,0.172,2.501,68862.0,7.75,E
Dominica,DMA,North America,2008,2000,0.292,0.169,2.447,68866.0,7.96,E
Dominica,DMA,North America,2009,2000,0.494,0.187,2.713,68879.0,7.48,E
Dominica,DMA,North America,2010,2010,1.127,0.169,2.447,68872.0,10.28,E
Dominica,DMA,North America,2011,2010,0.479,0.15,2.175,69073.0,13.8,E
Dominica,DMA,North America,2012,2010,0.63,0.165,2.385,69138.0,11.33,E
Dominica,DMA,North America,2013,2010,0.66,0.158,2.259,69733.0,11.41,E
Dominica,DMA,North America,2014,2010,0.641,0.169,2.395,70387.0,9.86,E
Dominica,DMA,North America,2015,2010,0.863,0.176,2.497,70429.0,8.68,E
Dominica,DMA,North America,2016,2010,1.001,0.172,2.473,69627.0,10.74,E
Dominica,DMA,North America,2017,2010,0.777,0.154,2.246,68514.0,9.66,E
Dominica,DMA,North America,2018,2010,0.633,0.165,2.418,68195.0,7.89,E
Dominica,DMA,North America,2019,2010,0.787,0.172,2.536,67901.0,7.59,E
Dominica,DMA,North America,2020,2020,1.076,0.158,2.331,67588.0,8.54,E
Dominica,DMA,North America,2021,2020,0.789,0.161,2.398,67222.0,8.78,E
Dominica,DMA,North America,2022,2020,0.742,0.165,2.466,66847.0,8.86,E
Dominica,DMA,North America,2023,2020,0.978,0.165,2.473,66531.0,7.9,E
Dominica,DMA,North America,2024,2020,1.613,0.171,2.58,66226.0,8.47,E
Denmark,DNK,Europe,1970,1970,-1.21,62.043,12.588,4928674.0,,E
Denmark,DNK,Europe,1971,1970,0.264,57.004,11.486,4963064.0,,E
Denmark,DNK,Europe,1972,1970,0.294,59.579,11.936,4991569.0,,E
Denmark,DNK,Europe,1973,1970,0.673,59.198,11.788,5021765.0,,E
Denmark,DNK,Europe,1974,1970,0.579,55.013,10.903,5045639.0,,E
Denmark,DNK,Europe,1975,1970,1.334,55.712,11.009,5060403.0,,E
Denmark,DNK,Europe,1976,1970,0.294,60.057,11.839,5072803.0,,E
Denmark,DNK,Europe,1977,1970,-0.022,61.769,12.139,5088571.0,,E
Denmark,DNK,Europe,1978,1970,0.138,61.028,11.956,5104341.0,,E
Denmark,DNK,Europe,1979,1970,-1.197,62.908,12.294,5116862.0,,E
Denmark,DNK,Europe,1980,1980,-0.446,60.29,11.768,5123079.0,,E
Denmark,DNK,Europe,1981,1980,0.294,51.72,10.098,5121628.0,,E
Denmark,DNK,Europe,1982,1980,-0.005,53.619,10.477,5117897.0,,E
Denmark,DNK,Europe,1983,1980,1.055,50.102,9.796,5114468.0,,E
Denmark,DNK,Europe,1984,1980,0.381,50.784,9.935,5111831.0,,E
Denmark,DNK,Europe,1985,1980,-1.002,59.984,11.73,5113878.0,,E
Denmark,DNK,Europe,1986,1980,-0.444,58.802,11.483,5120691.0,,E
Denmark,DNK,Europe,1987,1980,-0.99,58.246,11.36,5127134.0,,E
Denmark,DNK,Europe,1988,1980,0.917,55.014,10.725,5129650.0,,E
Denmark,DNK,Europe,1989,1980,1.786,48.685,9.485,5132717.0,,E
Denmark,DNK,Europe,1990,1990,1.821,53.477,10.402,5141024.0,7.05,E
Denmark,DNK,Europe,1991,1990,0.608,64.105,12.437,5154346.0,7.07,E
Denmark,DNK,Europe,1992,1990,1.44,58.327,11.279,5171372.0,7.75,E
Denmark,DNK,Europe,1993,1990,0.212,60.574,11.674,5188638.0,7.7,E
Denmark,DNK,Europe,1994,1990,0.952,64.673,12.422,5206188.0,7.33,E
Denmark,DNK,Europe,1995,1990,1.292,61.653,11.781,5233364.0,7.51,E
Denmark,DNK,Europe,1996,1990,-0.759,74.9,14.231,5263071.0,7.26,E
Denmark,DNK,Europe,1997,1990,0.642,65.438,12.382,5285041.0,8.1,E
Denmark,DNK,Europe,1998,1990,0.856,61.238,11.545,5304263.0,8.51,E
Denmark,DNK,Europe,1999,1990,1.317,58.653,11.021,5321814.0,9.06,E
Denmark,DNK,Europe,2000,2000,1.698,54.307,10.17,5339659.0,10.73,E
Denmark,DNK,Europe,2001,2000,1.024,55.897,10.431,5358825.0,11.12,E
Denmark,DNK,Europe,2002,2000,1.635,55.554,10.334,5375967.0,11.86,E
Denmark,DNK,Europe,2003,2000,0.689,60.645,11.25,5390621.0,12.72,E
Denmark,DNK,Europe,2004,2000,1.024,55.1,10.195,5404594.0,14.44,E
Denmark,DNK,Europe,2005,2000,1.273,51.535,9.509,5419550.0,16.12,E
Denmark,DNK,Europe,2006,2000,1.342,59.5,10.943,5437425.0,15.26,E
Denmark,DNK,Europe,2007,2000,2.131,54.709,10.017,5461604.0,17.69,E
Denmark,DNK,Europe,2008,2000,1.852,51.256,9.33,5493762.0,18.54,E
Denmark,DNK,Europe,2009,2000,1.319,48.851,8.845,5523169.0,19.33,E
Denmark,DNK,Europe,2010,2010,-0.198,49.19,8.866,5547865.0,21.2,E
Denmark,DNK,Europe,2011,2010,0.68,44.237,7.941,5570848.0,23.83,E
Denmark,DNK,Europe,2012,2010,1.137,39.861,7.128,5591911.0,26.93,E
Denmark,DNK,Europe,2013,2010,0.399,41.763,7.437,5615333.0,27.05,E
Denmark,DNK,Europe,2014,2010,2.678,37.571,6.657,5643795.0,30.19,E
Denmark,DNK,Europe,2015,2010,1.52,35.111,6.177,5683698.0,32.54,E
Denmark,DNK,Europe,2016,2010,1.852,36.917,6.445,5728196.0,31.96,E
Denmark,DNK,Europe,2017,2010,1.622,34.665,6.013,5765164.0,35.03,E
Denmark,DNK,Europe,2018,2010,2.107,34.609,5.973,5793824.0,34.54,E
Denmark,DNK,Europe,2019,2010,2.178,30.95,5.323,5814618.0,37.28,E
Denmark,DNK,Europe,2020,2020,2.636,28.3,4.853,5831529.0,39.38,E
Denmark,DNK,Europe,2021,2020,1.687,29.604,5.055,5856774.0,39.37,E
Denmark,DNK,Europe,2022,2020,2.231,29.094,4.929,5902901.0,38.87,E
Denmark,DNK,Europe,2023,2020,1.876,28.831,4.847,5948134.0,40.59,E
Denmark,DNK,Europe,2024,2020,2.344,28.369,4.746,5977417.0,,E
Dominican Republic,DOM,North America,1970,1970,-0.011,3.105,0.706,4399294.0,,E
Dominican Republic,DOM,North America,1971,1970,-0.304,3.519,0.778,4524238.0,,E
Dominican Republic,DOM,North America,1972,1970,-0.034,4.669,1.004,4651892.0,,E
Dominican Republic,DOM,North America,1973,1970,0.253,5.959,1.246,4782235.0,,E
Dominican Republic,DOM,North America,1974,1970,-0.495,6.41,1.304,4914198.0,,E
Dominican Republic,DOM,North America,1975,1970,-0.079,6.333,1.255,5046783.0,,E
Dominican Republic,DOM,North America,1976,1970,-0.429,6.322,1.22,5180404.0,,E
Dominican Republic,DOM,North America,1977,1970,0.264,5.598,1.053,5315446.0,,E
Dominican Republic,DOM,North America,1978,1970,0.186,5.429,0.996,5451891.0,,E
Dominican Republic,DOM,North America,1979,1970,0.098,6.784,1.214,5589694.0,,E
Dominican Republic,DOM,North America,1980,1980,0.605,6.425,1.121,5729043.0,,E
Dominican Republic,DOM,North America,1981,1980,0.381,6.133,1.045,5868459.0,,E
Dominican Republic,DOM,North America,1982,1980,0.154,6.301,1.049,6007115.0,,E
Dominican Republic,DOM,North America,1983,1980,0.539,7.862,1.279,6147244.0,,E
Dominican Republic,DOM,North America,1984,1980,0.185,7.386,1.174,6289048.0,,E
Dominican Republic,DOM,North America,1985,1980,0.042,7.237,1.125,6430404.0,,E
Dominican Republic,DOM,North America,1986,1980,0.146,8.116,1.235,6571213.0,,E
Dominican Republic,DOM,North America,1987,1980,0.644,9.682,1.442,6712519.0,,E
Dominican Republic,DOM,North America,1988,1980,0.544,9.732,1.419,6855737.0,,E
Dominican Republic,DOM,North America,1989,1980,0.166,10.249,1.464,7002300.0,,E
Dominican Republic,DOM,North America,1990,1990,0.469,8.929,1.249,7151165.0,28.01,E
Dominican Republic,DOM,North America,1991,1990,0.334,9.529,1.305,7299849.0,28.16,E
Dominican Republic,DOM,North America,1992,1990,0.143,10.405,1.397,7447476.0,25.35,E
Dominican Republic,DOM,North America,1993,1990,0.4,11.195,1.474,7594567.0,26.83,E
Dominican Republic,DOM,North America,1994,1990,0.438,11.781,1.522,7741694.0,24.43,E
Dominican Republic,DOM,North America,1995,1990,0.63,15.09,1.913,7888120.0,22.33,E
Dominican Republic,DOM,North America,1996,1990,0.318,16.459,2.049,8032895.0,20.3,E
Dominican Republic,DOM,North America,1997,1990,0.623,17.234,2.108,8174081.0,18.25,E
Dominican Republic,DOM,North America,1998,1990,1.015,17.756,2.137,8310369.0,20.42,E
Dominican Republic,DOM,North America,1999,1990,0.594,17.775,2.104,8446207.0,19.89,E
Dominican Republic,DOM,North America,2000,2000,0.338,18.937,2.206,8584196.0,19.1,E
Dominican Republic,DOM,North America,2001,2000,0.738,19.083,2.188,8720287.0,18.88,E
Dominican Republic,DOM,North America,2002,2000,0.809,20.87,2.358,8852231.0,17.93,E
Dominican Republic,DOM,North America,2003,2000,0.945,21.26,2.367,8980626.0,18.93,E
Dominican Republic,DOM,North America,2004,2000,0.543,17.254,1.895,9104889.0,20.66,E
Dominican Republic,DOM,North America,2005,2000,0.864,17.852,1.935,9225035.0,19.42,E
Dominican Republic,DOM,North America,2006,2000,0.793,19.03,2.037,9341187.0,17.97,E
Dominican Republic,DOM,North America,2007,2000,1.069,19.909,2.106,9455663.0,17.88,E
Dominican Republic,DOM,North America,2008,2000,0.455,20.235,2.114,9573135.0,17.67,E
Dominican Republic,DOM,North America,2009,2000,0.519,19.686,2.031,9695270.0,17.33,E
Dominican Republic,DOM,North America,2010,2010,1.019,20.445,2.082,9820180.0,16.9,E
Dominican Republic,DOM,North America,2011,2010,0.356,20.922,2.104,9945623.0,16.74,E
Dominican Republic,DOM,North America,2012,2010,0.574,20.903,2.076,10070409.0,16.47,E
Dominican Republic,DOM,North America,2013,2010,0.819,20.842,2.045,10193838.0,16.54,E
Dominican Republic,DOM,North America,2014,2010,0.761,21.264,2.061,10315523.0,17.27,E
Dominican Republic,DOM,North America,2015,2010,1.08,22.986,2.203,10434826.0,14.86,E
Dominican Republic,DOM,North America,2016,2010,0.932,24.14,2.288,10551430.0,15.3,E
Dominican Republic,DOM,North America,2017,2010,0.862,23.455,2.199,10666846.0,16.84,E
Dominican Republic,DOM,North America,2018,2010,0.874,25.203,2.338,10782048.0,15.91,E
Dominican Republic,DOM,North America,2019,2010,0.959,28.471,2.613,10894043.0,14.45,E
Dominican Republic,DOM,North America,2020,2020,1.398,26.228,2.383,11008298.0,15.81,E
Dominican Republic,DOM,North America,2021,2020,0.956,29.363,2.64,11123480.0,14.7,E
Dominican Republic,DOM,North America,2022,2020,0.893,31.225,2.78,11230734.0,13.39,E
Dominican Republic,DOM,North America,2023,2020,1.276,31.829,2.809,11331269.0,13.63,E
Dominican Republic,DOM,North America,2024,2020,1.382,33.131,2.899,11427558.0,,E
Algeria,DZA,Africa,1970,1970,0.063,15.059,1.093,13783722.0,,E
Algeria,DZA,Africa,1971,1970,-0.438,18.642,1.322,14098937.0,,E
Algeria,DZA,Africa,1972,1970,-0.395,28.308,1.962,14427075.0,,E
Algeria,DZA,Africa,1973,1970,-0.08,38.254,2.59,14771150.0,,E
Algeria,DZA,Africa,1974,1970,-0.555,31.847,2.104,15133508.0,,E
Algeria,DZA,Africa,1975,1970,-0.603,31.964,2.039,15678603.0,,E
Algeria,DZA,Africa,1976,1970,-0.877,39.068,2.381,16409171.0,,E
Algeria,DZA,Africa,1977,1970,0.472,41.753,2.454,17015988.0,,E
Algeria,DZA,Africa,1978,1970,-0.028,62.299,3.559,17506977.0,,E
Algeria,DZA,Africa,1979,1970,0.609,45.303,2.512,18036655.0,,E
Algeria,DZA,Africa,1980,1980,0.159,66.124,3.554,18607175.0,,E
Algeria,DZA,Africa,1981,1980,0.136,45.999,2.393,19220708.0,,E
Algeria,DZA,Africa,1982,1980,0.317,38.808,1.953,19872353.0,,E
Algeria,DZA,Africa,1983,1980,0.524,52.074,2.533,20558120.0,,E
Algeria,DZA,Africa,1984,1980,-0.04,70.417,3.31,21271969.0,,E
Algeria,DZA,Africa,1985,1980,0.454,71.988,3.271,22008542.0,,E
Algeria,DZA,Africa,1986,1980,0.257,75.382,3.314,22745501.0,,E
Algeria,DZA,Africa,1987,1980,0.9,83.02,3.541,23443627.0,,E
Algeria,DZA,Africa,1988,1980,1.289,82.839,3.436,24109538.0,,E
Algeria,DZA,Africa,1989,1980,0.295,78.942,3.189,24754488.0,,E
Algeria,DZA,Africa,1990,1990,1.235,75.892,2.991,25375815.0,0.18,E
Algeria,DZA,Africa,1991,1990,-0.003,77.976,3.0,25987937.0,0.32,E
Algeria,DZA,Africa,1992,1990,-0.34,79.284,2.977,26628570.0,0.29,E
Algeria,DZA,Africa,1993,1990,0.528,81.306,2.981,27277042.0,0.47,E
Algeria,DZA,Africa,1994,1990,0.698,87.848,3.15,27887277.0,0.4,E
Algeria,DZA,Africa,1995,1990,0.555,95.906,3.369,28470194.0,0.42,E
Algeria,DZA,Africa,1996,1990,0.795,99.56,3.429,29033045.0,0.38,E
Algeria,DZA,Africa,1997,1990,0.983,87.517,2.959,29579299.0,0.47,E
Algeria,DZA,Africa,1998,1990,1.056,105.74,3.518,30054135.0,0.54,E
Algeria,DZA,Africa,1999,1990,1.425,90.613,2.973,30474360.0,0.51,E
Algeria,DZA,Africa,2000,2000,0.765,84.552,2.736,30903894.0,0.43,E
Algeria,DZA,Africa,2001,2000,1.793,86.019,2.745,31331226.0,0.43,E
Algeria,DZA,Africa,2002,2000,1.187,89.658,2.824,31750832.0,0.51,E
Algeria,DZA,Africa,2003,2000,1.518,94.078,2.924,32175813.0,0.47,E
Algeria,DZA,Africa,2004,2000,0.92,90.853,2.784,32628286.0,0.44,E
Algeria,DZA,Africa,2005,2000,1.192,109.564,3.309,33109258.0,0.58,E
Algeria,DZA,Africa,2006,2000,1.333,103.798,3.087,33623505.0,0.4,E
Algeria,DZA,Africa,2007,2000,1.158,107.549,3.146,34189420.0,0.41,E
Algeria,DZA,Africa,2008,2000,1.129,108.596,3.119,34816963.0,0.3,E
Algeria,DZA,Africa,2009,2000,0.887,116.328,3.278,35490442.0,0.31,E
Algeria,DZA,Africa,2010,2010,2.182,117.847,3.257,36188237.0,0.26,E
Algeria,DZA,Africa,2011,2010,1.323,124.715,3.38,36903374.0,0.18,E
Algeria,DZA,Africa,2012,2010,1.081,135.593,3.602,37646165.0,0.18,E
Algeria,DZA,Africa,2013,2010,1.108,141.534,3.684,38414176.0,0.13,E
Algeria,DZA,Africa,2014,2010,1.603,152.435,3.888,39205035.0,0.07,E
Algeria,DZA,Africa,2015,2010,1.05,160.322,4.006,40019528.0,0.06,E
Algeria,DZA,Africa,2016,2010,1.685,158.308,3.875,40850719.0,0.08,E
Algeria,DZA,Africa,2017,2010,1.431,165.252,3.964,41689302.0,0.14,E
Algeria,DZA,Africa,2018,2010,1.15,174.461,4.104,42505033.0,0.19,E
Algeria,DZA,Africa,2019,2010,1.117,182.425,4.214,43294551.0,0.16,E
Algeria,DZA,Africa,2020,2020,1.881,171.139,3.886,44042094.0,0.15,E
Algeria,DZA,Africa,2021,2020,2.333,182.036,4.067,44761099.0,0.11,E
Algeria,DZA,Africa,2022,2020,1.696,192.779,4.239,45477391.0,0.15,E
Algeria,DZA,Africa,2023,2020,2.196,202.847,4.394,46164222.0,0.13,E
Algeria,DZA,Africa,2024,2020,2.725,198.203,4.234,46814302.0,,E
Ecuador,ECU,South America,1970,1970,-0.172,4.278,0.695,6155392.0,,E
Ecuador,ECU,South America,1971,1970,-0.519,4.219,0.666,6340056.0,,E
Ecuador,ECU,South America,1972,1970,0.539,4.589,0.703,6529040.0,,E
Ecuador,ECU,South America,1973,1970,0.131,5.256,0.782,6722036.0,,E
Ecuador,ECU,South America,1974,1970,-0.269,6.084,0.879,6918571.0,,E
Ecuador,ECU,South America,1975,1970,-0.32,7.355,1.033,7118258.0,,E
Ecuador,ECU,South America,1976,1970,0.325,8.101,1.107,7320913.0,,E
Ecuador,ECU,South America,1977,1970,0.363,7.474,0.993,7526826.0,,E
Ecuador,ECU,South America,1978,1970,0.247,10.41,1.346,7736176.0,,E
Ecuador,ECU,South America,1979,1970,0.432,12.146,1.528,7948871.0,,E
Ecuador,ECU,South America,1980,1980,0.409,13.416,1.643,8165882.0,,E
Ecuador,ECU,South America,1981,1980,0.021,16.662,1.987,8386913.0,,E
Ecuador,ECU,South America,1982,1980,0.495,19.249,2.235,8611296.0,,E
Ecuador,ECU,South America,1983,1980,0.932,19.517,2.208,8840424.0,,E
Ecuador,ECU,South America,1984,1980,-0.032,21.209,2.337,9074783.0,,E
Ecuador,ECU,South America,1985,1980,-0.181,19.378,2.081,9311152.0,,E
Ecuador,ECU,South America,1986,1980,0.068,15.222,1.595,9545999.0,,E
Ecuador,ECU,South America,1987,1980,0.931,15.055,1.539,9779290.0,,E
Ecuador,ECU,South America,1988,1980,0.247,17.205,1.719,10010804.0,,E
Ecuador,ECU,South America,1989,1980,-0.081,20.194,1.972,10241859.0,,E
Ecuador,ECU,South America,1990,1990,0.407,16.501,1.575,10473674.0,24.2,E
Ecuador,ECU,South America,1991,1990,0.484,16.198,1.514,10702377.0,24.17,E
Ecuador,ECU,South America,1992,1990,0.855,21.998,2.013,10930128.0,20.8,E
Ecuador,ECU,South America,1993,1990,0.559,24.121,2.163,11154283.0,21.62,E
Ecuador,ECU,South America,1994,1990,0.361,14.338,1.261,11372197.0,20.85,E
Ecuador,ECU,South America,1995,1990,0.611,23.534,2.03,11590519.0,20.36,E
Ecuador,ECU,South America,1996,1990,-0.106,25.337,2.145,11810954.0,19.3,E
Ecuador,ECU,South America,1997,1990,1.074,19.461,1.618,12031129.0,16.55,E
Ecuador,ECU,South America,1998,1990,1.124,23.117,1.887,12251188.0,18.2,E
Ecuador,ECU,South America,1999,1990,0.087,21.997,1.764,12470800.0,19.59,E
Ecuador,ECU,South America,2000,2000,0.128,20.949,1.651,12689215.0,19.43,E
Ecuador,ECU,South America,2001,2000,0.32,23.436,1.815,12910736.0,17.06,E
Ecuador,ECU,South America,2002,2000,0.619,24.861,1.892,13138473.0,17.1,E
Ecuador,ECU,South America,2003,2000,0.621,27.113,2.028,13372304.0,16.5,E
Ecuador,ECU,South America,2004,2000,0.608,29.31,2.154,13608700.0,16.44,E
Ecuador,ECU,South America,2005,2000,0.601,30.652,2.214,13846162.0,15.85,E
Ecuador,ECU,South America,2006,2000,0.589,29.781,2.114,14086138.0,13.87,E
Ecuador,ECU,South America,2007,2000,0.559,34.393,2.4,14328783.0,15.5,E
Ecuador,ECU,South America,2008,2000,0.532,30.488,2.092,14575201.0,14.97,E
Ecuador,ECU,South America,2009,2000,1.058,33.815,2.281,14825960.0,12.62,E
Ecuador,ECU,South America,2010,2010,0.946,36.469,2.419,15076697.0,11.52,E
Ecuador,ECU,South America,2011,2010,0.846,38.48,2.511,15326232.0,12.98,E
Ecuador,ECU,South America,2012,2010,0.696,37.493,2.408,15572195.0,13.0,E
Ecuador,ECU,South America,2013,2010,0.591,39.685,2.511,15807132.0,11.64,E
Ecuador,ECU,South America,2014,2010,1.208,43.76,2.729,16035127.0,11.97,E
Ecuador,ECU,South America,2015,2010,1.603,41.298,2.539,16266229.0,12.82,E
Ecuador,ECU,South America,2016,2010,1.558,39.375,2.386,16505142.0,14.45,E
Ecuador,ECU,South America,2017,2010,1.2,39.196,2.339,16759515.0,16.67,E
Ecuador,ECU,South America,2018,2010,1.112,38.451,2.255,17049542.0,16.31,E
Ecuador,ECU,South America,2019,2010,1.454,40.083,2.312,17340017.0,17.37,E
Ecuador,ECU,South America,2020,2020,1.561,32.473,1.851,17546058.0,19.76,E
Ecuador,ECU,South America,2021,2020,1.002,38.185,2.159,17682454.0,18.39,E
Ecuador,ECU,South America,2022,2020,0.727,42.066,2.36,17823900.0,16.77,E
Ecuador,ECU,South America,2023,2020,2.094,44.6,2.481,17980079.0,16.71,E
Ecuador,ECU,South America,2024,2020,1.988,45.98,2.535,18135478.0,,E
Egypt,EGY,Africa,1970,1970,-0.07,21.654,0.625,34623990.0,,E
Egypt,EGY,Africa,1971,1970,-0.239,22.977,0.648,35433370.0,,E
Egypt,EGY,Africa,1972,1970,0.01,25.406,0.701,36258327.0,,E
Egypt,EGY,Africa,1973,1970,-0.285,23.663,0.638,37102044.0,,E
Egypt,EGY,Africa,1974,1970,-0.113,25.972,0.684,37969667.0,,E
Egypt,EGY,Africa,1975,1970,-0.474,30.899,0.795,38875326.0,,E
Egypt,EGY,Africa,1976,1970,-0.257,34.272,0.861,39795558.0,,E
Egypt,EGY,Africa,1977,1970,-0.111,37.616,0.923,40748878.0,,E
Egypt,EGY,Africa,1978,1970,-0.263,39.054,0.935,41761437.0,,E
Egypt,EGY,Africa,1979,1970,0.592,42.662,0.996,42818635.0,,E
Egypt,EGY,Africa,1980,1980,-0.088,44.918,1.022,43950413.0,,E
Egypt,EGY,Africa,1981,1980,-0.251,50.58,1.12,45147226.0,,E
Egypt,EGY,Africa,1982,1980,-0.379,56.0,1.207,46407612.0,,E
Egypt,EGY,Africa,1983,1980,-1.083,56.38,1.18,47786401.0,,E
Egypt,EGY,Africa,1984,1980,-0.174,62.942,1.278,49247336.0,,E
Egypt,EGY,Africa,1985,1980,0.28,63.087,1.243,50734974.0,,E
Egypt,EGY,Africa,1986,1980,0.151,73.378,1.406,52206296.0,,E
Egypt,EGY,Africa,1987,1980,-0.303,73.377,1.367,53674436.0,,E
Egypt,EGY,Africa,1988,1980,0.261,72.847,1.32,55187680.0,,E
Egypt,EGY,Africa,1989,1980,-0.15,69.94,1.233,56710641.0,,E
Egypt,EGY,Africa,1990,1990,-0.081,72.884,1.248,58396625.0,9.05,E
Egypt,EGY,Africa,1991,1990,0.428,74.447,1.24,60029001.0,9.43,E
Egypt,EGY,Africa,1992,1990,-0.588,77.419,1.259,61480663.0,9.15,E
Egypt,EGY,Africa,1993,1990,0.033,90.835,1.444,62915681.0,9.24,E
Egypt,EGY,Africa,1994,1990,0.632,87.483,1.361,64285596.0,10.05,E
Egypt,EGY,Africa,1995,1990,0.158,97.968,1.492,65652621.0,9.47,E
Egypt,EGY,Africa,1996,1990,0.394,97.042,1.448,67028045.0,9.08,E
Egypt,EGY,Africa,1997,1990,0.068,110.934,1.621,68431738.0,8.65,E
Egypt,EGY,Africa,1998,1990,0.773,124.256,1.777,69943297.0,8.51,E
Egypt,EGY,Africa,1999,1990,0.839,126.987,1.776,71520953.0,8.78,E
Egypt,EGY,Africa,2000,2000,0.083,142.837,1.954,73083287.0,8.28,E
Egypt,EGY,Africa,2001,2000,0.687,126.372,1.693,74652035.0,7.86,E
Egypt,EGY,Africa,2002,2000,0.816,128.362,1.684,76239140.0,7.39,E
Egypt,EGY,Africa,2003,2000,0.716,149.954,1.926,77853548.0,7.49,E
Egypt,EGY,Africa,2004,2000,0.637,151.917,1.911,79477441.0,7.61,E
Egypt,EGY,Africa,2005,2000,0.511,166.934,2.058,81101012.0,6.51,E
Egypt,EGY,Africa,2006,2000,0.712,178.389,2.157,82700404.0,6.25,E
Egypt,EGY,Africa,2007,2000,0.558,189.201,2.245,84276224.0,6.09,E
Egypt,EGY,Africa,2008,2000,0.87,195.86,2.281,85864791.0,5.92,E
Egypt,EGY,Africa,2009,2000,0.853,205.243,2.346,87501635.0,5.69,E
Egypt,EGY,Africa,2010,2010,2.273,202.704,2.273,89196073.0,5.4,E
Egypt,EGY,Africa,2011,2010,0.614,221.675,2.434,91093066.0,5.45,E
Egypt,EGY,Africa,2012,2010,0.941,212.524,2.281,93161000.0,5.32,E
Egypt,EGY,Africa,2013,2010,1.041,219.087,2.298,95333551.0,5.31,E
Egypt,EGY,Africa,2014,2010,1.247,227.254,2.33,97528655.0,5.41,E
Egypt,EGY,Africa,2015,2010,1.198,226.654,2.276,99597334.0,5.3,E
Egypt,EGY,Africa,2016,2010,1.392,245.164,2.412,101644583.0,5.09,E
Egypt,EGY,Africa,2017,2010,0.61,253.364,2.443,103696055.0,4.95,E
Egypt,EGY,Africa,2018,2010,2.057,241.903,2.289,105682092.0,5.05,E
Egypt,EGY,Africa,2019,2010,0.992,234.06,2.176,107553159.0,6.27,E
Egypt,EGY,Africa,2020,2020,1.0,246.323,2.253,109315118.0,6.24,E
Egypt,EGY,Africa,2021,2020,1.688,266.839,2.405,110957005.0,5.67,E
Egypt,EGY,Africa,2022,2020,0.613,249.899,2.219,112618252.0,5.67,E
Egypt,EGY,Africa,2023,2020,1.868,250.23,2.185,114535772.0,5.57,E
Egypt,EGY,Africa,2024,2020,2.013,258.368,2.217,116538256.0,,E
Eritrea,ERI,Africa,1970,1970,,,,1243457.0,,
Eritrea,ERI,Africa,1971,1970,,,,1276160.0,,
Eritrea,ERI,Africa,1972,1970,,,,1309248.0,,
Eritrea,ERI,Africa,1973,1970,,,,1342677.0,,
Eritrea,ERI,Africa,1974,1970,,,,1375687.0,,
Eritrea,ERI,Africa,1975,1970,,,,1408218.0,,
Eritrea,ERI,Africa,1976,1970,,,,1443811.0,,
Eritrea,ERI,Africa,1977,1970,,,,1482567.0,,
Eritrea,ERI,Africa,1978,1970,,,,1522382.0,,
Eritrea,ERI,Africa,1979,1970,,,,1563332.0,,
Eritrea,ERI,Africa,1980,1980,,,,1605800.0,,
Eritrea,ERI,Africa,1981,1980,,,,1649946.0,,
Eritrea,ERI,Africa,1982,1980,,,,1695465.0,,
Eritrea,ERI,Africa,1983,1980,,,,1736163.0,,
Eritrea,ERI,Africa,1984,1980,,,,1771736.0,,
Eritrea,ERI,Africa,1985,1980,,,,1807812.0,,
Eritrea,ERI,Africa,1986,1980,,,,1845169.0,,
Eritrea,ERI,Africa,1987,1980,,,,1888672.0,,
Eritrea,ERI,Africa,1988,1980,,,,1938264.0,,
Eritrea,ERI,Africa,1989,1980,,,,1987021.0,,
Eritrea,ERI,Africa,1990,1990,,,,2032749.0,0.0,
Eritrea,ERI,Africa,1991,1990,,,,1919575.0,0.0,
Eritrea,ERI,Africa,1992,1990,,,,1798750.0,89.87,
Eritrea,ERI,Africa,1993,1990,,,,1856017.0,83.64,O
Eritrea,ERI,Africa,1994,1990,,0.707,0.37,1913919.0,80.1,O
Eritrea,ERI,Africa,1995,1990,,0.79,0.39,2025273.0,77.89,O
Eritrea,ERI,Africa,1996,1990,0.08,0.862,0.405,2128464.0,76.38,E
Eritrea,ERI,Africa,1997,1990,0.27,0.768,0.357,2152146.0,77.6,E
Eritrea,ERI,Africa,1998,1990,0.429,0.586,0.269,2180423.0,75.01,E
Eritrea,ERI,Africa,1999,1990,0.798,0.615,0.278,2212785.0,76.13,E
Eritrea,ERI,Africa,2000,2000,0.531,0.604,0.269,2247036.0,76.79,E
Eritrea,ERI,Africa,2001,2000,0.467,0.637,0.276,2312083.0,74.85,E
Eritrea,ERI,Africa,2002,2000,1.046,0.509,0.213,2392981.0,74.69,E
Eritrea,ERI,Africa,2003,2000,0.628,0.78,0.313,2493906.0,75.05,E
Eritrea,ERI,Africa,2004,2000,1.086,0.633,0.244,2598288.0,69.79,E
Eritrea,ERI,Africa,2005,2000,0.75,0.586,0.22,2661215.0,74.69,E
Eritrea,ERI,Africa,2006,2000,0.882,0.454,0.168,2703501.0,77.29,E
Eritrea,ERI,Africa,2007,2000,0.233,0.424,0.155,2743226.0,79.1,E
Eritrea,ERI,Africa,2008,2000,1.046,0.398,0.141,2816331.0,81.36,E
Eritrea,ERI,Africa,2009,2000,1.711,0.446,0.154,2887887.0,81.65,E
Eritrea,ERI,Africa,2010,2010,1.6,0.468,0.159,2945184.0,80.9,E
Eritrea,ERI,Africa,2011,2010,1.464,0.578,0.193,2998493.0,77.07,E
Eritrea,ERI,Africa,2012,2010,1.454,0.608,0.2,3036998.0,78.42,E
Eritrea,ERI,Africa,2013,2010,1.118,0.57,0.185,3074367.0,79.65,E
Eritrea,ERI,Africa,2014,2010,0.884,0.569,0.184,3095168.0,80.49,E
Eritrea,ERI,Africa,2015,2010,1.754,0.557,0.18,3105554.0,81.19,E
Eritrea,ERI,Africa,2016,2010,0.995,0.554,0.177,3124700.0,81.39,E
Eritrea,ERI,Africa,2017,2010,1.371,0.553,0.176,3150350.0,81.67,E
Eritrea,ERI,Africa,2018,2010,0.946,0.616,0.193,3192763.0,80.84,E
Eritrea,ERI,Africa,2019,2010,0.753,0.645,0.199,3240194.0,80.58,E
Eritrea,ERI,Africa,2020,2020,,0.641,0.195,3291277.0,80.95,O
Eritrea,ERI,Africa,2021,2020,1.242,0.682,0.203,3350185.0,80.6,E
Eritrea,ERI,Africa,2022,2020,0.295,0.718,0.211,3409450.0,79.95,E
Eritrea,ERI,Africa,2023,2020,,0.731,0.211,3470391.0,79.56,O
Eritrea,ERI,Africa,2024,2020,,0.743,0.21,3535610.0,,O
Western Sahara,ESH,Africa,1970,1970,0.458,,,,,E
Western Sahara,ESH,Africa,1971,1970,-0.692,,,,,E
Western Sahara,ESH,Africa,1972,1970,-1.168,,,,,E
Western Sahara,ESH,Africa,1973,1970,-0.072,,,,,E
Western Sahara,ESH,Africa,1974,1970,-0.663,,,,,E
Western Sahara,ESH,Africa,1975,1970,-0.332,,,,,E
Western Sahara,ESH,Africa,1976,1970,-1.029,,,,,E
Western Sahara,ESH,Africa,1977,1970,0.056,,,,,E
Western Sahara,ESH,Africa,1978,1970,0.351,,,,,E
Western Sahara,ESH,Africa,1979,1970,0.533,,,,,E
Western Sahara,ESH,Africa,1980,1980,0.424,,,,,E
Western Sahara,ESH,Africa,1981,1980,0.561,,,,,E
Western Sahara,ESH,Africa,1982,1980,0.334,,,,,E
Western Sahara,ESH,Africa,1983,1980,0.773,,,,,E
Western Sahara,ESH,Africa,1984,1980,0.358,,,,,E
Western Sahara,ESH,Africa,1985,1980,0.698,,,,,E
Western Sahara,ESH,Africa,1986,1980,0.257,,,,,E
Western Sahara,ESH,Africa,1987,1980,1.017,,,,,E
Western Sahara,ESH,Africa,1988,1980,0.434,,,,,E
Western Sahara,ESH,Africa,1989,1980,0.618,,,,,E
Western Sahara,ESH,Africa,1990,1990,1.312,,,,,E
Western Sahara,ESH,Africa,1991,1990,0.534,,,,,E
Western Sahara,ESH,Africa,1992,1990,0.464,,,,,E
Western Sahara,ESH,Africa,1993,1990,0.378,,,,,E
Western Sahara,ESH,Africa,1994,1990,0.844,,,,,E
Western Sahara,ESH,Africa,1995,1990,1.31,,,,,E
Western Sahara,ESH,Africa,1996,1990,1.302,,,,,E
Western Sahara,ESH,Africa,1997,1990,1.485,,,,,E
Western Sahara,ESH,Africa,1998,1990,1.403,,,,,E
Western Sahara,ESH,Africa,1999,1990,1.002,,,,,E
Western Sahara,ESH,Africa,2000,2000,0.944,,,,,E
Western Sahara,ESH,Africa,2001,2000,1.395,,,,,E
Western Sahara,ESH,Africa,2002,2000,1.335,,,,,E
Western Sahara,ESH,Africa,2003,2000,1.446,,,,,E
Western Sahara,ESH,Africa,2004,2000,1.528,,,,,E
Western Sahara,ESH,Africa,2005,2000,1.229,,,,,E
Western Sahara,ESH,Africa,2006,2000,1.424,,,,,E
Western Sahara,ESH,Africa,2007,2000,0.936,,,,,E
Western Sahara,ESH,Africa,2008,2000,1.387,,,,,E
Western Sahara,ESH,Africa,2009,2000,0.993,,,,,E
Western Sahara,ESH,Africa,2010,2010,2.013,,,,,E
Western Sahara,ESH,Africa,2011,2010,1.669,,,,,E
Western Sahara,ESH,Africa,2012,2010,1.386,,,,,E
Western Sahara,ESH,Africa,2013,2010,1.451,,,,,E
Western Sahara,ESH,Africa,2014,2010,1.422,,,,,E
Western Sahara,ESH,Africa,2015,2010,1.519,,,,,E
Western Sahara,ESH,Africa,2016,2010,1.622,,,,,E
Western Sahara,ESH,Africa,2017,2010,2.083,,,,,E
Western Sahara,ESH,Africa,2018,2010,0.789,,,,,E
Western Sahara,ESH,Africa,2019,2010,1.33,,,,,E
Western Sahara,ESH,Africa,2020,2020,1.908,,,,,E
Western Sahara,ESH,Africa,2021,2020,1.427,,,,,E
Western Sahara,ESH,Africa,2022,2020,1.847,,,,,E
Western Sahara,ESH,Africa,2023,2020,2.309,,,,,E
Western Sahara,ESH,Africa,2024,2020,2.087,,,,,E
Spain,ESP,Europe,1970,1970,0.109,116.766,3.453,33812720.0,,E
Spain,ESP,Europe,1971,1970,-0.761,128.459,3.761,34157447.0,,E
Spain,ESP,Europe,1972,1970,-0.847,144.716,4.19,34539861.0,,E
Spain,ESP,Europe,1973,1970,-0.188,154.957,4.437,34926521.0,,E
Spain,ESP,Europe,1974,1970,-0.459,172.666,4.883,35361763.0,,E
Spain,ESP,Europe,1975,1970,-0.114,181.054,5.058,35795771.0,,E
Spain,ESP,Europe,1976,1970,-0.393,197.749,5.466,36176273.0,,E
Spain,ESP,Europe,1977,1970,-0.185,194.829,5.33,36551267.0,,E
Spain,ESP,Europe,1978,1970,0.079,199.514,5.406,36904970.0,,E
Spain,ESP,Europe,1979,1970,0.255,202.747,5.446,37230370.0,,E
Spain,ESP,Europe,1980,1980,0.157,213.915,5.699,37537560.0,,E
Spain,ESP,Europe,1981,1980,0.327,206.1,5.451,37812708.0,,E
Spain,ESP,Europe,1982,1980,0.695,208.595,5.483,38047097.0,,E
Spain,ESP,Europe,1983,1980,0.542,203.446,5.318,38253247.0,,E
Spain,ESP,Europe,1984,1980,-0.176,197.708,5.144,38437483.0,,E
Spain,ESP,Europe,1985,1980,0.467,199.943,5.18,38601315.0,,E
Spain,ESP,Europe,1986,1980,0.248,189.124,4.882,38735706.0,,E
Spain,ESP,Europe,1987,1980,0.709,189.515,4.878,38852007.0,,E
Spain,ESP,Europe,1988,1980,0.783,197.462,5.069,38952258.0,,E
Spain,ESP,Europe,1989,1980,1.032,224.893,5.762,39029557.0,,E
Spain,ESP,Europe,1990,1990,1.445,229.383,5.869,39084975.0,10.58,E
Spain,ESP,Europe,1991,1990,0.203,239.291,6.104,39201750.0,9.95,E
Spain,ESP,Europe,1992,1990,0.294,247.687,6.283,39420344.0,8.25,E
Spain,ESP,Europe,1993,1990,-0.063,239.099,6.03,39651627.0,9.11,E
Spain,ESP,Europe,1994,1990,1.019,251.388,6.307,39858721.0,9.24,E
Spain,ESP,Europe,1995,1990,1.413,265.069,6.618,40052733.0,8.26,E
Spain,ESP,Europe,1996,1990,0.689,252.562,6.277,40237375.0,10.06,E
Spain,ESP,Europe,1997,1990,1.506,264.899,6.553,40423823.0,9.16,E
Spain,ESP,Europe,1998,1990,1.162,273.65,6.737,40617436.0,8.94,E
Spain,ESP,Europe,1999,1990,0.781,297.025,7.278,40812855.0,7.67,E
Spain,ESP,Europe,2000,2000,0.778,309.26,7.539,41019772.0,7.88,E
Spain,ESP,Europe,2001,2000,1.369,311.031,7.541,41245602.0,8.93,E
Spain,ESP,Europe,2002,2000,0.782,331.028,7.928,41755703.0,7.41,E
Spain,ESP,Europe,2003,2000,1.566,335.539,7.894,42506540.0,8.91,E
Spain,ESP,Europe,2004,2000,0.959,352.139,8.145,43234562.0,8.04,E
Spain,ESP,Europe,2005,2000,0.84,367.447,8.359,43958883.0,7.3,E
Spain,ESP,Europe,2006,2000,1.474,358.869,8.029,44695446.0,8.48,E
Spain,ESP,Europe,2007,2000,0.791,366.469,8.051,45516501.0,9.01,E
Spain,ESP,Europe,2008,2000,0.818,335.284,7.252,46235055.0,9.74,E
Spain,ESP,Europe,2009,2000,1.3,296.159,6.351,46635182.0,12.21,E
Spain,ESP,Europe,2010,2010,0.864,282.585,6.033,46840469.0,14.39,E
Spain,ESP,Europe,2011,2010,1.571,283.275,6.027,46998040.0,14.72,E
Spain,ESP,Europe,2012,2010,0.999,277.432,5.901,47018323.0,15.75,E
Spain,ESP,Europe,2013,2010,0.874,252.109,5.38,46860394.0,16.91,E
Spain,ESP,Europe,2014,2010,1.575,253.658,5.429,46720187.0,17.32,E
Spain,ESP,Europe,2015,2010,1.49,270.248,5.789,46683683.0,16.14,E
Spain,ESP,Europe,2016,2010,1.681,259.555,5.554,46732768.0,16.55,E
Spain,ESP,Europe,2017,2010,2.003,273.484,5.835,46868594.0,15.04,E
Spain,ESP,Europe,2018,2010,1.109,268.521,5.702,47092817.0,16.78,E
Spain,ESP,Europe,2019,2010,1.48,250.674,5.285,47435121.0,16.54,E
Spain,ESP,Europe,2020,2020,2.018,211.765,4.441,47679482.0,19.13,E
Spain,ESP,Europe,2021,2020,1.356,228.806,4.793,47735670.0,18.77,E
Spain,ESP,Europe,2022,2020,2.401,234.223,4.897,47828386.0,17.98,E
Spain,ESP,Europe,2023,2020,2.565,215.461,4.497,47911583.0,21.49,E
Spain,ESP,Europe,2024,2020,2.283,220.341,4.599,47910533.0,,E
Estonia,EST,Europe,1970,1970,,23.799,17.475,1361872.0,,
Estonia,EST,Europe,1971,1970,,25.259,18.376,1374523.0,,
Estonia,EST,Europe,1972,1970,,26.582,19.162,1387217.0,,
Estonia,EST,Europe,1973,1970,,27.712,19.803,1399344.0,,
Estonia,EST,Europe,1974,1970,,28.774,20.385,1411552.0,,
Estonia,EST,Europe,1975,1970,,30.254,21.253,1423506.0,,
Estonia,EST,Europe,1976,1970,,31.417,21.896,1434868.0,,
Estonia,EST,Europe,1977,1970,,32.485,22.456,1446571.0,,
Estonia,EST,Europe,1978,1970,,33.595,23.039,1458228.0,,
Estonia,EST,Europe,1979,1970,,33.871,23.073,1468020.0,,
Estonia,EST,Europe,1980,1980,,35.207,23.846,1476465.0,,
Estonia,EST,Europe,1981,1980,,34.534,23.25,1485343.0,,
Estonia,EST,Europe,1982,1980,,35.186,23.537,1494911.0,,
Estonia,EST,Europe,1983,1980,,35.69,23.71,1505247.0,,
Estonia,EST,Europe,1984,1980,,36.009,23.759,1515613.0,,
Estonia,EST,Europe,1985,1980,,38.842,25.465,1525281.0,,
Estonia,EST,Europe,1986,1980,,38.839,25.293,1535594.0,,
Estonia,EST,Europe,1987,1980,,37.908,24.5,1547258.0,,
Estonia,EST,Europe,1988,1980,,38.014,24.382,1559101.0,,
Estonia,EST,Europe,1989,1980,,38.945,24.844,1567590.0,,
Estonia,EST,Europe,1990,1990,,36.906,23.503,1570309.0,3.54,
Estonia,EST,Europe,1991,1990,,34.135,21.806,1565380.0,3.59,
Estonia,EST,Europe,1992,1990,1.615,24.413,15.85,1540214.0,5.88,E
Estonia,EST,Europe,1993,1990,0.571,19.433,12.918,1504344.0,6.64,E
Estonia,EST,Europe,1994,1990,0.374,20.039,13.579,1475716.0,11.11,E
Estonia,EST,Europe,1995,1990,1.757,18.053,12.427,1452774.0,17.88,E
Estonia,EST,Europe,1996,1990,-0.349,19.033,13.267,1434655.0,20.08,E
Estonia,EST,Europe,1997,1990,0.926,18.673,13.136,1421494.0,20.05,E
Estonia,EST,Europe,1998,1990,0.541,16.933,11.999,1411206.0,17.88,E
Estonia,EST,Europe,1999,1990,1.52,15.93,11.349,1403578.0,19.97,E
Estonia,EST,Europe,2000,2000,2.062,15.471,11.074,1397001.0,19.76,E
Estonia,EST,Europe,2001,2000,1.831,15.87,11.432,1388174.0,18.85,E
Estonia,EST,Europe,2002,2000,1.476,15.358,11.134,1379438.0,19.34,E
Estonia,EST,Europe,2003,2000,0.226,17.251,12.584,1370849.0,19.88,E
Estonia,EST,Europe,2004,2000,1.172,17.322,12.712,1362682.0,20.0,E
Estonia,EST,Europe,2005,2000,1.603,17.09,12.614,1354847.0,18.9,E
Estonia,EST,Europe,2006,2000,1.265,16.438,12.205,1346885.0,17.22,E
Estonia,EST,Europe,2007,2000,2.263,19.93,14.866,1340709.0,18.65,E
Estonia,EST,Europe,2008,2000,2.596,17.815,13.324,1337078.0,20.54,E
Estonia,EST,Europe,2009,2000,1.611,14.405,10.794,1334528.0,24.21,E
Estonia,EST,Europe,2010,2010,0.531,18.965,14.244,1331450.0,25.32,E
Estonia,EST,Europe,2011,2010,1.29,18.948,14.275,1327366.0,25.16,E
Estonia,EST,Europe,2012,2010,1.452,17.761,13.429,1322615.0,24.96,E
Estonia,EST,Europe,2013,2010,1.162,19.634,14.898,1317920.0,24.47,E
Estonia,EST,Europe,2014,2010,2.419,18.784,14.29,1314457.0,25.29,E
Estonia,EST,Europe,2015,2010,2.348,15.78,12.004,1314580.0,28.17,E
Estonia,EST,Europe,2016,2010,1.916,17.433,13.248,1315850.0,27.23,E
Estonia,EST,Europe,2017,2010,1.48,18.616,14.131,1317430.0,27.52,E
Estonia,EST,Europe,2018,2010,2.392,17.801,13.465,1321972.0,28.56,E
Estonia,EST,Europe,2019,2010,2.195,12.288,9.261,1326822.0,31.21,E
Estonia,EST,Europe,2020,2020,3.599,9.198,6.918,1329675.0,40.28,E
Estonia,EST,Europe,2021,2020,2.135,10.391,7.802,1331750.0,37.77,E
Estonia,EST,Europe,2022,2020,1.962,11.966,8.863,1350093.0,37.01,E
Estonia,EST,Europe,2023,2020,2.178,8.744,6.396,1367195.0,40.14,E
Estonia,EST,Europe,2024,2020,2.768,8.307,6.105,1360548.0,,E
Ethiopia,ETH,Africa,1970,1970,,1.652,0.059,27829135.0,,
Ethiopia,ETH,Africa,1971,1970,,1.849,0.065,28600114.0,,
Ethiopia,ETH,Africa,1972,1970,,1.406,0.048,29374611.0,,
Ethiopia,ETH,Africa,1973,1970,,1.751,0.058,30166789.0,,
Ethiopia,ETH,Africa,1974,1970,,1.736,0.056,30957277.0,,
Ethiopia,ETH,Africa,1975,1970,,1.209,0.038,31723255.0,,
Ethiopia,ETH,Africa,1976,1970,,1.175,0.036,32534428.0,,
Ethiopia,ETH,Africa,1977,1970,,1.047,0.032,33167276.0,,
Ethiopia,ETH,Africa,1978,1970,,1.369,0.041,33734601.0,,
Ethiopia,ETH,Africa,1979,1970,,1.844,0.054,34238655.0,,
Ethiopia,ETH,Africa,1980,1980,,1.817,0.053,34428515.0,,
Ethiopia,ETH,Africa,1981,1980,,1.86,0.053,35304010.0,,
Ethiopia,ETH,Africa,1982,1980,,1.474,0.04,36701293.0,,
Ethiopia,ETH,Africa,1983,1980,,1.835,0.049,37740821.0,,
Ethiopia,ETH,Africa,1984,1980,,1.65,0.043,38735728.0,,
Ethiopia,ETH,Africa,1985,1980,,1.799,0.045,39842136.0,,
Ethiopia,ETH,Africa,1986,1980,,2.195,0.053,41037658.0,,
Ethiopia,ETH,Africa,1987,1980,,2.554,0.06,42460039.0,,
Ethiopia,ETH,Africa,1988,1980,,2.64,0.06,44150834.0,,
Ethiopia,ETH,Africa,1989,1980,,2.794,0.061,45879686.0,,
Ethiopia,ETH,Africa,1990,1990,,2.987,0.063,47609760.0,95.65,
Ethiopia,ETH,Africa,1991,1990,,2.958,0.06,49717203.0,95.78,
Ethiopia,ETH,Africa,1992,1990,,2.937,0.057,51853756.0,97.11,
Ethiopia,ETH,Africa,1993,1990,0.184,2.994,0.056,53708892.0,96.41,E
Ethiopia,ETH,Africa,1994,1990,0.516,2.197,0.04,55611514.0,96.01,E
Ethiopia,ETH,Africa,1995,1990,0.728,2.506,0.044,57537340.0,95.67,E
Ethiopia,ETH,Africa,1996,1990,0.732,2.794,0.047,59467640.0,95.33,E
Ethiopia,ETH,Africa,1997,1990,0.643,2.98,0.049,61404541.0,95.17,E
Ethiopia,ETH,Africa,1998,1990,0.735,3.147,0.05,63363523.0,95.02,E
Ethiopia,ETH,Africa,1999,1990,0.247,3.094,0.047,65374561.0,95.14,E
Ethiopia,ETH,Africa,2000,2000,0.473,3.463,0.051,67411496.0,94.85,E
Ethiopia,ETH,Africa,2001,2000,0.611,4.265,0.061,69487767.0,93.75,E
Ethiopia,ETH,Africa,2002,2000,0.933,4.432,0.062,71635521.0,93.68,E
Ethiopia,ETH,Africa,2003,2000,0.978,4.87,0.066,73832664.0,93.34,E
Ethiopia,ETH,Africa,2004,2000,0.712,5.159,0.068,76077211.0,93.23,E
Ethiopia,ETH,Africa,2005,2000,0.963,4.956,0.063,78367476.0,93.91,E
Ethiopia,ETH,Africa,2006,2000,0.845,5.318,0.066,80703495.0,93.71,E
Ethiopia,ETH,Africa,2007,2000,0.705,5.84,0.07,83103218.0,93.34,E
Ethiopia,ETH,Africa,2008,2000,0.655,6.418,0.075,85543670.0,93.22,E
Ethiopia,ETH,Africa,2009,2000,1.158,6.453,0.073,88007641.0,93.36,E
Ethiopia,ETH,Africa,2010,2010,1.101,6.344,0.07,90538518.0,93.29,E
Ethiopia,ETH,Africa,2011,2010,0.957,7.355,0.079,93149977.0,92.64,E
Ethiopia,ETH,Africa,2012,2010,0.855,7.988,0.083,95798771.0,92.34,E
Ethiopia,ETH,Africa,2013,2010,0.993,9.744,0.099,98438752.0,91.42,E
Ethiopia,ETH,Africa,2014,2010,0.902,11.543,0.114,101115615.0,90.29,E
Ethiopia,ETH,Africa,2015,2010,1.221,12.564,0.121,103867140.0,90.36,E
Ethiopia,ETH,Africa,2016,2010,1.223,14.323,0.134,106718163.0,89.18,E
Ethiopia,ETH,Africa,2017,2010,1.073,14.603,0.133,109666482.0,89.53,E
Ethiopia,ETH,Africa,2018,2010,0.48,16.117,0.143,112664157.0,88.69,E
Ethiopia,ETH,Africa,2019,2010,0.821,17.177,0.148,115737384.0,87.85,E
Ethiopia,ETH,Africa,2020,2020,0.785,16.735,0.141,118917670.0,89.04,E
Ethiopia,ETH,Africa,2021,2020,0.881,17.906,0.147,122138588.0,88.31,E
Ethiopia,ETH,Africa,2022,2020,0.848,16.96,0.135,125384285.0,88.3,E
Ethiopia,ETH,Africa,2023,2020,0.848,17.571,0.137,128691695.0,88.87,E
Ethiopia,ETH,Africa,2024,2020,1.592,17.837,0.135,132059770.0,,E
Finland,FIN,Europe,1970,1970,-0.629,40.355,8.761,4606308.0,,E
Finland,FIN,Europe,1971,1970,-0.45,40.537,8.789,4612135.0,,E
Finland,FIN,Europe,1972,1970,0.936,44.106,9.507,4639548.0,,E
Finland,FIN,Europe,1973,1970,1.14,49.32,10.57,4665909.0,,E
Finland,FIN,Europe,1974,1970,1.121,46.608,9.937,4690366.0,,E
Finland,FIN,Europe,1975,1970,1.892,46.026,9.769,4711172.0,,E
Finland,FIN,Europe,1976,1970,-0.876,51.198,10.835,4725340.0,,E
Finland,FIN,Europe,1977,1970,-0.228,50.137,10.581,4738581.0,,E
Finland,FIN,Europe,1978,1970,-0.523,51.825,10.905,4752243.0,,E
Finland,FIN,Europe,1979,1970,-0.757,54.237,11.384,4764437.0,,E
Finland,FIN,Europe,1980,1980,-0.383,58.143,12.165,4779358.0,,E
Finland,FIN,Europe,1981,1980,-0.242,51.403,10.709,4799849.0,,E
Finland,FIN,Europe,1982,1980,-0.157,42.98,8.904,4826884.0,,E
Finland,FIN,Europe,1983,1980,0.962,41.463,8.539,4855791.0,,E
Finland,FIN,Europe,1984,1980,0.757,42.147,8.633,4881827.0,,E
Finland,FIN,Europe,1985,1980,-1.176,49.549,10.107,4902262.0,,E
Finland,FIN,Europe,1986,1980,-0.18,53.218,10.82,4918256.0,,E
Finland,FIN,Europe,1987,1980,-1.654,57.533,11.665,4932257.0,,E
Finland,FIN,Europe,1988,1980,0.579,52.058,10.524,4946629.0,,E
Finland,FIN,Europe,1989,1980,2.176,52.452,10.565,4964525.0,,E
Finland,FIN,Europe,1990,1990,1.248,56.921,11.415,4986576.0,24.51,E
Finland,FIN,Europe,1991,1990,1.138,55.195,11.008,5013889.0,24.03,E
Finland,FIN,Europe,1992,1990,1.165,54.272,10.764,5042145.0,25.12,E
Finland,FIN,Europe,1993,1990,0.936,56.32,11.116,5066594.0,26.0,E
Finland,FIN,Europe,1994,1990,0.143,61.739,12.133,5088454.0,25.13,E
Finland,FIN,Europe,1995,1990,1.7,58.122,11.379,5107919.0,27.27,E
Finland,FIN,Europe,1996,1990,0.139,64.04,12.496,5124715.0,26.87,E
Finland,FIN,Europe,1997,1990,0.782,62.703,12.199,5139927.0,28.83,E
Finland,FIN,Europe,1998,1990,0.072,59.358,11.518,5153545.0,30.5,E
Finland,FIN,Europe,1999,1990,1.161,58.874,11.398,5165516.0,30.24,E
Finland,FIN,Europe,2000,2000,2.028,57.017,11.015,5176197.0,31.85,E
Finland,FIN,Europe,2001,2000,1.373,62.52,12.051,5187970.0,29.39,E
Finland,FIN,Europe,2002,2000,1.176,65.049,12.508,5200548.0,29.67,E
Finland,FIN,Europe,2003,2000,0.713,72.658,13.938,5212958.0,28.49,E
Finland,FIN,Europe,2004,2000,1.235,68.946,13.187,5228147.0,31.26,E
Finland,FIN,Europe,2005,2000,2.204,57.064,10.877,5246078.0,31.68,E
Finland,FIN,Europe,2006,2000,1.208,68.374,12.983,5266248.0,31.4,E
Finland,FIN,Europe,2007,2000,1.948,66.764,12.624,5288715.0,31.91,E
Finland,FIN,Europe,2008,2000,2.131,58.625,11.033,5313379.0,34.76,E
Finland,FIN,Europe,2009,2000,1.693,55.921,10.474,5338854.0,32.54,E
Finland,FIN,Europe,2010,2010,0.243,64.092,11.95,5363347.0,33.58,E
Finland,FIN,Europe,2011,2010,1.353,56.646,10.513,5388236.0,35.29,E
Finland,FIN,Europe,2012,2010,1.545,51.154,9.449,5413978.0,38.87,E
Finland,FIN,Europe,2013,2010,1.43,51.719,9.509,5439057.0,38.68,E
Finland,FIN,Europe,2014,2010,2.589,47.622,8.719,5461686.0,41.41,E
Finland,FIN,Europe,2015,2010,2.613,44.192,8.065,5479719.0,43.4,E
Finland,FIN,Europe,2016,2010,2.156,47.252,8.598,5495468.0,42.53,E
Finland,FIN,Europe,2017,2010,1.488,44.657,8.107,5508398.0,44.51,E
Finland,FIN,Europe,2018,2010,2.161,45.736,8.292,5515730.0,44.45,E
Finland,FIN,Europe,2019,2010,1.451,42.444,7.687,5521754.0,45.59,E
Finland,FIN,Europe,2020,2020,3.319,37.72,6.821,5529616.0,47.51,E
Finland,FIN,Europe,2021,2020,1.941,37.82,6.825,5541069.0,50.44,E
Finland,FIN,Europe,2022,2020,2.055,36.337,6.525,5569300.0,49.69,E
Finland,FIN,Europe,2023,2020,1.884,31.799,5.677,5601185.0,50.76,E
Finland,FIN,Europe,2024,2020,2.267,29.775,5.301,5617311.0,,E
Fiji,FJI,Oceania,1970,1970,0.14,0.52,0.979,531198.0,,E
Fiji,FJI,Oceania,1971,1970,0.133,0.549,1.015,541132.0,,E
Fiji,FJI,Oceania,1972,1970,-0.238,0.579,1.051,550508.0,,E
Fiji,FJI,Oceania,1973,1970,0.431,0.63,1.126,559232.0,,E
Fiji,FJI,Oceania,1974,1970,0.216,0.67,1.181,567498.0,,E
Fiji,FJI,Oceania,1975,1970,0.255,0.623,1.081,575919.0,,E
Fiji,FJI,Oceania,1976,1970,0.059,0.483,0.825,585544.0,,E
Fiji,FJI,Oceania,1977,1970,-0.087,0.765,1.279,597811.0,,E
Fiji,FJI,Oceania,1978,1970,0.01,0.709,1.158,612101.0,,E
Fiji,FJI,Oceania,1979,1970,0.15,0.836,1.334,626876.0,,E
Fiji,FJI,Oceania,1980,1980,0.157,0.792,1.234,641985.0,,E
Fiji,FJI,Oceania,1981,1980,0.135,1.077,1.638,657473.0,,E
Fiji,FJI,Oceania,1982,1980,0.188,0.835,1.24,673422.0,,E
Fiji,FJI,Oceania,1983,1980,0.094,0.709,1.028,689845.0,,E
Fiji,FJI,Oceania,1984,1980,0.346,0.577,0.817,706722.0,,E
Fiji,FJI,Oceania,1985,1980,0.34,0.573,0.792,723767.0,,E
Fiji,FJI,Oceania,1986,1980,-0.098,0.598,0.809,739320.0,,E
Fiji,FJI,Oceania,1987,1980,0.268,0.472,0.629,750551.0,,E
Fiji,FJI,Oceania,1988,1980,0.839,0.55,0.725,758707.0,,E
Fiji,FJI,Oceania,1989,1980,0.272,0.625,0.816,766331.0,,E
Fiji,FJI,Oceania,1990,1990,0.368,0.801,1.036,773325.0,57.14,E
Fiji,FJI,Oceania,1991,1990,0.202,0.655,0.84,779666.0,55.48,E
Fiji,FJI,Oceania,1992,1990,0.251,0.73,0.93,785349.0,56.29,E
Fiji,FJI,Oceania,1993,1990,-0.108,0.729,0.922,790380.0,57.66,E
Fiji,FJI,Oceania,1994,1990,0.068,0.723,0.91,794779.0,61.96,E
Fiji,FJI,Oceania,1995,1990,0.556,0.737,0.922,798750.0,58.53,E
Fiji,FJI,Oceania,1996,1990,0.596,0.792,0.986,803788.0,57.47,E
Fiji,FJI,Oceania,1997,1990,0.318,0.764,0.941,812145.0,51.91,E
Fiji,FJI,Oceania,1998,1990,0.923,0.743,0.904,822259.0,45.82,E
Fiji,FJI,Oceania,1999,1990,0.679,0.756,0.909,831835.0,54.58,E
Fiji,FJI,Oceania,2000,2000,0.82,0.815,0.969,840913.0,50.5,E
Fiji,FJI,Oceania,2001,2000,0.839,1.004,1.182,849606.0,40.98,E
Fiji,FJI,Oceania,2002,2000,0.839,0.835,0.974,858057.0,49.53,E
Fiji,FJI,Oceania,2003,2000,0.723,0.993,1.146,866297.0,41.53,E
Fiji,FJI,Oceania,2004,2000,0.654,1.301,1.487,874369.0,36.39,E
Fiji,FJI,Oceania,2005,2000,0.804,1.022,1.159,882384.0,40.86,E
Fiji,FJI,Oceania,2006,2000,0.776,1.15,1.292,890370.0,39.88,E
Fiji,FJI,Oceania,2007,2000,1.133,1.085,1.208,897843.0,37.0,E
Fiji,FJI,Oceania,2008,2000,0.68,0.791,0.876,903403.0,43.32,E
Fiji,FJI,Oceania,2009,2000,0.455,0.703,0.775,907248.0,43.19,E
Fiji,FJI,Oceania,2010,2010,0.978,1.03,1.131,910427.0,29.67,E
Fiji,FJI,Oceania,2011,2010,0.95,0.931,1.019,912991.0,35.03,E
Fiji,FJI,Oceania,2012,2010,0.637,0.909,0.993,914920.0,35.1,E
Fiji,FJI,Oceania,2013,2010,1.032,1.037,1.132,916359.0,40.67,E
Fiji,FJI,Oceania,2014,2010,0.971,1.18,1.286,917589.0,37.83,E
Fiji,FJI,Oceania,2015,2010,0.916,1.462,1.592,918585.0,35.04,E
Fiji,FJI,Oceania,2016,2010,1.335,1.345,1.463,919167.0,27.46,E
Fiji,FJI,Oceania,2017,2010,1.319,1.455,1.583,918762.0,27.83,E
Fiji,FJI,Oceania,2018,2010,1.039,1.48,1.614,917185.0,27.84,E
Fiji,FJI,Oceania,2019,2010,1.216,1.509,1.65,914906.0,27.39,E
Fiji,FJI,Oceania,2020,2020,1.345,1.37,1.498,914971.0,26.91,E
Fiji,FJI,Oceania,2021,2020,1.113,1.088,1.187,916718.0,32.99,E
Fiji,FJI,Oceania,2022,2020,1.3,1.389,1.51,919428.0,30.02,E
Fiji,FJI,Oceania,2023,2020,0.997,1.382,1.496,924150.0,26.23,E
Fiji,FJI,Oceania,2024,2020,1.286,1.445,1.556,928800.0,28.47,E
Falkland Islands (Malvinas),FLK,South America,1970,1970,0.203,,,,,E
Falkland Islands (Malvinas),FLK,South America,1971,1970,-0.223,,,,,E
Falkland Islands (Malvinas),FLK,South America,1972,1970,-0.505,,,,,E
Falkland Islands (Malvinas),FLK,South America,1973,1970,0.219,,,,,E
Falkland Islands (Malvinas),FLK,South America,1974,1970,0.211,,,,,E
Falkland Islands (Malvinas),FLK,South America,1975,1970,0.128,,,,,E
Falkland Islands (Malvinas),FLK,South America,1976,1970,-0.223,,,,,E
Falkland Islands (Malvinas),FLK,South America,1977,1970,-0.089,,,,,E
Falkland Islands (Malvinas),FLK,South America,1978,1970,0.228,,,,,E
Falkland Islands (Malvinas),FLK,South America,1979,1970,0.644,,,,,E
Falkland Islands (Malvinas),FLK,South America,1980,1980,0.186,,,,,E
Falkland Islands (Malvinas),FLK,South America,1981,1980,0.186,,,,,E
Falkland Islands (Malvinas),FLK,South America,1982,1980,,,,,,O
Falkland Islands (Malvinas),FLK,South America,1983,1980,,,,,,O
Falkland Islands (Malvinas),FLK,South America,1984,1980,,,,,,O
Falkland Islands (Malvinas),FLK,South America,1985,1980,,,,,,O
Falkland Islands (Malvinas),FLK,South America,1986,1980,,,,,,O
Falkland Islands (Malvinas),FLK,South America,1987,1980,,,,,,O
Falkland Islands (Malvinas),FLK,South America,1988,1980,,,,,,O
Falkland Islands (Malvinas),FLK,South America,1989,1980,,,,,,O
Falkland Islands (Malvinas),FLK,South America,1990,1990,,,,,0.0,O
Falkland Islands (Malvinas),FLK,South America,1991,1990,,,,,0.0,O
Falkland Islands (Malvinas),FLK,South America,1992,1990,,,,,0.0,O
Falkland Islands (Malvinas),FLK,South America,1993,1990,,,,,0.0,O
Falkland Islands (Malvinas),FLK,South America,1994,1990,,,,,0.0,O
Falkland Islands (Malvinas),FLK,South America,1995,1990,,,,,0.0,O
Falkland Islands (Malvinas),FLK,South America,1996,1990,,,,,0.0,O
Falkland Islands (Malvinas),FLK,South America,1997,1990,,,,,0.0,O
Falkland Islands (Malvinas),FLK,South America,1998,1990,,,,,0.0,O
Falkland Islands (Malvinas),FLK,South America,1999,1990,,,,,0.0,O
Falkland Islands (Malvinas),FLK,South America,2000,2000,,,,,0.0,O
Falkland Islands (Malvinas),FLK,South America,2001,2000,,,,,0.0,O
Falkland Islands (Malvinas),FLK,South America,2002,2000,,,,,0.0,O
Falkland Islands (Malvinas),FLK,South America,2003,2000,,,,,0.0,O
Falkland Islands (Malvinas),FLK,South America,2004,2000,,,,,0.0,O
Falkland Islands (Malvinas),FLK,South America,2005,2000,,,,,0.0,O
Falkland Islands (Malvinas),FLK,South America,2006,2000,,,,,0.0,O
Falkland Islands (Malvinas),FLK,South America,2007,2000,,,,,0.0,O
Falkland Islands (Malvinas),FLK,South America,2008,2000,,,,,0.84,O
Falkland Islands (Malvinas),FLK,South America,2009,2000,,,,,1.53,O
Falkland Islands (Malvinas),FLK,South America,2010,2010,,,,,1.53,O
Falkland Islands (Malvinas),FLK,South America,2011,2010,,,,,1.77,O
Falkland Islands (Malvinas),FLK,South America,2012,2010,,,,,1.96,O
Falkland Islands (Malvinas),FLK,South America,2013,2010,,,,,1.79,O
Falkland Islands (Malvinas),FLK,South America,2014,2010,,,,,1.77,O
Falkland Islands (Malvinas),FLK,South America,2015,2010,,,,,1.72,O
Falkland Islands (Malvinas),FLK,South America,2016,2010,,,,,2.02,O
Falkland Islands (Malvinas),FLK,South America,2017,2010,,,,,2.0,O
Falkland Islands (Malvinas),FLK,South America,2018,2010,,,,,1.82,O
Falkland Islands (Malvinas),FLK,South America,2019,2010,,,,,1.75,O
Falkland Islands (Malvinas),FLK,South America,2020,2020,,,,,1.47,O
Falkland Islands (Malvinas),FLK,South America,2021,2020,,,,,1.47,O
Falkland Islands (Malvinas),FLK,South America,2022,2020,,,,,1.56,O
Falkland Islands (Malvinas),FLK,South America,2023,2020,,,,,1.48,O
Falkland Islands (Malvinas),FLK,South America,2024,2020,,,,,1.56,O
France,FRA,Europe,1970,1970,-0.106,463.946,9.13,50813071.0,,E
France,FRA,Europe,1971,1970,-0.171,497.046,9.69,51293056.0,,E
France,FRA,Europe,1972,1970,-0.329,517.593,10.003,51743877.0,,E
France,FRA,Europe,1973,1970,0.047,542.646,10.403,52162210.0,,E
France,FRA,Europe,1974,1970,-0.091,524.737,9.994,52504744.0,,E
France,FRA,Europe,1975,1970,0.47,486.023,9.214,52746324.0,,E
France,FRA,Europe,1976,1970,0.357,527.372,9.958,52959120.0,,E
France,FRA,Europe,1977,1970,0.007,511.269,9.611,53197133.0,,E
France,FRA,Europe,1978,1970,-0.223,532.682,9.97,53429668.0,,E
France,FRA,Europe,1979,1970,-0.199,536.053,9.99,53660898.0,,E
France,FRA,Europe,1980,1980,-0.23,514.509,9.538,53941061.0,,E
France,FRA,Europe,1981,1980,0.084,462.596,8.526,54255004.0,,E
France,FRA,Europe,1982,1980,0.797,443.396,8.123,54582405.0,,E
France,FRA,Europe,1983,1980,0.703,426.039,7.762,54889407.0,,E
France,FRA,Europe,1984,1980,-0.093,414.656,7.515,55176626.0,,E
France,FRA,Europe,1985,1980,-0.342,407.802,7.352,55467153.0,,E
France,FRA,Europe,1986,1980,0.008,392.872,7.047,55752833.0,,E
France,FRA,Europe,1987,1980,0.013,390.135,6.961,56048366.0,,E
France,FRA,Europe,1988,1980,0.783,387.601,6.877,56361846.0,,E
France,FRA,Europe,1989,1980,1.274,401.469,7.082,56685081.0,,E
France,FRA,Europe,1990,1990,1.585,394.904,6.929,56990239.0,10.49,E
France,FRA,Europe,1991,1990,0.244,419.119,7.318,57271564.0,11.08,E
France,FRA,Europe,1992,1990,0.647,408.433,7.096,57554867.0,11.32,E
France,FRA,Europe,1993,1990,0.317,388.89,6.728,57801261.0,10.9,E
France,FRA,Europe,1994,1990,1.537,381.903,6.585,57999868.0,10.98,E
France,FRA,Europe,1995,1990,1.318,386.959,6.65,58192207.0,10.74,E
France,FRA,Europe,1996,1990,0.184,403.352,6.909,58380638.0,10.54,E
France,FRA,Europe,1997,1990,1.239,396.023,6.762,58568662.0,10.01,E
France,FRA,Europe,1998,1990,0.943,414.357,7.049,58778817.0,9.74,E
France,FRA,Europe,1999,1990,1.193,413.07,6.991,59084209.0,9.8,E
France,FRA,Europe,2000,2000,1.166,407.445,6.85,59483716.0,9.27,E
France,FRA,Europe,2001,2000,1.382,411.592,6.871,59905131.0,9.4,E
France,FRA,Europe,2002,2000,1.043,407.027,6.747,60327247.0,8.68,E
France,FRA,Europe,2003,2000,1.786,412.989,6.799,60741119.0,8.85,E
France,FRA,Europe,2004,2000,0.958,414.073,6.769,61175244.0,8.9,E
France,FRA,Europe,2005,2000,1.0,416.343,6.756,61625031.0,8.61,E
France,FRA,Europe,2006,2000,1.291,406.669,6.554,62049831.0,8.47,E
France,FRA,Europe,2007,2000,1.383,396.461,6.35,62432438.0,9.39,E
France,FRA,Europe,2008,2000,0.962,389.794,6.209,62780187.0,10.54,E
France,FRA,Europe,2009,2000,1.171,371.404,5.885,63106460.0,11.25,E
France,FRA,Europe,2010,2010,0.349,377.079,5.946,63417366.0,11.93,E
France,FRA,Europe,2011,2010,1.484,355.127,5.572,63733776.0,10.73,E
France,FRA,Europe,2012,2010,1.174,358.1,5.59,64058465.0,12.45,E
France,FRA,Europe,2013,2010,0.668,360.013,5.591,64387736.0,13.48,E
France,FRA,Europe,2014,2010,2.016,327.809,5.067,64692495.0,13.31,E
France,FRA,Europe,2015,2010,1.567,332.131,5.116,64916337.0,13.46,E
France,FRA,Europe,2016,2010,1.741,335.496,5.155,65086853.0,14.37,E
France,FRA,Europe,2017,2010,1.74,338.368,5.183,65284775.0,14.26,E
France,FRA,Europe,2018,2010,1.99,323.102,4.931,65519537.0,15.37,E
France,FRA,Europe,2019,2010,1.952,316.321,4.812,65729460.0,15.73,E
France,FRA,Europe,2020,2020,2.481,281.515,4.272,65905273.0,16.95,E
France,FRA,Europe,2021,2020,1.27,307.272,4.65,66083547.0,16.33,E
France,FRA,Europe,2022,2020,2.869,295.304,4.456,66277412.0,17.12,E
France,FRA,Europe,2023,2020,2.587,270.263,4.068,66438828.0,18.4,E
France,FRA,Europe,2024,2020,2.389,264.156,3.969,66548532.0,,E
Faroe Islands,FRO,Europe,1970,1970,-0.513,0.256,6.698,38294.0,,E
Faroe Islands,FRO,Europe,1971,1970,0.241,0.26,6.718,38723.0,,E
Faroe Islands,FRO,Europe,1972,1970,0.668,0.234,5.982,39199.0,,E
Faroe Islands,FRO,Europe,1973,1970,-0.055,0.253,6.375,39659.0,,E
Faroe Islands,FRO,Europe,1974,1970,0.495,0.3,7.486,40134.0,,E
Faroe Islands,FRO,Europe,1975,1970,-0.03,0.348,8.575,40591.0,,E
Faroe Islands,FRO,Europe,1976,1970,0.501,0.33,8.034,41045.0,,E
Faroe Islands,FRO,Europe,1977,1970,-0.318,0.407,9.803,41487.0,,E
Faroe Islands,FRO,Europe,1978,1970,-0.118,0.399,9.511,41989.0,,E
Faroe Islands,FRO,Europe,1979,1970,-0.882,0.48,11.282,42544.0,,E
Faroe Islands,FRO,Europe,1980,1980,0.021,0.421,9.778,43092.0,,E
Faroe Islands,FRO,Europe,1981,1980,-0.391,0.44,10.072,43653.0,,E
Faroe Islands,FRO,Europe,1982,1980,0.184,0.458,10.364,44193.0,,E
Faroe Islands,FRO,Europe,1983,1980,-0.316,0.487,10.903,44696.0,,E
Faroe Islands,FRO,Europe,1984,1980,0.433,0.498,11.032,45168.0,,E
Faroe Islands,FRO,Europe,1985,1980,-0.184,0.517,11.33,45599.0,,E
Faroe Islands,FRO,Europe,1986,1980,-0.202,0.491,10.667,46028.0,,E
Faroe Islands,FRO,Europe,1987,1980,0.137,0.498,10.719,46486.0,,E
Faroe Islands,FRO,Europe,1988,1980,0.201,0.528,11.23,46981.0,,E
Faroe Islands,FRO,Europe,1989,1980,0.426,0.579,12.178,47536.0,,E
Faroe Islands,FRO,Europe,1990,1990,0.678,0.703,14.802,47525.0,2.54,E
Faroe Islands,FRO,Europe,1991,1990,0.98,0.66,14.081,46839.0,2.73,E
Faroe Islands,FRO,Europe,1992,1990,0.671,0.649,14.085,46043.0,3.11,E
Faroe Islands,FRO,Europe,1993,1990,0.076,0.583,12.9,45160.0,3.05,E
Faroe Islands,FRO,Europe,1994,1990,-0.033,0.575,13.016,44195.0,3.15,E
Faroe Islands,FRO,Europe,1995,1990,-0.178,0.572,13.031,43863.0,3.21,E
Faroe Islands,FRO,Europe,1996,1990,0.324,0.597,13.511,44203.0,2.71,E
Faroe Islands,FRO,Europe,1997,1990,0.87,0.586,13.154,44568.0,3.26,E
Faroe Islands,FRO,Europe,1998,1990,0.656,0.623,13.866,44920.0,3.14,E
Faroe Islands,FRO,Europe,1999,1990,0.56,0.634,14.011,45242.0,2.79,E
Faroe Islands,FRO,Europe,2000,2000,0.268,0.689,15.077,45687.0,2.77,E
Faroe Islands,FRO,Europe,2001,2000,0.53,0.762,16.474,46262.0,2.56,E
Faroe Islands,FRO,Europe,2002,2000,1.104,0.729,15.563,46852.0,3.4,E
Faroe Islands,FRO,Europe,2003,2000,1.675,0.733,15.444,47448.0,3.11,E
Faroe Islands,FRO,Europe,2004,2000,1.093,0.747,15.559,48041.0,3.42,E
Faroe Islands,FRO,Europe,2005,2000,0.552,0.722,14.918,48386.0,3.84,E
Faroe Islands,FRO,Europe,2006,2000,1.2,0.678,13.989,48456.0,4.3,E
Faroe Islands,FRO,Europe,2007,2000,1.018,0.692,14.279,48498.0,4.54,E
Faroe Islands,FRO,Europe,2008,2000,0.957,0.634,13.062,48528.0,4.51,E
Faroe Islands,FRO,Europe,2009,2000,1.513,0.575,11.858,48512.0,5.12,E
Faroe Islands,FRO,Europe,2010,2010,0.329,0.627,13.001,48191.0,3.38,E
Faroe Islands,FRO,Europe,2011,2010,1.129,0.564,11.766,47957.0,5.0,E
Faroe Islands,FRO,Europe,2012,2010,0.44,0.594,12.337,48113.0,4.7,E
Faroe Islands,FRO,Europe,2013,2010,0.676,0.649,13.428,48297.0,4.53,E
Faroe Islands,FRO,Europe,2014,2010,1.85,0.597,12.31,48515.0,6.54,E
Faroe Islands,FRO,Europe,2015,2010,0.901,0.608,12.434,48916.0,7.47,E
Faroe Islands,FRO,Europe,2016,2010,0.892,0.627,12.644,49554.0,6.32,E
Faroe Islands,FRO,Europe,2017,2010,1.58,0.703,13.995,50268.0,5.97,E
Faroe Islands,FRO,Europe,2018,2010,0.923,0.725,14.208,51062.0,5.86,E
Faroe Islands,FRO,Europe,2019,2010,0.964,0.74,14.269,51868.0,5.41,E
Faroe Islands,FRO,Europe,2020,2020,0.934,0.758,14.415,52615.0,5.34,E
Faroe Islands,FRO,Europe,2021,2020,1.071,0.784,14.704,53324.0,5.3,E
Faroe Islands,FRO,Europe,2022,2020,1.324,0.723,13.378,54039.0,7.76,E
Faroe Islands,FRO,Europe,2023,2020,0.78,0.714,13.038,54738.0,7.68,E
Faroe Islands,FRO,Europe,2024,2020,1.107,0.725,13.089,55419.0,9.19,E
Micronesia (country),FSM,Oceania,1970,1970,,,,58943.0,,
Micronesia (country),FSM,Oceania,1971,1970,,,,60655.0,,
Micronesia (country),FSM,Oceania,1972,1970,,,,62293.0,,
Micronesia (country),FSM,Oceania,1973,1970,,,,64000.0,,
Micronesia (country),FSM,Oceania,1974,1970,,,,65763.0,,
Micronesia (country),FSM,Oceania,1975,1970,,,,67445.0,,
Micronesia (country),FSM,Oceania,1976,1970,,,,69067.0,,
Micronesia (country),FSM,Oceania,1977,1970,,,,70774.0,,
Micronesia (country),FSM,Oceania,1978,1970,,,,72772.0,,
Micronesia (country),FSM,Oceania,1979,1970,,,,75070.0,,
Micronesia (country),FSM,Oceania,1980,1980,,,,77421.0,,
Micronesia (country),FSM,Oceania,1981,1980,,,,79810.0,,
Micronesia (country),FSM,Oceania,1982,1980,,,,82236.0,,
Micronesia (country),FSM,Oceania,1983,1980,,,,84698.0,,
Micronesia (country),FSM,Oceania,1984,1980,,,,87196.0,,
Micronesia (country),FSM,Oceania,1985,1980,,,,89721.0,,
Micronesia (country),FSM,Oceania,1986,1980,,,,92275.0,,
Micronesia (country),FSM,Oceania,1987,1980,,,,94860.0,,
Micronesia (country),FSM,Oceania,1988,1980,,,,97110.0,,
Micronesia (country),FSM,Oceania,1989,1980,,,,99018.0,,
Micronesia (country),FSM,Oceania,1990,1990,,,,100904.0,,
Micronesia (Federated States of),FSM,Oceania,1991,1990,0.202,,,102764.0,,E
Micronesia (Federated States of),FSM,Oceania,1992,1990,0.387,0.136,1.293,104823.0,0.95,E
Micronesia (Federated States of),FSM,Oceania,1993,1990,0.113,0.143,1.334,107082.0,0.96,E
Micronesia (Federated States of),FSM,Oceania,1994,1990,0.327,0.154,1.411,109090.0,0.9,E
Micronesia (Federated States of),FSM,Oceania,1995,1990,0.414,0.176,1.595,110244.0,0.79,E
Micronesia (Federated States of),FSM,Oceania,1996,1990,0.492,0.183,1.655,110723.0,0.8,E
Micronesia (Federated States of),FSM,Oceania,1997,1990,0.249,0.194,1.748,111088.0,0.77,E
Micronesia (Federated States of),FSM,Oceania,1998,1990,0.515,0.205,1.842,111394.0,0.8,E
Micronesia (Federated States of),FSM,Oceania,1999,1990,0.244,0.191,1.706,111693.0,0.57,E
Micronesia (Federated States of),FSM,Oceania,2000,2000,0.432,0.18,1.602,112067.0,1.27,E
Micronesia (Federated States of),FSM,Oceania,2001,2000,0.611,0.165,1.467,112378.0,1.41,E
Micronesia (Federated States of),FSM,Oceania,2002,2000,0.506,0.15,1.336,112464.0,1.6,E
Micronesia (Federated States of),FSM,Oceania,2003,2000,0.501,0.161,1.436,112298.0,0.86,E
Micronesia (Federated States of),FSM,Oceania,2004,2000,0.665,0.143,1.277,111939.0,1.02,E
Micronesia (Federated States of),FSM,Oceania,2005,2000,0.699,0.114,1.019,111420.0,1.35,E
Micronesia (Federated States of),FSM,Oceania,2006,2000,0.735,0.114,1.026,110739.0,1.37,E
Micronesia (Federated States of),FSM,Oceania,2007,2000,0.608,0.128,1.167,109896.0,1.19,E
Micronesia (Federated States of),FSM,Oceania,2008,2000,0.439,0.114,1.043,108947.0,1.44,E
Micronesia (Federated States of),FSM,Oceania,2009,2000,0.784,0.147,1.357,107968.0,1.15,E
Micronesia (Federated States of),FSM,Oceania,2010,2010,0.912,0.103,0.954,107559.0,1.95,E
Micronesia (Federated States of),FSM,Oceania,2011,2010,0.685,0.117,1.089,107712.0,1.57,E
Micronesia (Federated States of),FSM,Oceania,2012,2010,1.03,0.128,1.188,107908.0,1.42,E
Micronesia (Federated States of),FSM,Oceania,2013,2010,1.09,0.136,1.254,108133.0,1.41,E
Micronesia (Federated States of),FSM,Oceania,2014,2010,0.955,0.139,1.284,108407.0,1.51,E
Micronesia (Federated States of),FSM,Oceania,2015,2010,0.994,0.143,1.314,108727.0,1.71,E
Micronesia (Federated States of),FSM,Oceania,2016,2010,1.39,0.143,1.31,109088.0,2.31,E
Micronesia (Federated States of),FSM,Oceania,2017,2010,1.402,0.143,1.305,109495.0,2.15,E
Micronesia (Federated States of),FSM,Oceania,2018,2010,1.272,0.143,1.3,109925.0,2.48,E
Micronesia (Federated States of),FSM,Oceania,2019,2010,1.373,0.143,1.296,110293.0,2.69,E
Micronesia (Federated States of),FSM,Oceania,2020,2020,1.45,0.143,1.288,110930.0,3.16,E
Micronesia (Federated States of),FSM,Oceania,2021,2020,1.181,0.143,1.28,111635.0,3.25,E
Micronesia (Federated States of),FSM,Oceania,2022,2020,1.15,0.145,1.291,112122.0,3.21,E
Micronesia (Federated States of),FSM,Oceania,2023,2020,1.275,0.144,1.279,112646.0,3.25,E
Micronesia (Federated States of),FSM,Oceania,2024,2020,1.532,0.151,1.331,113171.0,3.24,E
Gabon,GAB,Africa,1970,1970,0.193,2.081,3.493,595856.0,,E
Gabon,GAB,Africa,1971,1970,-0.015,2.843,4.674,608355.0,,E
Gabon,GAB,Africa,1972,1970,-0.031,2.737,4.408,620968.0,,E
Gabon,GAB,Africa,1973,1970,0.516,5.309,8.374,634003.0,,E
Gabon,GAB,Africa,1974,1970,-0.034,5.448,8.412,647699.0,,E
Gabon,GAB,Africa,1975,1970,-0.099,5.364,8.1,662205.0,,E
Gabon,GAB,Africa,1976,1970,-0.309,5.704,8.417,677631.0,,E
Gabon,GAB,Africa,1977,1970,0.215,6.306,9.087,693994.0,,E
Gabon,GAB,Africa,1978,1970,0.093,7.555,10.622,711250.0,,E
Gabon,GAB,Africa,1979,1970,0.403,6.747,9.25,729380.0,,E
Gabon,GAB,Africa,1980,1980,0.32,6.625,8.852,748395.0,,E
Gabon,GAB,Africa,1981,1980,-0.151,6.564,8.543,768394.0,,E
Gabon,GAB,Africa,1982,1980,-0.385,6.544,8.29,789291.0,,E
Gabon,GAB,Africa,1983,1980,0.159,5.509,6.792,811007.0,,E
Gabon,GAB,Africa,1984,1980,0.172,5.979,7.174,833501.0,,E
Gabon,GAB,Africa,1985,1980,-0.234,6.299,7.352,856737.0,,E
Gabon,GAB,Africa,1986,1980,-0.15,4.951,5.621,880706.0,,E
Gabon,GAB,Africa,1987,1980,0.27,4.009,4.428,905481.0,,E
Gabon,GAB,Africa,1988,1980,0.24,4.321,4.641,931023.0,,E
Gabon,GAB,Africa,1989,1980,-0.115,5.757,6.015,957147.0,,E
Gabon,GAB,Africa,1990,1990,0.085,4.485,4.559,983740.0,78.28,E
Gabon,GAB,Africa,1991,1990,0.073,4.522,4.473,1010821.0,75.15,E
Gabon,GAB,Africa,1992,1990,-0.243,4.917,4.735,1038386.0,74.79,E
Gabon,GAB,Africa,1993,1990,0.135,4.975,4.665,1066404.0,73.81,E
Gabon,GAB,Africa,1994,1990,0.155,4.542,4.149,1094724.0,72.9,E
Gabon,GAB,Africa,1995,1990,0.583,5.22,4.648,1123212.0,71.95,E
Gabon,GAB,Africa,1996,1990,0.068,5.886,5.109,1152018.0,71.49,E
Gabon,GAB,Africa,1997,1990,0.386,5.527,4.678,1181445.0,69.98,E
Gabon,GAB,Africa,1998,1990,1.099,6.453,5.325,1211744.0,69.67,E
Gabon,GAB,Africa,1999,1990,0.564,6.014,4.838,1243023.0,71.35,E
Gabon,GAB,Africa,2000,2000,0.307,6.128,4.804,1275578.0,72.78,E
Gabon,GAB,Africa,2001,2000,0.248,6.48,4.948,1309594.0,72.42,E
Gabon,GAB,Africa,2002,2000,0.643,6.25,4.647,1345142.0,79.82,E
Gabon,GAB,Africa,2003,2000,0.843,6.746,4.88,1382354.0,83.63,E
Gabon,GAB,Africa,2004,2000,0.762,6.386,4.492,1421620.0,85.78,E
Gabon,GAB,Africa,2005,2000,0.704,6.223,4.252,1463503.0,85.25,E
Gabon,GAB,Africa,2006,2000,0.655,5.543,3.675,1508338.0,86.16,E
Gabon,GAB,Africa,2007,2000,0.815,5.038,3.237,1556242.0,87.36,E
Gabon,GAB,Africa,2008,2000,0.682,5.379,3.347,1607182.0,87.32,E
Gabon,GAB,Africa,2009,2000,0.712,5.304,3.192,1661567.0,87.95,E
Gabon,GAB,Africa,2010,2010,1.01,5.528,3.214,1719883.0,85.83,E
Gabon,GAB,Africa,2011,2010,0.466,5.447,3.057,1781987.0,79.71,E
Gabon,GAB,Africa,2012,2010,0.484,5.016,2.716,1846893.0,75.49,E
Gabon,GAB,Africa,2013,2010,0.618,5.19,2.713,1913061.0,82.29,E
Gabon,GAB,Africa,2014,2010,0.711,5.663,2.863,1978400.0,81.59,E
Gabon,GAB,Africa,2015,2010,0.858,5.772,2.828,2040990.0,82.19,E
Gabon,GAB,Africa,2016,2010,1.416,5.613,2.672,2100310.0,81.68,E
Gabon,GAB,Africa,2017,2010,1.186,5.501,2.55,2156902.0,90.42,E
Gabon,GAB,Africa,2018,2010,0.912,5.563,2.515,2212320.0,90.43,E
Gabon,GAB,Africa,2019,2010,1.393,5.607,2.473,2267711.0,90.46,E
Gabon,GAB,Africa,2020,2020,1.283,5.636,2.427,2322538.0,91.21,E
Gabon,GAB,Africa,2021,2020,1.021,5.545,2.333,2376729.0,91.45,E
Gabon,GAB,Africa,2022,2020,0.895,5.783,2.379,2430750.0,91.2,E
Gabon,GAB,Africa,2023,2020,1.213,5.321,2.141,2484790.0,90.88,E
Gabon,GAB,Africa,2024,2020,1.479,5.399,2.126,2538953.0,,E
United Kingdom of Great Britain and Northern Ireland,GBR,Europe,1970,1970,-0.081,652.585,11.724,55663801.0,,E
United Kingdom of Great Britain and Northern Ireland,GBR,Europe,1971,1970,0.244,660.396,11.816,55890372.0,,E
United Kingdom of Great Britain and Northern Ireland,GBR,Europe,1972,1970,-0.066,648.034,11.556,56079239.0,,E
United Kingdom of Great Britain and Northern Ireland,GBR,Europe,1973,1970,0.193,659.584,11.739,56188787.0,,E
United Kingdom of Great Britain and Northern Ireland,GBR,Europe,1974,1970,-0.073,617.187,10.977,56224550.0,,E
United Kingdom of Great Britain and Northern Ireland,GBR,Europe,1975,1970,0.594,603.254,10.73,56220139.0,,E
United Kingdom of Great Britain and Northern Ireland,GBR,Europe,1976,1970,0.719,598.533,10.65,56201143.0,,E
United Kingdom of Great Britain and Northern Ireland,GBR,Europe,1977,1970,-0.333,604.369,10.759,56175829.0,,E
United Kingdom of Great Britain and Northern Ireland,GBR,Europe,1978,1970,0.059,604.728,10.765,56175553.0,,E
United Kingdom of Great Britain and Northern Ireland,GBR,Europe,1979,1970,-0.792,644.509,11.464,56218759.0,,E
United Kingdom of Great Britain and Northern Ireland,GBR,Europe,1980,1980,-0.033,579.039,10.288,56282102.0,,E
United Kingdom of Great Britain and Northern Ireland,GBR,Europe,1981,1980,0.162,560.547,9.956,56304590.0,,E
United Kingdom of Great Britain and Northern Ireland,GBR,Europe,1982,1980,0.104,548.229,9.739,56292761.0,,E
United Kingdom of Great Britain and Northern Ireland,GBR,Europe,1983,1980,0.336,545.474,9.683,56332060.0,,E
United Kingdom of Great Britain and Northern Ireland,GBR,Europe,1984,1980,0.326,529.097,9.373,56451312.0,,E
United Kingdom of Great Britain and Northern Ireland,GBR,Europe,1985,1980,-0.534,559.635,9.886,56606416.0,,E
United Kingdom of Great Britain and Northern Ireland,GBR,Europe,1986,1980,-0.607,568.569,10.018,56751926.0,,E
United Kingdom of Great Britain and Northern Ireland,GBR,Europe,1987,1980,-0.295,571.649,10.049,56886021.0,,E
United Kingdom of Great Britain and Northern Ireland,GBR,Europe,1988,1980,0.295,570.279,10.0,57026539.0,,E
United Kingdom of Great Britain and Northern Ireland,GBR,Europe,1989,1980,1.134,581.561,10.17,57182137.0,,E
United Kingdom of Great Britain and Northern Ireland,GBR,Europe,1990,1990,1.006,601.945,10.493,57367867.0,0.65,E
United Kingdom of Great Britain and Northern Ireland,GBR,Europe,1991,1990,0.198,609.413,10.588,57555199.0,0.61,E
United Kingdom of Great Britain and Northern Ireland,GBR,Europe,1992,1990,0.508,593.846,10.289,57719273.0,0.84,E
United Kingdom of Great Britain and Northern Ireland,GBR,Europe,1993,1990,-0.027,579.613,10.017,57861037.0,0.78,E
United Kingdom of Great Britain and Northern Ireland,GBR,Europe,1994,1990,0.4,574.017,9.896,58003200.0,1.02,E
United Kingdom of Great Britain and Northern Ireland,GBR,Europe,1995,1990,1.107,566.159,9.735,58154632.0,1.06,E
United Kingdom of Great Britain and Northern Ireland,GBR,Europe,1996,1990,-0.154,586.761,10.065,58298563.0,0.94,E
United Kingdom of Great Britain and Northern Ireland,GBR,Europe,1997,1990,0.87,562.708,9.628,58447091.0,1.03,E
United Kingdom of Great Britain and Northern Ireland,GBR,Europe,1998,1990,0.848,568.544,9.698,58626822.0,1.03,E
United Kingdom of Great Britain and Northern Ireland,GBR,Europe,1999,1990,1.119,561.65,9.546,58838663.0,0.95,E
United Kingdom of Great Britain and Northern Ireland,GBR,Europe,2000,2000,0.707,569.034,9.635,59057333.0,0.96,E
United Kingdom of Great Britain and Northern Ireland,GBR,Europe,2001,2000,0.613,577.971,9.749,59288095.0,0.85,E
United Kingdom of Great Britain and Northern Ireland,GBR,Europe,2002,2000,0.991,560.273,9.41,59540764.0,0.97,E
United Kingdom of Great Britain and Northern Ireland,GBR,Europe,2003,2000,1.171,571.619,9.556,59820385.0,0.93,E
United Kingdom of Great Britain and Northern Ireland,GBR,Europe,2004,2000,1.013,573.43,9.53,60169964.0,1.14,E
United Kingdom of Great Britain and Northern Ireland,GBR,Europe,2005,2000,1.103,570.338,9.412,60596107.0,1.35,E
United Kingdom of Great Britain and Northern Ireland,GBR,Europe,2006,2000,1.231,567.846,9.301,61051093.0,1.55,E
United Kingdom of Great Britain and Northern Ireland,GBR,Europe,2007,2000,1.319,559.566,9.093,61535859.0,1.84,E
United Kingdom of Great Britain and Northern Ireland,GBR,Europe,2008,2000,0.816,544.932,8.785,62027303.0,2.44,E
United Kingdom of Great Britain and Northern Ireland,GBR,Europe,2009,2000,0.928,494.108,7.905,62506222.0,2.97,E
United Kingdom of Great Britain and Northern Ireland,GBR,Europe,2010,2010,-0.079,511.905,8.125,63006482.0,3.17,E
United Kingdom of Great Britain and Northern Ireland,GBR,Europe,2011,2010,0.822,469.713,7.396,63509285.0,3.98,E
United Kingdom of Great Britain and Northern Ireland,GBR,Europe,2012,2010,0.547,487.477,7.622,63960488.0,4.2,E
United Kingdom of Great Britain and Northern Ireland,GBR,Europe,2013,2010,0.34,477.611,7.418,64389386.0,5.23,E
United Kingdom of Great Britain and Northern Ireland,GBR,Europe,2014,2010,1.694,438.807,6.765,64865914.0,6.58,E
United Kingdom of Great Britain and Northern Ireland,GBR,Europe,2015,2010,0.587,422.461,6.461,65382107.0,7.71,E
United Kingdom of Great Britain and Northern Ireland,GBR,Europe,2016,2010,1.143,399.43,6.062,65893359.0,7.78,E
United Kingdom of Great Britain and Northern Ireland,GBR,Europe,2017,2010,1.406,387.367,5.838,66354473.0,8.85,E
United Kingdom of Great Britain and Northern Ireland,GBR,Europe,2018,2010,0.982,379.73,5.689,66752473.0,10.16,E
United Kingdom of Great Britain and Northern Ireland,GBR,Europe,2019,2010,1.217,364.753,5.435,67110958.0,11.59,E
United Kingdom of Great Britain and Northern Ireland,GBR,Europe,2020,2020,1.363,326.263,4.844,67351860.0,13.67,E
United Kingdom of Great Britain and Northern Ireland,GBR,Europe,2021,2020,0.921,342.366,5.059,67668788.0,12.47,E
United Kingdom of Great Britain and Northern Ireland,GBR,Europe,2022,2020,1.904,311.118,4.563,68179315.0,13.75,E
United Kingdom of Great Britain and Northern Ireland,GBR,Europe,2023,2020,1.469,307.826,4.482,68682965.0,15.23,E
United Kingdom of Great Britain and Northern Ireland,GBR,Europe,2024,2020,1.485,312.906,4.526,69138185.0,,E
Georgia,GEO,Asia,1970,1970,,8.654,1.801,4804060.0,,
Georgia,GEO,Asia,1971,1970,,9.203,1.9,4843142.0,,
Georgia,GEO,Asia,1972,1970,,9.696,1.988,4877271.0,,
Georgia,GEO,Asia,1973,1970,,10.122,2.061,4911012.0,,
Georgia,GEO,Asia,1974,1970,,10.525,2.128,4944639.0,,
Georgia,GEO,Asia,1975,1970,,11.08,2.225,4979408.0,,
Georgia,GEO,Asia,1976,1970,,11.517,2.296,5015923.0,,
Georgia,GEO,Asia,1977,1970,,11.919,2.359,5053556.0,,
Georgia,GEO,Asia,1978,1970,,12.339,2.423,5091795.0,,
Georgia,GEO,Asia,1979,1970,,12.448,2.427,5128680.0,,
Georgia,GEO,Asia,1980,1980,,12.94,2.505,5165546.0,,
Georgia,GEO,Asia,1981,1980,,12.721,2.444,5205035.0,,
Georgia,GEO,Asia,1982,1980,,12.967,2.472,5246476.0,,
Georgia,GEO,Asia,1983,1980,,13.169,2.489,5290185.0,,
Georgia,GEO,Asia,1984,1980,,13.302,2.494,5334255.0,,
Georgia,GEO,Asia,1985,1980,,14.34,2.667,5376897.0,,
Georgia,GEO,Asia,1986,1980,,14.157,2.612,5419131.0,,
Georgia,GEO,Asia,1987,1980,,14.516,2.658,5461017.0,,
Georgia,GEO,Asia,1988,1980,,15.133,2.751,5500241.0,,
Georgia,GEO,Asia,1989,1980,,15.043,2.735,5499644.0,,
Georgia,GEO,Asia,1990,1990,,14.85,2.725,5448865.0,12.77,
Georgia,GEO,Asia,1991,1990,,14.602,2.714,5379509.0,14.12,
Georgia,GEO,Asia,1992,1990,-1.165,14.127,2.668,5294186.0,18.54,E
Georgia,GEO,Asia,1993,1990,-1.241,9.884,1.909,5178784.0,26.02,E
Georgia,GEO,Asia,1994,1990,0.435,5.897,1.169,5046267.0,22.7,E
Georgia,GEO,Asia,1995,1990,0.763,2.266,0.46,4925742.0,46.4,E
Georgia,GEO,Asia,1996,1990,0.218,4.046,0.841,4812774.0,42.75,E
Georgia,GEO,Asia,1997,1990,0.362,4.412,0.94,4695359.0,44.36,E
Georgia,GEO,Asia,1998,1990,1.281,4.864,1.063,4576447.0,47.53,E
Georgia,GEO,Asia,1999,1990,1.236,4.246,0.953,4455581.0,49.66,E
Georgia,GEO,Asia,2000,2000,0.945,4.497,1.039,4328361.0,47.25,E
Georgia,GEO,Asia,2001,2000,1.266,3.723,0.884,4209641.0,53.15,E
Georgia,GEO,Asia,2002,2000,0.998,3.347,0.811,4127854.0,56.76,E
Georgia,GEO,Asia,2003,2000,-0.293,3.731,0.913,4085489.0,55.33,E
Georgia,GEO,Asia,2004,2000,0.823,4.278,1.055,4056076.0,54.53,E
Georgia,GEO,Asia,2005,2000,0.463,5.046,1.253,4026135.0,41.48,E
Georgia,GEO,Asia,2006,2000,1.193,6.273,1.57,3996584.0,37.22,E
Georgia,GEO,Asia,2007,2000,0.863,6.609,1.666,3967592.0,36.22,E
Georgia,GEO,Asia,2008,2000,0.631,5.747,1.458,3941192.0,36.3,E
Georgia,GEO,Asia,2009,2000,0.63,6.171,1.575,3918935.0,36.72,E
Georgia,GEO,Asia,2010,2010,2.4,6.29,1.614,3895932.0,39.15,E
Georgia,GEO,Asia,2011,2010,0.419,7.814,2.02,3868724.0,31.53,E
Georgia,GEO,Asia,2012,2010,1.226,8.294,2.16,3839208.0,28.69,E
Georgia,GEO,Asia,2013,2010,1.319,8.028,2.108,3809128.0,32.41,E
Georgia,GEO,Asia,2014,2010,1.157,9.058,2.388,3792921.0,30.69,E
Georgia,GEO,Asia,2015,2010,1.672,9.791,2.582,3791570.0,27.54,E
Georgia,GEO,Asia,2016,2010,1.301,10.043,2.648,3792061.0,27.18,E
Georgia,GEO,Asia,2017,2010,0.733,10.06,2.652,3792860.0,27.52,E
Georgia,GEO,Asia,2018,2010,2.43,9.888,2.606,3794881.0,27.37,E
Georgia,GEO,Asia,2019,2010,1.677,10.517,2.77,3796722.0,24.69,E
Georgia,GEO,Asia,2020,2020,1.95,10.378,2.734,3795680.0,23.45,E
Georgia,GEO,Asia,2021,2020,1.695,10.75,2.838,3788450.0,25.18,E
Georgia,GEO,Asia,2022,2020,1.586,12.0,3.162,3794782.0,22.53,E
Georgia,GEO,Asia,2023,2020,2.031,11.922,3.131,3807494.0,21.3,E
Georgia,GEO,Asia,2024,2020,2.391,11.784,3.095,3807668.0,,E
Guernsey,GGY,Europe,1970,1970,0.083,,,,,E
Guernsey,GGY,Europe,1971,1970,0.047,,,,,E
Guernsey,GGY,Europe,1972,1970,-0.325,,,,,E
Guernsey,GGY,Europe,1973,1970,0.162,,,,,E
Guernsey,GGY,Europe,1974,1970,-0.062,,,,,E
Guernsey,GGY,Europe,1975,1970,0.667,,,,,E
Guernsey,GGY,Europe,1976,1970,0.67,,,,,E
Guernsey,GGY,Europe,1977,1970,-0.15,,,,,E
Guernsey,GGY,Europe,1978,1970,0.049,,,,,E
Guernsey,GGY,Europe,1979,1970,-0.584,,,,,E
Guernsey,GGY,Europe,1980,1980,-0.143,,,,,E
Guernsey,GGY,Europe,1981,1980,0.205,,,,,E
Guernsey,GGY,Europe,1982,1980,0.516,,,,,E
Guernsey,GGY,Europe,1983,1980,0.512,,,,,E
Guernsey,GGY,Europe,1984,1980,0.316,,,,,E
Guernsey,GGY,Europe,1985,1980,-0.502,,,,,E
Guernsey,GGY,Europe,1986,1980,-0.645,,,,,E
Guernsey,GGY,Europe,1987,1980,-0.22,,,,,E
Guernsey,GGY,Europe,1988,1980,0.432,,,,,E
Guernsey,GGY,Europe,1989,1980,1.506,,,,,E
Guernsey,GGY,Europe,1990,1990,1.488,,,,0.0,E
Guernsey,GGY,Europe,1991,1990,0.074,,,,0.0,E
Guernsey,GGY,Europe,1992,1990,0.479,,,,0.0,E
Guernsey,GGY,Europe,1993,1990,0.098,,,,0.0,E
Guernsey,GGY,Europe,1994,1990,1.057,,,,0.0,E
Guernsey,GGY,Europe,1995,1990,1.542,,,,0.0,E
Guernsey,GGY,Europe,1996,1990,0.06,,,,0.0,E
Guernsey,GGY,Europe,1997,1990,0.9,,,,0.0,E
Guernsey,GGY,Europe,1998,1990,0.854,,,,0.0,E
Guernsey,GGY,Europe,1999,1990,1.324,,,,0.0,E
Guernsey,GGY,Europe,2000,2000,0.858,,,,0.0,E
Guernsey,GGY,Europe,2001,2000,1.057,,,,0.0,E
Guernsey,GGY,Europe,2002,2000,1.052,,,,0.0,E
Guernsey,GGY,Europe,2003,2000,1.352,,,,0.0,E
Guernsey,GGY,Europe,2004,2000,1.015,,,,0.0,E
Guernsey,GGY,Europe,2005,2000,1.167,,,,0.0,E
Guernsey,GGY,Europe,2006,2000,1.159,,,,0.0,E
Guernsey,GGY,Europe,2007,2000,1.315,,,,0.0,E
Guernsey,GGY,Europe,2008,2000,0.831,,,,0.0,E
Guernsey,GGY,Europe,2009,2000,0.744,,,,0.0,E
Guernsey,GGY,Europe,2010,2010,0.124,,,,0.0,E
Guernsey,GGY,Europe,2011,2010,1.089,,,,0.0,E
Guernsey,GGY,Europe,2012,2010,0.777,,,,0.0,E
Guernsey,GGY,Europe,2013,2010,0.542,,,,0.0,E
Guernsey,GGY,Europe,2014,2010,1.803,,,,0.0,E
Guernsey,GGY,Europe,2015,2010,1.103,,,,0.0,E
Guernsey,GGY,Europe,2016,2010,1.498,,,,0.0,E
Guernsey,GGY,Europe,2017,2010,1.494,,,,0.0,E
Guernsey,GGY,Europe,2018,2010,1.421,,,,0.2,E
Guernsey,GGY,Europe,2019,2010,1.532,,,,0.07,E
Guernsey,GGY,Europe,2020,2020,1.966,,,,1.59,E
Guernsey,GGY,Europe,2021,2020,1.028,,,,1.43,E
Guernsey,GGY,Europe,2022,2020,2.404,,,,1.26,E
Guernsey,GGY,Europe,2023,2020,1.975,,,,1.32,E
Guernsey,GGY,Europe,2024,2020,1.892,,,,2.21,E
Ghana,GHA,Africa,1970,1970,0.346,2.404,0.269,8925813.0,,E
Ghana,GHA,Africa,1971,1970,-0.136,2.03,0.221,9176264.0,,E
Ghana,GHA,Africa,1972,1970,0.03,2.217,0.235,9438189.0,,E
Ghana,GHA,Africa,1973,1970,0.578,2.257,0.232,9714615.0,,E
Ghana,GHA,Africa,1974,1970,0.012,2.675,0.267,10000528.0,,E
Ghana,GHA,Africa,1975,1970,-0.21,2.411,0.234,10294312.0,,E
Ghana,GHA,Africa,1976,1970,-0.349,2.107,0.199,10594918.0,,E
Ghana,GHA,Africa,1977,1970,0.314,2.696,0.247,10911869.0,,E
Ghana,GHA,Africa,1978,1970,0.098,2.718,0.242,11248453.0,,E
Ghana,GHA,Africa,1979,1970,0.59,2.521,0.217,11597251.0,,E
Ghana,GHA,Africa,1980,1980,0.473,2.411,0.202,11941451.0,,E
Ghana,GHA,Africa,1981,1980,0.206,2.847,0.232,12281722.0,,E
Ghana,GHA,Africa,1982,1980,0.198,2.895,0.229,12643820.0,,E
Ghana,GHA,Africa,1983,1980,0.697,3.51,0.269,13029841.0,,E
Ghana,GHA,Africa,1984,1980,0.654,2.466,0.184,13370591.0,,E
Ghana,GHA,Africa,1985,1980,0.337,3.144,0.23,13661237.0,,E
Ghana,GHA,Africa,1986,1980,0.274,2.935,0.21,13965221.0,,E
Ghana,GHA,Africa,1987,1980,0.977,3.147,0.22,14289110.0,,E
Ghana,GHA,Africa,1988,1980,0.616,3.21,0.219,14636577.0,,E
Ghana,GHA,Africa,1989,1980,0.194,3.059,0.204,15006814.0,,E
Ghana,GHA,Africa,1990,1990,0.49,3.514,0.228,15394650.0,80.63,E
Ghana,GHA,Africa,1991,1990,0.36,3.902,0.247,15787495.0,82.93,E
Ghana,GHA,Africa,1992,1990,0.127,3.243,0.2,16184863.0,81.0,E
Ghana,GHA,Africa,1993,1990,0.437,3.818,0.23,16589521.0,81.3,E
Ghana,GHA,Africa,1994,1990,0.506,4.54,0.267,16993190.0,80.56,E
Ghana,GHA,Africa,1995,1990,0.674,4.624,0.266,17399023.0,79.79,E
Ghana,GHA,Africa,1996,1990,0.622,4.858,0.273,17810184.0,78.83,E
Ghana,GHA,Africa,1997,1990,0.427,5.514,0.302,18238961.0,78.34,E
Ghana,GHA,Africa,1998,1990,1.088,5.584,0.299,18688041.0,73.58,E
Ghana,GHA,Africa,1999,1990,0.566,5.613,0.293,19149875.0,72.79,E
Ghana,GHA,Africa,2000,2000,0.408,5.313,0.271,19637085.0,71.93,E
Ghana,GHA,Africa,2001,2000,0.532,5.969,0.296,20167073.0,69.64,E
Ghana,GHA,Africa,2002,2000,0.827,6.483,0.313,20729392.0,66.01,E
Ghana,GHA,Africa,2003,2000,1.001,6.685,0.314,21296710.0,64.82,E
Ghana,GHA,Africa,2004,2000,0.726,6.451,0.295,21868298.0,62.75,E
Ghana,GHA,Africa,2005,2000,0.963,6.113,0.272,22449446.0,61.8,E
Ghana,GHA,Africa,2006,2000,0.994,8.523,0.37,23040704.0,58.93,E
Ghana,GHA,Africa,2007,2000,0.892,8.982,0.38,23642284.0,54.9,E
Ghana,GHA,Africa,2008,2000,0.659,8.324,0.343,24249945.0,57.73,E
Ghana,GHA,Africa,2009,2000,0.829,6.868,0.276,24862667.0,52.34,E
Ghana,GHA,Africa,2010,2010,1.228,8.943,0.351,25475000.0,52.32,E
Ghana,GHA,Africa,2011,2010,0.837,10.329,0.396,26095091.0,50.5,E
Ghana,GHA,Africa,2012,2010,0.571,12.641,0.473,26734273.0,46.92,E
Ghana,GHA,Africa,2013,2010,0.791,12.61,0.46,27386193.0,46.61,E
Ghana,GHA,Africa,2014,2010,0.799,13.257,0.473,28041592.0,48.11,E
Ghana,GHA,Africa,2015,2010,1.111,14.568,0.508,28696071.0,44.43,E
Ghana,GHA,Africa,2016,2010,1.171,13.914,0.474,29356736.0,45.62,E
Ghana,GHA,Africa,2017,2010,1.268,12.437,0.414,30008364.0,47.68,E
Ghana,GHA,Africa,2018,2010,0.982,15.19,0.496,30637592.0,44.33,E
Ghana,GHA,Africa,2019,2010,1.227,16.415,0.525,31258943.0,43.6,E
Ghana,GHA,Africa,2020,2020,1.187,19.164,0.601,31887802.0,40.4,E
Ghana,GHA,Africa,2021,2020,1.403,20.556,0.632,32518662.0,35.77,E
Ghana,GHA,Africa,2022,2020,0.894,20.745,0.626,33149152.0,39.36,E
Ghana,GHA,Africa,2023,2020,1.272,20.136,0.596,33787916.0,35.24,E
Ghana,GHA,Africa,2024,2020,1.627,21.022,0.611,34427417.0,,E
Gibraltar,GIB,Europe,1970,1970,-0.096,,,,,E
Gibraltar,GIB,Europe,1971,1970,-0.859,,,,,E
Gibraltar,GIB,Europe,1972,1970,-0.935,,,,,E
Gibraltar,GIB,Europe,1973,1970,-0.202,,,,,E
Gibraltar,GIB,Europe,1974,1970,-0.468,,,,,E
Gibraltar,GIB,Europe,1975,1970,-0.241,,,,,E
Gibraltar,GIB,Europe,1976,1970,-0.529,,,,,E
Gibraltar,GIB,Europe,1977,1970,-0.212,,,,,E
Gibraltar,GIB,Europe,1978,1970,0.129,,,,,E
Gibraltar,GIB,Europe,1979,1970,0.314,,,,,E
Gibraltar,GIB,Europe,1980,1980,0.22,,,,,E
Gibraltar,GIB,Europe,1981,1980,0.272,,,,,E
Gibraltar,GIB,Europe,1982,1980,0.39,,,,,E
Gibraltar,GIB,Europe,1983,1980,0.299,,,,,E
Gibraltar,GIB,Europe,1984,1980,-0.236,,,,,E
Gibraltar,GIB,Europe,1985,1980,0.506,,,,,E
Gibraltar,GIB,Europe,1986,1980,0.14,,,,,E
Gibraltar,GIB,Europe,1987,1980,0.415,,,,,E
Gibraltar,GIB,Europe,1988,1980,0.714,,,,,E
Gibraltar,GIB,Europe,1989,1980,0.86,,,,,E
Gibraltar,GIB,Europe,1990,1990,1.159,,,,0.0,E
Gibraltar,GIB,Europe,1991,1990,0.078,,,,0.0,E
Gibraltar,GIB,Europe,1992,1990,0.137,,,,0.0,E
Gibraltar,GIB,Europe,1993,1990,-0.127,,,,0.0,E
Gibraltar,GIB,Europe,1994,1990,0.723,,,,0.0,E
Gibraltar,GIB,Europe,1995,1990,1.245,,,,0.0,E
Gibraltar,GIB,Europe,1996,1990,0.668,,,,0.0,E
Gibraltar,GIB,Europe,1997,1990,1.393,,,,0.0,E
Gibraltar,GIB,Europe,1998,1990,1.036,,,,0.0,E
Gibraltar,GIB,Europe,1999,1990,0.641,,,,0.0,E
Gibraltar,GIB,Europe,2000,2000,0.763,,,,0.0,E
Gibraltar,GIB,Europe,2001,2000,1.195,,,,0.0,E
Gibraltar,GIB,Europe,2002,2000,0.761,,,,0.0,E
Gibraltar,GIB,Europe,2003,2000,1.282,,,,0.0,E
Gibraltar,GIB,Europe,2004,2000,0.92,,,,0.0,E
Gibraltar,GIB,Europe,2005,2000,0.738,,,,0.0,E
Gibraltar,GIB,Europe,2006,2000,1.338,,,,0.0,E
Gibraltar,GIB,Europe,2007,2000,0.75,,,,0.0,E
Gibraltar,GIB,Europe,2008,2000,0.901,,,,0.0,E
Gibraltar,GIB,Europe,2009,2000,1.176,,,,0.0,E
Gibraltar,GIB,Europe,2010,2010,1.242,,,,0.0,E
Gibraltar,GIB,Europe,2011,2010,1.584,,,,0.0,E
Gibraltar,GIB,Europe,2012,2010,0.88,,,,0.0,E
Gibraltar,GIB,Europe,2013,2010,0.832,,,,0.0,E
Gibraltar,GIB,Europe,2014,2010,1.413,,,,0.0,E
Gibraltar,GIB,Europe,2015,2010,1.356,,,,0.0,E
Gibraltar,GIB,Europe,2016,2010,1.719,,,,0.0,E
Gibraltar,GIB,Europe,2017,2010,2.013,,,,0.0,E
Gibraltar,GIB,Europe,2018,2010,0.753,,,,0.0,E
Gibraltar,GIB,Europe,2019,2010,1.282,,,,0.0,E
Gibraltar,GIB,Europe,2020,2020,1.886,,,,0.0,E
Gibraltar,GIB,Europe,2021,2020,1.42,,,,0.0,E
Gibraltar,GIB,Europe,2022,2020,2.152,,,,0.0,E
Gibraltar,GIB,Europe,2023,2020,2.523,,,,0.0,E
Gibraltar,GIB,Europe,2024,2020,2.173,,,,,E
Guinea,GIN,Africa,1970,1970,0.33,0.791,0.185,4277540.0,,E
Guinea,GIN,Africa,1971,1970,-0.14,0.813,0.187,4355205.0,,E
Guinea,GIN,Africa,1972,1970,0.192,0.832,0.188,4431293.0,,E
Guinea,GIN,Africa,1973,1970,0.587,0.802,0.178,4506326.0,,E
Guinea,GIN,Africa,1974,1970,-0.06,0.839,0.183,4580513.0,,E
Guinea,GIN,Africa,1975,1970,-0.232,0.843,0.181,4653877.0,,E
Guinea,GIN,Africa,1976,1970,-0.22,0.887,0.188,4727031.0,,E
Guinea,GIN,Africa,1977,1970,0.223,0.901,0.188,4801129.0,,E
Guinea,GIN,Africa,1978,1970,0.216,0.901,0.185,4877853.0,,E
Guinea,GIN,Africa,1979,1970,0.528,0.945,0.191,4959287.0,,E
Guinea,GIN,Africa,1980,1980,0.672,0.964,0.191,5047423.0,,E
Guinea,GIN,Africa,1981,1980,0.385,0.989,0.192,5143296.0,,E
Guinea,GIN,Africa,1982,1980,0.262,0.982,0.187,5247672.0,,E
Guinea,GIN,Africa,1983,1980,0.687,0.953,0.178,5359815.0,,E
Guinea,GIN,Africa,1984,1980,0.439,0.978,0.179,5480098.0,,E
Guinea,GIN,Africa,1985,1980,0.462,0.993,0.177,5610369.0,,E
Guinea,GIN,Africa,1986,1980,0.163,0.997,0.173,5750669.0,,E
Guinea,GIN,Africa,1987,1980,0.883,0.993,0.168,5900199.0,,E
Guinea,GIN,Africa,1988,1980,0.672,1.026,0.169,6056575.0,,E
Guinea,GIN,Africa,1989,1980,0.236,1.044,0.168,6215816.0,,E
Guinea,GIN,Africa,1990,1990,0.735,0.967,0.15,6434383.0,87.68,E
Guinea,GIN,Africa,1991,1990,0.744,0.989,0.148,6697167.0,87.5,E
Guinea,GIN,Africa,1992,1990,0.399,1.015,0.147,6914370.0,87.21,E
Guinea,GIN,Africa,1993,1990,0.76,1.044,0.146,7128174.0,86.9,E
Guinea,GIN,Africa,1994,1990,0.522,1.085,0.148,7345106.0,86.61,E
Guinea,GIN,Africa,1995,1990,0.524,1.121,0.148,7553252.0,86.33,E
Guinea,GIN,Africa,1996,1990,0.838,1.183,0.152,7770035.0,85.48,E
Guinea,GIN,Africa,1997,1990,0.813,1.238,0.156,7931371.0,84.74,E
Guinea,GIN,Africa,1998,1990,1.225,1.312,0.162,8081993.0,83.72,E
Guinea,GIN,Africa,1999,1990,0.535,1.385,0.168,8265121.0,83.18,E
Guinea,GIN,Africa,2000,2000,0.688,1.444,0.171,8428837.0,82.79,E
Guinea,GIN,Africa,2001,2000,0.809,1.517,0.178,8539963.0,82.21,E
Guinea,GIN,Africa,2002,2000,1.14,1.579,0.182,8674072.0,81.75,E
Guinea,GIN,Africa,2003,2000,1.043,1.652,0.186,8870790.0,81.08,E
Guinea,GIN,Africa,2004,2000,1.103,1.722,0.19,9062724.0,80.94,E
Guinea,GIN,Africa,2005,2000,1.223,1.784,0.193,9245844.0,79.27,E
Guinea,GIN,Africa,2006,2000,1.147,1.847,0.196,9441174.0,78.95,E
Guinea,GIN,Africa,2007,2000,1.035,1.927,0.199,9662278.0,78.3,E
Guinea,GIN,Africa,2008,2000,1.101,1.964,0.198,9898870.0,78.17,E
Guinea,GIN,Africa,2009,2000,0.884,2.092,0.206,10143540.0,77.13,E
Guinea,GIN,Africa,2010,2010,1.308,2.459,0.236,10396090.0,73.72,E
Guinea,GIN,Africa,2011,2010,1.091,2.557,0.24,10656812.0,73.13,E
Guinea,GIN,Africa,2012,2010,0.569,2.393,0.219,10921580.0,75.06,E
Guinea,GIN,Africa,2013,2010,1.062,2.077,0.186,11191874.0,77.64,E
Guinea,GIN,Africa,2014,2010,0.902,2.371,0.207,11472921.0,76.14,E
Guinea,GIN,Africa,2015,2010,1.215,2.454,0.209,11767077.0,75.93,E
Guinea,GIN,Africa,2016,2010,1.214,2.7,0.224,12073031.0,75.35,E
Guinea,GIN,Africa,2017,2010,1.529,4.847,0.391,12385668.0,71.12,E
Guinea,GIN,Africa,2018,2010,1.222,3.77,0.297,12704776.0,69.1,E
Guinea,GIN,Africa,2019,2010,1.438,4.104,0.315,13034349.0,67.66,E
Guinea,GIN,Africa,2020,2020,1.503,4.43,0.331,13371185.0,66.26,E
Guinea,GIN,Africa,2021,2020,1.776,4.068,0.297,13710515.0,67.05,E
Guinea,GIN,Africa,2022,2020,1.405,4.052,0.288,14055136.0,67.47,E
Guinea,GIN,Africa,2023,2020,1.683,3.875,0.269,14405469.0,67.11,E
Guinea,GIN,Africa,2024,2020,1.845,4.026,0.273,14754779.0,66.28,E
Guadeloupe,GLP,North America,1970,1970,0.076,,,,,E
Guadeloupe,GLP,North America,1971,1970,-0.281,,,,,E
Guadeloupe,GLP,North America,1972,1970,-0.177,,,,,E
Guadeloupe,GLP,North America,1973,1970,0.156,,,,,E
Guadeloupe,GLP,North America,1974,1970,-0.373,,,,,E
Guadeloupe,GLP,North America,1975,1970,-0.362,,,,,E
Guadeloupe,GLP,North America,1976,1970,-0.423,,,,,E
Guadeloupe,GLP,North America,1977,1970,0.145,,,,,E
Guadeloupe,GLP,North America,1978,1970,0.136,,,,,E
Guadeloupe,GLP,North America,1979,1970,0.131,,,,,E
Guadeloupe,GLP,North America,1980,1980,0.604,,,,,E
Guadeloupe,GLP,North America,1981,1980,0.521,,,,,E
Guadeloupe,GLP,North America,1982,1980,0.156,,,,,E
Guadeloupe,GLP,North America,1983,1980,0.498,,,,,E
Guadeloupe,GLP,North America,1984,1980,0.043,,,,,E
Guadeloupe,GLP,North America,1985,1980,-0.022,,,,,E
Guadeloupe,GLP,North America,1986,1980,0.034,,,,,E
Guadeloupe,GLP,North America,1987,1980,0.611,,,,,E
Guadeloupe,GLP,North America,1988,1980,0.43,,,,,E
Guadeloupe,GLP,North America,1989,1980,-0.043,,,,,E
Guadeloupe,GLP,North America,1990,1990,0.464,,,,6.75,E
Guadeloupe,GLP,North America,1991,1990,0.466,,,,12.11,E
Guadeloupe,GLP,North America,1992,1990,0.388,,,,9.2,E
Guadeloupe,GLP,North America,1993,1990,0.522,,,,9.47,E
Guadeloupe,GLP,North America,1994,1990,0.548,,,,8.92,E
Guadeloupe,GLP,North America,1995,1990,0.66,,,,8.71,E
Guadeloupe,GLP,North America,1996,1990,0.408,,,,8.84,E
Guadeloupe,GLP,North America,1997,1990,0.571,,,,8.48,E
Guadeloupe,GLP,North America,1998,1990,1.101,,,,2.36,E
Guadeloupe,GLP,North America,1999,1990,0.545,,,,2.51,E
Guadeloupe,GLP,North America,2000,2000,0.305,,,,2.56,E
Guadeloupe,GLP,North America,2001,2000,0.662,,,,2.43,E
Guadeloupe,GLP,North America,2002,2000,0.722,,,,2.77,E
Guadeloupe,GLP,North America,2003,2000,0.815,,,,2.83,E
Guadeloupe,GLP,North America,2004,2000,0.524,,,,3.26,E
Guadeloupe,GLP,North America,2005,2000,0.843,,,,4.18,E
Guadeloupe,GLP,North America,2006,2000,0.639,,,,3.89,E
Guadeloupe,GLP,North America,2007,2000,0.8,,,,4.22,E
Guadeloupe,GLP,North America,2008,2000,0.293,,,,4.23,E
Guadeloupe,GLP,North America,2009,2000,0.466,,,,3.71,E
Guadeloupe,GLP,North America,2010,2010,1.052,,,,3.0,E
Guadeloupe,GLP,North America,2011,2010,0.418,,,,,E
Guadeloupe,GLP,North America,2012,2010,0.56,,,,,E
Guadeloupe,GLP,North America,2013,2010,0.647,,,,,E
Guadeloupe,GLP,North America,2014,2010,0.645,,,,,E
Guadeloupe,GLP,North America,2015,2010,0.889,,,,,E
Guadeloupe,GLP,North America,2016,2010,0.969,,,,,E
Guadeloupe,GLP,North America,2017,2010,0.783,,,,,E
Guadeloupe,GLP,North America,2018,2010,0.588,,,,,E
Guadeloupe,GLP,North America,2019,2010,0.79,,,,,E
Guadeloupe,GLP,North America,2020,2020,1.127,,,,,E
Guadeloupe,GLP,North America,2021,2020,0.813,,,,,E
Guadeloupe,GLP,North America,2022,2020,0.782,,,,,E
Guadeloupe,GLP,North America,2023,2020,1.096,,,,,E
Guadeloupe,GLP,North America,2024,2020,1.563,,,,,E
Gambia,GMB,Africa,1970,1970,0.364,0.048,0.091,524115.0,,E
Gambia,GMB,Africa,1971,1970,-0.075,0.055,0.102,539394.0,,E
Gambia,GMB,Africa,1972,1970,0.293,0.066,0.119,555380.0,,E
Gambia,GMB,Africa,1973,1970,0.663,0.062,0.109,572006.0,,E
Gambia,GMB,Africa,1974,1970,-0.245,0.062,0.106,589093.0,,E
Gambia,GMB,Africa,1975,1970,-0.203,0.099,0.163,606829.0,,E
Gambia,GMB,Africa,1976,1970,-0.068,0.099,0.158,625678.0,,E
Gambia,GMB,Africa,1977,1970,0.449,0.114,0.176,645781.0,,E
Gambia,GMB,Africa,1978,1970,0.369,0.139,0.209,667107.0,,E
Gambia,GMB,Africa,1979,1970,0.54,0.147,0.212,689783.0,,E
Gambia,GMB,Africa,1980,1980,0.742,0.158,0.221,713921.0,,E
Gambia,GMB,Africa,1981,1980,0.589,0.158,0.213,739132.0,,E
Gambia,GMB,Africa,1982,1980,0.294,0.161,0.211,765759.0,,E
Gambia,GMB,Africa,1983,1980,1.1,0.161,0.203,794528.0,,E
Gambia,GMB,Africa,1984,1980,0.635,0.172,0.209,825634.0,,E
Gambia,GMB,Africa,1985,1980,0.408,0.172,0.201,858879.0,,E
Gambia,GMB,Africa,1986,1980,0.658,0.161,0.18,894019.0,,E
Gambia,GMB,Africa,1987,1980,1.038,0.18,0.193,931102.0,,E
Gambia,GMB,Africa,1988,1980,0.867,0.183,0.189,970162.0,,E
Gambia,GMB,Africa,1989,1980,0.69,0.18,0.178,1011367.0,,E
Gambia,GMB,Africa,1990,1990,1.2,0.198,0.188,1054703.0,61.98,E
Gambia,GMB,Africa,1991,1990,0.874,0.198,0.18,1099960.0,62.33,E
Gambia,GMB,Africa,1992,1990,0.915,0.198,0.173,1145583.0,63.45,E
Gambia,GMB,Africa,1993,1990,1.119,0.209,0.176,1188372.0,63.27,E
Gambia,GMB,Africa,1994,1990,0.824,0.209,0.17,1227233.0,61.58,E
Gambia,GMB,Africa,1995,1990,0.885,0.216,0.171,1264320.0,60.15,E
Gambia,GMB,Africa,1996,1990,1.147,0.22,0.169,1301421.0,59.65,E
Gambia,GMB,Africa,1997,1990,1.369,0.224,0.167,1338898.0,58.74,E
Gambia,GMB,Africa,1998,1990,1.617,0.242,0.176,1376994.0,57.47,E
Gambia,GMB,Africa,1999,1990,0.806,0.275,0.194,1415786.0,56.32,E
Gambia,GMB,Africa,2000,2000,1.01,0.275,0.189,1455095.0,62.86,E
Gambia,GMB,Africa,2001,2000,1.357,0.3,0.201,1495023.0,59.61,E
Gambia,GMB,Africa,2002,2000,1.42,0.3,0.196,1535700.0,60.97,E
Gambia,GMB,Africa,2003,2000,1.064,0.3,0.19,1577619.0,62.41,E
Gambia,GMB,Africa,2004,2000,1.103,0.319,0.197,1621309.0,61.25,E
Gambia,GMB,Africa,2005,2000,1.413,0.319,0.191,1667035.0,61.71,E
Gambia,GMB,Africa,2006,2000,1.187,0.348,0.203,1715285.0,60.21,E
Gambia,GMB,Africa,2007,2000,1.095,0.348,0.197,1765778.0,57.27,E
Gambia,GMB,Africa,2008,2000,1.367,0.363,0.2,1817859.0,56.28,E
Gambia,GMB,Africa,2009,2000,0.698,0.374,0.2,1871428.0,53.91,E
Gambia,GMB,Africa,2010,2010,1.405,0.432,0.224,1926634.0,56.6,E
Gambia,GMB,Africa,2011,2010,1.129,0.443,0.223,1983785.0,56.24,E
Gambia,GMB,Africa,2012,2010,0.991,0.451,0.221,2043097.0,56.95,E
Gambia,GMB,Africa,2013,2010,1.106,0.429,0.204,2103825.0,59.33,E
Gambia,GMB,Africa,2014,2010,1.281,0.506,0.234,2164535.0,53.17,E
Gambia,GMB,Africa,2015,2010,1.269,0.583,0.262,2224530.0,48.95,E
Gambia,GMB,Africa,2016,2010,1.684,0.59,0.258,2283775.0,48.62,E
Gambia,GMB,Africa,2017,2010,1.791,0.597,0.255,2342191.0,48.02,E
Gambia,GMB,Africa,2018,2010,1.075,0.649,0.27,2399633.0,48.14,E
Gambia,GMB,Africa,2019,2010,1.423,0.711,0.289,2456847.0,47.55,E
Gambia,GMB,Africa,2020,2020,1.853,0.7,0.278,2515744.0,49.93,E
Gambia,GMB,Africa,2021,2020,1.758,0.725,0.282,2576015.0,48.95,E
Gambia,GMB,Africa,2022,2020,1.487,0.808,0.306,2636472.0,48.32,E
Gambia,GMB,Africa,2023,2020,1.851,0.773,0.286,2697846.0,50.97,E
Gambia,GMB,Africa,2024,2020,1.966,0.803,0.291,2759999.0,51.14,E
Guinea-Bissau,GNB,Africa,1970,1970,0.312,0.07,0.119,584409.0,,E
Guinea-Bissau,GNB,Africa,1971,1970,-0.077,0.073,0.125,586230.0,,E
Guinea-Bissau,GNB,Africa,1972,1970,0.247,0.066,0.112,586632.0,,E
Guinea-Bissau,GNB,Africa,1973,1970,0.56,0.11,0.185,592815.0,,E
Guinea-Bissau,GNB,Africa,1974,1970,-0.175,0.103,0.167,613346.0,,E
Guinea-Bissau,GNB,Africa,1975,1970,-0.227,0.114,0.174,650972.0,,E
Guinea-Bissau,GNB,Africa,1976,1970,-0.107,0.095,0.137,694194.0,,E
Guinea-Bissau,GNB,Africa,1977,1970,0.335,0.103,0.138,741796.0,,E
Guinea-Bissau,GNB,Africa,1978,1970,0.27,0.103,0.13,791693.0,,E
Guinea-Bissau,GNB,Africa,1979,1970,0.454,0.11,0.134,819878.0,,E
Guinea-Bissau,GNB,Africa,1980,1980,0.618,0.147,0.177,829314.0,,E
Guinea-Bissau,GNB,Africa,1981,1980,0.465,0.143,0.17,842436.0,,E
Guinea-Bissau,GNB,Africa,1982,1980,0.275,0.143,0.167,855899.0,,E
Guinea-Bissau,GNB,Africa,1983,1980,0.908,0.143,0.164,869596.0,,E
Guinea-Bissau,GNB,Africa,1984,1980,0.564,0.161,0.182,883528.0,,E
Guinea-Bissau,GNB,Africa,1985,1980,0.439,0.172,0.192,897707.0,,E
Guinea-Bissau,GNB,Africa,1986,1980,0.55,0.183,0.201,912129.0,,E
Guinea-Bissau,GNB,Africa,1987,1980,0.86,0.194,0.21,926872.0,,E
Guinea-Bissau,GNB,Africa,1988,1980,0.74,0.216,0.229,942065.0,,E
Guinea-Bissau,GNB,Africa,1989,1980,0.552,0.231,0.241,957792.0,,E
Guinea-Bissau,GNB,Africa,1990,1990,1.032,0.095,0.098,973678.0,91.49,E
Guinea-Bissau,GNB,Africa,1991,1990,0.831,0.095,0.096,994640.0,91.64,E
Guinea-Bissau,GNB,Africa,1992,1990,0.779,0.095,0.093,1024365.0,92.06,E
Guinea-Bissau,GNB,Africa,1993,1990,0.972,0.099,0.093,1058755.0,91.69,E
Guinea-Bissau,GNB,Africa,1994,1990,0.794,0.099,0.091,1092037.0,92.45,E
Guinea-Bissau,GNB,Africa,1995,1990,0.829,0.103,0.092,1119950.0,92.46,E
Guinea-Bissau,GNB,Africa,1996,1990,1.007,0.099,0.087,1143544.0,93.17,E
Guinea-Bissau,GNB,Africa,1997,1990,1.249,0.117,0.101,1165550.0,92.58,E
Guinea-Bissau,GNB,Africa,1998,1990,1.676,0.088,0.074,1187478.0,94.09,E
Guinea-Bissau,GNB,Africa,1999,1990,0.825,0.099,0.082,1210211.0,93.0,E
Guinea-Bissau,GNB,Africa,2000,2000,1.069,0.051,0.042,1234747.0,96.59,E
Guinea-Bissau,GNB,Africa,2001,2000,1.294,0.048,0.038,1261281.0,96.78,E
Guinea-Bissau,GNB,Africa,2002,2000,1.325,0.062,0.048,1289317.0,95.74,E
Guinea-Bissau,GNB,Africa,2003,2000,0.974,0.073,0.056,1318809.0,94.53,E
Guinea-Bissau,GNB,Africa,2004,2000,1.093,0.044,0.033,1349569.0,96.86,E
Guinea-Bissau,GNB,Africa,2005,2000,1.325,0.092,0.066,1381590.0,93.06,E
Guinea-Bissau,GNB,Africa,2006,2000,1.161,0.117,0.083,1415315.0,91.23,E
Guinea-Bissau,GNB,Africa,2007,2000,1.028,0.084,0.058,1450989.0,94.09,E
Guinea-Bissau,GNB,Africa,2008,2000,1.307,0.117,0.079,1488059.0,93.34,E
Guinea-Bissau,GNB,Africa,2009,2000,0.749,0.099,0.065,1526384.0,92.7,E
Guinea-Bissau,GNB,Africa,2010,2010,1.373,0.103,0.065,1566352.0,92.2,E
Guinea-Bissau,GNB,Africa,2011,2010,1.141,0.11,0.068,1608084.0,92.62,E
Guinea-Bissau,GNB,Africa,2012,2010,0.869,0.114,0.069,1651425.0,91.95,E
Guinea-Bissau,GNB,Africa,2013,2010,1.173,0.143,0.084,1695980.0,89.64,E
Guinea-Bissau,GNB,Africa,2014,2010,1.27,0.143,0.082,1741126.0,90.13,E
Guinea-Bissau,GNB,Africa,2015,2010,1.266,0.154,0.086,1786461.0,89.73,E
Guinea-Bissau,GNB,Africa,2016,2010,1.625,0.169,0.092,1831898.0,89.83,E
Guinea-Bissau,GNB,Africa,2017,2010,1.731,0.183,0.098,1877074.0,87.98,E
Guinea-Bissau,GNB,Africa,2018,2010,1.176,0.198,0.103,1922167.0,87.69,E
Guinea-Bissau,GNB,Africa,2019,2010,1.497,0.256,0.13,1967704.0,88.25,E
Guinea-Bissau,GNB,Africa,2020,2020,1.798,0.311,0.155,2013259.0,85.89,E
Guinea-Bissau,GNB,Africa,2021,2020,1.779,0.341,0.166,2058841.0,88.78,E
Guinea-Bissau,GNB,Africa,2022,2020,1.481,0.344,0.164,2105535.0,86.16,E
Guinea-Bissau,GNB,Africa,2023,2020,1.788,0.329,0.153,2153343.0,84.6,E
Guinea-Bissau,GNB,Africa,2024,2020,1.927,0.342,0.155,2201360.0,84.11,E
Equatorial Guinea,GNQ,Africa,1970,1970,0.247,0.037,0.114,320815.0,,E
Equatorial Guinea,GNQ,Africa,1971,1970,-0.107,0.066,0.209,315946.0,,E
Equatorial Guinea,GNQ,Africa,1972,1970,-0.056,0.088,0.284,309474.0,,E
Equatorial Guinea,GNQ,Africa,1973,1970,0.486,0.029,0.097,302293.0,,E
Equatorial Guinea,GNQ,Africa,1974,1970,-0.144,0.051,0.174,294957.0,,E
Equatorial Guinea,GNQ,Africa,1975,1970,-0.17,0.062,0.216,287912.0,,E
Equatorial Guinea,GNQ,Africa,1976,1970,-0.327,0.062,0.222,281042.0,,E
Equatorial Guinea,GNQ,Africa,1977,1970,0.178,0.062,0.225,276784.0,,E
Equatorial Guinea,GNQ,Africa,1978,1970,-0.035,0.07,0.252,276534.0,,E
Equatorial Guinea,GNQ,Africa,1979,1970,0.35,0.062,0.223,279848.0,,E
Equatorial Guinea,GNQ,Africa,1980,1980,0.303,0.059,0.203,288652.0,,E
Equatorial Guinea,GNQ,Africa,1981,1980,0.08,0.07,0.23,303262.0,,E
Equatorial Guinea,GNQ,Africa,1982,1980,-0.12,0.073,0.227,322226.0,,E
Equatorial Guinea,GNQ,Africa,1983,1980,0.142,0.062,0.181,343429.0,,E
Equatorial Guinea,GNQ,Africa,1984,1980,0.21,0.081,0.221,364905.0,,E
Equatorial Guinea,GNQ,Africa,1985,1980,-0.017,0.066,0.171,385553.0,,E
Equatorial Guinea,GNQ,Africa,1986,1980,-0.081,0.081,0.199,404740.0,,E
Equatorial Guinea,GNQ,Africa,1987,1980,0.388,0.099,0.234,422529.0,,E
Equatorial Guinea,GNQ,Africa,1988,1980,0.321,0.106,0.242,439659.0,,E
Equatorial Guinea,GNQ,Africa,1989,1980,-0.017,0.117,0.257,456821.0,,E
Equatorial Guinea,GNQ,Africa,1990,1990,0.168,0.062,0.131,474289.0,84.66,E
Equatorial Guinea,GNQ,Africa,1991,1990,,0.066,0.134,492220.0,83.85,O
Equatorial Guinea,GNQ,Africa,1992,1990,-0.208,0.066,0.129,510775.0,83.9,E
Equatorial Guinea,GNQ,Africa,1993,1990,0.094,0.07,0.131,530030.0,81.27,E
Equatorial Guinea,GNQ,Africa,1994,1990,0.311,1.149,2.089,550148.0,80.55,E
Equatorial Guinea,GNQ,Africa,1995,1990,0.955,1.223,2.142,571274.0,78.67,E
Equatorial Guinea,GNQ,Africa,1996,1990,0.51,1.359,2.29,593496.0,73.48,E
Equatorial Guinea,GNQ,Africa,1997,1990,,1.975,3.201,616897.0,63.59,O
Equatorial Guinea,GNQ,Africa,1998,1990,1.033,2.295,3.578,641478.0,58.2,E
Equatorial Guinea,GNQ,Africa,1999,1990,0.56,2.511,3.763,667222.0,54.57,E
Equatorial Guinea,GNQ,Africa,2000,2000,0.41,2.699,3.838,703287.0,45.59,E
Equatorial Guinea,GNQ,Africa,2001,2000,0.399,3.091,4.122,749836.0,45.82,E
Equatorial Guinea,GNQ,Africa,2002,2000,0.649,2.765,3.465,797968.0,31.16,E
Equatorial Guinea,GNQ,Africa,2003,2000,0.905,3.13,3.691,847867.0,29.21,E
Equatorial Guinea,GNQ,Africa,2004,2000,0.762,6.137,6.82,899924.0,7.18,E
Equatorial Guinea,GNQ,Africa,2005,2000,0.767,6.206,6.551,947370.0,7.09,E
Equatorial Guinea,GNQ,Africa,2006,2000,0.61,6.172,6.233,990349.0,6.99,E
Equatorial Guinea,GNQ,Africa,2007,2000,0.794,5.711,5.513,1036053.0,8.5,E
Equatorial Guinea,GNQ,Africa,2008,2000,0.659,5.926,5.464,1084538.0,7.22,E
Equatorial Guinea,GNQ,Africa,2009,2000,0.744,4.883,4.3,1135683.0,9.27,E
Equatorial Guinea,GNQ,Africa,2010,2010,0.881,6.377,5.363,1189097.0,5.76,E
Equatorial Guinea,GNQ,Africa,2011,2010,0.553,6.067,4.885,1241843.0,5.6,E
Equatorial Guinea,GNQ,Africa,2012,2010,0.535,6.875,5.315,1293485.0,4.43,E
Equatorial Guinea,GNQ,Africa,2013,2010,0.646,8.168,6.068,1346220.0,3.69,E
Equatorial Guinea,GNQ,Africa,2014,2010,0.794,7.641,5.459,1399829.0,4.89,E
Equatorial Guinea,GNQ,Africa,2015,2010,0.752,7.01,4.821,1453925.0,5.55,E
Equatorial Guinea,GNQ,Africa,2016,2010,1.377,7.538,4.998,1508192.0,4.79,E
Equatorial Guinea,GNQ,Africa,2017,2010,1.198,6.816,4.362,1562401.0,5.02,E
Equatorial Guinea,GNQ,Africa,2018,2010,0.587,7.034,4.352,1616425.0,4.86,E
Equatorial Guinea,GNQ,Africa,2019,2010,1.361,5.514,3.301,1670184.0,6.4,E
Equatorial Guinea,GNQ,Africa,2020,2020,1.276,6.39,3.722,1716479.0,5.67,E
Equatorial Guinea,GNQ,Africa,2021,2020,0.994,7.088,4.03,1758796.0,4.68,E
Equatorial Guinea,GNQ,Africa,2022,2020,1.01,7.497,4.157,1803549.0,4.32,E
Equatorial Guinea,GNQ,Africa,2023,2020,1.025,6.913,3.742,1847556.0,4.45,E
Equatorial Guinea,GNQ,Africa,2024,2020,1.465,7.01,3.704,1892523.0,4.53,E
Greece,GRC,Europe,1970,1970,0.28,24.126,2.758,8747778.0,,E
Greece,GRC,Europe,1971,1970,-0.232,27.75,3.158,8787031.0,,E
Greece,GRC,Europe,1972,1970,-0.189,31.477,3.557,8849379.0,,E
Greece,GRC,Europe,1973,1970,-0.359,37.131,4.175,8893404.0,,E
Greece,GRC,Europe,1974,1970,-0.187,36.062,4.039,8929111.0,,E
Greece,GRC,Europe,1975,1970,-0.246,38.67,4.289,9016969.0,,E
Greece,GRC,Europe,1976,1970,-0.898,42.656,4.657,9160211.0,,E
Greece,GRC,Europe,1977,1970,0.358,46.657,5.027,9282025.0,,E
Greece,GRC,Europe,1978,1970,-0.525,47.682,5.078,9389966.0,,E
Greece,GRC,Europe,1979,1970,0.21,50.819,5.335,9526008.0,,E
Greece,GRC,Europe,1980,1980,-0.347,50.889,5.272,9653419.0,,E
Greece,GRC,Europe,1981,1980,-0.158,50.125,5.139,9754398.0,,E
Greece,GRC,Europe,1982,1980,-0.212,51.509,5.236,9837470.0,,E
Greece,GRC,Europe,1983,1980,-0.46,54.789,5.528,9911493.0,,E
Greece,GRC,Europe,1984,1980,-0.09,56.285,5.64,9978779.0,,E
Greece,GRC,Europe,1985,1980,-0.028,59.772,5.955,10037038.0,,E
Greece,GRC,Europe,1986,1980,0.346,58.275,5.776,10088766.0,,E
Greece,GRC,Europe,1987,1980,-0.355,62.576,6.175,10134533.0,,E
Greece,GRC,Europe,1988,1980,0.172,67.052,6.589,10177007.0,,E
Greece,GRC,Europe,1989,1980,-0.163,73.227,7.166,10218041.0,,E
Greece,GRC,Europe,1990,1990,0.407,83.437,8.133,10258494.0,7.81,E
Greece,GRC,Europe,1991,1990,-0.159,83.406,8.092,10306645.0,8.32,E
Greece,GRC,Europe,1992,1990,-0.489,84.974,8.202,10359895.0,7.9,E
Greece,GRC,Europe,1993,1990,-0.287,84.283,8.094,10412752.0,8.0,E
Greece,GRC,Europe,1994,1990,1.109,86.429,8.258,10466266.0,8.04,E
Greece,GRC,Europe,1995,1990,0.009,86.962,8.267,10519233.0,8.31,E
Greece,GRC,Europe,1996,1990,-0.114,89.114,8.431,10570083.0,8.21,E
Greece,GRC,Europe,1997,1990,-0.142,93.801,8.831,10622327.0,8.0,E
Greece,GRC,Europe,1998,1990,0.694,98.621,9.238,10675411.0,7.56,E
Greece,GRC,Europe,1999,1990,0.864,97.934,9.129,10727953.0,8.01,E
Greece,GRC,Europe,2000,2000,0.741,102.973,9.55,10782638.0,7.82,E
Greece,GRC,Europe,2001,2000,1.38,105.361,9.717,10843166.0,7.11,E
Greece,GRC,Europe,2002,2000,0.503,105.0,9.642,10890287.0,7.33,E
Greece,GRC,Europe,2003,2000,0.457,109.067,9.989,10918467.0,7.6,E
Greece,GRC,Europe,2004,2000,0.407,109.485,10.001,10947369.0,7.85,E
Greece,GRC,Europe,2005,2000,0.271,113.889,10.371,10981340.0,8.0,E
Greece,GRC,Europe,2006,2000,0.317,112.419,10.205,11016107.0,8.51,E
Greece,GRC,Europe,2007,2000,1.148,114.545,10.37,11045737.0,8.05,E
Greece,GRC,Europe,2008,2000,0.949,111.08,10.028,11076874.0,8.32,E
Greece,GRC,Europe,2009,2000,0.835,104.319,9.391,11108067.0,9.18,E
Greece,GRC,Europe,2010,2010,1.633,97.354,8.751,11124666.0,11.38,E
Greece,GRC,Europe,2011,2010,0.441,94.505,8.507,11108838.0,11.38,E
Greece,GRC,Europe,2012,2010,1.286,91.393,8.272,11048291.0,14.17,E
Greece,GRC,Europe,2013,2010,1.374,81.713,7.45,10967534.0,16.61,E
Greece,GRC,Europe,2014,2010,1.123,78.636,7.219,10893169.0,16.41,E
Greece,GRC,Europe,2015,2010,0.961,74.927,6.924,10820902.0,17.47,E
Greece,GRC,Europe,2016,2010,1.626,71.36,6.622,10775506.0,16.42,E
Greece,GRC,Europe,2017,2010,0.715,74.842,6.96,10753532.0,16.4,E
Greece,GRC,Europe,2018,2010,2.002,71.778,6.689,10730846.0,17.87,E
Greece,GRC,Europe,2019,2010,1.475,65.736,6.133,10718581.0,18.54,E
Greece,GRC,Europe,2020,2020,1.351,55.577,5.194,10699370.0,20.09,E
Greece,GRC,Europe,2021,2020,1.718,57.528,5.438,10579561.0,21.47,E
Greece,GRC,Europe,2022,2020,1.109,57.609,5.533,10412481.0,21.01,E
Greece,GRC,Europe,2023,2020,1.909,51.988,5.076,10242910.0,23.29,E
Greece,GRC,Europe,2024,2020,2.678,53.361,5.311,10047813.0,,E
Grenada,GRD,North America,1970,1970,0.195,0.044,0.447,98431.0,,E
Grenada,GRD,North America,1971,1970,-0.471,0.048,0.483,98659.0,,E
Grenada,GRD,North America,1972,1970,-0.252,0.048,0.482,98793.0,,E
Grenada,GRD,North America,1973,1970,0.033,0.055,0.557,98723.0,,E
Grenada,GRD,North America,1974,1970,-0.475,0.037,0.372,98501.0,,E
Grenada,GRD,North America,1975,1970,-0.397,0.048,0.485,98144.0,,E
Grenada,GRD,North America,1976,1970,-0.091,0.048,0.488,97655.0,,E
Grenada,GRD,North America,1977,1970,0.014,0.048,0.491,97031.0,,E
Grenada,GRD,North America,1978,1970,0.178,0.051,0.533,96322.0,,E
Grenada,GRD,North America,1979,1970,0.405,0.048,0.499,95507.0,,E
Grenada,GRD,North America,1980,1980,0.336,0.048,0.504,94554.0,,E
Grenada,GRD,North America,1981,1980,0.441,0.059,0.623,94066.0,,E
Grenada,GRD,North America,1982,1980,0.208,0.062,0.66,94399.0,,E
Grenada,GRD,North America,1983,1980,0.502,0.062,0.656,94963.0,,E
Grenada,GRD,North America,1984,1980,0.13,0.062,0.652,95518.0,,E
Grenada,GRD,North America,1985,1980,-0.256,0.062,0.648,96124.0,,E
Grenada,GRD,North America,1986,1980,0.023,0.066,0.681,96807.0,,E
Grenada,GRD,North America,1987,1980,0.673,0.073,0.751,97537.0,,E
Grenada,GRD,North America,1988,1980,0.688,0.095,0.969,98323.0,,E
Grenada,GRD,North America,1989,1980,0.081,0.099,0.998,99133.0,,E
Grenada,GRD,North America,1990,1990,0.514,0.106,1.063,99973.0,8.37,E
Grenada,GRD,North America,1991,1990,0.555,0.11,1.09,100806.0,8.13,E
Grenada,GRD,North America,1992,1990,0.603,0.117,1.154,101618.0,7.76,E
Grenada,GRD,North America,1993,1990,0.687,0.125,1.217,102398.0,8.12,E
Grenada,GRD,North America,1994,1990,0.771,0.143,1.385,103150.0,7.16,E
Grenada,GRD,North America,1995,1990,1.044,0.15,1.446,103890.0,7.44,E
Grenada,GRD,North America,1996,1990,0.79,0.154,1.471,104599.0,6.17,E
Grenada,GRD,North America,1997,1990,0.97,0.169,1.6,105309.0,8.34,E
Grenada,GRD,North America,1998,1990,1.543,0.176,1.659,106023.0,10.15,E
Grenada,GRD,North America,1999,1990,0.984,0.191,1.785,106744.0,10.33,E
Grenada,GRD,North America,2000,2000,0.828,0.187,1.739,107466.0,10.49,E
Grenada,GRD,North America,2001,2000,1.028,0.194,1.798,107998.0,10.42,E
Grenada,GRD,North America,2002,2000,0.952,0.202,1.859,108414.0,10.47,E
Grenada,GRD,North America,2003,2000,1.202,0.213,1.952,108895.0,10.43,E
Grenada,GRD,North America,2004,2000,0.726,0.205,1.877,109338.0,10.56,E
Grenada,GRD,North America,2005,2000,1.2,0.216,1.97,109744.0,10.58,E
Grenada,GRD,North America,2006,2000,0.971,0.224,2.029,110149.0,10.37,E
Grenada,GRD,North America,2007,2000,0.93,0.238,2.155,110532.0,9.89,E
Grenada,GRD,North America,2008,2000,0.779,0.26,2.346,110911.0,10.27,E
Grenada,GRD,North America,2009,2000,0.805,0.249,2.239,111266.0,10.08,E
Grenada,GRD,North America,2010,2010,1.488,0.256,2.298,111600.0,10.37,E
Grenada,GRD,North America,2011,2010,0.975,0.249,2.223,112093.0,10.88,E
Grenada,GRD,North America,2012,2010,0.92,0.267,2.371,112792.0,10.98,E
Grenada,GRD,North America,2013,2010,1.097,0.3,2.647,113499.0,11.11,E
Grenada,GRD,North America,2014,2010,0.956,0.242,2.119,114148.0,11.39,E
Grenada,GRD,North America,2015,2010,1.117,0.26,2.268,114691.0,11.09,E
Grenada,GRD,North America,2016,2010,1.206,0.275,2.387,115147.0,11.0,E
Grenada,GRD,North America,2017,2010,1.178,0.293,2.539,115448.0,10.74,E
Grenada,GRD,North America,2018,2010,0.859,0.308,2.66,115703.0,10.65,E
Grenada,GRD,North America,2019,2010,1.09,0.333,2.874,115995.0,10.36,E
Grenada,GRD,North America,2020,2020,1.346,0.289,2.488,116353.0,10.3,E
Grenada,GRD,North America,2021,2020,1.023,0.311,2.669,116696.0,10.12,E
Grenada,GRD,North America,2022,2020,0.945,0.342,2.928,116928.0,9.48,E
Grenada,GRD,North America,2023,2020,1.219,0.363,3.1,117094.0,9.23,E
Grenada,GRD,North America,2024,2020,2.003,0.377,3.216,117218.0,9.11,E
Greenland,GRL,North America,1970,1970,-0.284,0.381,8.378,45485.0,,E
Greenland,GRL,North America,1971,1970,-0.839,0.469,10.082,46519.0,,E
Greenland,GRL,North America,1972,1970,-1.083,0.553,11.702,47279.0,,E
Greenland,GRL,North America,1973,1970,-0.893,0.557,11.603,48000.0,,E
Greenland,GRL,North America,1974,1970,0.417,0.557,11.448,48647.0,,E
Greenland,GRL,North America,1975,1970,-1.094,0.506,10.279,49189.0,,E
Greenland,GRL,North America,1976,1970,-0.351,0.22,4.431,49612.0,,E
Greenland,GRL,North America,1977,1970,1.0,0.722,14.501,49776.0,,E
Greenland,GRL,North America,1978,1970,-0.678,0.392,7.877,49771.0,,E
Greenland,GRL,North America,1979,1970,0.663,0.572,11.477,49802.0,,E
Greenland,GRL,North America,1980,1980,1.059,0.564,11.256,50130.0,,E
Greenland,GRL,North America,1981,1980,-0.291,0.528,10.4,50732.0,,E
Greenland,GRL,North America,1982,1980,-0.621,0.517,10.06,51354.0,,E
Greenland,GRL,North America,1983,1980,-2.425,0.363,6.977,51987.0,,E
Greenland,GRL,North America,1984,1980,-1.926,0.568,10.79,52632.0,,E
Greenland,GRL,North America,1985,1980,0.97,0.509,9.567,53234.0,,E
Greenland,GRL,North America,1986,1980,0.509,0.326,6.066,53759.0,,E
Greenland,GRL,North America,1987,1980,-0.183,0.234,4.32,54280.0,,E
Greenland,GRL,North America,1988,1980,0.558,0.546,9.959,54819.0,,E
Greenland,GRL,North America,1989,1980,-1.681,0.473,8.542,55333.0,,E
Greenland,GRL,North America,1990,1990,-0.462,0.624,11.217,55650.0,0.5,E
Greenland,GRL,North America,1991,1990,-0.324,0.609,10.933,55740.0,0.53,E
Greenland,GRL,North America,1992,1990,-1.361,0.595,10.674,55769.0,0.58,E
Greenland,GRL,North America,1993,1990,-1.527,0.545,9.778,55780.0,5.3,E
Greenland,GRL,North America,1994,1990,-0.58,0.495,8.884,55766.0,11.19,E
Greenland,GRL,North America,1995,1990,-0.437,0.534,9.557,55857.0,10.7,E
Greenland,GRL,North America,1996,1990,0.611,0.596,10.648,56020.0,10.5,E
Greenland,GRL,North America,1997,1990,0.412,0.617,11.001,56115.0,9.19,E
Greenland,GRL,North America,1998,1990,1.238,0.596,10.619,56175.0,9.35,E
Greenland,GRL,North America,1999,1990,0.407,0.594,10.581,56148.0,9.39,E
Greenland,GRL,North America,2000,2000,0.898,0.667,11.866,56228.0,9.19,E
Greenland,GRL,North America,2001,2000,0.851,0.618,10.948,56433.0,8.73,E
Greenland,GRL,North America,2002,2000,1.07,0.579,10.234,56617.0,9.48,E
Greenland,GRL,North America,2003,2000,2.362,0.649,11.435,56781.0,9.47,E
Greenland,GRL,North America,2004,2000,1.472,0.623,10.937,56926.0,6.93,E
Greenland,GRL,North America,2005,2000,1.901,0.627,11.001,56969.0,7.21,E
Greenland,GRL,North America,2006,2000,1.679,0.644,11.313,56901.0,7.43,E
Greenland,GRL,North America,2007,2000,1.413,0.635,11.182,56807.0,6.89,E
Greenland,GRL,North America,2008,2000,0.871,0.654,11.531,56683.0,6.86,E
Greenland,GRL,North America,2009,2000,0.838,0.577,10.207,56547.0,8.67,E
Greenland,GRL,North America,2010,2010,3.24,0.661,11.666,56634.0,8.4,E
Greenland,GRL,North America,2011,2010,1.597,0.705,12.402,56853.0,8.38,E
Greenland,GRL,North America,2012,2010,1.532,0.547,9.631,56797.0,10.51,E
Greenland,GRL,North America,2013,2010,1.394,0.562,9.945,56532.0,11.91,E
Greenland,GRL,North America,2014,2010,1.64,0.503,8.942,56195.0,12.48,E
Greenland,GRL,North America,2015,2010,0.121,0.548,9.77,56048.0,12.32,E
Greenland,GRL,North America,2016,2010,2.361,0.509,9.08,56082.0,12.34,E
Greenland,GRL,North America,2017,2010,1.161,0.536,9.554,56094.0,11.19,E
Greenland,GRL,North America,2018,2010,0.922,0.524,9.336,56100.0,11.97,E
Greenland,GRL,North America,2019,2010,2.137,0.526,9.377,56109.0,11.08,E
Greenland,GRL,North America,2020,2020,1.119,0.55,9.794,56105.0,11.33,E
Greenland,GRL,North America,2021,2020,2.213,0.546,9.745,56065.0,11.58,E
Greenland,GRL,North America,2022,2020,1.471,0.587,10.483,56014.0,11.99,E
Greenland,GRL,North America,2023,2020,1.304,0.609,10.884,55951.0,11.73,E
Greenland,GRL,North America,2024,2020,1.585,0.619,11.08,55864.0,11.55,E
Guatemala,GTM,North America,1970,1970,-0.189,2.296,0.426,5396972.0,,E
Guatemala,GTM,North America,1971,1970,-0.179,2.439,0.44,5538359.0,,E
Guatemala,GTM,North America,1972,1970,0.394,2.707,0.476,5682834.0,,E
Guatemala,GTM,North America,1973,1970,0.407,2.934,0.503,5831640.0,,E
Guatemala,GTM,North America,1974,1970,-0.217,3.066,0.513,5981201.0,,E
Guatemala,GTM,North America,1975,1970,0.204,3.52,0.574,6128733.0,,E
Guatemala,GTM,North America,1976,1970,-0.353,3.305,0.528,6262409.0,,E
Guatemala,GTM,North America,1977,1970,0.336,3.804,0.594,6401516.0,,E
Guatemala,GTM,North America,1978,1970,0.198,4.116,0.627,6561540.0,,E
Guatemala,GTM,North America,1979,1970,0.389,4.677,0.695,6727798.0,,E
Guatemala,GTM,North America,1980,1980,0.453,4.491,0.651,6900215.0,,E
Guatemala,GTM,North America,1981,1980,0.117,3.948,0.558,7075648.0,,E
Guatemala,GTM,North America,1982,1980,0.54,3.605,0.498,7240249.0,,E
Guatemala,GTM,North America,1983,1980,0.735,3.158,0.426,7419642.0,,E
Guatemala,GTM,North America,1984,1980,0.204,3.399,0.446,7630682.0,,E
Guatemala,GTM,North America,1985,1980,0.216,3.495,0.445,7849691.0,,E
Guatemala,GTM,North America,1986,1980,0.107,3.662,0.454,8070818.0,,E
Guatemala,GTM,North America,1987,1980,0.45,3.912,0.472,8296488.0,,E
Guatemala,GTM,North America,1988,1980,0.555,4.071,0.477,8532104.0,,E
Guatemala,GTM,North America,1989,1980,0.127,4.183,0.477,8775549.0,,E
Guatemala,GTM,North America,1990,1990,0.362,4.658,0.516,9024775.0,74.95,E
Guatemala,GTM,North America,1991,1990,0.637,4.756,0.513,9272592.0,74.21,E
Guatemala,GTM,North America,1992,1990,0.459,5.791,0.608,9522265.0,72.16,E
Guatemala,GTM,North America,1993,1990,0.357,5.572,0.57,9779760.0,69.79,E
Guatemala,GTM,North America,1994,1990,0.627,6.639,0.661,10043713.0,68.33,E
Guatemala,GTM,North America,1995,1990,0.648,7.085,0.687,10312999.0,64.98,E
Guatemala,GTM,North America,1996,1990,0.174,6.54,0.618,10583528.0,65.57,E
Guatemala,GTM,North America,1997,1990,0.766,7.46,0.687,10857754.0,65.13,E
Guatemala,GTM,North America,1998,1990,0.933,8.62,0.774,11139147.0,61.97,E
Guatemala,GTM,North America,1999,1990,0.621,8.874,0.777,11422977.0,64.54,E
Guatemala,GTM,North America,2000,2000,0.255,9.742,0.833,11697592.0,62.66,E
Guatemala,GTM,North America,2001,2000,0.312,10.147,0.848,11969423.0,61.27,E
Guatemala,GTM,North America,2002,2000,0.586,10.694,0.873,12246923.0,63.77,E
Guatemala,GTM,North America,2003,2000,1.014,10.411,0.831,12525843.0,64.3,E
Guatemala,GTM,North America,2004,2000,0.674,11.056,0.863,12807409.0,66.11,E
Guatemala,GTM,North America,2005,2000,0.902,12.038,0.92,13087637.0,65.25,E
Guatemala,GTM,North America,2006,2000,0.709,12.176,0.911,13367455.0,64.74,E
Guatemala,GTM,North America,2007,2000,0.71,12.117,0.888,13652042.0,63.29,E
Guatemala,GTM,North America,2008,2000,0.333,10.735,0.77,13935172.0,66.52,E
Guatemala,GTM,North America,2009,2000,0.794,11.725,0.825,14215614.0,65.28,E
Guatemala,GTM,North America,2010,2010,0.783,10.817,0.746,14500118.0,67.09,E
Guatemala,GTM,North America,2011,2010,0.53,10.979,0.742,14792123.0,67.1,E
Guatemala,GTM,North America,2012,2010,0.629,11.347,0.752,15089639.0,67.36,E
Guatemala,GTM,North America,2013,2010,0.735,12.493,0.812,15387339.0,67.2,E
Guatemala,GTM,North America,2014,2010,0.748,13.425,0.856,15681725.0,66.26,E
Guatemala,GTM,North America,2015,2010,1.184,15.449,0.967,15971745.0,63.3,E
Guatemala,GTM,North America,2016,2010,1.472,16.524,1.016,16268761.0,63.24,E
Guatemala,GTM,North America,2017,2010,1.098,16.993,1.026,16567363.0,65.12,E
Guatemala,GTM,North America,2018,2010,0.893,18.338,1.089,16845688.0,64.02,E
Guatemala,GTM,North America,2019,2010,1.405,19.259,1.126,17103803.0,62.82,E
Guatemala,GTM,North America,2020,2020,1.692,17.157,0.988,17357331.0,65.46,E
Guatemala,GTM,North America,2021,2020,1.421,19.984,1.136,17598652.0,62.37,E
Guatemala,GTM,North America,2022,2020,1.095,18.913,1.06,17847877.0,63.29,E
Guatemala,GTM,North America,2023,2020,1.769,19.736,1.089,18124841.0,62.49,E
Guatemala,GTM,North America,2024,2020,1.861,19.88,1.08,18406366.0,,E
French Guiana,GUF,South America,1970,1970,0.226,,,,,E
French Guiana,GUF,South America,1971,1970,-0.322,,,,,E
French Guiana,GUF,South America,1972,1970,-0.037,,,,,E
French Guiana,GUF,South America,1973,1970,0.185,,,,,E
French Guiana,GUF,South America,1974,1970,-0.323,,,,,E
French Guiana,GUF,South America,1975,1970,-0.267,,,,,E
French Guiana,GUF,South America,1976,1970,-0.079,,,,,E
French Guiana,GUF,South America,1977,1970,0.139,,,,,E
French Guiana,GUF,South America,1978,1970,0.14,,,,,E
French Guiana,GUF,South America,1979,1970,0.302,,,,,E
French Guiana,GUF,South America,1980,1980,0.313,,,,,E
French Guiana,GUF,South America,1981,1980,0.331,,,,,E
French Guiana,GUF,South America,1982,1980,0.278,,,,,E
French Guiana,GUF,South America,1983,1980,0.653,,,,,E
French Guiana,GUF,South America,1984,1980,-0.048,,,,,E
French Guiana,GUF,South America,1985,1980,0.097,,,,,E
French Guiana,GUF,South America,1986,1980,0.231,,,,,E
French Guiana,GUF,South America,1987,1980,0.789,,,,,E
French Guiana,GUF,South America,1988,1980,0.571,,,,,E
French Guiana,GUF,South America,1989,1980,0.101,,,,,E
French Guiana,GUF,South America,1990,1990,0.405,,,,5.73,E
French Guiana,GUF,South America,1991,1990,0.463,,,,5.7,E
French Guiana,GUF,South America,1992,1990,0.541,,,,5.73,E
French Guiana,GUF,South America,1993,1990,0.45,,,,6.16,E
French Guiana,GUF,South America,1994,1990,0.387,,,,11.19,E
French Guiana,GUF,South America,1995,1990,0.77,,,,13.46,E
French Guiana,GUF,South America,1996,1990,0.663,,,,18.67,E
French Guiana,GUF,South America,1997,1990,0.846,,,,20.3,E
French Guiana,GUF,South America,1998,1990,1.538,,,,11.26,E
French Guiana,GUF,South America,1999,1990,0.771,,,,23.34,E
French Guiana,GUF,South America,2000,2000,0.675,,,,23.84,E
French Guiana,GUF,South America,2001,2000,0.777,,,,25.92,E
French Guiana,GUF,South America,2002,2000,0.944,,,,30.37,E
French Guiana,GUF,South America,2003,2000,1.065,,,,22.96,E
French Guiana,GUF,South America,2004,2000,0.993,,,,26.4,E
French Guiana,GUF,South America,2005,2000,1.489,,,,28.5,E
French Guiana,GUF,South America,2006,2000,0.942,,,,33.88,E
French Guiana,GUF,South America,2007,2000,1.213,,,,30.67,E
French Guiana,GUF,South America,2008,2000,0.944,,,,35.05,E
French Guiana,GUF,South America,2009,2000,1.344,,,,25.89,E
French Guiana,GUF,South America,2010,2010,1.557,,,,29.4,E
French Guiana,GUF,South America,2011,2010,1.129,,,,,E
French Guiana,GUF,South America,2012,2010,1.12,,,,,E
French Guiana,GUF,South America,2013,2010,1.28,,,,,E
French Guiana,GUF,South America,2014,2010,1.301,,,,,E
French Guiana,GUF,South America,2015,2010,1.487,,,,,E
French Guiana,GUF,South America,2016,2010,1.865,,,,,E
French Guiana,GUF,South America,2017,2010,1.594,,,,,E
French Guiana,GUF,South America,2018,2010,1.332,,,,,E
French Guiana,GUF,South America,2019,2010,1.648,,,,,E
French Guiana,GUF,South America,2020,2020,1.755,,,,,E
French Guiana,GUF,South America,2021,2020,1.448,,,,,E
French Guiana,GUF,South America,2022,2020,1.306,,,,,E
French Guiana,GUF,South America,2023,2020,1.792,,,,,E
French Guiana,GUF,South America,2024,2020,2.419,,,,,E
Guam,GUM,,1990,1990,,,,,0.52,
Guam,GUM,,1991,1990,,,,,0.48,
Guam,GUM,,1992,1990,,,,,0.48,
Guam,GUM,,1993,1990,,,,,0.44,
Guam,GUM,,1994,1990,,,,,0.42,
Guam,GUM,,1995,1990,,,,,0.44,
Guam,GUM,,1996,1990,,,,,0.42,
Guam,GUM,,1997,1990,,,,,0.41,
Guam,GUM,,1998,1990,,,,,0.44,
Guam,GUM,,1999,1990,,,,,0.41,
Guam,GUM,,2000,2000,,,,,0.41,
Guam,GUM,,2001,2000,,,,,0.41,
Guam,GUM,,2002,2000,,,,,0.45,
Guam,GUM,,2003,2000,,,,,0.5,
Guam,GUM,,2004,2000,,,,,0.46,
Guam,GUM,,2005,2000,,,,,0.45,
Guam,GUM,,2006,2000,,,,,0.45,
Guam,GUM,,2007,2000,,,,,0.45,
Guam,GUM,,2008,2000,,,,,0.45,
Guam,GUM,,2009,2000,,,,,0.46,
Guam,GUM,,2010,2010,,,,,0.47,
Guam,GUM,,2011,2010,,,,,0.49,
Guam,GUM,,2012,2010,,,,,0.53,
Guam,GUM,,2013,2010,,,,,0.59,
Guam,GUM,,2014,2010,,,,,0.67,
Guam,GUM,,2015,2010,,,,,2.32,
Guam,GUM,,2016,2010,,,,,4.38,
Guam,GUM,,2017,2010,,,,,3.9,
Guam,GUM,,2018,2010,,,,,4.49,
Guam,GUM,,2019,2010,,,,,4.47,
Guam,GUM,,2020,2020,,,,,4.58,
Guam,GUM,,2021,2020,,,,,4.5,
Guam,GUM,,2022,2020,,,,,6.52,
Guam,GUM,,2023,2020,,,,,6.48,
Guam,GUM,,2024,2020,,,,,12.53,
Guyana,GUY,South America,1970,1970,0.422,1.579,2.247,702714.0,,E
Guyana,GUY,South America,1971,1970,-0.479,1.499,2.103,712672.0,,E
Guyana,GUY,South America,1972,1970,-0.094,1.561,2.163,721630.0,,E
Guyana,GUY,South America,1973,1970,0.161,1.803,2.469,730149.0,,E
Guyana,GUY,South America,1974,1970,-0.292,1.554,2.105,738063.0,,E
Guyana,GUY,South America,1975,1970,-0.221,1.825,2.448,745407.0,,E
Guyana,GUY,South America,1976,1970,-0.331,1.751,2.328,752258.0,,E
Guyana,GUY,South America,1977,1970,0.144,1.898,2.502,758659.0,,E
Guyana,GUY,South America,1978,1970,0.17,2.056,2.688,764594.0,,E
Guyana,GUY,South America,1979,1970,0.625,1.521,1.975,770067.0,,E
Guyana,GUY,South America,1980,1980,0.561,1.788,2.309,774372.0,,E
Guyana,GUY,South America,1981,1980,0.333,1.799,2.317,776461.0,,E
Guyana,GUY,South America,1982,1980,0.327,1.403,1.807,776718.0,,E
Guyana,GUY,South America,1983,1980,0.487,1.246,1.606,775897.0,,E
Guyana,GUY,South America,1984,1980,-0.356,1.403,1.813,774119.0,,E
Guyana,GUY,South America,1985,1980,-0.25,1.418,1.838,771484.0,,E
Guyana,GUY,South America,1986,1980,0.091,1.044,1.36,768104.0,,E
Guyana,GUY,South America,1987,1980,0.67,1.308,1.712,764125.0,,E
Guyana,GUY,South America,1988,1980,0.498,1.403,1.847,759674.0,,E
Guyana,GUY,South America,1989,1980,0.011,1.183,1.568,754873.0,,E
Guyana,GUY,South America,1990,1990,0.564,1.129,1.505,749891.0,55.06,E
Guyana,GUY,South America,1991,1990,0.448,1.107,1.48,747870.0,41.59,E
Guyana,GUY,South America,1992,1990,0.384,1.041,1.388,749919.0,43.17,E
Guyana,GUY,South America,1993,1990,0.317,1.044,1.387,752969.0,43.11,E
Guyana,GUY,South America,1994,1990,0.651,1.458,1.929,755821.0,32.3,E
Guyana,GUY,South America,1995,1990,1.278,1.565,2.063,758395.0,30.96,E
Guyana,GUY,South America,1996,1990,0.908,1.656,2.178,760535.0,29.04,E
Guyana,GUY,South America,1997,1990,1.081,1.806,2.37,762250.0,27.44,E
Guyana,GUY,South America,1998,1990,1.479,1.828,2.394,763596.0,27.62,E
Guyana,GUY,South America,1999,1990,0.511,1.836,2.401,764490.0,26.64,E
Guyana,GUY,South America,2000,2000,0.718,1.748,2.285,764836.0,30.42,E
Guyana,GUY,South America,2001,2000,0.843,1.74,2.277,764484.0,31.03,E
Guyana,GUY,South America,2002,2000,1.096,1.711,2.241,763657.0,34.24,E
Guyana,GUY,South America,2003,2000,1.05,1.869,2.449,763107.0,34.65,E
Guyana,GUY,South America,2004,2000,1.045,1.927,2.528,762424.0,35.51,E
Guyana,GUY,South America,2005,2000,1.499,1.616,2.124,760922.0,34.69,E
Guyana,GUY,South America,2006,2000,1.138,1.51,1.989,758976.0,36.82,E
Guyana,GUY,South America,2007,2000,1.144,1.781,2.353,756874.0,33.14,E
Guyana,GUY,South America,2008,2000,0.888,1.704,2.258,754614.0,32.57,E
Guyana,GUY,South America,2009,2000,1.364,1.905,2.533,752097.0,31.3,E
Guyana,GUY,South America,2010,2010,1.365,1.883,2.514,749259.0,30.62,E
Guyana,GUY,South America,2011,2010,1.051,1.957,2.622,746161.0,32.81,E
Guyana,GUY,South America,2012,2010,1.136,1.957,2.622,746296.0,28.71,E
Guyana,GUY,South America,2013,2010,1.084,1.902,2.535,750020.0,26.85,E
Guyana,GUY,South America,2014,2010,1.285,1.975,2.618,754231.0,24.02,E
Guyana,GUY,South America,2015,2010,1.764,1.964,2.588,758783.0,24.94,E
Guyana,GUY,South America,2016,2010,1.943,2.209,2.893,763553.0,21.41,E
Guyana,GUY,South America,2017,2010,1.451,2.158,2.808,768483.0,22.18,E
Guyana,GUY,South America,2018,2010,1.272,2.319,2.93,791563.0,16.81,E
Guyana,GUY,South America,2019,2010,1.286,2.645,3.275,807668.0,10.94,E
Guyana,GUY,South America,2020,2020,1.574,3.1,3.839,807486.0,11.82,E
Guyana,GUY,South America,2021,2020,1.127,2.933,3.596,815484.0,12.73,E
Guyana,GUY,South America,2022,2020,1.173,4.397,5.351,821638.0,7.95,E
Guyana,GUY,South America,2023,2020,1.963,4.379,5.299,826357.0,9.37,E
Guyana,GUY,South America,2024,2020,2.635,4.51,5.427,831092.0,8.28,E
"China, Hong Kong SAR",HKG,Asia,1970,1970,-0.394,8.392,2.244,3739916.0,,E
"China, Hong Kong SAR",HKG,Asia,1971,1970,-0.184,9.151,2.294,3989231.0,,E
"China, Hong Kong SAR",HKG,Asia,1972,1970,-0.14,9.276,2.253,4117125.0,,E
"China, Hong Kong SAR",HKG,Asia,1973,1970,0.426,9.286,2.199,4223248.0,,E
"China, Hong Kong SAR",HKG,Asia,1974,1970,-0.344,10.667,2.463,4330727.0,,E
"China, Hong Kong SAR",HKG,Asia,1975,1970,0.159,11.008,2.48,4438382.0,,E
"China, Hong Kong SAR",HKG,Asia,1976,1970,-0.772,12.49,2.748,4545134.0,,E
"China, Hong Kong SAR",HKG,Asia,1977,1970,0.162,14.204,3.054,4650487.0,,E
"China, Hong Kong SAR",HKG,Asia,1978,1970,0.005,15.714,3.305,4754069.0,,E
"China, Hong Kong SAR",HKG,Asia,1979,1970,0.018,15.838,3.26,4857668.0,,E
"China, Hong Kong SAR",HKG,Asia,1980,1980,0.258,16.6,3.345,4962488.0,,E
"China, Hong Kong SAR",HKG,Asia,1981,1980,0.386,18.617,3.678,5060960.0,,E
"China, Hong Kong SAR",HKG,Asia,1982,1980,0.071,19.623,3.81,5150097.0,,E
"China, Hong Kong SAR",HKG,Asia,1983,1980,-0.168,20.912,3.995,5235115.0,,E
"China, Hong Kong SAR",HKG,Asia,1984,1980,-0.5,22.225,4.181,5315980.0,,E
"China, Hong Kong SAR",HKG,Asia,1985,1980,-0.266,22.881,4.243,5393122.0,,E
"China, Hong Kong SAR",HKG,Asia,1986,1980,0.039,25.526,4.682,5451437.0,,E
"China, Hong Kong SAR",HKG,Asia,1987,1980,0.859,28.086,5.119,5486376.0,,E
"China, Hong Kong SAR",HKG,Asia,1988,1980,-0.11,29.285,5.31,5514904.0,,E
"China, Hong Kong SAR",HKG,Asia,1989,1980,0.274,30.141,5.44,5540576.0,,E
"China, Hong Kong SAR",HKG,Asia,1990,1990,0.285,27.148,4.882,5560599.0,0.22,E
"China, Hong Kong SAR",HKG,Asia,1991,1990,0.705,28.463,5.057,5628091.0,0.22,E
"China, Hong Kong SAR",HKG,Asia,1992,1990,-0.254,32.922,5.716,5759558.0,0.18,E
"China, Hong Kong SAR",HKG,Asia,1993,1990,0.273,34.778,5.892,5902506.0,0.19,E
"China, Hong Kong SAR",HKG,Asia,1994,1990,0.323,31.079,5.144,6042259.0,0.15,E
"China, Hong Kong SAR",HKG,Asia,1995,1990,-0.043,31.271,5.062,6177105.0,0.14,E
"China, Hong Kong SAR",HKG,Asia,1996,1990,-0.006,28.909,4.587,6302469.0,0.15,E
"China, Hong Kong SAR",HKG,Asia,1997,1990,0.272,30.497,4.753,6416674.0,0.11,E
"China, Hong Kong SAR",HKG,Asia,1998,1990,0.898,38.925,5.969,6521331.0,0.07,E
"China, Hong Kong SAR",HKG,Asia,1999,1990,0.954,42.549,6.431,6616524.0,0.06,E
"China, Hong Kong SAR",HKG,Asia,2000,2000,0.292,39.765,5.931,6704665.0,0.05,E
"China, Hong Kong SAR",HKG,Asia,2001,2000,0.827,37.289,5.504,6774243.0,0.06,E
"China, Hong Kong SAR",HKG,Asia,2002,2000,0.933,39.003,5.718,6821412.0,0.08,E
"China, Hong Kong SAR",HKG,Asia,2003,2000,0.96,42.733,6.23,6858906.0,0.08,E
"China, Hong Kong SAR",HKG,Asia,2004,2000,0.671,41.158,5.975,6888164.0,0.09,E
"China, Hong Kong SAR",HKG,Asia,2005,2000,0.717,43.334,6.273,6908483.0,0.08,E
"China, Hong Kong SAR",HKG,Asia,2006,2000,0.886,41.915,6.047,6931089.0,0.07,E
"China, Hong Kong SAR",HKG,Asia,2007,2000,0.995,43.572,6.25,6971344.0,0.1,E
"China, Hong Kong SAR",HKG,Asia,2008,2000,0.393,42.794,6.095,7020689.0,0.13,E
"China, Hong Kong SAR",HKG,Asia,2009,2000,0.891,41.583,5.886,7064464.0,0.11,E
"China, Hong Kong SAR",HKG,Asia,2010,2010,0.365,40.063,5.641,7101614.0,0.15,E
"China, Hong Kong SAR",HKG,Asia,2011,2010,0.324,43.15,6.041,7142969.0,0.48,E
"China, Hong Kong SAR",HKG,Asia,2012,2010,0.53,42.738,5.935,7201059.0,0.17,E
"China, Hong Kong SAR",HKG,Asia,2013,2010,0.769,44.31,6.1,7264330.0,0.26,E
"China, Hong Kong SAR",HKG,Asia,2014,2010,0.677,45.492,6.215,7319502.0,0.23,E
"China, Hong Kong SAR",HKG,Asia,2015,2010,1.147,42.404,5.756,7366411.0,0.2,E
"China, Hong Kong SAR",HKG,Asia,2016,2010,0.724,43.366,5.854,7408006.0,0.16,E
"China, Hong Kong SAR",HKG,Asia,2017,2010,1.272,42.431,5.699,7444889.0,0.2,E
"China, Hong Kong SAR",HKG,Asia,2018,2010,1.079,42.597,5.702,7471190.0,0.23,E
"China, Hong Kong SAR",HKG,Asia,2019,2010,1.654,41.897,5.597,7485817.0,0.23,E
"China, Hong Kong SAR",HKG,Asia,2020,2020,1.741,33.513,4.474,7490240.0,0.93,E
"China, Hong Kong SAR",HKG,Asia,2021,2020,1.837,33.637,4.494,7484604.0,1.15,E
"China, Hong Kong SAR",HKG,Asia,2022,2020,1.238,30.764,4.121,7465913.0,1.59,E
"China, Hong Kong SAR",HKG,Asia,2023,2020,1.281,32.957,4.428,7442738.0,1.69,E
"China, Hong Kong SAR",HKG,Asia,2024,2020,1.743,33.324,4.494,7414914.0,,E
Honduras,HND,North America,1970,1970,-0.324,1.388,0.505,2750721.0,,E
Honduras,HND,North America,1971,1970,-0.298,1.329,0.469,2834624.0,,E
Honduras,HND,North America,1972,1970,0.155,1.533,0.525,2922075.0,,E
Honduras,HND,North America,1973,1970,0.216,1.506,0.5,3011471.0,,E
Honduras,HND,North America,1974,1970,-0.283,1.553,0.501,3099844.0,,E
Honduras,HND,North America,1975,1970,0.074,1.661,0.52,3193239.0,,E
Honduras,HND,North America,1976,1970,-0.227,1.771,0.537,3294460.0,,E
Honduras,HND,North America,1977,1970,0.598,1.993,0.587,3398659.0,,E
Honduras,HND,North America,1978,1970,0.114,2.039,0.582,3505466.0,,E
Honduras,HND,North America,1979,1970,0.221,1.923,0.532,3614990.0,,E
Honduras,HND,North America,1980,1980,0.265,2.038,0.547,3727179.0,,E
Honduras,HND,North America,1981,1980,-0.02,1.808,0.471,3841781.0,,E
Honduras,HND,North America,1982,1980,0.246,1.749,0.442,3958735.0,,E
Honduras,HND,North America,1983,1980,0.589,1.976,0.485,4078177.0,,E
Honduras,HND,North America,1984,1980,-0.056,1.957,0.466,4199855.0,,E
Honduras,HND,North America,1985,1980,-0.045,1.886,0.436,4323338.0,,E
Honduras,HND,North America,1986,1980,-0.167,1.825,0.41,4448905.0,,E
Honduras,HND,North America,1987,1980,0.34,2.144,0.468,4576911.0,,E
Honduras,HND,North America,1988,1980,0.413,2.465,0.524,4707683.0,,E
Honduras,HND,North America,1989,1980,-0.13,2.68,0.554,4841843.0,,E
Honduras,HND,North America,1990,1990,0.033,2.505,0.503,4980493.0,70.13,E
Honduras,HND,North America,1991,1990,0.122,2.527,0.493,5123797.0,70.21,E
Honduras,HND,North America,1992,1990,0.167,2.803,0.532,5271437.0,67.75,E
Honduras,HND,North America,1993,1990,-0.108,2.941,0.542,5423253.0,66.73,E
Honduras,HND,North America,1994,1990,0.559,3.231,0.579,5579247.0,63.95,E
Honduras,HND,North America,1995,1990,0.623,3.836,0.668,5739636.0,62.97,E
Honduras,HND,North America,1996,1990,-0.109,3.876,0.656,5903962.0,62.63,E
Honduras,HND,North America,1997,1990,0.609,4.01,0.661,6071458.0,65.39,E
Honduras,HND,North America,1998,1990,0.876,4.811,0.772,6234436.0,62.88,E
Honduras,HND,North America,1999,1990,0.149,4.705,0.735,6400470.0,53.9,E
Honduras,HND,North America,2000,2000,-0.106,5.032,0.765,6577781.0,55.24,E
Honduras,HND,North America,2001,2000,0.147,5.665,0.838,6757992.0,50.4,E
Honduras,HND,North America,2002,2000,0.531,5.945,0.857,6938866.0,49.76,E
Honduras,HND,North America,2003,2000,0.528,6.687,0.939,7119213.0,47.94,E
Honduras,HND,North America,2004,2000,0.431,7.194,0.986,7299003.0,46.7,E
Honduras,HND,North America,2005,2000,0.79,6.835,0.914,7478362.0,51.37,E
Honduras,HND,North America,2006,2000,0.54,7.698,1.005,7656832.0,52.22,E
Honduras,HND,North America,2007,2000,0.672,8.216,1.049,7834806.0,50.57,E
Honduras,HND,North America,2008,2000,0.402,8.533,1.065,8012590.0,49.97,E
Honduras,HND,North America,2009,2000,0.709,8.03,0.981,8189904.0,50.45,E
Honduras,HND,North America,2010,2010,0.651,8.107,0.969,8365881.0,53.63,E
Honduras,HND,North America,2011,2010,0.481,8.857,1.037,8540587.0,50.88,E
Honduras,HND,North America,2012,2010,0.499,9.108,1.045,8715081.0,49.34,E
Honduras,HND,North America,2013,2010,0.746,9.328,1.049,8889276.0,49.89,E
Honduras,HND,North America,2014,2010,0.549,9.503,1.049,9063127.0,52.18,E
Honduras,HND,North America,2015,2010,1.028,10.898,1.18,9237306.0,50.02,E
Honduras,HND,North America,2016,2010,1.188,9.939,1.056,9412380.0,51.83,E
Honduras,HND,North America,2017,2010,0.853,10.198,1.064,9588144.0,45.63,E
Honduras,HND,North America,2018,2010,0.642,9.876,1.011,9765209.0,48.86,E
Honduras,HND,North America,2019,2010,1.117,10.963,1.102,9943637.0,46.2,E
Honduras,HND,North America,2020,2020,1.541,9.977,0.986,10119638.0,48.87,E
Honduras,HND,North America,2021,2020,0.981,11.06,1.075,10289881.0,44.65,E
Honduras,HND,North America,2022,2020,0.709,11.742,1.122,10463880.0,44.25,E
Honduras,HND,North America,2023,2020,1.453,12.404,1.165,10644853.0,40.54,E
Honduras,HND,North America,2024,2020,1.637,12.855,1.187,10825704.0,,E
Croatia,HRV,Europe,1970,1970,,11.841,2.653,4462673.0,,
Croatia,HRV,Europe,1971,1970,,12.755,2.847,4480165.0,,
Croatia,HRV,Europe,1972,1970,,11.937,2.654,4497888.0,,
Croatia,HRV,Europe,1973,1970,,14.279,3.162,4515760.0,,
Croatia,HRV,Europe,1974,1970,,14.335,3.162,4533946.0,,
Croatia,HRV,Europe,1975,1970,,14.951,3.284,4552725.0,,
Croatia,HRV,Europe,1976,1970,,15.427,3.374,4571754.0,,
Croatia,HRV,Europe,1977,1970,,14.996,3.267,4590620.0,,
Croatia,HRV,Europe,1978,1970,,16.764,3.637,4609021.0,,
Croatia,HRV,Europe,1979,1970,,18.238,3.942,4626955.0,,
Croatia,HRV,Europe,1980,1980,,17.926,3.86,4643900.0,,
Croatia,HRV,Europe,1981,1980,,19.48,4.176,4664258.0,,
Croatia,HRV,Europe,1982,1980,,17.891,3.815,4689152.0,,
Croatia,HRV,Europe,1983,1980,,19.267,4.088,4712882.0,,
Croatia,HRV,Europe,1984,1980,,20.321,4.292,4734489.0,,
Croatia,HRV,Europe,1985,1980,,20.731,4.36,4754549.0,,
Croatia,HRV,Europe,1986,1980,,21.657,4.537,4773054.0,,
Croatia,HRV,Europe,1987,1980,,21.139,4.413,4790208.0,,
Croatia,HRV,Europe,1988,1980,,21.82,4.54,4806029.0,,
Croatia,HRV,Europe,1989,1980,,21.752,4.512,4820729.0,,
Croatia,HRV,Europe,1990,1990,,22.885,4.733,4835067.0,21.65,
Croatia,HRV,Europe,1991,1990,,16.999,3.523,4825159.0,32.71,
Croatia,HRV,Europe,1992,1990,0.818,16.379,3.425,4782235.0,29.76,E
Croatia,HRV,Europe,1993,1990,0.385,16.811,3.554,4729734.0,29.85,E
Croatia,HRV,Europe,1994,1990,1.702,16.055,3.434,4675517.0,30.06,E
Croatia,HRV,Europe,1995,1990,0.413,16.814,3.64,4619362.0,30.34,E
Croatia,HRV,Europe,1996,1990,-0.046,17.338,3.8,4562290.0,32.64,E
Croatia,HRV,Europe,1997,1990,0.291,18.569,4.122,4504627.0,29.15,E
Croatia,HRV,Europe,1998,1990,1.136,19.04,4.283,4445669.0,28.09,E
Croatia,HRV,Europe,1999,1990,0.686,20.082,4.579,4385823.0,27.78,E
Croatia,HRV,Europe,2000,2000,1.608,19.653,4.543,4326105.0,26.83,E
Croatia,HRV,Europe,2001,2000,1.581,20.776,4.83,4301079.0,26.92,E
Croatia,HRV,Europe,2002,2000,1.242,21.916,5.09,4305783.0,24.64,E
Croatia,HRV,Europe,2003,2000,1.258,23.226,5.393,4306683.0,24.82,E
Croatia,HRV,Europe,2004,2000,0.646,22.853,5.302,4310050.0,26.59,E
Croatia,HRV,Europe,2005,2000,0.271,23.296,5.4,4313946.0,26.8,E
Croatia,HRV,Europe,2006,2000,0.694,23.496,5.444,4315802.0,25.51,E
Croatia,HRV,Europe,2007,2000,1.951,24.802,5.747,4315959.0,22.66,E
Croatia,HRV,Europe,2008,2000,1.428,23.516,5.45,4314635.0,24.15,E
Croatia,HRV,Europe,2009,2000,1.465,21.752,5.046,4310537.0,27.16,E
Croatia,HRV,Europe,2010,2010,0.833,20.978,4.877,4301150.0,29.76,E
Croatia,HRV,Europe,2011,2010,1.234,20.615,4.816,4280827.0,27.17,E
Croatia,HRV,Europe,2012,2010,1.822,19.05,4.473,4259233.0,29.41,E
Croatia,HRV,Europe,2013,2010,1.243,18.401,4.337,4242403.0,32.83,E
Croatia,HRV,Europe,2014,2010,2.0,17.65,4.183,4219485.0,33.61,E
Croatia,HRV,Europe,2015,2010,1.889,17.794,4.253,4183732.0,33.09,E
Croatia,HRV,Europe,2016,2010,1.804,18.079,4.371,4136438.0,31.83,E
Croatia,HRV,Europe,2017,2010,1.507,18.713,4.587,4079198.0,29.79,E
Croatia,HRV,Europe,2018,2010,2.263,17.695,4.396,4024868.0,32.83,E
Croatia,HRV,Europe,2019,2010,2.051,17.82,4.47,3986338.0,31.61,E
Croatia,HRV,Europe,2020,2020,1.951,16.87,4.267,3953956.0,32.37,E
Croatia,HRV,Europe,2021,2020,1.541,17.403,4.434,3924607.0,34.07,E
Croatia,HRV,Europe,2022,2020,2.212,17.585,4.501,3907031.0,30.63,E
Croatia,HRV,Europe,2023,2020,2.486,18.468,4.74,3896023.0,30.21,E
Croatia,HRV,Europe,2024,2020,3.308,18.465,4.765,3875325.0,,E
Haiti,HTI,North America,1970,1970,-0.202,0.384,0.083,4635126.0,,E
Haiti,HTI,North America,1971,1970,-0.222,0.403,0.085,4723251.0,,E
Haiti,HTI,North America,1972,1970,0.162,0.392,0.081,4813866.0,,E
Haiti,HTI,North America,1973,1970,0.508,0.421,0.086,4906746.0,,E
Haiti,HTI,North America,1974,1970,-0.051,0.472,0.094,5001803.0,,E
Haiti,HTI,North America,1975,1970,0.315,0.483,0.095,5099095.0,,E
Haiti,HTI,North America,1976,1970,-0.37,0.672,0.129,5198354.0,,E
Haiti,HTI,North America,1977,1970,0.269,0.704,0.133,5299480.0,,E
Haiti,HTI,North America,1978,1970,0.047,0.75,0.139,5402580.0,,E
Haiti,HTI,North America,1979,1970,0.169,0.75,0.136,5507590.0,,E
Haiti,HTI,North America,1980,1980,0.641,0.745,0.133,5614494.0,,E
Haiti,HTI,North America,1981,1980,0.684,0.758,0.132,5723727.0,,E
Haiti,HTI,North America,1982,1980,0.486,0.817,0.14,5835939.0,,E
Haiti,HTI,North America,1983,1980,0.603,0.885,0.149,5951101.0,,E
Haiti,HTI,North America,1984,1980,0.242,0.902,0.149,6069238.0,,E
Haiti,HTI,North America,1985,1980,0.201,0.928,0.15,6190868.0,,E
Haiti,HTI,North America,1986,1980,0.245,0.829,0.131,6316123.0,,E
Haiti,HTI,North America,1987,1980,1.054,0.898,0.139,6445125.0,,E
Haiti,HTI,North America,1988,1980,0.869,1.006,0.153,6578150.0,,E
Haiti,HTI,North America,1989,1980,0.514,1.022,0.152,6714732.0,,E
Haiti,HTI,North America,1990,1990,0.671,0.994,0.145,6854444.0,86.85,E
Haiti,HTI,North America,1991,1990,0.66,0.974,0.139,6995455.0,87.23,E
Haiti,HTI,North America,1992,1990,0.407,0.887,0.124,7136577.0,87.4,E
Haiti,HTI,North America,1993,1990,0.215,0.683,0.094,7278182.0,89.14,E
Haiti,HTI,North America,1994,1990,0.946,0.183,0.025,7419776.0,96.61,E
Haiti,HTI,North America,1995,1990,0.76,0.876,0.116,7562551.0,86.69,E
Haiti,HTI,North America,1996,1990,0.206,1.019,0.132,7707560.0,85.7,E
Haiti,HTI,North America,1997,1990,0.857,1.348,0.172,7854304.0,84.24,E
Haiti,HTI,North America,1998,1990,1.036,1.235,0.154,8002144.0,83.0,E
Haiti,HTI,North America,1999,1990,0.83,1.271,0.156,8151301.0,81.69,E
Haiti,HTI,North America,2000,2000,0.802,1.634,0.197,8303151.0,80.48,E
Haiti,HTI,North America,2001,2000,0.614,1.466,0.173,8455917.0,80.53,E
Haiti,HTI,North America,2002,2000,0.737,1.778,0.207,8607648.0,78.79,E
Haiti,HTI,North America,2003,2000,0.966,1.692,0.193,8759913.0,78.71,E
Haiti,HTI,North America,2004,2000,0.688,1.643,0.184,8910267.0,80.78,E
Haiti,HTI,North America,2005,2000,0.888,1.715,0.189,9061274.0,80.78,E
Haiti,HTI,North America,2006,2000,0.793,1.746,0.189,9216569.0,81.05,E
Haiti,HTI,North America,2007,2000,0.904,1.766,0.188,9373300.0,78.92,E
Haiti,HTI,North America,2008,2000,0.48,1.754,0.184,9530782.0,79.64,E
Haiti,HTI,North America,2009,2000,0.732,1.881,0.194,9689585.0,80.33,E
Haiti,HTI,North America,2010,2010,1.036,2.129,0.217,9803299.0,78.51,E
Haiti,HTI,North America,2011,2010,0.411,2.272,0.229,9914904.0,78.45,E
Haiti,HTI,North America,2012,2010,0.675,2.262,0.225,10069770.0,81.27,E
Haiti,HTI,North America,2013,2010,0.929,2.703,0.264,10222365.0,79.51,E
Haiti,HTI,North America,2014,2010,1.233,2.698,0.26,10373241.0,76.91,E
Haiti,HTI,North America,2015,2010,1.28,2.654,0.252,10523249.0,75.32,E
Haiti,HTI,North America,2016,2010,1.22,2.977,0.279,10671462.0,75.33,E
Haiti,HTI,North America,2017,2010,0.99,3.133,0.29,10817759.0,76.12,E
Haiti,HTI,North America,2018,2010,1.166,3.401,0.31,10962373.0,74.3,E
Haiti,HTI,North America,2019,2010,1.435,3.119,0.281,11105165.0,77.17,E
Haiti,HTI,North America,2020,2020,1.466,3.265,0.29,11243846.0,75.61,E
Haiti,HTI,North America,2021,2020,0.957,3.507,0.308,11374592.0,73.54,E
Haiti,HTI,North America,2022,2020,0.973,2.87,0.25,11503603.0,79.15,E
Haiti,HTI,North America,2023,2020,1.482,2.865,0.246,11637402.0,84.9,E
Haiti,HTI,North America,2024,2020,1.514,2.971,0.252,11772562.0,,E
Hungary,HUN,Europe,1970,1970,-0.51,69.96,6.782,10315142.0,,E
Hungary,HUN,Europe,1971,1970,-0.067,69.247,6.694,10343972.0,,E
Hungary,HUN,Europe,1972,1970,0.388,69.384,6.688,10374303.0,,E
Hungary,HUN,Europe,1973,1970,-0.025,73.007,7.015,10407441.0,,E
Hungary,HUN,Europe,1974,1970,0.27,74.028,7.081,10453918.0,,E
Hungary,HUN,Europe,1975,1970,0.865,75.3,7.161,10515654.0,,E
Hungary,HUN,Europe,1976,1970,-0.267,79.92,7.558,10573770.0,,E
Hungary,HUN,Europe,1977,1970,0.556,83.075,7.82,10623145.0,,E
Hungary,HUN,Europe,1978,1970,-0.864,88.04,8.259,10660190.0,,E
Hungary,HUN,Europe,1979,1970,0.054,86.058,8.052,10688259.0,,E
Hungary,HUN,Europe,1980,1980,-0.613,86.697,8.106,10695372.0,,E
Hungary,HUN,Europe,1981,1980,0.153,86.437,8.094,10679329.0,,E
Hungary,HUN,Europe,1982,1980,0.111,86.684,8.135,10656109.0,,E
Hungary,HUN,Europe,1983,1980,0.999,88.946,8.373,10622989.0,,E
Hungary,HUN,Europe,1984,1980,-0.142,90.665,8.566,10584329.0,,E
Hungary,HUN,Europe,1985,1980,-1.057,85.936,8.148,10547258.0,,E
Hungary,HUN,Europe,1986,1980,0.369,83.198,7.915,10511099.0,,E
Hungary,HUN,Europe,1987,1980,-0.532,84.115,8.03,10475103.0,,E
Hungary,HUN,Europe,1988,1980,0.401,78.031,7.474,10440534.0,,E
Hungary,HUN,Europe,1989,1980,0.882,75.909,7.297,10403421.0,,E
Hungary,HUN,Europe,1990,1990,1.091,73.427,7.073,10381280.0,3.86,E
Hungary,HUN,Europe,1991,1990,-0.038,69.825,6.728,10378174.0,4.28,E
Hungary,HUN,Europe,1992,1990,0.932,62.281,6.005,10371477.0,4.89,E
Hungary,HUN,Europe,1993,1990,0.087,62.991,6.082,10356869.0,5.05,E
Hungary,HUN,Europe,1994,1990,1.768,61.88,5.985,10339936.0,5.11,E
Hungary,HUN,Europe,1995,1990,0.655,61.464,5.954,10322792.0,5.42,E
Hungary,HUN,Europe,1996,1990,-0.315,63.083,6.123,10302238.0,5.14,E
Hungary,HUN,Europe,1997,1990,-0.121,61.676,6.0,10278600.0,5.23,E
Hungary,HUN,Europe,1998,1990,1.105,61.255,5.975,10251717.0,5.19,E
Hungary,HUN,Europe,1999,1990,0.627,61.575,6.025,10219797.0,5.16,E
Hungary,HUN,Europe,2000,2000,1.758,58.244,5.716,10190598.0,5.17,E
Hungary,HUN,Europe,2001,2000,1.416,59.828,5.885,10166693.0,5.12,E
Hungary,HUN,Europe,2002,2000,1.446,58.842,5.804,10138461.0,5.17,E
Hungary,HUN,Europe,2003,2000,0.732,61.611,6.095,10108970.0,5.01,E
Hungary,HUN,Europe,2004,2000,0.568,59.985,5.947,10085788.0,4.63,E
Hungary,HUN,Europe,2005,2000,0.252,60.142,5.975,10065703.0,7.29,E
Hungary,HUN,Europe,2006,2000,0.712,59.529,5.923,10049946.0,7.86,E
Hungary,HUN,Europe,2007,2000,2.152,58.449,5.825,10034084.0,9.0,E
Hungary,HUN,Europe,2008,2000,1.504,57.184,5.709,10016653.0,8.96,E
Hungary,HUN,Europe,2009,2000,1.62,51.458,5.145,10001381.0,12.29,E
Hungary,HUN,Europe,2010,2010,0.817,51.993,5.21,9979128.0,13.46,E
Hungary,HUN,Europe,2011,2010,0.901,50.156,5.042,9946675.0,14.74,E
Hungary,HUN,Europe,2012,2010,1.742,46.72,4.711,9916621.0,16.47,E
Hungary,HUN,Europe,2013,2010,1.171,43.487,4.397,9889344.0,17.18,E
Hungary,HUN,Europe,2014,2010,2.221,43.639,4.425,9862843.0,15.72,E
Hungary,HUN,Europe,2015,2010,2.069,46.567,4.733,9839211.0,15.6,E
Hungary,HUN,Europe,2016,2010,1.896,47.039,4.795,9810529.0,15.34,E
Hungary,HUN,Europe,2017,2010,1.341,49.424,5.051,9785608.0,14.55,E
Hungary,HUN,Europe,2018,2010,2.527,49.366,5.051,9774395.0,13.6,E
Hungary,HUN,Europe,2019,2010,2.348,49.159,5.031,9770346.0,13.64,E
Hungary,HUN,Europe,2020,2020,1.983,47.105,4.832,9749459.0,14.76,E
Hungary,HUN,Europe,2021,2020,1.429,48.326,4.978,9707848.0,15.27,E
Hungary,HUN,Europe,2022,2020,2.142,45.267,4.674,9684308.0,16.41,E
Hungary,HUN,Europe,2023,2020,2.575,40.344,4.165,9686465.0,18.34,E
Hungary,HUN,Europe,2024,2020,3.346,40.017,4.136,9676135.0,,E
Indonesia,IDN,Asia,1970,1970,0.152,35.791,0.309,115657496.0,,E
Indonesia,IDN,Asia,1971,1970,-0.168,38.955,0.328,118833700.0,,E
Indonesia,IDN,Asia,1972,1970,-0.063,43.306,0.355,122039844.0,,E
Indonesia,IDN,Asia,1973,1970,0.268,49.097,0.392,125288516.0,,E
Indonesia,IDN,Asia,1974,1970,-0.155,51.225,0.398,128555052.0,,E
Indonesia,IDN,Asia,1975,1970,-0.127,53.931,0.409,131843848.0,,E
Indonesia,IDN,Asia,1976,1970,-0.001,61.785,0.457,135173656.0,,E
Indonesia,IDN,Asia,1977,1970,0.111,82.41,0.595,138533540.0,,E
Indonesia,IDN,Asia,1978,1970,0.087,93.928,0.662,141953161.0,,E
Indonesia,IDN,Asia,1979,1970,0.198,95.123,0.654,145434830.0,,E
Indonesia,IDN,Asia,1980,1980,0.218,94.854,0.637,148950537.0,,E
Indonesia,IDN,Asia,1981,1980,0.176,100.272,0.658,152485036.0,,E
Indonesia,IDN,Asia,1982,1980,-0.004,105.555,0.676,156052153.0,,E
Indonesia,IDN,Asia,1983,1980,0.421,105.149,0.659,159651382.0,,E
Indonesia,IDN,Asia,1984,1980,-0.15,112.42,0.689,163251124.0,,E
Indonesia,IDN,Asia,1985,1980,0.144,121.548,0.729,166776183.0,,E
Indonesia,IDN,Asia,1986,1980,0.093,122.109,0.718,170175065.0,,E
Indonesia,IDN,Asia,1987,1980,0.465,123.813,0.714,173511157.0,,E
Indonesia,IDN,Asia,1988,1980,0.418,132.649,0.75,176855071.0,,E
Indonesia,IDN,Asia,1989,1980,0.073,131.586,0.73,180201638.0,,E
Indonesia,IDN,Asia,1990,1990,0.18,154.991,0.845,183501097.0,41.0,E
Indonesia,IDN,Asia,1991,1990,0.315,174.754,0.936,186778239.0,40.13,E
Indonesia,IDN,Asia,1992,1990,0.38,199.298,1.049,190043742.0,39.08,E
Indonesia,IDN,Asia,1993,1990,0.273,214.963,1.112,193305169.0,37.55,E
Indonesia,IDN,Asia,1994,1990,0.344,219.2,1.115,196591829.0,34.83,E
Indonesia,IDN,Asia,1995,1990,0.4,222.225,1.112,199888055.0,32.23,E
Indonesia,IDN,Asia,1996,1990,0.4,252.856,1.244,203204353.0,30.92,E
Indonesia,IDN,Asia,1997,1990,0.389,279.696,1.354,206536089.0,28.74,E
Indonesia,IDN,Asia,1998,1990,0.989,244.315,1.164,209826791.0,29.48,E
Indonesia,IDN,Asia,1999,1990,0.278,291.771,1.37,213004667.0,26.66,E
Indonesia,IDN,Asia,2000,2000,0.266,281.054,1.301,216077789.0,26.15,E
Indonesia,IDN,Asia,2001,2000,0.505,316.759,1.446,219097905.0,24.69,E
Indonesia,IDN,Asia,2002,2000,0.63,308.201,1.388,222088499.0,24.35,E
Indonesia,IDN,Asia,2003,2000,0.646,339.024,1.506,225048005.0,22.71,E
Indonesia,IDN,Asia,2004,2000,0.599,342.709,1.504,227926649.0,21.17,E
Indonesia,IDN,Asia,2005,2000,0.714,347.361,1.505,230871648.0,20.91,E
Indonesia,IDN,Asia,2006,2000,0.396,346.366,1.481,233951650.0,19.85,E
Indonesia,IDN,Asia,2007,2000,0.448,387.577,1.635,237062338.0,19.35,E
Indonesia,IDN,Asia,2008,2000,0.242,365.384,1.521,240157902.0,19.93,E
Indonesia,IDN,Asia,2009,2000,0.552,398.624,1.639,243220024.0,18.3,E
Indonesia,IDN,Asia,2010,2010,0.755,445.37,1.808,246305327.0,18.94,E
Indonesia,IDN,Asia,2011,2010,0.3,500.458,2.006,249470029.0,16.51,E
Indonesia,IDN,Asia,2012,2010,0.407,515.77,2.041,252698525.0,14.5,E
Indonesia,IDN,Asia,2013,2010,0.75,493.435,1.929,255852464.0,14.27,E
Indonesia,IDN,Asia,2014,2010,0.762,498.029,1.924,258877395.0,14.22,E
Indonesia,IDN,Asia,2015,2010,0.78,551.16,2.105,261799249.0,12.59,E
Indonesia,IDN,Asia,2016,2010,1.405,547.969,2.071,264627429.0,14.03,E
Indonesia,IDN,Asia,2017,2010,0.949,570.928,2.136,267346654.0,12.41,E
Indonesia,IDN,Asia,2018,2010,0.87,607.378,2.25,269951847.0,12.92,E
Indonesia,IDN,Asia,2019,2010,1.033,665.049,2.441,272489381.0,13.99,E
Indonesia,IDN,Asia,2020,2020,1.225,623.304,2.268,274814861.0,16.92,E
Indonesia,IDN,Asia,2021,2020,1.007,632.946,2.287,276758056.0,16.87,E
Indonesia,IDN,Asia,2022,2020,0.97,758.021,2.719,278830527.0,16.62,E
Indonesia,IDN,Asia,2023,2020,1.093,762.358,2.711,281190068.0,16.69,E
Indonesia,IDN,Asia,2024,2020,1.419,812.22,2.865,283487933.0,,E
Isle of Man,IMN,Europe,1970,1970,0.03,,,,,E
Isle of Man,IMN,Europe,1971,1970,0.294,,,,,E
Isle of Man,IMN,Europe,1972,1970,-0.21,,,,,E
Isle of Man,IMN,Europe,1973,1970,0.277,,,,,E
Isle of Man,IMN,Europe,1974,1970,-0.219,,,,,E
Isle of Man,IMN,Europe,1975,1970,0.679,,,,,E
Isle of Man,IMN,Europe,1976,1970,0.643,,,,,E
Isle of Man,IMN,Europe,1977,1970,-0.358,,,,,E
Isle of Man,IMN,Europe,1978,1970,0.189,,,,,E
Isle of Man,IMN,Europe,1979,1970,-0.797,,,,,E
Isle of Man,IMN,Europe,1980,1980,-0.058,,,,,E
Isle of Man,IMN,Europe,1981,1980,0.263,,,,,E
Isle of Man,IMN,Europe,1982,1980,0.045,,,,,E
Isle of Man,IMN,Europe,1983,1980,0.35,,,,,E
Isle of Man,IMN,Europe,1984,1980,0.324,,,,,E
Isle of Man,IMN,Europe,1985,1980,-0.524,,,,,E
Isle of Man,IMN,Europe,1986,1980,-0.719,,,,,E
Isle of Man,IMN,Europe,1987,1980,-0.255,,,,,E
Isle of Man,IMN,Europe,1988,1980,0.242,,,,,E
Isle of Man,IMN,Europe,1989,1980,1.08,,,,,E
Isle of Man,IMN,Europe,1990,1990,0.891,,,,,E
Isle of Man,IMN,Europe,1991,1990,0.157,,,,,E
Isle of Man,IMN,Europe,1992,1990,0.439,,,,,E
Isle of Man,IMN,Europe,1993,1990,-0.058,,,,,E
Isle of Man,IMN,Europe,1994,1990,0.251,,,,,E
Isle of Man,IMN,Europe,1995,1990,1.146,,,,,E
Isle of Man,IMN,Europe,1996,1990,-0.13,,,,,E
Isle of Man,IMN,Europe,1997,1990,0.907,,,,,E
Isle of Man,IMN,Europe,1998,1990,0.911,,,,,E
Isle of Man,IMN,Europe,1999,1990,1.091,,,,,E
Isle of Man,IMN,Europe,2000,2000,0.61,,,,,E
Isle of Man,IMN,Europe,2001,2000,0.496,,,,,E
Isle of Man,IMN,Europe,2002,2000,0.871,,,,1.48,E
Isle of Man,IMN,Europe,2003,2000,1.025,,,,1.12,E
Isle of Man,IMN,Europe,2004,2000,0.925,,,,6.28,E
Isle of Man,IMN,Europe,2005,2000,1.14,,,,2.68,E
Isle of Man,IMN,Europe,2006,2000,1.206,,,,3.27,E
Isle of Man,IMN,Europe,2007,2000,1.308,,,,1.94,E
Isle of Man,IMN,Europe,2008,2000,0.796,,,,1.31,E
Isle of Man,IMN,Europe,2009,2000,0.838,,,,1.87,E
Isle of Man,IMN,Europe,2010,2010,-0.148,,,,1.93,E
Isle of Man,IMN,Europe,2011,2010,0.644,,,,2.85,E
Isle of Man,IMN,Europe,2012,2010,0.576,,,,3.5,E
Isle of Man,IMN,Europe,2013,2010,0.412,,,,2.06,E
Isle of Man,IMN,Europe,2014,2010,1.473,,,,1.85,E
Isle of Man,IMN,Europe,2015,2010,0.372,,,,2.17,E
Isle of Man,IMN,Europe,2016,2010,1.078,,,,1.91,E
Isle of Man,IMN,Europe,2017,2010,1.341,,,,1.88,E
Isle of Man,IMN,Europe,2018,2010,0.855,,,,2.04,E
Isle of Man,IMN,Europe,2019,2010,1.151,,,,1.9,E
Isle of Man,IMN,Europe,2020,2020,1.188,,,,2.04,E
Isle of Man,IMN,Europe,2021,2020,1.012,,,,3.16,E
Isle of Man,IMN,Europe,2022,2020,1.829,,,,1.66,E
Isle of Man,IMN,Europe,2023,2020,1.557,,,,1.53,E
Isle of Man,IMN,Europe,2024,2020,1.448,,,,1.68,E
India,IND,Asia,1970,1970,0.014,181.724,0.333,545864271.0,,E
India,IND,Asia,1971,1970,-0.538,191.965,0.344,558096385.0,,E
India,IND,Asia,1972,1970,0.011,203.037,0.356,570482138.0,,E
India,IND,Asia,1973,1970,0.31,209.096,0.358,583465599.0,,E
India,IND,Asia,1974,1970,0.049,215.854,0.362,597041391.0,,E
India,IND,Asia,1975,1970,-0.28,234.21,0.383,611309536.0,,E
India,IND,Asia,1976,1970,0.002,244.75,0.391,625861887.0,,E
India,IND,Asia,1977,1970,0.171,258.962,0.404,640801106.0,,E
India,IND,Asia,1978,1970,-0.146,263.15,0.401,655728226.0,,E
India,IND,Asia,1979,1970,0.326,276.285,0.412,671155746.0,,E
India,IND,Asia,1980,1980,0.419,291.714,0.424,687354029.0,,E
India,IND,Asia,1981,1980,0.089,314.969,0.448,703696251.0,,E
India,IND,Asia,1982,1980,0.0,325.383,0.452,720313473.0,,E
India,IND,Asia,1983,1980,-0.137,352.205,0.478,737372683.0,,E
India,IND,Asia,1984,1980,-0.126,361.569,0.479,754875449.0,,E
India,IND,Asia,1985,1980,0.205,397.601,0.515,772647800.0,,E
India,IND,Asia,1986,1980,0.183,426.318,0.539,790689977.0,,E
India,IND,Asia,1987,1980,0.588,455.355,0.563,808931268.0,,E
India,IND,Asia,1988,1980,0.512,491.7,0.594,827342994.0,,E
India,IND,Asia,1989,1980,0.017,540.662,0.639,846039528.0,,E
India,IND,Asia,1990,1990,-0.037,577.987,0.668,864972221.0,52.94,E
India,IND,Asia,1991,1990,0.228,615.388,0.696,883927605.0,51.98,E
India,IND,Asia,1992,1990,0.064,655.424,0.726,902957075.0,51.45,E
India,IND,Asia,1993,1990,0.247,677.262,0.734,922118380.0,51.48,E
India,IND,Asia,1994,1990,0.136,714.043,0.759,941163772.0,50.48,E
India,IND,Asia,1995,1990,0.269,760.48,0.792,960301046.0,49.53,E
India,IND,Asia,1996,1990,0.367,823.602,0.841,979678460.0,49.13,E
India,IND,Asia,1997,1990,-0.042,857.976,0.859,999133764.0,47.88,E
India,IND,Asia,1998,1990,0.619,875.783,0.86,1018665080.0,47.94,E
India,IND,Asia,1999,1990,0.504,961.194,0.926,1038225822.0,47.11,E
India,IND,Asia,2000,2000,0.39,987.065,0.933,1057922731.0,46.78,E
India,IND,Asia,2001,2000,0.51,1001.198,0.929,1077898579.0,47.01,E
India,IND,Asia,2002,2000,0.866,1032.75,0.941,1097600380.0,45.66,E
India,IND,Asia,2003,2000,0.717,1068.398,0.957,1116803000.0,45.54,E
India,IND,Asia,2004,2000,0.598,1134.611,0.999,1135991509.0,44.83,E
India,IND,Asia,2005,2000,0.624,1195.393,1.035,1154676321.0,44.09,E
India,IND,Asia,2006,2000,0.725,1293.321,1.103,1172878888.0,43.08,E
India,IND,Asia,2007,2000,0.68,1393.485,1.17,1190676028.0,41.44,E
India,IND,Asia,2008,2000,0.342,1490.366,1.234,1207930960.0,38.89,E
India,IND,Asia,2009,2000,1.211,1613.328,1.316,1225524764.0,37.84,E
India,IND,Asia,2010,2010,1.2,1678.53,1.35,1243481565.0,36.4,E
India,IND,Asia,2011,2010,0.415,1765.695,1.4,1261224956.0,35.05,E
India,IND,Asia,2012,2010,0.559,1926.986,1.507,1278674501.0,34.92,E
India,IND,Asia,2013,2010,0.482,1995.337,1.54,1295829507.0,35.15,E
India,IND,Asia,2014,2010,0.57,2148.052,1.637,1312277184.0,34.09,E
India,IND,Asia,2015,2010,0.775,2231.817,1.681,1328024494.0,33.45,E
India,IND,Asia,2016,2010,1.171,2352.54,1.75,1343944296.0,33.2,E
India,IND,Asia,2017,2010,1.075,2425.722,1.784,1359657398.0,32.8,E
India,IND,Asia,2018,2010,0.986,2595.227,1.888,1374659067.0,33.19,E
India,IND,Asia,2019,2010,0.903,2611.175,1.88,1389030307.0,33.74,E
India,IND,Asia,2020,2020,0.619,2422.732,1.727,1402617694.0,36.21,E
India,IND,Asia,2021,2020,0.838,2675.778,1.892,1414203896.0,35.05,E
India,IND,Asia,2022,2020,0.867,2831.132,1.986,1425423209.0,34.21,E
India,IND,Asia,2023,2020,0.948,3062.756,2.13,1438069597.0,32.84,E
India,IND,Asia,2024,2020,1.172,3193.478,2.201,1450935785.0,,E
Ireland,IRL,Europe,1970,1970,0.034,19.39,6.548,2961402.0,,E
Ireland,IRL,Europe,1971,1970,0.315,22.476,7.509,2993119.0,,E
Ireland,IRL,Europe,1972,1970,-0.295,22.036,7.256,3037153.0,,E
Ireland,IRL,Europe,1973,1970,0.335,22.846,7.407,3084436.0,,E
Ireland,IRL,Europe,1974,1970,-0.236,23.293,7.437,3132177.0,,E
Ireland,IRL,Europe,1975,1970,0.683,22.051,6.934,3180119.0,,E
Ireland,IRL,Europe,1976,1970,0.536,22.29,6.904,3228393.0,,E
Ireland,IRL,Europe,1977,1970,-0.309,23.565,7.189,3277756.0,,E
Ireland,IRL,Europe,1978,1970,0.226,23.576,7.082,3329185.0,,E
Ireland,IRL,Europe,1979,1970,-0.718,27.399,8.116,3375806.0,,E
Ireland,IRL,Europe,1980,1980,-0.096,26.275,7.693,3415240.0,,E
Ireland,IRL,Europe,1981,1980,0.336,26.062,7.557,3448825.0,,E
Ireland,IRL,Europe,1982,1980,0.112,25.566,7.356,3475532.0,,E
Ireland,IRL,Europe,1983,1980,0.365,25.725,7.355,3497614.0,,E
Ireland,IRL,Europe,1984,1980,0.302,25.549,7.267,3515953.0,,E
Ireland,IRL,Europe,1985,1980,-0.469,26.746,7.574,3531275.0,,E
Ireland,IRL,Europe,1986,1980,-0.756,28.55,8.061,3541875.0,,E
Ireland,IRL,Europe,1987,1980,-0.172,30.226,8.538,3540382.0,,E
Ireland,IRL,Europe,1988,1980,0.217,29.884,8.477,3525092.0,,E
Ireland,IRL,Europe,1989,1980,1.022,30.061,8.562,3511070.0,,E
Ireland,IRL,Europe,1990,1990,0.803,32.945,9.375,3514015.0,2.28,E
Ireland,IRL,Europe,1991,1990,0.174,33.675,9.528,3534258.0,2.23,E
Ireland,IRL,Europe,1992,1990,0.422,33.496,9.413,3558417.0,2.17,E
Ireland,IRL,Europe,1993,1990,0.04,33.717,9.428,3576118.0,2.11,E
Ireland,IRL,Europe,1994,1990,0.259,34.839,9.704,3590162.0,2.18,E
Ireland,IRL,Europe,1995,1990,1.175,35.853,9.93,3610695.0,1.93,E
Ireland,IRL,Europe,1996,1990,-0.027,37.469,10.298,3638507.0,1.95,E
Ireland,IRL,Europe,1997,1990,0.958,38.805,10.567,3672287.0,1.91,E
Ireland,IRL,Europe,1998,1990,0.917,40.708,10.969,3711075.0,2.3,E
Ireland,IRL,Europe,1999,1990,1.053,42.44,11.309,3752938.0,2.08,E
Ireland,IRL,Europe,2000,2000,0.547,45.25,11.9,3802589.0,2.04,E
Ireland,IRL,Europe,2001,2000,0.525,47.608,12.324,3862981.0,1.97,E
Ireland,IRL,Europe,2002,2000,0.801,46.081,11.73,3928441.0,2.25,E
Ireland,IRL,Europe,2003,2000,0.992,45.684,11.441,3992935.0,2.02,E
Ireland,IRL,Europe,2004,2000,0.863,46.167,11.354,4066066.0,2.32,E
Ireland,IRL,Europe,2005,2000,1.142,48.153,11.588,4155283.0,2.9,E
Ireland,IRL,Europe,2006,2000,1.132,47.597,11.15,4268775.0,3.28,E
Ireland,IRL,Europe,2007,2000,1.329,47.658,10.847,4393518.0,3.56,E
Ireland,IRL,Europe,2008,2000,0.808,47.361,10.558,4485992.0,4.21,E
Ireland,IRL,Europe,2009,2000,0.773,42.177,9.303,4533750.0,5.32,E
Ireland,IRL,Europe,2010,2010,-0.139,41.791,9.167,4559084.0,5.31,E
Ireland,IRL,Europe,2011,2010,0.524,38.054,8.31,4579603.0,7.0,E
Ireland,IRL,Europe,2012,2010,0.682,38.224,8.309,4600135.0,6.94,E
Ireland,IRL,Europe,2013,2010,0.563,37.279,8.061,4624686.0,7.76,E
Ireland,IRL,Europe,2014,2010,1.357,36.85,7.911,4658236.0,8.83,E
Ireland,IRL,Europe,2015,2010,0.43,38.715,8.233,4702497.0,9.58,E
Ireland,IRL,Europe,2016,2010,1.034,40.369,8.492,4753506.0,8.67,E
Ireland,IRL,Europe,2017,2010,1.262,39.04,8.116,4810258.0,10.17,E
Ireland,IRL,Europe,2018,2010,0.778,38.922,7.988,4872559.0,10.89,E
Ireland,IRL,Europe,2019,2010,1.193,37.2,7.54,4933493.0,12.41,E
Ireland,IRL,Europe,2020,2020,1.071,35.053,7.035,4982602.0,13.75,E
Ireland,IRL,Europe,2021,2020,1.012,37.474,7.452,5028428.0,12.66,E
Ireland,IRL,Europe,2022,2020,1.752,36.676,7.177,5110015.0,13.83,E
Ireland,IRL,Europe,2023,2020,1.609,33.568,6.46,5196629.0,16.4,E
Ireland,IRL,Europe,2024,2020,1.374,33.311,6.339,5255016.0,,E
Iran (Islamic Republic of),IRN,Asia,1970,1970,0.933,91.787,3.149,29145099.0,,E
Iran (Islamic Republic of),IRN,Asia,1971,1970,0.077,101.628,3.384,30029069.0,,E
Iran (Islamic Republic of),IRN,Asia,1972,1970,-0.96,106.015,3.429,30921178.0,,E
Iran (Islamic Republic of),IRN,Asia,1973,1970,-0.204,129.475,4.066,31839835.0,,E
Iran (Islamic Republic of),IRN,Asia,1974,1970,-0.677,143.772,4.384,32796453.0,,E
Iran (Islamic Republic of),IRN,Asia,1975,1970,-0.207,139.214,4.118,33802971.0,,E
Iran (Islamic Republic of),IRN,Asia,1976,1970,-0.545,156.49,4.492,34837282.0,,E
Iran (Islamic Republic of),IRN,Asia,1977,1970,0.403,163.806,4.559,35933181.0,,E
Iran (Islamic Republic of),IRN,Asia,1978,1970,0.273,162.289,4.371,37126534.0,,E
Iran (Islamic Republic of),IRN,Asia,1979,1970,0.658,163.137,4.246,38424956.0,,E
Iran (Islamic Republic of),IRN,Asia,1980,1980,0.5,120.695,3.029,39842323.0,,E
Iran (Islamic Republic of),IRN,Asia,1981,1980,0.634,113.273,2.698,41989316.0,,E
Iran (Islamic Republic of),IRN,Asia,1982,1980,-0.152,138.132,3.12,44272140.0,,E
Iran (Islamic Republic of),IRN,Asia,1983,1980,-0.134,150.028,3.259,46029540.0,,E
Iran (Islamic Republic of),IRN,Asia,1984,1980,0.118,150.401,3.147,47793999.0,,E
Iran (Islamic Republic of),IRN,Asia,1985,1980,0.202,160.486,3.237,49582289.0,,E
Iran (Islamic Republic of),IRN,Asia,1986,1980,0.165,148.305,2.883,51446046.0,,E
Iran (Islamic Republic of),IRN,Asia,1987,1980,0.49,159.34,2.988,53323491.0,,E
Iran (Islamic Republic of),IRN,Asia,1988,1980,0.663,175.958,3.195,55072691.0,,E
Iran (Islamic Republic of),IRN,Asia,1989,1980,0.166,191.114,3.37,56704920.0,,E
Iran (Islamic Republic of),IRN,Asia,1990,1990,0.674,211.075,3.616,58380098.0,1.27,E
Iran (Islamic Republic of),IRN,Asia,1991,1990,0.328,223.042,3.718,59986931.0,1.26,E
Iran (Islamic Republic of),IRN,Asia,1992,1990,-0.831,228.194,3.73,61184982.0,1.48,E
Iran (Islamic Republic of),IRN,Asia,1993,1990,-0.077,236.993,3.86,61403548.0,1.56,E
Iran (Islamic Republic of),IRN,Asia,1994,1990,0.764,264.822,4.305,61520598.0,1.13,E
Iran (Islamic Republic of),IRN,Asia,1995,1990,0.665,270.875,4.355,62205571.0,1.06,E
Iran (Islamic Republic of),IRN,Asia,1996,1990,0.215,276.62,4.399,62881298.0,1.08,E
Iran (Islamic Republic of),IRN,Asia,1997,1990,0.634,269.263,4.231,63639637.0,0.91,E
Iran (Islamic Republic of),IRN,Asia,1998,1990,1.149,305.642,4.737,64519866.0,0.85,E
Iran (Islamic Republic of),IRN,Asia,1999,1990,1.617,374.452,5.722,65445389.0,0.6,E
Iran (Islamic Republic of),IRN,Asia,2000,2000,1.164,367.213,5.529,66418661.0,0.45,E
Iran (Islamic Republic of),IRN,Asia,2001,2000,1.459,389.912,5.781,67452005.0,0.53,E
Iran (Islamic Republic of),IRN,Asia,2002,2000,1.605,397.031,5.838,68011318.0,0.71,E
Iran (Islamic Republic of),IRN,Asia,2003,2000,0.873,410.967,5.976,68769343.0,0.87,E
Iran (Islamic Republic of),IRN,Asia,2004,2000,1.45,442.119,6.293,70256316.0,0.78,E
Iran (Islamic Republic of),IRN,Asia,2005,2000,0.786,466.795,6.499,71828455.0,1.44,E
Iran (Islamic Republic of),IRN,Asia,2006,2000,1.805,501.015,6.826,73392747.0,1.45,E
Iran (Islamic Republic of),IRN,Asia,2007,2000,0.829,507.771,6.806,74602648.0,1.35,E
Iran (Islamic Republic of),IRN,Asia,2008,2000,1.066,528.528,6.999,75514201.0,0.75,E
Iran (Islamic Republic of),IRN,Asia,2009,2000,1.116,543.406,7.107,76457831.0,0.81,E
Iran (Islamic Republic of),IRN,Asia,2010,2010,2.151,561.496,7.253,77420851.0,0.92,E
Iran (Islamic Republic of),IRN,Asia,2011,2010,1.28,576.366,7.353,78383602.0,0.95,E
Iran (Islamic Republic of),IRN,Asia,2012,2010,1.036,599.278,7.55,79370583.0,0.96,E
Iran (Islamic Republic of),IRN,Asia,2013,2010,1.605,609.997,7.586,80414689.0,1.02,E
Iran (Islamic Republic of),IRN,Asia,2014,2010,1.02,644.228,7.904,81502045.0,0.96,E
Iran (Islamic Republic of),IRN,Asia,2015,2010,1.8,641.959,7.77,82619365.0,0.93,E
Iran (Islamic Republic of),IRN,Asia,2016,2010,1.615,644.68,7.692,83812230.0,1.07,E
Iran (Islamic Republic of),IRN,Asia,2017,2010,1.688,696.407,8.19,85026761.0,1.02,E
Iran (Islamic Republic of),IRN,Asia,2018,2010,1.997,664.523,7.716,86117999.0,1.06,E
Iran (Islamic Republic of),IRN,Asia,2019,2010,1.512,727.269,8.354,87051649.0,1.56,E
Iran (Islamic Republic of),IRN,Asia,2020,2020,1.261,745.596,8.499,87723448.0,1.19,E
Iran (Islamic Republic of),IRN,Asia,2021,2020,2.075,779.525,8.813,88455490.0,0.78,E
Iran (Islamic Republic of),IRN,Asia,2022,2020,2.276,767.178,8.57,89524247.0,0.93,E
Iran (Islamic Republic of),IRN,Asia,2023,2020,2.148,789.676,8.715,90608708.0,0.92,E
Iran (Islamic Republic of),IRN,Asia,2024,2020,2.435,792.631,8.656,91567737.0,,E
Iraq,IRQ,Asia,1970,1970,0.688,23.884,2.453,9735611.0,,E
Iraq,IRQ,Asia,1971,1970,-0.164,28.832,2.861,10077818.0,,E
Iraq,IRQ,Asia,1972,1970,-0.725,29.52,2.83,10430169.0,,E
Iraq,IRQ,Asia,1973,1970,-0.207,30.613,2.836,10795872.0,,E
Iraq,IRQ,Asia,1974,1970,-0.416,30.909,2.768,11167770.0,,E
Iraq,IRQ,Asia,1975,1970,-0.248,33.12,2.869,11543643.0,,E
Iraq,IRQ,Asia,1976,1970,-0.798,48.747,4.087,11927652.0,,E
Iraq,IRQ,Asia,1977,1970,0.28,43.656,3.54,12331051.0,,E
Iraq,IRQ,Asia,1978,1970,0.121,42.251,3.313,12753355.0,,E
Iraq,IRQ,Asia,1979,1970,1.209,52.908,4.017,13170372.0,,E
Iraq,IRQ,Asia,1980,1980,-0.01,45.473,3.346,13591996.0,,E
Iraq,IRQ,Asia,1981,1980,0.237,32.042,2.288,14006379.0,,E
Iraq,IRQ,Asia,1982,1980,-0.413,30.538,2.12,14406082.0,,E
Iraq,IRQ,Asia,1983,1980,-0.811,38.652,2.604,14840558.0,,E
Iraq,IRQ,Asia,1984,1980,0.039,40.071,2.617,15310729.0,,E
Iraq,IRQ,Asia,1985,1980,0.021,44.53,2.839,15683431.0,,E
Iraq,IRQ,Asia,1986,1980,0.374,47.596,2.961,16074146.0,,E
Iraq,IRQ,Asia,1987,1980,0.369,52.684,3.189,16521051.0,,E
Iraq,IRQ,Asia,1988,1980,0.104,67.698,4.004,16908823.0,,E
Iraq,IRQ,Asia,1989,1980,0.196,72.974,4.202,17364553.0,,E
Iraq,IRQ,Asia,1990,1990,0.353,49.683,2.826,17581208.0,1.6,E
Iraq,IRQ,Asia,1991,1990,0.592,45.505,2.561,17767257.0,0.75,E
Iraq,IRQ,Asia,1992,1990,-1.193,59.02,3.225,18300849.0,0.49,E
Iraq,IRQ,Asia,1993,1990,-0.497,63.263,3.295,19201195.0,0.41,E
Iraq,IRQ,Asia,1994,1990,0.98,76.573,3.802,20139818.0,0.37,E
Iraq,IRQ,Asia,1995,1990,0.341,79.841,3.834,20825859.0,0.39,E
Iraq,IRQ,Asia,1996,1990,0.767,74.823,3.48,21501321.0,0.36,E
Iraq,IRQ,Asia,1997,1990,0.27,76.296,3.44,22176604.0,0.38,E
Iraq,IRQ,Asia,1998,1990,1.25,80.984,3.539,22884402.0,0.38,E
Iraq,IRQ,Asia,1999,1990,1.873,82.416,3.487,23636530.0,0.38,E
Iraq,IRQ,Asia,2000,2000,0.941,83.722,3.428,24424060.0,0.36,E
Iraq,IRQ,Asia,2001,2000,1.225,96.802,3.842,25197842.0,0.35,E
Iraq,IRQ,Asia,2002,2000,1.097,97.09,3.733,26006558.0,0.31,E
Iraq,IRQ,Asia,2003,2000,0.905,101.424,3.784,26802660.0,0.35,E
Iraq,IRQ,Asia,2004,2000,1.039,113.016,4.098,27577876.0,0.36,E
Iraq,IRQ,Asia,2005,2000,0.485,114.282,4.023,28407450.0,2.43,E
Iraq,IRQ,Asia,2006,2000,1.574,98.838,3.454,28616518.0,2.56,E
Iraq,IRQ,Asia,2007,2000,0.923,61.361,2.161,28391606.0,2.0,E
Iraq,IRQ,Asia,2008,2000,1.11,94.335,3.256,28971042.0,1.15,E
Iraq,IRQ,Asia,2009,2000,0.809,105.211,3.5,30058207.0,1.21,E
Iraq,IRQ,Asia,2010,2010,2.625,113.983,3.672,31045367.0,1.65,E
Iraq,IRQ,Asia,2011,2010,0.829,123.526,3.841,32161425.0,1.13,E
Iraq,IRQ,Asia,2012,2010,1.222,134.04,3.983,33654843.0,1.29,E
Iraq,IRQ,Asia,2013,2010,1.204,141.704,4.016,35281987.0,1.44,E
Iraq,IRQ,Asia,2014,2010,1.148,137.513,3.762,36550058.0,0.99,E
Iraq,IRQ,Asia,2015,2010,1.921,142.53,3.795,37560535.0,0.81,E
Iraq,IRQ,Asia,2016,2010,1.683,153.132,3.981,38469628.0,0.89,E
Iraq,IRQ,Asia,2017,2010,1.563,167.472,4.257,39337358.0,0.57,E
Iraq,IRQ,Asia,2018,2010,2.396,186.156,4.623,40265629.0,0.41,E
Iraq,IRQ,Asia,2019,2010,1.756,191.778,4.656,41192172.0,0.73,E
Iraq,IRQ,Asia,2020,2020,1.954,172.098,4.086,42116602.0,0.71,E
Iraq,IRQ,Asia,2021,2020,2.66,193.115,4.484,43071208.0,0.57,E
Iraq,IRQ,Asia,2022,2020,2.22,217.644,4.939,44070556.0,0.42,E
Iraq,IRQ,Asia,2023,2020,2.09,227.91,5.056,45074055.0,0.25,E
Iraq,IRQ,Asia,2024,2020,2.326,233.635,5.074,46042015.0,,E
Iceland,ISL,Europe,1970,1970,-0.684,1.388,6.789,204489.0,,E
Iceland,ISL,Europe,1971,1970,-0.019,1.472,7.141,206171.0,,E
Iceland,ISL,Europe,1972,1970,0.708,1.483,7.088,209209.0,,E
Iceland,ISL,Europe,1973,1970,-0.198,1.75,8.24,212385.0,,E
Iceland,ISL,Europe,1974,1970,0.425,1.738,8.076,215273.0,,E
Iceland,ISL,Europe,1975,1970,-0.518,1.613,7.4,218029.0,,E
Iceland,ISL,Europe,1976,1970,0.261,1.701,7.726,220196.0,,E
Iceland,ISL,Europe,1977,1970,-0.355,1.903,8.577,221842.0,,E
Iceland,ISL,Europe,1978,1970,-0.064,1.921,8.591,223580.0,,E
Iceland,ISL,Europe,1979,1970,-1.377,1.983,8.784,225765.0,,E
Iceland,ISL,Europe,1980,1980,0.267,1.862,8.161,228147.0,,E
Iceland,ISL,Europe,1981,1980,-1.037,1.748,7.575,230754.0,,E
Iceland,ISL,Europe,1982,1980,-0.385,1.594,6.816,233852.0,,E
Iceland,ISL,Europe,1983,1980,-0.98,1.543,6.509,236968.0,,E
Iceland,ISL,Europe,1984,1980,0.09,1.81,7.556,239513.0,,E
Iceland,ISL,Europe,1985,1980,0.042,1.623,6.721,241414.0,,E
Iceland,ISL,Europe,1986,1980,-0.202,1.78,7.32,243195.0,,E
Iceland,ISL,Europe,1987,1980,0.568,1.845,7.504,245864.0,,E
Iceland,ISL,Europe,1988,1980,-0.209,1.841,7.372,249734.0,,E
Iceland,ISL,Europe,1989,1980,-0.3,1.896,7.5,252861.0,,E
Iceland,ISL,Europe,1990,1990,0.038,2.222,8.719,254842.0,54.67,E
Iceland,ISL,Europe,1991,1990,0.642,2.103,8.157,257817.0,54.79,E
Iceland,ISL,Europe,1992,1990,0.099,2.249,8.615,261087.0,54.63,E
Iceland,ISL,Europe,1993,1990,0.091,2.4,9.1,263760.0,54.68,E
Iceland,ISL,Europe,1994,1990,-0.232,2.349,8.83,266063.0,54.16,E
Iceland,ISL,Europe,1995,1990,-0.466,2.469,9.229,267516.0,55.67,E
Iceland,ISL,Europe,1996,1990,0.428,2.523,9.38,268967.0,52.27,E
Iceland,ISL,Europe,1997,1990,0.301,2.618,9.655,271194.0,54.9,E
Iceland,ISL,Europe,1998,1990,0.108,2.638,9.625,274121.0,57.23,E
Iceland,ISL,Europe,1999,1990,0.375,2.841,10.239,277450.0,59.83,E
Iceland,ISL,Europe,2000,2000,0.203,2.933,10.426,281293.0,60.68,E
Iceland,ISL,Europe,2001,2000,0.508,2.865,10.051,285058.0,62.14,E
Iceland,ISL,Europe,2002,2000,0.722,2.992,10.403,287609.0,61.87,E
Iceland,ISL,Europe,2003,2000,1.749,2.985,10.308,289616.0,61.9,E
Iceland,ISL,Europe,2004,2000,1.198,3.107,10.635,292172.0,61.9,E
Iceland,ISL,Europe,2005,2000,0.418,2.976,10.026,296852.0,62.72,E
Iceland,ISL,Europe,2006,2000,0.999,3.154,10.38,303883.0,64.2,E
Iceland,ISL,Europe,2007,2000,1.068,3.494,11.212,311662.0,67.6,E
Iceland,ISL,Europe,2008,2000,0.722,3.811,12.004,317519.0,73.96,E
Iceland,ISL,Europe,2009,2000,0.885,3.73,11.708,318619.0,74.68,E
Iceland,ISL,Europe,2010,2010,1.14,3.627,11.399,318163.0,75.96,E
Iceland,ISL,Europe,2011,2010,0.95,3.503,10.978,319139.0,77.06,E
Iceland,ISL,Europe,2012,2010,0.674,3.499,10.906,320851.0,77.69,E
Iceland,ISL,Europe,2013,2010,0.662,3.489,10.772,323891.0,76.85,E
Iceland,ISL,Europe,2014,2010,1.582,3.445,10.519,327517.0,77.58,E
Iceland,ISL,Europe,2015,2010,0.339,3.541,10.699,330962.0,78.03,E
Iceland,ISL,Europe,2016,2010,1.333,3.494,10.411,335571.0,80.91,E
Iceland,ISL,Europe,2017,2010,1.617,3.611,10.511,343537.0,80.79,E
Iceland,ISL,Europe,2018,2010,0.746,3.665,10.388,352860.0,81.36,E
Iceland,ISL,Europe,2019,2010,1.266,3.553,9.849,360709.0,81.67,E
Iceland,ISL,Europe,2020,2020,0.711,3.339,9.107,366626.0,82.92,E
Iceland,ISL,Europe,2021,2020,0.897,3.491,9.367,372647.0,82.43,E
Iceland,ISL,Europe,2022,2020,1.244,3.598,9.458,380368.0,82.28,E
Iceland,ISL,Europe,2023,2020,0.597,3.508,9.052,387559.0,82.69,E
Iceland,ISL,Europe,2024,2020,0.117,3.803,9.667,393404.0,,E
Israel,ISR,Asia,1970,1970,0.223,16.559,5.78,2864773.0,,E
Israel,ISR,Asia,1971,1970,-0.314,16.219,5.448,2977303.0,,E
Israel,ISR,Asia,1972,1970,-0.474,16.891,5.485,3079404.0,,E
Israel,ISR,Asia,1973,1970,-0.451,19.261,6.089,3163042.0,,E
Israel,ISR,Asia,1974,1970,-0.233,19.369,5.978,3239987.0,,E
Israel,ISR,Asia,1975,1970,-0.386,19.54,5.889,3318087.0,,E
Israel,ISR,Asia,1976,1970,-0.551,19.497,5.737,3398266.0,,E
Israel,ISR,Asia,1977,1970,0.032,19.766,5.68,3479619.0,,E
Israel,ISR,Asia,1978,1970,-0.053,21.032,5.907,3560404.0,,E
Israel,ISR,Asia,1979,1970,0.633,20.864,5.731,3640877.0,,E
Israel,ISR,Asia,1980,1980,-0.177,20.985,5.639,3721666.0,,E
Israel,ISR,Asia,1981,1980,-0.191,21.018,5.528,3802233.0,,E
Israel,ISR,Asia,1982,1980,-0.545,23.855,6.142,3883640.0,,E
Israel,ISR,Asia,1983,1980,-1.043,23.709,5.988,3959631.0,,E
Israel,ISR,Asia,1984,1980,-0.187,23.498,5.825,4033735.0,,E
Israel,ISR,Asia,1985,1980,0.032,24.613,5.995,4105362.0,,E
Israel,ISR,Asia,1986,1980,0.076,26.348,6.32,4168966.0,,E
Israel,ISR,Asia,1987,1980,-0.278,27.069,6.389,4236875.0,,E
Israel,ISR,Asia,1988,1980,0.048,29.703,6.896,4307324.0,,E
Israel,ISR,Asia,1989,1980,-0.162,31.394,7.165,4381512.0,,E
Israel,ISR,Asia,1990,1990,-0.087,35.824,7.882,4544995.0,5.8,E
Israel,ISR,Asia,1991,1990,0.432,36.148,7.563,4779892.0,6.03,E
Israel,ISR,Asia,1992,1990,-0.994,42.082,8.489,4957240.0,6.24,E
Israel,ISR,Asia,1993,1990,-0.318,44.235,8.697,5086041.0,5.89,E
Israel,ISR,Asia,1994,1990,0.864,47.475,9.101,5216697.0,5.65,E
Israel,ISR,Asia,1995,1990,-0.089,49.866,9.312,5354734.0,5.44,E
Israel,ISR,Asia,1996,1990,0.401,51.936,9.444,5499555.0,5.45,E
Israel,ISR,Asia,1997,1990,-0.061,54.866,9.717,5646476.0,5.7,E
Israel,ISR,Asia,1998,1990,0.948,56.01,9.673,5790143.0,6.07,E
Israel,ISR,Asia,1999,1990,0.949,54.756,9.209,5946079.0,5.86,E
Israel,ISR,Asia,2000,2000,0.32,59.519,9.739,6111194.0,5.96,E
Israel,ISR,Asia,2001,2000,0.927,63.024,10.068,6259977.0,6.3,E
Israel,ISR,Asia,2002,2000,0.781,59.305,9.284,6387714.0,6.5,E
Israel,ISR,Asia,2003,2000,0.604,62.415,9.598,6502821.0,6.52,E
Israel,ISR,Asia,2004,2000,0.601,58.679,8.871,6615084.0,6.73,E
Israel,ISR,Asia,2005,2000,0.261,56.528,8.402,6728212.0,7.03,E
Israel,ISR,Asia,2006,2000,0.679,62.149,9.081,6844029.0,6.86,E
Israel,ISR,Asia,2007,2000,0.588,62.8,9.02,6962456.0,6.72,E
Israel,ISR,Asia,2008,2000,0.82,67.98,9.598,7082621.0,8.9,E
Israel,ISR,Asia,2009,2000,0.874,63.861,8.862,7206096.0,8.46,E
Israel,ISR,Asia,2010,2010,2.369,68.287,9.308,7336735.0,8.55,E
Israel,ISR,Asia,2011,2010,0.589,68.595,9.181,7471023.0,9.08,E
Israel,ISR,Asia,2012,2010,1.039,74.781,9.83,7607781.0,2.88,E
Israel,ISR,Asia,2013,2010,1.124,63.095,8.142,7749369.0,3.27,E
Israel,ISR,Asia,2014,2010,0.919,60.279,7.633,7897173.0,3.7,E
Israel,ISR,Asia,2015,2010,1.401,62.936,7.815,8052916.0,3.74,E
Israel,ISR,Asia,2016,2010,1.701,61.164,7.45,8210006.0,3.99,E
Israel,ISR,Asia,2017,2010,0.831,58.849,7.038,8361796.0,3.89,E
Israel,ISR,Asia,2018,2010,2.061,59.986,7.049,8510067.0,3.84,E
Israel,ISR,Asia,2019,2010,1.211,58.95,6.809,8657466.0,4.49,E
Israel,ISR,Asia,2020,2020,1.437,59.285,6.737,8800380.0,5.61,E
Israel,ISR,Asia,2021,2020,1.778,58.95,6.592,8942925.0,6.2,E
Israel,ISR,Asia,2022,2020,1.018,62.267,6.84,9103143.0,6.38,E
Israel,ISR,Asia,2023,2020,1.851,55.382,5.983,9256311.0,7.63,E
Israel,ISR,Asia,2024,2020,2.22,52.637,5.607,9387015.0,,E
Italy,ITA,Europe,1970,1970,-0.151,296.379,5.551,53390231.0,,E
Italy,ITA,Europe,1971,1970,-0.151,311.06,5.792,53707794.0,,E
Italy,ITA,Europe,1972,1970,-0.14,328.245,6.071,54067562.0,,E
Italy,ITA,Europe,1973,1970,0.021,353.356,6.489,54450571.0,,E
Italy,ITA,Europe,1974,1970,-0.13,358.26,6.535,54821114.0,,E
Italy,ITA,Europe,1975,1970,0.055,341.056,6.182,55166046.0,,E
Italy,ITA,Europe,1976,1970,-0.334,365.799,6.596,55459415.0,,E
Italy,ITA,Europe,1977,1970,0.27,354.421,6.361,55714552.0,,E
Italy,ITA,Europe,1978,1970,-0.555,371.277,6.637,55938969.0,,E
Italy,ITA,Europe,1979,1970,0.0,385.259,6.863,56132382.0,,E
Italy,ITA,Europe,1980,1980,-0.44,386.437,6.85,56412086.0,,E
Italy,ITA,Europe,1981,1980,-0.303,375.307,6.625,56646752.0,,E
Italy,ITA,Europe,1982,1980,0.482,366.883,6.468,56719178.0,,E
Italy,ITA,Europe,1983,1980,0.357,358.409,6.314,56766114.0,,E
Italy,ITA,Europe,1984,1980,-0.478,364.605,6.418,56810355.0,,E
Italy,ITA,Europe,1985,1980,0.109,368.986,6.49,56855499.0,,E
Italy,ITA,Europe,1986,1980,0.438,363.188,6.386,56875982.0,,E
Italy,ITA,Europe,1987,1980,0.178,380.099,6.681,56891919.0,,E
Italy,ITA,Europe,1988,1980,0.815,385.962,6.78,56928748.0,,E
Italy,ITA,Europe,1989,1980,0.391,404.742,7.104,56976750.0,,E
Italy,ITA,Europe,1990,1990,1.112,438.208,7.684,57031457.0,3.78,E
Italy,ITA,Europe,1991,1990,0.006,437.742,7.67,57075394.0,4.67,E
Italy,ITA,Europe,1992,1990,0.501,437.937,7.666,57124993.0,4.84,E
Italy,ITA,Europe,1993,1990,0.479,430.268,7.526,57170762.0,4.77,E
Italy,ITA,Europe,1994,1990,1.478,424.507,7.393,57420136.0,5.25,E
Italy,ITA,Europe,1995,1990,0.391,448.596,7.815,57403342.0,4.46,E
Italy,ITA,Europe,1996,1990,0.209,442.843,7.747,57162098.0,4.75,E
Italy,ITA,Europe,1997,1990,0.912,448.571,7.844,57189272.0,4.83,E
Italy,ITA,Europe,1998,1990,0.933,460.824,8.054,57215190.0,4.76,E
Italy,ITA,Europe,1999,1990,0.882,465.508,8.132,57240796.0,5.02,E
Italy,ITA,Europe,2000,2000,1.209,469.598,8.199,57272200.0,5.12,E
Italy,ITA,Europe,2001,2000,1.513,469.679,8.196,57305760.0,5.38,E
Italy,ITA,Europe,2002,2000,0.895,477.136,8.309,57420636.0,5.6,E
Italy,ITA,Europe,2003,2000,1.508,495.094,8.575,57739697.0,6.24,E
Italy,ITA,Europe,2004,2000,0.729,500.687,8.606,58176736.0,5.94,E
Italy,ITA,Europe,2005,2000,0.542,501.365,8.567,58519696.0,6.7,E
Italy,ITA,Europe,2006,2000,0.817,496.075,8.443,58754434.0,7.51,E
Italy,ITA,Europe,2007,2000,1.535,489.794,8.286,59108723.0,8.73,E
Italy,ITA,Europe,2008,2000,1.093,478.132,8.028,59561687.0,10.82,E
Italy,ITA,Europe,2009,2000,1.169,424.032,7.079,59904016.0,12.54,E
Italy,ITA,Europe,2010,2010,0.699,435.672,7.241,60164212.0,12.79,E
Italy,ITA,Europe,2011,2010,1.189,423.897,7.022,60367882.0,11.9,E
Italy,ITA,Europe,2012,2010,1.488,403.444,6.665,60531522.0,14.39,E
Italy,ITA,Europe,2013,2010,0.962,369.461,6.091,60653864.0,16.32,E
Italy,ITA,Europe,2014,2010,1.581,349.389,5.759,60664169.0,17.13,E
Italy,ITA,Europe,2015,2010,1.654,361.244,5.964,60575314.0,16.57,E
Italy,ITA,Europe,2016,2010,1.664,358.133,5.922,60478103.0,16.09,E
Italy,ITA,Europe,2017,2010,1.57,352.666,5.84,60390317.0,16.43,E
Italy,ITA,Europe,2018,2010,1.82,349.048,5.791,60277496.0,17.08,E
Italy,ITA,Europe,2019,2010,1.637,339.638,5.648,60130136.0,17.27,E
Italy,ITA,Europe,2020,2020,1.847,302.6,5.051,59912763.0,18.69,E
Italy,ITA,Europe,2021,2020,1.532,335.93,5.624,59729353.0,17.53,E
Italy,ITA,Europe,2022,2020,2.112,340.115,5.705,59619106.0,16.32,E
Italy,ITA,Europe,2023,2020,2.244,312.291,5.249,59499452.0,18.5,E
Italy,ITA,Europe,2024,2020,2.666,301.93,5.088,59342870.0,,E
Jamaica,JAM,North America,1970,1970,-0.26,4.989,2.656,1878191.0,,E
Jamaica,JAM,North America,1971,1970,-0.377,5.747,3.019,1903734.0,,E
Jamaica,JAM,North America,1972,1970,0.021,6.282,3.252,1931552.0,,E
Jamaica,JAM,North America,1973,1970,0.382,8.29,4.227,1961225.0,,E
Jamaica,JAM,North America,1974,1970,0.158,7.594,3.815,1990904.0,,E
Jamaica,JAM,North America,1975,1970,0.269,8.181,4.052,2018985.0,,E
Jamaica,JAM,North America,1976,1970,-0.314,7.276,3.557,2045578.0,,E
Jamaica,JAM,North America,1977,1970,,7.441,3.594,2070657.0,,O
Jamaica,JAM,North America,1978,1970,,9.112,4.35,2094848.0,,O
Jamaica,JAM,North America,1979,1970,,8.529,4.024,2119492.0,,O
Jamaica,JAM,North America,1980,1980,0.723,8.445,3.936,2145661.0,,E
Jamaica,JAM,North America,1981,1980,0.97,7.408,3.408,2173823.0,,E
Jamaica,JAM,North America,1982,1980,0.387,6.214,2.82,2203895.0,,E
Jamaica,JAM,North America,1983,1980,0.636,6.445,2.884,2234834.0,,E
Jamaica,JAM,North America,1984,1980,0.099,5.141,2.27,2264563.0,,E
Jamaica,JAM,North America,1985,1980,0.124,5.042,2.201,2290657.0,,E
Jamaica,JAM,North America,1986,1980,0.029,4.547,1.967,2312124.0,,E
Jamaica,JAM,North America,1987,1980,1.028,5.379,2.309,2329816.0,,E
Jamaica,JAM,North America,1988,1980,0.947,4.525,1.929,2345786.0,,E
Jamaica,JAM,North America,1989,1980,0.516,6.724,2.847,2361923.0,,E
Jamaica,JAM,North America,1990,1990,0.541,7.527,3.163,2379880.0,12.47,E
Jamaica,JAM,North America,1991,1990,0.601,7.751,3.228,2400873.0,12.37,E
Jamaica,JAM,North America,1992,1990,0.751,7.709,3.179,2424698.0,13.09,E
Jamaica,JAM,North America,1993,1990,0.355,8.001,3.266,2449913.0,14.32,E
Jamaica,JAM,North America,1994,1990,0.839,8.189,3.308,2475225.0,12.63,E
Jamaica,JAM,North America,1995,1990,0.811,9.173,3.669,2500152.0,13.73,E
Jamaica,JAM,North America,1996,1990,0.231,9.688,3.837,2524470.0,12.58,E
Jamaica,JAM,North America,1997,1990,0.701,10.068,3.952,2547853.0,12.93,E
Jamaica,JAM,North America,1998,1990,1.109,9.694,3.772,2569740.0,10.46,E
Jamaica,JAM,North America,1999,1990,0.466,9.958,3.845,2589796.0,9.98,E
Jamaica,JAM,North America,2000,2000,0.181,10.314,3.955,2607827.0,9.34,E
Jamaica,JAM,North America,2001,2000,0.442,10.576,4.03,2624410.0,7.91,E
Jamaica,JAM,North America,2002,2000,0.665,10.203,3.864,2640582.0,8.03,E
Jamaica,JAM,North America,2003,2000,0.827,10.667,4.015,2656629.0,8.14,E
Jamaica,JAM,North America,2004,2000,0.659,10.574,3.957,2672227.0,6.36,E
Jamaica,JAM,North America,2005,2000,0.751,10.413,3.875,2687070.0,5.39,E
Jamaica,JAM,North America,2006,2000,0.756,11.574,4.285,2700973.0,4.79,E
Jamaica,JAM,North America,2007,2000,0.768,10.749,3.961,2713808.0,5.31,E
Jamaica,JAM,North America,2008,2000,0.484,10.776,3.954,2725633.0,5.93,E
Jamaica,JAM,North America,2009,2000,0.742,7.937,2.9,2737001.0,7.42,E
Jamaica,JAM,North America,2010,2010,1.284,7.677,2.793,2748573.0,8.9,E
Jamaica,JAM,North America,2011,2010,0.526,8.226,2.98,2760493.0,9.84,E
Jamaica,JAM,North America,2012,2010,0.659,7.887,2.845,2772432.0,12.16,E
Jamaica,JAM,North America,2013,2010,0.924,8.467,3.042,2783689.0,11.39,E
Jamaica,JAM,North America,2014,2010,1.147,7.675,2.747,2793756.0,11.88,E
Jamaica,JAM,North America,2015,2010,1.219,7.966,2.843,2802536.0,12.12,E
Jamaica,JAM,North America,2016,2010,1.369,8.134,2.895,2809919.0,11.13,E
Jamaica,JAM,North America,2017,2010,1.05,7.768,2.759,2815765.0,10.98,E
Jamaica,JAM,North America,2018,2010,1.23,8.061,2.858,2820103.0,8.88,E
Jamaica,JAM,North America,2019,2010,1.547,9.439,3.343,2823275.0,9.25,E
Jamaica,JAM,North America,2020,2020,1.645,6.866,2.425,2830745.0,11.74,E
Jamaica,JAM,North America,2021,2020,1.289,7.313,2.577,2837680.0,10.49,E
Jamaica,JAM,North America,2022,2020,1.162,7.908,2.785,2839150.0,8.7,E
Jamaica,JAM,North America,2023,2020,1.618,8.069,2.841,2839785.0,9.41,E
Jamaica,JAM,North America,2024,2020,1.715,8.402,2.959,2839182.0,,E
Jersey,JEY,Europe,1970,1970,0.086,,,,,E
Jersey,JEY,Europe,1971,1970,0.035,,,,,E
Jersey,JEY,Europe,1972,1970,-0.395,,,,,E
Jersey,JEY,Europe,1973,1970,0.136,,,,,E
Jersey,JEY,Europe,1974,1970,-0.055,,,,,E
Jersey,JEY,Europe,1975,1970,0.64,,,,,E
Jersey,JEY,Europe,1976,1970,0.66,,,,,E
Jersey,JEY,Europe,1977,1970,-0.102,,,,,E
Jersey,JEY,Europe,1978,1970,0.056,,,,,E
Jersey,JEY,Europe,1979,1970,-0.522,,,,,E
Jersey,JEY,Europe,1980,1980,-0.19,,,,,E
Jersey,JEY,Europe,1981,1980,0.223,,,,,E
Jersey,JEY,Europe,1982,1980,0.62,,,,,E
Jersey,JEY,Europe,1983,1980,0.503,,,,,E
Jersey,JEY,Europe,1984,1980,0.274,,,,,E
Jersey,JEY,Europe,1985,1980,-0.444,,,,,E
Jersey,JEY,Europe,1986,1980,-0.64,,,,,E
Jersey,JEY,Europe,1987,1980,-0.215,,,,,E
Jersey,JEY,Europe,1988,1980,0.5,,,,,E
Jersey,JEY,Europe,1989,1980,1.53,,,,,E
Jersey,JEY,Europe,1990,1990,1.542,,,,0.0,E
Jersey,JEY,Europe,1991,1990,0.102,,,,0.0,E
Jersey,JEY,Europe,1992,1990,0.466,,,,0.0,E
Jersey,JEY,Europe,1993,1990,0.13,,,,0.0,E
Jersey,JEY,Europe,1994,1990,1.14,,,,0.0,E
Jersey,JEY,Europe,1995,1990,1.54,,,,0.0,E
Jersey,JEY,Europe,1996,1990,0.172,,,,0.0,E
Jersey,JEY,Europe,1997,1990,0.918,,,,0.0,E
Jersey,JEY,Europe,1998,1990,0.798,,,,0.0,E
Jersey,JEY,Europe,1999,1990,1.353,,,,0.0,E
Jersey,JEY,Europe,2000,2000,0.86,,,,0.0,E
Jersey,JEY,Europe,2001,2000,1.126,,,,0.0,E
Jersey,JEY,Europe,2002,2000,1.018,,,,2.45,E
Jersey,JEY,Europe,2003,2000,1.411,,,,6.91,E
Jersey,JEY,Europe,2004,2000,0.976,,,,4.66,E
Jersey,JEY,Europe,2005,2000,1.176,,,,7.46,E
Jersey,JEY,Europe,2006,2000,1.101,,,,7.36,E
Jersey,JEY,Europe,2007,2000,1.28,,,,2.78,E
Jersey,JEY,Europe,2008,2000,0.819,,,,7.34,E
Jersey,JEY,Europe,2009,2000,0.71,,,,4.3,E
Jersey,JEY,Europe,2010,2010,0.181,,,,4.43,E
Jersey,JEY,Europe,2011,2010,1.135,,,,14.89,E
Jersey,JEY,Europe,2012,2010,0.811,,,,6.89,E
Jersey,JEY,Europe,2013,2010,0.611,,,,3.89,E
Jersey,JEY,Europe,2014,2010,1.781,,,,6.34,E
Jersey,JEY,Europe,2015,2010,1.169,,,,15.9,E
Jersey,JEY,Europe,2016,2010,1.517,,,,12.4,E
Jersey,JEY,Europe,2017,2010,1.493,,,,17.27,E
Jersey,JEY,Europe,2018,2010,1.477,,,,17.73,E
Jersey,JEY,Europe,2019,2010,1.6,,,,18.17,E
Jersey,JEY,Europe,2020,2020,2.034,,,,19.61,E
Jersey,JEY,Europe,2021,2020,1.07,,,,18.74,E
Jersey,JEY,Europe,2022,2020,2.462,,,,19.34,E
Jersey,JEY,Europe,2023,2020,2.1,,,,19.69,E
Jersey,JEY,Europe,2024,2020,1.907,,,,20.22,E
Jordan,JOR,Asia,1970,1970,0.224,1.556,0.994,1565172.0,,E
Jordan,JOR,Asia,1971,1970,-0.383,1.654,1.006,1645148.0,,E
Jordan,JOR,Asia,1972,1970,-0.607,1.914,1.116,1714562.0,,E
Jordan,JOR,Asia,1973,1970,-0.49,2.2,1.237,1778096.0,,E
Jordan,JOR,Asia,1974,1970,-0.263,2.225,1.21,1839191.0,,E
Jordan,JOR,Asia,1975,1970,-0.512,2.489,1.311,1899059.0,,E
Jordan,JOR,Asia,1976,1970,-0.731,2.947,1.505,1958181.0,,E
Jordan,JOR,Asia,1977,1970,0.059,3.159,1.564,2019008.0,,E
Jordan,JOR,Asia,1978,1970,0.056,3.634,1.744,2083604.0,,E
Jordan,JOR,Asia,1979,1970,0.788,3.787,1.758,2153891.0,,E
Jordan,JOR,Asia,1980,1980,-0.095,4.715,2.11,2234192.0,,E
Jordan,JOR,Asia,1981,1980,-0.142,5.849,2.515,2325528.0,,E
Jordan,JOR,Asia,1982,1980,-0.684,6.279,2.587,2426933.0,,E
Jordan,JOR,Asia,1983,1980,-1.077,7.342,2.894,2537307.0,,E
Jordan,JOR,Asia,1984,1980,-0.249,8.321,3.135,2654689.0,,E
Jordan,JOR,Asia,1985,1980,-0.029,8.506,3.061,2778819.0,,E
Jordan,JOR,Asia,1986,1980,0.046,9.247,3.178,2909896.0,,E
Jordan,JOR,Asia,1987,1980,-0.152,9.619,3.156,3047634.0,,E
Jordan,JOR,Asia,1988,1980,0.001,9.276,2.905,3193044.0,,E
Jordan,JOR,Asia,1989,1980,-0.091,9.192,2.744,3349638.0,,E
Jordan,JOR,Asia,1990,1990,-0.043,10.59,2.924,3621915.0,2.77,E
Jordan,JOR,Asia,1991,1990,0.509,9.991,2.552,3915152.0,2.88,E
Jordan,JOR,Asia,1992,1990,-1.105,12.189,2.953,4127699.0,2.53,E
Jordan,JOR,Asia,1993,1990,-0.499,12.008,2.762,4348018.0,2.51,E
Jordan,JOR,Asia,1994,1990,0.963,13.521,2.964,4561409.0,2.32,E
Jordan,JOR,Asia,1995,1990,-0.023,13.451,2.831,4752097.0,2.21,E
Jordan,JOR,Asia,1996,1990,0.506,14.074,2.865,4912518.0,2.18,E
Jordan,JOR,Asia,1997,1990,-0.153,14.308,2.835,5046287.0,2.13,E
Jordan,JOR,Asia,1998,1990,1.05,14.447,2.798,5164290.0,2.19,E
Jordan,JOR,Asia,1999,1990,1.078,14.467,2.742,5276450.0,2.18,E
Jordan,JOR,Asia,2000,2000,0.404,15.401,2.859,5386945.0,2.09,E
Jordan,JOR,Asia,2001,2000,1.011,15.858,2.884,5498900.0,2.12,E
Jordan,JOR,Asia,2002,2000,0.688,16.707,2.975,5616077.0,2.09,E
Jordan,JOR,Asia,2003,2000,0.524,17.273,3.008,5741837.0,1.98,E
Jordan,JOR,Asia,2004,2000,0.65,19.003,3.231,5882066.0,1.83,E
Jordan,JOR,Asia,2005,2000,0.187,20.79,3.448,6029597.0,1.69,E
Jordan,JOR,Asia,2006,2000,0.78,20.829,3.241,6427377.0,2.28,E
Jordan,JOR,Asia,2007,2000,0.538,21.7,3.178,6827235.0,2.32,E
Jordan,JOR,Asia,2008,2000,0.755,20.987,3.003,6989874.0,2.74,E
Jordan,JOR,Asia,2009,2000,0.574,21.545,3.017,7141763.0,2.78,E
Jordan,JOR,Asia,2010,2010,2.603,20.838,2.856,7297046.0,2.95,E
Jordan,JOR,Asia,2011,2010,0.509,21.409,2.862,7480431.0,3.0,E
Jordan,JOR,Asia,2012,2010,1.068,24.069,3.172,7587133.0,2.91,E
Jordan,JOR,Asia,2013,2010,1.004,24.061,3.011,7991812.0,3.12,E
Jordan,JOR,Asia,2014,2010,0.796,26.165,2.976,8791715.0,3.1,E
Jordan,JOR,Asia,2015,2010,1.445,25.799,2.703,9544730.0,3.19,E
Jordan,JOR,Asia,2016,2010,1.642,24.949,2.493,10006369.0,4.67,E
Jordan,JOR,Asia,2017,2010,0.949,26.08,2.548,10234227.0,5.26,E
Jordan,JOR,Asia,2018,2010,1.978,25.419,2.43,10462310.0,7.18,E
Jordan,JOR,Asia,2019,2010,1.264,24.57,2.302,10671893.0,8.04,E
Jordan,JOR,Asia,2020,2020,1.59,20.622,1.898,10865232.0,10.41,E
Jordan,JOR,Asia,2021,2020,1.901,21.19,1.915,11066356.0,11.02,E
Jordan,JOR,Asia,2022,2020,1.276,22.428,1.992,11256269.0,10.72,E
Jordan,JOR,Asia,2023,2020,1.779,23.119,2.021,11439220.0,10.99,E
Jordan,JOR,Asia,2024,2020,2.036,23.219,2.01,11552885.0,,E
Japan,JPN,Asia,1970,1970,-0.372,769.748,7.213,106712370.0,,E
Japan,JPN,Asia,1971,1970,-0.326,799.647,7.407,107952031.0,,E
Japan,JPN,Asia,1972,1970,0.236,861.054,7.882,109238963.0,,E
Japan,JPN,Asia,1973,1970,0.336,914.266,8.265,110614742.0,,E
Japan,JPN,Asia,1974,1970,-0.474,914.306,8.163,112009689.0,,E
Japan,JPN,Asia,1975,1970,0.049,869.815,7.676,113321197.0,,E
Japan,JPN,Asia,1976,1970,-0.498,909.575,7.944,114502792.0,,E
Japan,JPN,Asia,1977,1970,-0.144,935.554,8.095,115574278.0,,E
Japan,JPN,Asia,1978,1970,0.243,905.088,7.764,116576940.0,,E
Japan,JPN,Asia,1979,1970,0.47,957.147,8.144,117521561.0,,E
Japan,JPN,Asia,1980,1980,-0.201,948.552,8.014,118358761.0,,E
Japan,JPN,Asia,1981,1980,-0.638,930.377,7.819,118994054.0,,E
Japan,JPN,Asia,1982,1980,-0.046,900.724,7.538,119485775.0,,E
Japan,JPN,Asia,1983,1980,0.101,884.424,7.373,119948943.0,,E
Japan,JPN,Asia,1984,1980,-0.611,940.542,7.813,120384395.0,,E
Japan,JPN,Asia,1985,1980,0.131,915.276,7.575,120832158.0,,E
Japan,JPN,Asia,1986,1980,-0.683,914.049,7.531,121366733.0,,E
Japan,JPN,Asia,1987,1980,0.333,902.207,7.399,121943588.0,,E
Japan,JPN,Asia,1988,1980,-0.147,984.698,8.04,122476957.0,,E
Japan,JPN,Asia,1989,1980,0.572,1021.298,8.307,122947411.0,,E
Japan,JPN,Asia,1990,1990,1.151,1154.853,9.359,123399767.0,4.36,E
Japan,JPN,Asia,1991,1990,0.733,1166.552,9.416,123889870.0,4.49,E
Japan,JPN,Asia,1992,1990,0.336,1175.454,9.45,124383707.0,4.02,E
Japan,JPN,Asia,1993,1990,0.019,1169.328,9.367,124839955.0,4.25,E
Japan,JPN,Asia,1994,1990,0.968,1223.158,9.763,125286861.0,3.35,E
Japan,JPN,Asia,1995,1990,0.349,1235.873,9.834,125672659.0,3.7,E
Japan,JPN,Asia,1996,1990,-0.127,1248.69,9.912,125975304.0,3.59,E
Japan,JPN,Asia,1997,1990,0.452,1240.98,9.828,126265926.0,3.83,E
Japan,JPN,Asia,1998,1990,1.199,1201.334,9.493,126549182.0,3.84,E
Japan,JPN,Asia,1999,1990,0.948,1238.121,9.764,126801566.0,3.67,E
Japan,JPN,Asia,2000,2000,0.641,1260.203,9.921,127027794.0,3.71,E
Japan,JPN,Asia,2001,2000,0.429,1245.935,9.79,127260144.0,3.52,E
Japan,JPN,Asia,2002,2000,0.639,1275.42,10.005,127484599.0,3.72,E
Japan,JPN,Asia,2003,2000,0.331,1283.845,10.056,127671254.0,4.2,E
Japan,JPN,Asia,2004,2000,1.132,1279.122,10.008,127815769.0,4.27,E
Japan,JPN,Asia,2005,2000,0.751,1286.412,10.057,127913331.0,4.03,E
Japan,JPN,Asia,2006,2000,0.404,1263.44,9.871,127997247.0,4.44,E
Japan,JPN,Asia,2007,2000,1.018,1298.974,10.141,128087683.0,4.3,E
Japan,JPN,Asia,2008,2000,0.682,1228.687,9.587,128155992.0,4.45,E
Japan,JPN,Asia,2009,2000,0.816,1160.253,9.051,128192471.0,4.52,E
Japan,JPN,Asia,2010,2010,0.935,1211.09,9.448,128185273.0,4.67,E
Japan,JPN,Asia,2011,2010,0.607,1261.181,9.846,128096430.0,4.84,E
Japan,JPN,Asia,2012,2010,0.397,1302.113,10.178,127928283.0,4.69,E
Japan,JPN,Asia,2013,2010,0.62,1311.876,10.271,127723642.0,5.06,E
Japan,JPN,Asia,2014,2010,0.556,1260.272,9.886,127486601.0,5.59,E
Japan,JPN,Asia,2015,2010,0.829,1219.982,9.585,127275868.0,6.17,E
Japan,JPN,Asia,2016,2010,1.313,1199.933,9.436,127159950.0,6.39,E
Japan,JPN,Asia,2017,2010,0.783,1184.392,9.321,127064686.0,6.93,E
Japan,JPN,Asia,2018,2010,0.908,1138.55,8.971,126913432.0,7.28,E
Japan,JPN,Asia,2019,2010,1.254,1102.063,8.698,126699421.0,7.78,E
Japan,JPN,Asia,2020,2020,1.417,1037.285,8.213,126304533.0,8.45,E
Japan,JPN,Asia,2021,2020,1.247,1058.502,8.422,125679342.0,8.82,E
Japan,JPN,Asia,2022,2020,1.303,1029.645,8.237,124997585.0,9.29,E
Japan,JPN,Asia,2023,2020,1.838,986.91,7.935,124370947.0,9.68,E
Japan,JPN,Asia,2024,2020,2.204,961.867,7.772,123753041.0,,E
Kazakhstan,KAZ,Asia,1970,1970,,156.965,12.639,12419056.0,,
Kazakhstan,KAZ,Asia,1971,1970,,166.438,13.121,12684817.0,,
Kazakhstan,KAZ,Asia,1972,1970,,175.003,13.512,12951805.0,,
Kazakhstan,KAZ,Asia,1973,1970,,182.272,13.8,13208122.0,,
Kazakhstan,KAZ,Asia,1974,1970,,189.075,14.053,13454576.0,,
Kazakhstan,KAZ,Asia,1975,1970,,198.61,14.496,13700850.0,,
Kazakhstan,KAZ,Asia,1976,1970,,206.067,14.72,13998737.0,,
Kazakhstan,KAZ,Asia,1977,1970,,212.883,14.832,14353262.0,,
Kazakhstan,KAZ,Asia,1978,1970,,219.992,14.954,14711507.0,,
Kazakhstan,KAZ,Asia,1979,1970,,221.657,14.798,14978703.0,,
Kazakhstan,KAZ,Asia,1980,1980,,230.263,15.196,15152953.0,,
Kazakhstan,KAZ,Asia,1981,1980,,225.578,14.721,15323086.0,,
Kazakhstan,KAZ,Asia,1982,1980,,229.742,14.829,15492597.0,,
Kazakhstan,KAZ,Asia,1983,1980,,232.792,14.86,15665554.0,,
Kazakhstan,KAZ,Asia,1984,1980,,234.663,14.81,15844620.0,,
Kazakhstan,KAZ,Asia,1985,1980,,253.15,15.791,16031087.0,,
Kazakhstan,KAZ,Asia,1986,1980,,258.134,15.873,16262697.0,,
Kazakhstan,KAZ,Asia,1987,1980,,256.685,15.531,16527717.0,,
Kazakhstan,KAZ,Asia,1988,1980,,273.733,16.312,16781167.0,,
Kazakhstan,KAZ,Asia,1989,1980,,264.606,15.568,16997012.0,,
Kazakhstan,KAZ,Asia,1990,1990,,267.405,15.588,17154060.0,1.41,
Kazakhstan,KAZ,Asia,1991,1990,,260.421,15.072,17278604.0,1.29,
Kazakhstan,KAZ,Asia,1992,1990,0.287,233.523,13.473,17332624.0,1.17,E
Kazakhstan,KAZ,Asia,1993,1990,-0.375,207.559,12.015,17274487.0,1.34,E
Kazakhstan,KAZ,Asia,1994,1990,-0.044,174.671,10.248,17043775.0,1.83,E
Kazakhstan,KAZ,Asia,1995,1990,2.034,168.468,10.069,16730541.0,1.58,E
Kazakhstan,KAZ,Asia,1996,1990,-0.409,154.716,9.425,16416036.0,1.63,E
Kazakhstan,KAZ,Asia,1997,1990,1.882,147.293,9.181,16043250.0,1.67,E
Kazakhstan,KAZ,Asia,1998,1990,0.49,145.622,9.306,15647789.0,1.54,E
Kazakhstan,KAZ,Asia,1999,1990,1.377,118.762,7.684,15455877.0,1.79,E
Kazakhstan,KAZ,Asia,2000,2000,1.491,142.197,9.173,15501108.0,2.5,E
Kazakhstan,KAZ,Asia,2001,2000,1.654,138.036,8.862,15575550.0,2.41,E
Kazakhstan,KAZ,Asia,2002,2000,2.288,156.768,10.013,15656680.0,2.77,E
Kazakhstan,KAZ,Asia,2003,2000,0.124,175.022,11.114,15747377.0,2.28,E
Kazakhstan,KAZ,Asia,2004,2000,2.167,185.476,11.702,15850164.0,1.89,E
Kazakhstan,KAZ,Asia,2005,2000,1.565,198.449,12.428,15968118.0,2.09,E
Kazakhstan,KAZ,Asia,2006,2000,1.445,219.633,13.639,16103718.0,2.13,E
Kazakhstan,KAZ,Asia,2007,2000,2.183,225.712,13.884,16257212.0,1.83,E
Kazakhstan,KAZ,Asia,2008,2000,1.544,226.102,13.764,16426527.0,1.24,E
Kazakhstan,KAZ,Asia,2009,2000,1.175,223.189,13.429,16619851.0,1.37,E
Kazakhstan,KAZ,Asia,2010,2010,1.295,248.093,14.735,16836808.0,1.46,E
Kazakhstan,KAZ,Asia,2011,2010,0.724,238.157,13.955,17065996.0,1.4,E
Kazakhstan,KAZ,Asia,2012,2010,1.136,245.263,14.172,17306115.0,1.37,E
Kazakhstan,KAZ,Asia,2013,2010,1.599,253.533,14.441,17556502.0,1.21,E
Kazakhstan,KAZ,Asia,2014,2010,0.663,299.137,16.79,17816285.0,1.33,E
Kazakhstan,KAZ,Asia,2015,2010,1.585,303.052,16.758,18084175.0,1.71,E
Kazakhstan,KAZ,Asia,2016,2010,2.214,301.739,16.431,18363600.0,2.01,E
Kazakhstan,KAZ,Asia,2017,2010,1.742,317.72,17.034,18651931.0,2.0,E
Kazakhstan,KAZ,Asia,2018,2010,0.631,329.572,17.408,18932725.0,1.88,E
Kazakhstan,KAZ,Asia,2019,2010,1.473,296.04,15.411,19209556.0,1.85,E
Kazakhstan,KAZ,Asia,2020,2020,2.832,281.789,14.464,19482116.0,1.78,E
Kazakhstan,KAZ,Asia,2021,2020,1.438,244.904,12.404,19743607.0,1.91,E
Kazakhstan,KAZ,Asia,2022,2020,2.696,274.346,13.694,20034612.0,2.1,E
Kazakhstan,KAZ,Asia,2023,2020,2.631,286.175,14.076,20330109.0,2.13,E
Kazakhstan,KAZ,Asia,2024,2020,2.112,287.006,13.937,20592574.0,,E
Kenya,KEN,Africa,1970,1970,0.196,3.078,0.271,11368806.0,,E
Kenya,KEN,Africa,1971,1970,-0.237,3.678,0.312,11788906.0,,E
Kenya,KEN,Africa,1972,1970,0.245,3.865,0.317,12206063.0,,E
Kenya,KEN,Africa,1973,1970,0.559,3.912,0.31,12634841.0,,E
Kenya,KEN,Africa,1974,1970,-0.036,4.94,0.378,13070078.0,,E
Kenya,KEN,Africa,1975,1970,-0.025,4.965,0.367,13511672.0,,E
Kenya,KEN,Africa,1976,1970,0.22,4.597,0.329,13957620.0,,E
Kenya,KEN,Africa,1977,1970,0.179,5.041,0.349,14428824.0,,E
Kenya,KEN,Africa,1978,1970,-0.03,5.308,0.355,14934127.0,,E
Kenya,KEN,Africa,1979,1970,0.048,5.025,0.325,15460668.0,,E
Kenya,KEN,Africa,1980,1980,0.627,6.177,0.386,16018465.0,,E
Kenya,KEN,Africa,1981,1980,0.267,6.505,0.392,16601510.0,,E
Kenya,KEN,Africa,1982,1980,0.304,4.672,0.272,17206177.0,,E
Kenya,KEN,Africa,1983,1980,0.578,4.638,0.26,17846374.0,,E
Kenya,KEN,Africa,1984,1980,0.17,4.298,0.232,18514908.0,,E
Kenya,KEN,Africa,1985,1980,-0.037,3.753,0.195,19201772.0,,E
Kenya,KEN,Africa,1986,1980,0.148,4.136,0.208,19901643.0,,E
Kenya,KEN,Africa,1987,1980,0.736,5.146,0.25,20616091.0,,E
Kenya,KEN,Africa,1988,1980,0.601,4.762,0.223,21356222.0,,E
Kenya,KEN,Africa,1989,1980,-0.173,5.164,0.233,22118437.0,,E
Kenya,KEN,Africa,1990,1990,-0.038,5.789,0.253,22892655.0,76.58,E
Kenya,KEN,Africa,1991,1990,0.26,4.805,0.203,23646514.0,77.88,E
Kenya,KEN,Africa,1992,1990,0.403,5.505,0.226,24382466.0,78.43,E
Kenya,KEN,Africa,1993,1990,0.036,6.312,0.251,25117192.0,79.15,E
Kenya,KEN,Africa,1994,1990,0.486,6.523,0.252,25857136.0,79.36,E
Kenya,KEN,Africa,1995,1990,0.369,7.515,0.283,26601753.0,78.15,E
Kenya,KEN,Africa,1996,1990,0.395,9.283,0.339,27344211.0,77.22,E
Kenya,KEN,Africa,1997,1990,0.458,8.227,0.293,28101762.0,78.08,E
Kenya,KEN,Africa,1998,1990,0.277,9.999,0.346,28888063.0,77.87,E
Kenya,KEN,Africa,1999,1990,0.279,10.021,0.337,29733413.0,77.6,E
Kenya,KEN,Africa,2000,2000,0.537,10.385,0.339,30642893.0,76.82,E
Kenya,KEN,Africa,2001,2000,0.554,9.224,0.292,31619170.0,78.38,E
Kenya,KEN,Africa,2002,2000,0.693,7.819,0.24,32629809.0,78.93,E
Kenya,KEN,Africa,2003,2000,0.846,6.716,0.2,33652233.0,81.79,E
Kenya,KEN,Africa,2004,2000,0.627,7.621,0.22,34713453.0,80.53,E
Kenya,KEN,Africa,2005,2000,0.893,8.454,0.236,35796485.0,79.49,E
Kenya,KEN,Africa,2006,2000,0.978,9.567,0.259,36904010.0,78.06,E
Kenya,KEN,Africa,2007,2000,0.698,9.734,0.256,38036354.0,78.62,E
Kenya,KEN,Africa,2008,2000,0.764,10.099,0.258,39206349.0,78.64,E
Kenya,KEN,Africa,2009,2000,1.329,12.185,0.302,40408887.0,76.2,E
Kenya,KEN,Africa,2010,2010,1.146,11.857,0.285,41598570.0,74.71,E
Kenya,KEN,Africa,2011,2010,1.072,12.218,0.286,42758467.0,75.39,E
Kenya,KEN,Africa,2012,2010,0.942,11.246,0.256,43888306.0,76.81,E
Kenya,KEN,Africa,2013,2010,0.846,12.163,0.27,44986794.0,75.46,E
Kenya,KEN,Africa,2014,2010,0.93,13.214,0.287,46051441.0,73.27,E
Kenya,KEN,Africa,2015,2010,1.148,15.212,0.323,47088528.0,70.6,E
Kenya,KEN,Africa,2016,2010,1.15,16.289,0.338,48139683.0,69.53,E
Kenya,KEN,Africa,2017,2010,1.393,16.181,0.329,49197757.0,69.25,E
Kenya,KEN,Africa,2018,2010,0.505,17.003,0.339,50207109.0,68.94,E
Kenya,KEN,Africa,2019,2010,1.467,18.159,0.355,51202829.0,68.33,E
Kenya,KEN,Africa,2020,2020,1.17,19.99,0.383,52217327.0,69.32,E
Kenya,KEN,Africa,2021,2020,1.232,20.59,0.387,53219167.0,67.81,E
Kenya,KEN,Africa,2022,2020,1.233,20.544,0.379,54252458.0,68.29,E
Kenya,KEN,Africa,2023,2020,1.413,21.186,0.383,55339007.0,68.6,E
Kenya,KEN,Africa,2024,2020,1.736,21.225,0.376,56432946.0,,E
Kyrgyzstan,KGZ,Asia,1970,1970,,13.482,4.457,3025143.0,,
Kyrgyzstan,KGZ,Asia,1971,1970,,14.306,4.613,3101444.0,,
Kyrgyzstan,KGZ,Asia,1972,1970,,15.051,4.742,3173948.0,,
Kyrgyzstan,KGZ,Asia,1973,1970,,15.687,4.834,3244873.0,,
Kyrgyzstan,KGZ,Asia,1974,1970,,16.284,4.914,3314025.0,,
Kyrgyzstan,KGZ,Asia,1975,1970,,17.115,5.062,3381368.0,,
Kyrgyzstan,KGZ,Asia,1976,1970,,17.759,5.152,3447009.0,,
Kyrgyzstan,KGZ,Asia,1977,1970,,18.349,5.222,3514133.0,,
Kyrgyzstan,KGZ,Asia,1978,1970,,18.967,5.291,3584533.0,,
Kyrgyzstan,KGZ,Asia,1979,1970,,19.106,5.226,3656193.0,,
Kyrgyzstan,KGZ,Asia,1980,1980,,19.847,5.322,3729372.0,,
Kyrgyzstan,KGZ,Asia,1981,1980,,19.458,5.115,3804455.0,,
Kyrgyzstan,KGZ,Asia,1982,1980,,19.817,5.104,3882820.0,,
Kyrgyzstan,KGZ,Asia,1983,1980,,20.088,5.065,3965765.0,,
Kyrgyzstan,KGZ,Asia,1984,1980,,20.253,5.014,4039348.0,,
Kyrgyzstan,KGZ,Asia,1985,1980,,21.837,5.323,4102389.0,,
Kyrgyzstan,KGZ,Asia,1986,1980,,21.824,5.235,4168594.0,,
Kyrgyzstan,KGZ,Asia,1987,1980,,21.218,5.006,4238467.0,,
Kyrgyzstan,KGZ,Asia,1988,1980,,21.352,4.956,4308022.0,,
Kyrgyzstan,KGZ,Asia,1989,1980,,20.73,4.731,4381999.0,,
Kyrgyzstan,KGZ,Asia,1990,1990,,19.204,4.306,4459545.0,7.93,
Kyrgyzstan,KGZ,Asia,1991,1990,,15.897,3.508,4532124.0,9.02,
Kyrgyzstan,KGZ,Asia,1992,1990,0.096,11.042,2.4,4600308.0,12.99,E
Kyrgyzstan,KGZ,Asia,1993,1990,-0.064,8.468,1.83,4626809.0,16.2,E
Kyrgyzstan,KGZ,Asia,1994,1990,0.315,6.144,1.322,4649190.0,26.51,E
Kyrgyzstan,KGZ,Asia,1995,1990,0.493,4.507,0.956,4713641.0,34.97,E
Kyrgyzstan,KGZ,Asia,1996,1990,-0.385,5.652,1.182,4782885.0,29.49,E
Kyrgyzstan,KGZ,Asia,1997,1990,1.469,5.561,1.147,4847998.0,28.74,E
Kyrgyzstan,KGZ,Asia,1998,1990,0.85,5.901,1.202,4907792.0,25.07,E
Kyrgyzstan,KGZ,Asia,1999,1990,1.134,4.642,0.934,4968593.0,34.54,E
Kyrgyzstan,KGZ,Asia,2000,2000,1.147,4.575,0.91,5025150.0,35.16,E
Kyrgyzstan,KGZ,Asia,2001,2000,1.515,3.857,0.76,5071960.0,36.0,E
Kyrgyzstan,KGZ,Asia,2002,2000,1.485,4.917,0.961,5116252.0,28.3,E
Kyrgyzstan,KGZ,Asia,2003,2000,0.516,5.376,1.042,5159422.0,30.51,E
Kyrgyzstan,KGZ,Asia,2004,2000,1.584,5.808,1.116,5203048.0,27.71,E
Kyrgyzstan,KGZ,Asia,2005,2000,1.231,5.519,1.052,5246337.0,28.03,E
Kyrgyzstan,KGZ,Asia,2006,2000,1.684,5.457,1.033,5282451.0,27.76,E
Kyrgyzstan,KGZ,Asia,2007,2000,1.746,6.522,1.228,5313376.0,24.49,E
Kyrgyzstan,KGZ,Asia,2008,2000,1.049,7.481,1.4,5342530.0,22.04,E
Kyrgyzstan,KGZ,Asia,2009,2000,1.032,6.709,1.243,5398013.0,24.73,E
Kyrgyzstan,KGZ,Asia,2010,2010,1.406,6.356,1.157,5491763.0,25.59,E
Kyrgyzstan,KGZ,Asia,2011,2010,1.265,7.62,1.362,5594537.0,25.95,E
Kyrgyzstan,KGZ,Asia,2012,2010,0.323,10.087,1.771,5696521.0,22.45,E
Kyrgyzstan,KGZ,Asia,2013,2010,1.404,9.734,1.679,5797294.0,24.81,E
Kyrgyzstan,KGZ,Asia,2014,2010,0.499,10.236,1.735,5898322.0,26.6,E
Kyrgyzstan,KGZ,Asia,2015,2010,1.472,10.265,1.71,6001876.0,23.51,E
Kyrgyzstan,KGZ,Asia,2016,2010,1.851,9.622,1.575,6108460.0,22.16,E
Kyrgyzstan,KGZ,Asia,2017,2010,1.439,9.364,1.505,6220148.0,24.73,E
Kyrgyzstan,KGZ,Asia,2018,2010,1.248,11.175,1.762,6341733.0,23.39,E
Kyrgyzstan,KGZ,Asia,2019,2010,1.666,9.047,1.393,6494036.0,28.31,E
Kyrgyzstan,KGZ,Asia,2020,2020,1.452,8.348,1.253,6664143.0,30.04,E
Kyrgyzstan,KGZ,Asia,2021,2020,1.4,10.338,1.516,6820483.0,27.63,E
Kyrgyzstan,KGZ,Asia,2022,2020,2.605,11.513,1.655,6955792.0,28.24,E
Kyrgyzstan,KGZ,Asia,2023,2020,2.087,11.144,1.576,7073523.0,29.32,E
Kyrgyzstan,KGZ,Asia,2024,2020,2.322,11.77,1.638,7186014.0,,E
Cambodia,KHM,Asia,1970,1970,0.053,1.154,0.174,6639187.0,,E
Cambodia,KHM,Asia,1971,1970,-0.487,0.22,0.033,6620880.0,,E
Cambodia,KHM,Asia,1972,1970,0.013,0.092,0.014,6673890.0,,E
Cambodia,KHM,Asia,1973,1970,0.353,0.088,0.013,6739737.0,,E
Cambodia,KHM,Asia,1974,1970,-0.358,0.048,0.007,6783251.0,,E
Cambodia,KHM,Asia,1975,1970,-0.05,0.048,0.007,6581373.0,,E
Cambodia,KHM,Asia,1976,1970,-0.496,0.048,0.008,6134989.0,,E
Cambodia,KHM,Asia,1977,1970,0.072,0.048,0.008,5668561.0,,E
Cambodia,KHM,Asia,1978,1970,0.259,0.048,0.009,5211654.0,,E
Cambodia,KHM,Asia,1979,1970,0.445,0.029,0.006,5088812.0,,E
Cambodia,KHM,Asia,1980,1980,0.369,0.286,0.055,5199874.0,,E
Cambodia,KHM,Asia,1981,1980,0.285,0.3,0.057,5284493.0,,E
Cambodia,KHM,Asia,1982,1980,0.096,0.337,0.062,5436436.0,,E
Cambodia,KHM,Asia,1983,1980,0.478,0.366,0.065,5636206.0,,E
Cambodia,KHM,Asia,1984,1980,0.087,0.41,0.07,5845115.0,,E
Cambodia,KHM,Asia,1985,1980,0.232,0.418,0.069,6043782.0,,E
Cambodia,KHM,Asia,1986,1980,0.062,0.432,0.069,6285699.0,,E
Cambodia,KHM,Asia,1987,1980,0.613,0.436,0.066,6557971.0,,E
Cambodia,KHM,Asia,1988,1980,0.324,0.451,0.066,6812012.0,,E
Cambodia,KHM,Asia,1989,1980,0.219,0.451,0.064,7073472.0,,E
Cambodia,KHM,Asia,1990,1990,0.574,1.26,0.171,7374754.0,0.0,E
Cambodia,KHM,Asia,1991,1990,0.496,1.304,0.17,7686857.0,0.0,E
Cambodia,KHM,Asia,1992,1990,0.448,1.348,0.166,8113085.0,0.0,E
Cambodia,KHM,Asia,1993,1990,0.324,1.385,0.161,8616383.0,0.0,E
Cambodia,KHM,Asia,1994,1990,0.391,1.425,0.154,9239160.0,0.0,E
Cambodia,KHM,Asia,1995,1990,0.627,1.499,0.15,10018500.0,82.54,E
Cambodia,KHM,Asia,1996,1990,0.27,1.517,0.14,10801268.0,82.52,E
Cambodia,KHM,Asia,1997,1990,0.29,1.466,0.127,11570986.0,82.21,E
Cambodia,KHM,Asia,1998,1990,1.427,1.876,0.156,12058180.0,81.33,E
Cambodia,KHM,Asia,1999,1990,0.322,1.894,0.154,12265734.0,81.53,E
Cambodia,KHM,Asia,2000,2000,0.193,1.997,0.16,12462343.0,81.58,E
Cambodia,KHM,Asia,2001,2000,0.54,2.235,0.177,12658486.0,80.51,E
Cambodia,KHM,Asia,2002,2000,0.772,2.154,0.168,12855249.0,80.97,E
Cambodia,KHM,Asia,2003,2000,0.611,2.253,0.173,13050977.0,79.92,E
Cambodia,KHM,Asia,2004,2000,0.492,2.239,0.169,13244737.0,80.69,E
Cambodia,KHM,Asia,2005,2000,0.675,2.209,0.164,13439203.0,79.24,E
Cambodia,KHM,Asia,2006,2000,0.635,2.847,0.209,13639032.0,78.01,E
Cambodia,KHM,Asia,2007,2000,0.491,3.489,0.252,13841773.0,74.79,E
Cambodia,KHM,Asia,2008,2000,0.313,3.936,0.28,14053479.0,74.13,E
Cambodia,KHM,Asia,2009,2000,0.403,4.579,0.321,14276819.0,68.02,E
Cambodia,KHM,Asia,2010,2010,1.136,5.067,0.349,14500730.0,64.82,E
Cambodia,KHM,Asia,2011,2010,0.385,5.271,0.358,14722587.0,63.99,E
Cambodia,KHM,Asia,2012,2010,0.81,5.572,0.373,14945090.0,64.37,E
Cambodia,KHM,Asia,2013,2010,0.908,5.626,0.371,15170210.0,65.02,E
Cambodia,KHM,Asia,2014,2010,0.59,6.702,0.435,15396771.0,63.8,E
Cambodia,KHM,Asia,2015,2010,1.059,8.186,0.524,15623253.0,60.07,E
Cambodia,KHM,Asia,2016,2010,1.462,10.644,0.671,15852802.0,57.24,E
Cambodia,KHM,Asia,2017,2010,1.059,12.087,0.752,16073374.0,55.4,E
Cambodia,KHM,Asia,2018,2010,0.756,13.938,0.856,16274522.0,56.94,E
Cambodia,KHM,Asia,2019,2010,1.529,18.626,1.13,16481305.0,51.65,E
Cambodia,KHM,Asia,2020,2020,1.401,20.991,1.255,16725484.0,46.29,E
Cambodia,KHM,Asia,2021,2020,0.887,20.775,1.224,16974309.0,45.8,E
Cambodia,KHM,Asia,2022,2020,0.902,20.865,1.213,17201721.0,45.35,E
Cambodia,KHM,Asia,2023,2020,1.32,21.412,1.229,17423884.0,40.06,E
Cambodia,KHM,Asia,2024,2020,2.001,21.883,1.241,17638804.0,,E
Kiribati,KIR,Oceania,1970,1970,0.118,0.022,0.382,57530.0,,E
Kiribati,KIR,Oceania,1971,1970,-0.429,0.029,0.5,58672.0,,E
Kiribati,KIR,Oceania,1972,1970,-0.285,0.026,0.429,59796.0,,E
Kiribati,KIR,Oceania,1973,1970,0.159,0.037,0.602,60839.0,,E
Kiribati,KIR,Oceania,1974,1970,-0.131,0.033,0.539,61235.0,,E
Kiribati,KIR,Oceania,1975,1970,-0.206,0.033,0.54,61011.0,,E
Kiribati,KIR,Oceania,1976,1970,-0.213,0.033,0.543,60683.0,,E
Kiribati,KIR,Oceania,1977,1970,0.121,0.022,0.365,60285.0,,E
Kiribati,KIR,Oceania,1978,1970,0.236,0.022,0.367,59878.0,,E
Kiribati,KIR,Oceania,1979,1970,0.171,0.026,0.426,60192.0,,E
Kiribati,KIR,Oceania,1980,1980,0.211,0.029,0.479,61170.0,,E
Kiribati,KIR,Oceania,1981,1980,0.262,0.029,0.472,62137.0,,E
Kiribati,KIR,Oceania,1982,1980,0.184,0.026,0.406,63146.0,,E
Kiribati,KIR,Oceania,1983,1980,0.127,0.022,0.343,64183.0,,E
Kiribati,KIR,Oceania,1984,1980,-0.132,0.022,0.337,65245.0,,E
Kiribati,KIR,Oceania,1985,1980,0.065,0.022,0.331,66510.0,,E
Kiribati,KIR,Oceania,1986,1980,0.349,0.018,0.269,68079.0,,E
Kiribati,KIR,Oceania,1987,1980,0.148,0.022,0.315,69749.0,,E
Kiribati,KIR,Oceania,1988,1980,0.107,0.022,0.308,71445.0,,E
Kiribati,KIR,Oceania,1989,1980,-0.17,0.022,0.3,73164.0,,E
Kiribati,KIR,Oceania,1990,1990,0.255,0.022,0.294,74872.0,64.04,E
Kiribati,KIR,Oceania,1991,1990,0.244,0.022,0.288,76385.0,63.55,E
Kiribati,KIR,Oceania,1992,1990,0.17,0.026,0.33,77655.0,63.21,E
Kiribati,KIR,Oceania,1993,1990,-0.123,0.029,0.372,78853.0,59.26,E
Kiribati,KIR,Oceania,1994,1990,0.166,0.029,0.366,80033.0,59.87,E
Kiribati,KIR,Oceania,1995,1990,0.513,0.029,0.361,81251.0,59.12,E
Kiribati,KIR,Oceania,1996,1990,0.366,0.033,0.399,82637.0,55.34,E
Kiribati,KIR,Oceania,1997,1990,0.163,0.029,0.348,84161.0,57.49,E
Kiribati,KIR,Oceania,1998,1990,0.583,0.029,0.342,85672.0,59.09,E
Kiribati,KIR,Oceania,1999,1990,-0.023,0.029,0.336,87139.0,59.81,E
Kiribati,KIR,Oceania,2000,2000,0.243,0.037,0.413,88632.0,54.73,E
Kiribati,KIR,Oceania,2001,2000,0.526,0.033,0.365,90350.0,56.39,E
Kiribati,KIR,Oceania,2002,2000,0.626,0.04,0.437,92281.0,53.05,E
Kiribati,KIR,Oceania,2003,2000,0.304,0.04,0.428,94189.0,50.52,E
Kiribati,KIR,Oceania,2004,2000,,0.044,0.458,96096.0,50.55,O
Kiribati,KIR,Oceania,2005,2000,,0.048,0.486,98045.0,48.51,O
Kiribati,KIR,Oceania,2006,2000,0.079,0.051,0.513,100028.0,48.12,E
Kiribati,KIR,Oceania,2007,2000,0.354,0.051,0.503,102081.0,48.42,E
Kiribati,KIR,Oceania,2008,2000,0.268,0.048,0.457,104235.0,49.74,E
Kiribati,KIR,Oceania,2009,2000,0.622,0.048,0.447,106479.0,50.44,E
Kiribati,KIR,Oceania,2010,2010,0.331,0.059,0.539,108717.0,50.14,E
Kiribati,KIR,Oceania,2011,2010,0.347,0.055,0.497,110660.0,50.51,E
Kiribati,KIR,Oceania,2012,2010,0.447,0.055,0.489,112293.0,48.73,E
Kiribati,KIR,Oceania,2013,2010,0.646,0.055,0.483,113847.0,46.16,E
Kiribati,KIR,Oceania,2014,2010,0.786,0.055,0.477,115339.0,47.98,E
Kiribati,KIR,Oceania,2015,2010,0.921,0.059,0.502,116826.0,47.48,E
Kiribati,KIR,Oceania,2016,2010,1.248,0.055,0.464,118488.0,48.1,E
Kiribati,KIR,Oceania,2017,2010,1.06,0.07,0.579,120288.0,42.51,E
Kiribati,KIR,Oceania,2018,2010,0.966,0.07,0.57,122097.0,42.31,E
Kiribati,KIR,Oceania,2019,2010,0.968,0.07,0.562,123928.0,42.19,E
Kiribati,KIR,Oceania,2020,2020,1.177,0.07,0.552,126110.0,42.38,E
Kiribati,KIR,Oceania,2021,2020,0.791,0.07,0.542,128387.0,42.23,E
Kiribati,KIR,Oceania,2022,2020,0.741,0.07,0.534,130483.0,41.93,E
Kiribati,KIR,Oceania,2023,2020,1.254,0.069,0.523,132540.0,41.81,E
Kiribati,KIR,Oceania,2024,2020,1.648,0.072,0.539,134521.0,41.45,E
Saint Kitts and Nevis,KNA,North America,1970,1970,0.103,0.026,0.575,44632.0,,E
Saint Kitts and Nevis,KNA,North America,1971,1970,-0.236,0.029,0.663,44228.0,,E
Saint Kitts and Nevis,KNA,North America,1972,1970,-0.21,0.029,0.665,44054.0,,E
Saint Kitts and Nevis,KNA,North America,1973,1970,0.162,0.029,0.668,43897.0,,E
Saint Kitts and Nevis,KNA,North America,1974,1970,-0.379,0.037,0.837,43759.0,,E
Saint Kitts and Nevis,KNA,North America,1975,1970,-0.422,0.033,0.756,43628.0,,E
Saint Kitts and Nevis,KNA,North America,1976,1970,-0.45,0.037,0.842,43499.0,,E
Saint Kitts and Nevis,KNA,North America,1977,1970,0.186,0.037,0.845,43377.0,,E
Saint Kitts and Nevis,KNA,North America,1978,1970,0.157,0.033,0.763,43237.0,,E
Saint Kitts and Nevis,KNA,North America,1979,1970,0.155,0.037,0.851,43053.0,,E
Saint Kitts and Nevis,KNA,North America,1980,1980,0.658,0.051,1.197,42866.0,,E
Saint Kitts and Nevis,KNA,North America,1981,1980,0.586,0.055,1.286,42721.0,,E
Saint Kitts and Nevis,KNA,North America,1982,1980,0.199,0.066,1.55,42549.0,,E
Saint Kitts and Nevis,KNA,North America,1983,1980,0.498,0.051,1.211,42355.0,,E
Saint Kitts and Nevis,KNA,North America,1984,1980,0.017,0.051,1.217,42134.0,,E
Saint Kitts and Nevis,KNA,North America,1985,1980,-0.041,0.051,1.224,41894.0,,E
Saint Kitts and Nevis,KNA,North America,1986,1980,-0.015,0.059,1.408,41642.0,,E
Saint Kitts and Nevis,KNA,North America,1987,1980,0.652,0.055,1.329,41368.0,,E
Saint Kitts and Nevis,KNA,North America,1988,1980,0.381,0.066,1.605,41084.0,,E
Saint Kitts and Nevis,KNA,North America,1989,1980,-0.086,0.066,1.617,40777.0,,E
Saint Kitts and Nevis,KNA,North America,1990,1990,0.412,0.106,2.626,40456.0,39.85,E
Saint Kitts and Nevis,KNA,North America,1991,1990,0.478,0.106,2.631,40382.0,33.92,E
Saint Kitts and Nevis,KNA,North America,1992,1990,0.462,0.11,2.698,40740.0,33.65,E
Saint Kitts and Nevis,KNA,North America,1993,1990,0.528,0.114,2.752,41266.0,38.62,E
Saint Kitts and Nevis,KNA,North America,1994,1990,0.471,0.121,2.893,41798.0,41.07,E
Saint Kitts and Nevis,KNA,North America,1995,1990,0.671,0.125,2.942,42347.0,36.5,E
Saint Kitts and Nevis,KNA,North America,1996,1990,0.398,0.132,3.074,42903.0,30.35,E
Saint Kitts and Nevis,KNA,North America,1997,1990,0.551,0.139,3.204,43453.0,33.92,E
Saint Kitts and Nevis,KNA,North America,1998,1990,1.113,0.15,3.413,44018.0,31.99,E
Saint Kitts and Nevis,KNA,North America,1999,1990,0.565,0.158,3.531,44625.0,27.25,E
Saint Kitts and Nevis,KNA,North America,2000,2000,0.333,0.172,3.804,45272.0,26.37,E
Saint Kitts and Nevis,KNA,North America,2001,2000,,0.176,3.841,45785.0,25.96,O
Saint Kitts and Nevis,KNA,North America,2002,2000,0.661,0.194,4.217,46048.0,24.34,E
Saint Kitts and Nevis,KNA,North America,2003,2000,0.865,0.194,4.203,46200.0,26.3,E
Saint Kitts and Nevis,KNA,North America,2004,2000,0.555,0.209,4.507,46337.0,21.98,E
Saint Kitts and Nevis,KNA,North America,2005,2000,0.889,0.194,4.18,46459.0,25.3,E
Saint Kitts and Nevis,KNA,North America,2006,2000,0.6,0.202,4.325,46592.0,0.01,E
Saint Kitts and Nevis,KNA,North America,2007,2000,0.794,0.216,4.626,46734.0,0.01,E
Saint Kitts and Nevis,KNA,North America,2008,2000,0.249,0.216,4.614,46857.0,0.01,E
Saint Kitts and Nevis,KNA,North America,2009,2000,0.409,0.22,4.683,46941.0,0.01,E
Saint Kitts and Nevis,KNA,North America,2010,2010,1.062,0.22,4.69,46871.0,0.97,E
Saint Kitts and Nevis,KNA,North America,2011,2010,0.456,0.227,4.842,46917.0,0.91,E
Saint Kitts and Nevis,KNA,North America,2012,2010,0.557,0.224,4.75,47056.0,1.29,E
Saint Kitts and Nevis,KNA,North America,2013,2010,0.639,0.224,4.746,47092.0,1.38,E
Saint Kitts and Nevis,KNA,North America,2014,2010,0.595,0.227,4.822,47112.0,1.63,E
Saint Kitts and Nevis,KNA,North America,2015,2010,0.875,0.231,4.9,47108.0,1.54,E
Saint Kitts and Nevis,KNA,North America,2016,2010,0.934,0.238,5.057,47099.0,1.62,E
Saint Kitts and Nevis,KNA,North America,2017,2010,0.782,0.242,5.137,47075.0,1.28,E
Saint Kitts and Nevis,KNA,North America,2018,2010,0.556,0.249,5.297,47032.0,1.27,E
Saint Kitts and Nevis,KNA,North America,2019,2010,0.811,0.26,5.538,46976.0,1.26,E
Saint Kitts and Nevis,KNA,North America,2020,2020,1.131,0.242,5.157,46896.0,1.57,E
Saint Kitts and Nevis,KNA,North America,2021,2020,0.857,0.234,5.012,46786.0,1.6,E
Saint Kitts and Nevis,KNA,North America,2022,2020,0.758,0.251,5.364,46732.0,1.49,E
Saint Kitts and Nevis,KNA,North America,2023,2020,1.113,0.25,5.347,46783.0,1.47,E
Saint Kitts and Nevis,KNA,North America,2024,2020,1.54,0.26,5.542,46867.0,1.45,E
Republic of Korea,KOR,Asia,1970,1970,-0.501,53.716,1.651,32542203.0,,E
Republic of Korea,KOR,Asia,1971,1970,-0.203,58.534,1.761,33239859.0,,E
Republic of Korea,KOR,Asia,1972,1970,-0.091,60.247,1.775,33936470.0,,E
Republic of Korea,KOR,Asia,1973,1970,0.519,72.975,2.108,34625848.0,,E
Republic of Korea,KOR,Asia,1974,1970,-0.804,75.551,2.141,35287834.0,,E
Republic of Korea,KOR,Asia,1975,1970,0.578,81.666,2.276,35875741.0,,E
Republic of Korea,KOR,Asia,1976,1970,-0.482,93.105,2.559,36379928.0,,E
Republic of Korea,KOR,Asia,1977,1970,0.123,105.46,2.862,36843638.0,,E
Republic of Korea,KOR,Asia,1978,1970,0.796,113.119,3.034,37281935.0,,E
Republic of Korea,KOR,Asia,1979,1970,0.604,132.874,3.523,37710898.0,,E
Republic of Korea,KOR,Asia,1980,1980,-0.457,134.524,3.527,38141109.0,,E
Republic of Korea,KOR,Asia,1981,1980,-0.762,139.59,3.608,38689192.0,,E
Republic of Korea,KOR,Asia,1982,1980,0.423,140.782,3.577,39356159.0,,E
Republic of Korea,KOR,Asia,1983,1980,0.453,149.134,3.728,40000945.0,,E
Republic of Korea,KOR,Asia,1984,1980,-0.288,160.7,3.958,40598302.0,,E
Republic of Korea,KOR,Asia,1985,1980,0.254,168.758,4.101,41148956.0,,E
Republic of Korea,KOR,Asia,1986,1980,-0.772,176.297,4.226,41718508.0,,E
Republic of Korea,KOR,Asia,1987,1980,0.361,185.358,4.38,42322092.0,,E
Republic of Korea,KOR,Asia,1988,1980,0.242,210.953,4.915,42922980.0,,E
Republic of Korea,KOR,Asia,1989,1980,0.77,223.51,5.135,43524765.0,,E
Republic of Korea,KOR,Asia,1990,1990,1.222,250.511,5.683,44081425.0,1.59,E
Republic of Korea,KOR,Asia,1991,1990,0.275,275.688,6.204,44439146.0,0.92,E
Republic of Korea,KOR,Asia,1992,1990,0.617,299.905,6.716,44653699.0,0.71,E
Republic of Korea,KOR,Asia,1993,1990,0.036,330.174,7.356,44887721.0,0.69,E
Republic of Korea,KOR,Asia,1994,1990,1.263,355.695,7.881,45130842.0,0.42,E
Republic of Korea,KOR,Asia,1995,1990,0.433,383.665,8.457,45368425.0,0.43,E
Republic of Korea,KOR,Asia,1996,1990,-0.024,420.996,9.225,45638701.0,0.6,E
Republic of Korea,KOR,Asia,1997,1990,0.728,444.968,9.686,45941541.0,0.67,E
Republic of Korea,KOR,Asia,1998,1990,1.485,378.038,8.177,46230885.0,0.94,E
Republic of Korea,KOR,Asia,1999,1990,1.062,410.519,8.828,46500382.0,0.77,E
Republic of Korea,KOR,Asia,2000,2000,0.448,439.981,9.408,46766660.0,0.71,E
Republic of Korea,KOR,Asia,2001,2000,0.923,455.631,9.685,47043467.0,0.7,E
Republic of Korea,KOR,Asia,2002,2000,0.69,476.065,10.065,47299118.0,0.71,E
Republic of Korea,KOR,Asia,2003,2000,0.662,485.213,10.212,47514158.0,0.84,E
Republic of Korea,KOR,Asia,2004,2000,1.237,491.389,10.302,47697076.0,0.76,E
Republic of Korea,KOR,Asia,2005,2000,0.95,498.688,10.422,47851646.0,0.86,E
Republic of Korea,KOR,Asia,2006,2000,0.514,503.478,10.488,48006518.0,0.94,E
Republic of Korea,KOR,Asia,2007,2000,1.28,521.709,10.829,48178122.0,1.02,E
Republic of Korea,KOR,Asia,2008,2000,0.987,532.651,11.015,48356485.0,1.06,E
Republic of Korea,KOR,Asia,2009,2000,0.987,537.82,11.078,48546690.0,1.19,E
Republic of Korea,KOR,Asia,2010,2010,0.524,594.339,12.187,48769329.0,1.31,E
Republic of Korea,KOR,Asia,2011,2010,0.326,623.443,12.69,49127640.0,1.31,E
Republic of Korea,KOR,Asia,2012,2010,0.412,627.943,12.66,49599580.0,1.6,E
Republic of Korea,KOR,Asia,2013,2010,0.545,634.581,12.674,50071168.0,1.92,E
Republic of Korea,KOR,Asia,2014,2010,1.081,629.366,12.453,50539055.0,2.91,E
Republic of Korea,KOR,Asia,2015,2010,1.035,634.177,12.439,50983909.0,2.76,E
Republic of Korea,KOR,Asia,2016,2010,1.722,637.914,12.435,51297836.0,2.58,E
Republic of Korea,KOR,Asia,2017,2010,1.535,654.537,12.713,51486268.0,2.82,E
Republic of Korea,KOR,Asia,2018,2010,1.04,670.169,12.977,51640894.0,3.15,E
Republic of Korea,KOR,Asia,2019,2010,1.604,646.102,12.481,51767844.0,3.19,E
Republic of Korea,KOR,Asia,2020,2020,1.592,597.634,11.524,51858481.0,3.53,E
Republic of Korea,KOR,Asia,2021,2020,1.793,616.075,11.882,51848401.0,3.52,E
Republic of Korea,KOR,Asia,2022,2020,1.636,606.877,11.72,51782515.0,4.09,E
Republic of Korea,KOR,Asia,2023,2020,1.744,589.178,11.385,51748744.0,4.37,E
Republic of Korea,KOR,Asia,2024,2020,2.663,583.679,11.286,51717587.0,,E
Kuwait,KWT,Asia,1970,1970,0.489,25.021,30.924,809118.0,,E
Kuwait,KWT,Asia,1971,1970,-0.186,27.117,31.347,865079.0,,E
Kuwait,KWT,Asia,1972,1970,-0.789,27.612,30.001,920358.0,,E
Kuwait,KWT,Asia,1973,1970,-0.25,24.223,24.776,977665.0,,E
Kuwait,KWT,Asia,1974,1970,-0.347,19.312,18.599,1038354.0,,E
Kuwait,KWT,Asia,1975,1970,-0.246,16.813,15.217,1104869.0,,E
Kuwait,KWT,Asia,1976,1970,-0.659,18.458,15.659,1178717.0,,E
Kuwait,KWT,Asia,1977,1970,0.342,17.204,13.675,1258029.0,,E
Kuwait,KWT,Asia,1978,1970,0.005,20.979,15.653,1340323.0,,E
Kuwait,KWT,Asia,1979,1970,1.28,17.645,12.395,1423523.0,,E
Kuwait,KWT,Asia,1980,1980,0.391,24.644,16.377,1504789.0,,E
Kuwait,KWT,Asia,1981,1980,0.238,25.178,15.901,1583428.0,,E
Kuwait,KWT,Asia,1982,1980,-0.327,21.136,12.713,1662489.0,,E
Kuwait,KWT,Asia,1983,1980,-0.808,21.579,12.371,1744302.0,,E
Kuwait,KWT,Asia,1984,1980,0.116,28.33,15.56,1820692.0,,E
Kuwait,KWT,Asia,1985,1980,-0.125,29.12,15.373,1894255.0,,E
Kuwait,KWT,Asia,1986,1980,0.342,35.277,17.884,1972520.0,,E
Kuwait,KWT,Asia,1987,1980,0.601,31.429,15.309,2053007.0,,E
Kuwait,KWT,Asia,1988,1980,0.325,32.873,15.399,2134708.0,,E
Kuwait,KWT,Asia,1989,1980,0.015,35.837,16.161,2217470.0,,E
Kuwait,KWT,Asia,1990,1990,0.259,37.863,22.473,1684833.0,0.26,E
Kuwait,KWT,Asia,1991,1990,0.388,492.979,364.791,1351403.0,0.37,E
Kuwait,KWT,Asia,1992,1990,-0.671,29.683,18.155,1634968.0,0.25,E
Kuwait,KWT,Asia,1993,1990,-0.255,49.163,29.401,1672158.0,0.12,E
Kuwait,KWT,Asia,1994,1990,0.834,57.265,34.406,1664371.0,0.09,E
Kuwait,KWT,Asia,1995,1990,0.075,56.263,33.46,1681518.0,0.17,E
Kuwait,KWT,Asia,1996,1990,0.779,51.768,29.919,1730255.0,0.12,E
Kuwait,KWT,Asia,1997,1990,0.378,56.765,31.753,1787692.0,0.11,E
Kuwait,KWT,Asia,1998,1990,1.207,52.91,28.688,1844308.0,0.1,E
Kuwait,KWT,Asia,1999,1990,1.922,55.085,28.992,1900035.0,0.11,E
Kuwait,KWT,Asia,2000,2000,1.129,54.98,28.127,1954713.0,0.1,E
Kuwait,KWT,Asia,2001,2000,1.121,59.119,29.44,2008127.0,0.1,E
Kuwait,KWT,Asia,2002,2000,1.452,60.114,29.182,2059983.0,0.1,E
Kuwait,KWT,Asia,2003,2000,1.409,62.491,29.618,2109886.0,0.1,E
Kuwait,KWT,Asia,2004,2000,1.354,65.855,30.526,2157329.0,0.03,E
Kuwait,KWT,Asia,2005,2000,0.556,74.615,33.358,2236797.0,0.03,E
Kuwait,KWT,Asia,2006,2000,1.773,76.222,32.233,2364741.0,0.02,E
Kuwait,KWT,Asia,2007,2000,0.952,77.295,30.821,2507890.0,0.02,E
Kuwait,KWT,Asia,2008,2000,1.197,84.442,31.848,2651433.0,0.04,E
Kuwait,KWT,Asia,2009,2000,1.099,88.832,31.777,2795489.0,0.04,E
Kuwait,KWT,Asia,2010,2010,2.395,89.721,30.482,2943374.0,0.03,E
Kuwait,KWT,Asia,2011,2010,1.179,87.151,27.819,3132815.0,0.03,E
Kuwait,KWT,Asia,2012,2010,1.402,101.201,30.327,3337025.0,0.06,E
Kuwait,KWT,Asia,2013,2010,1.301,83.047,23.675,3507755.0,0.09,E
Kuwait,KWT,Asia,2014,2010,1.454,74.994,20.458,3665769.0,0.29,E
Kuwait,KWT,Asia,2015,2010,2.097,93.317,24.337,3834465.0,0.18,E
Kuwait,KWT,Asia,2016,2010,1.731,104.019,25.979,4003976.0,0.23,E
Kuwait,KWT,Asia,2017,2010,2.014,100.01,24.072,4154686.0,0.23,E
Kuwait,KWT,Asia,2018,2010,2.395,102.453,23.697,4323389.0,0.28,E
Kuwait,KWT,Asia,2019,2010,1.924,104.654,23.559,4442201.0,0.12,E
Kuwait,KWT,Asia,2020,2020,2.028,90.103,20.477,4400146.0,0.16,E
Kuwait,KWT,Asia,2021,2020,2.726,87.869,20.15,4360748.0,0.14,E
Kuwait,KWT,Asia,2022,2020,2.32,115.849,25.242,4589514.0,0.13,E
Kuwait,KWT,Asia,2023,2020,2.108,123.169,25.454,4838781.0,0.13,E
Kuwait,KWT,Asia,2024,2020,2.501,129.519,26.248,4934508.0,,E
Lao People's Democratic Republic,LAO,Asia,1970,1970,-0.042,0.572,0.214,2669703.0,,E
Lao People's Democratic Republic,LAO,Asia,1971,1970,-0.506,0.421,0.154,2734637.0,,E
Lao People's Democratic Republic,LAO,Asia,1972,1970,-0.03,0.487,0.174,2801657.0,,E
Lao People's Democratic Republic,LAO,Asia,1973,1970,0.477,0.517,0.18,2870578.0,,E
Lao People's Democratic Republic,LAO,Asia,1974,1970,-0.423,0.293,0.1,2939759.0,,E
Lao People's Democratic Republic,LAO,Asia,1975,1970,0.215,0.253,0.084,3005524.0,,E
Lao People's Democratic Republic,LAO,Asia,1976,1970,-0.568,0.224,0.073,3064882.0,,E
Lao People's Democratic Republic,LAO,Asia,1977,1970,-0.071,0.231,0.074,3118926.0,,E
Lao People's Democratic Republic,LAO,Asia,1978,1970,0.086,0.231,0.073,3171753.0,,E
Lao People's Democratic Republic,LAO,Asia,1979,1970,0.418,0.224,0.069,3228198.0,,E
Lao People's Democratic Republic,LAO,Asia,1980,1980,0.397,0.187,0.057,3292575.0,,E
Lao People's Democratic Republic,LAO,Asia,1981,1980,0.363,0.15,0.045,3366638.0,,E
Lao People's Democratic Republic,LAO,Asia,1982,1980,0.098,0.158,0.046,3450022.0,,E
Lao People's Democratic Republic,LAO,Asia,1983,1980,0.192,0.18,0.051,3541003.0,,E
Lao People's Democratic Republic,LAO,Asia,1984,1980,-0.005,0.183,0.05,3637845.0,,E
Lao People's Democratic Republic,LAO,Asia,1985,1980,0.177,0.205,0.055,3739985.0,,E
Lao People's Democratic Republic,LAO,Asia,1986,1980,-0.053,0.209,0.054,3846720.0,,E
Lao People's Democratic Republic,LAO,Asia,1987,1980,0.873,0.213,0.054,3957624.0,,E
Lao People's Democratic Republic,LAO,Asia,1988,1980,0.246,0.213,0.052,4072608.0,,E
Lao People's Democratic Republic,LAO,Asia,1989,1980,0.176,0.231,0.055,4190972.0,,E
Lao People's Democratic Republic,LAO,Asia,1990,1990,0.376,0.513,0.119,4311960.0,83.94,E
Lao People's Democratic Republic,LAO,Asia,1991,1990,0.637,0.546,0.123,4435121.0,83.43,E
Lao People's Democratic Republic,LAO,Asia,1992,1990,0.135,0.593,0.13,4559650.0,82.14,E
Lao People's Democratic Republic,LAO,Asia,1993,1990,0.248,0.607,0.13,4685064.0,81.93,E
Lao People's Democratic Republic,LAO,Asia,1994,1990,0.337,0.631,0.131,4809223.0,81.65,E
Lao People's Democratic Republic,LAO,Asia,1995,1990,0.554,0.671,0.136,4929410.0,81.1,E
Lao People's Democratic Republic,LAO,Asia,1996,1990,0.082,0.753,0.149,5045686.0,80.46,E
Lao People's Democratic Republic,LAO,Asia,1997,1990,0.253,0.792,0.154,5152015.0,80.26,E
Lao People's Democratic Republic,LAO,Asia,1998,1990,1.316,0.82,0.156,5248273.0,82.96,E
Lao People's Democratic Republic,LAO,Asia,1999,1990,0.58,0.846,0.158,5340784.0,83.25,E
Lao People's Democratic Republic,LAO,Asia,2000,2000,-0.011,0.96,0.177,5431213.0,81.54,E
Lao People's Democratic Republic,LAO,Asia,2001,2000,0.61,1.059,0.192,5521481.0,81.09,E
Lao People's Democratic Republic,LAO,Asia,2002,2000,0.578,1.166,0.208,5610888.0,80.19,E
Lao People's Democratic Republic,LAO,Asia,2003,2000,0.922,1.221,0.214,5697944.0,78.74,E
Lao People's Democratic Republic,LAO,Asia,2004,2000,0.335,1.282,0.222,5781627.0,73.98,E
Lao People's Democratic Republic,LAO,Asia,2005,2000,0.816,1.337,0.228,5869531.0,73.93,E
Lao People's Democratic Republic,LAO,Asia,2006,2000,0.784,1.757,0.295,5963199.0,69.81,E
Lao People's Democratic Republic,LAO,Asia,2007,2000,0.497,1.836,0.303,6056237.0,70.67,E
Lao People's Democratic Republic,LAO,Asia,2008,2000,0.199,2.131,0.347,6148974.0,69.27,E
Lao People's Democratic Republic,LAO,Asia,2009,2000,0.558,2.667,0.427,6241649.0,66.45,E
Lao People's Democratic Republic,LAO,Asia,2010,2010,1.262,3.001,0.474,6334198.0,64.85,E
Lao People's Democratic Republic,LAO,Asia,2011,2010,0.041,3.097,0.482,6426592.0,63.63,E
Lao People's Democratic Republic,LAO,Asia,2012,2010,0.886,3.328,0.511,6518981.0,62.36,E
Lao People's Democratic Republic,LAO,Asia,2013,2010,1.081,4.198,0.635,6611385.0,58.57,E
Lao People's Democratic Republic,LAO,Asia,2014,2010,0.67,4.383,0.654,6703170.0,58.25,E
Lao People's Democratic Republic,LAO,Asia,2015,2010,1.319,9.185,1.35,6801647.0,53.27,E
Lao People's Democratic Republic,LAO,Asia,2016,2010,1.348,16.407,2.375,6908800.0,51.73,E
Lao People's Democratic Republic,LAO,Asia,2017,2010,1.139,19.625,2.796,7018150.0,50.63,E
Lao People's Democratic Republic,LAO,Asia,2018,2010,0.854,20.481,2.873,7128043.0,50.22,E
Lao People's Democratic Republic,LAO,Asia,2019,2010,2.085,18.34,2.534,7237635.0,54.37,E
Lao People's Democratic Republic,LAO,Asia,2020,2020,1.618,18.294,2.49,7346534.0,56.52,E
Lao People's Democratic Republic,LAO,Asia,2021,2020,1.156,21.837,2.93,7453192.0,57.11,E
Lao People's Democratic Republic,LAO,Asia,2022,2020,0.981,22.549,2.983,7559008.0,56.73,E
Lao People's Democratic Republic,LAO,Asia,2023,2020,1.581,24.157,3.152,7665001.0,56.34,E
Lao People's Democratic Republic,LAO,Asia,2024,2020,2.098,24.4,3.14,7769823.0,54.63,E
Lebanon,LBN,Asia,1970,1970,0.416,3.941,1.652,2386119.0,,E
Lebanon,LBN,Asia,1971,1970,-0.271,5.301,2.167,2446319.0,,E
Lebanon,LBN,Asia,1972,1970,-0.637,5.653,2.253,2509730.0,,E
Lebanon,LBN,Asia,1973,1970,-0.515,7.067,2.747,2572932.0,,E
Lebanon,LBN,Asia,1974,1970,-0.215,7.088,2.69,2635185.0,,E
Lebanon,LBN,Asia,1975,1970,-0.247,6.265,2.326,2693197.0,,E
Lebanon,LBN,Asia,1976,1970,-0.68,5.924,2.173,2726474.0,,E
Lebanon,LBN,Asia,1977,1970,0.082,5.386,1.95,2762162.0,,E
Lebanon,LBN,Asia,1978,1970,0.011,5.496,1.947,2822681.0,,E
Lebanon,LBN,Asia,1979,1970,0.682,5.785,2.007,2882635.0,,E
Lebanon,LBN,Asia,1980,1980,-0.242,5.89,2.0,2944765.0,,E
Lebanon,LBN,Asia,1981,1980,-0.001,5.844,1.942,3008985.0,,E
Lebanon,LBN,Asia,1982,1980,-0.519,5.719,1.872,3054932.0,,E
Lebanon,LBN,Asia,1983,1980,-0.978,6.942,2.243,3095001.0,,E
Lebanon,LBN,Asia,1984,1980,-0.104,6.713,2.129,3152742.0,,E
Lebanon,LBN,Asia,1985,1980,-0.038,7.765,2.413,3217377.0,,E
Lebanon,LBN,Asia,1986,1980,0.203,7.478,2.266,3300373.0,,E
Lebanon,LBN,Asia,1987,1980,-0.275,7.67,2.266,3385557.0,,E
Lebanon,LBN,Asia,1988,1980,-0.023,7.346,2.126,3454647.0,,E
Lebanon,LBN,Asia,1989,1980,0.103,7.721,2.19,3525288.0,,E
Lebanon,LBN,Asia,1990,1990,0.048,7.868,2.189,3595175.0,11.34,E
Lebanon,LBN,Asia,1991,1990,0.424,8.115,2.212,3668916.0,8.53,E
Lebanon,LBN,Asia,1992,1990,-1.005,9.727,2.596,3747375.0,8.04,E
Lebanon,LBN,Asia,1993,1990,-0.419,10.355,2.71,3820652.0,5.44,E
Lebanon,LBN,Asia,1994,1990,1.08,11.111,2.856,3889802.0,5.34,E
Lebanon,LBN,Asia,1995,1990,0.08,12.255,3.094,3960741.0,4.4,E
Lebanon,LBN,Asia,1996,1990,0.426,12.753,3.161,4034782.0,5.01,E
Lebanon,LBN,Asia,1997,1990,-0.078,15.099,3.675,4108409.0,4.38,E
Lebanon,LBN,Asia,1998,1990,1.018,16.286,3.895,4181287.0,5.45,E
Lebanon,LBN,Asia,1999,1990,1.111,16.43,3.861,4255278.0,4.25,E
Lebanon,LBN,Asia,2000,2000,0.564,15.466,3.572,4329345.0,4.87,E
Lebanon,LBN,Asia,2001,2000,1.157,16.407,3.727,4401923.0,4.55,E
Lebanon,LBN,Asia,2002,2000,0.832,16.244,3.639,4463505.0,5.73,E
Lebanon,LBN,Asia,2003,2000,0.643,18.529,4.094,4525513.0,6.98,E
Lebanon,LBN,Asia,2004,2000,0.657,17.208,3.742,4599285.0,6.11,E
Lebanon,LBN,Asia,2005,2000,0.305,16.65,3.565,4671105.0,6.43,E
Lebanon,LBN,Asia,2006,2000,0.734,14.792,3.113,4751146.0,6.44,E
Lebanon,LBN,Asia,2007,2000,0.716,13.746,2.838,4844119.0,7.33,E
Lebanon,LBN,Asia,2008,2000,0.988,17.418,3.536,4925359.0,5.14,E
Lebanon,LBN,Asia,2009,2000,0.823,20.958,4.198,4992295.0,4.31,E
Lebanon,LBN,Asia,2010,2010,2.317,19.997,3.967,5041290.0,5.7,E
Lebanon,LBN,Asia,2011,2010,0.605,20.264,3.976,5096018.0,6.18,E
Lebanon,LBN,Asia,2012,2010,0.966,22.332,4.265,5235742.0,5.56,E
Lebanon,LBN,Asia,2013,2010,1.182,22.164,3.859,5743441.0,5.92,E
Lebanon,LBN,Asia,2014,2010,0.995,23.992,3.78,6346993.0,4.25,E
Lebanon,LBN,Asia,2015,2010,1.381,25.731,3.975,6472470.0,4.17,E
Lebanon,LBN,Asia,2016,2010,1.67,26.438,4.181,6323061.0,3.96,E
Lebanon,LBN,Asia,2017,2010,1.052,27.821,4.516,6160129.0,3.97,E
Lebanon,LBN,Asia,2018,2010,2.141,25.812,4.313,5984120.0,4.74,E
Lebanon,LBN,Asia,2019,2010,1.343,25.141,4.339,5794601.0,5.47,E
Lebanon,LBN,Asia,2020,2020,1.548,23.694,4.155,5702400.0,6.24,E
Lebanon,LBN,Asia,2021,2020,1.936,19.474,3.406,5718129.0,6.85,E
Lebanon,LBN,Asia,2022,2020,1.141,15.361,2.674,5744492.0,14.82,E
Lebanon,LBN,Asia,2023,2020,1.744,15.559,2.695,5773494.0,16.58,E
Lebanon,LBN,Asia,2024,2020,2.19,15.65,2.696,5805962.0,,E
Liberia,LBR,Africa,1970,1970,0.274,1.451,0.989,1466677.0,,E
Liberia,LBR,Africa,1971,1970,-0.15,1.524,1.013,1504082.0,,E
Liberia,LBR,Africa,1972,1970,-0.005,1.506,0.976,1542674.0,,E
Liberia,LBR,Africa,1973,1970,0.477,1.48,0.935,1583590.0,,E
Liberia,LBR,Africa,1974,1970,0.0,1.722,1.059,1626363.0,,E
Liberia,LBR,Africa,1975,1970,-0.136,1.484,0.888,1670914.0,,E
Liberia,LBR,Africa,1976,1970,-0.206,1.476,0.859,1717071.0,,E
Liberia,LBR,Africa,1977,1970,0.234,1.471,0.833,1766028.0,,E
Liberia,LBR,Africa,1978,1970,0.218,1.503,0.827,1818255.0,,E
Liberia,LBR,Africa,1979,1970,0.474,1.942,1.037,1872714.0,,E
Liberia,LBR,Africa,1980,1980,0.374,2.038,1.056,1929260.0,,E
Liberia,LBR,Africa,1981,1980,0.13,1.935,0.974,1986864.0,,E
Liberia,LBR,Africa,1982,1980,0.203,0.597,0.292,2045076.0,,E
Liberia,LBR,Africa,1983,1980,0.471,0.707,0.335,2107114.0,,E
Liberia,LBR,Africa,1984,1980,0.386,0.695,0.32,2173314.0,,E
Liberia,LBR,Africa,1985,1980,0.272,0.716,0.32,2240549.0,,E
Liberia,LBR,Africa,1986,1980,0.16,0.723,0.313,2308516.0,,E
Liberia,LBR,Africa,1987,1980,0.931,0.758,0.319,2377233.0,,E
Liberia,LBR,Africa,1988,1980,0.804,0.809,0.331,2446942.0,,E
Liberia,LBR,Africa,1989,1980,0.367,0.66,0.262,2517864.0,,E
Liberia,LBR,Africa,1990,1990,0.607,0.456,0.205,2223667.0,89.14,E
Liberia,LBR,Africa,1991,1990,0.537,0.375,0.191,1956523.0,90.11,E
Liberia,LBR,Africa,1992,1990,0.235,0.392,0.189,2072466.0,88.99,E
Liberia,LBR,Africa,1993,1990,0.486,0.417,0.194,2155135.0,87.65,E
Liberia,LBR,Africa,1994,1990,0.455,0.415,0.193,2149929.0,87.07,E
Liberia,LBR,Africa,1995,1990,0.552,0.416,0.192,2169167.0,86.95,E
Liberia,LBR,Africa,1996,1990,0.499,0.427,0.191,2232286.0,87.46,E
Liberia,LBR,Africa,1997,1990,0.908,0.446,0.185,2412995.0,88.1,E
Liberia,LBR,Africa,1998,1990,1.261,0.473,0.177,2670128.0,88.52,E
Liberia,LBR,Africa,1999,1990,0.737,0.376,0.133,2821689.0,90.47,E
Liberia,LBR,Africa,2000,2000,0.47,0.402,0.137,2928117.0,91.34,E
Liberia,LBR,Africa,2001,2000,0.492,0.414,0.137,3015343.0,91.57,E
Liberia,LBR,Africa,2002,2000,0.833,0.432,0.14,3094793.0,91.14,E
Liberia,LBR,Africa,2003,2000,0.944,0.461,0.148,3119534.0,90.35,E
Liberia,LBR,Africa,2004,2000,0.895,0.543,0.172,3156893.0,89.56,E
Liberia,LBR,Africa,2005,2000,1.011,0.651,0.197,3301016.0,87.76,E
Liberia,LBR,Africa,2006,2000,1.019,0.669,0.192,3490792.0,87.59,E
Liberia,LBR,Africa,2007,2000,0.927,0.629,0.171,3669050.0,89.83,E
Liberia,LBR,Africa,2008,2000,0.984,0.531,0.139,3821006.0,91.84,E
Liberia,LBR,Africa,2009,2000,1.138,0.522,0.132,3943035.0,91.81,E
Liberia,LBR,Africa,2010,2010,1.291,0.709,0.175,4058897.0,88.58,E
Liberia,LBR,Africa,2011,2010,0.967,0.822,0.195,4221177.0,87.52,E
Liberia,LBR,Africa,2012,2010,0.733,0.915,0.209,4373046.0,86.6,E
Liberia,LBR,Africa,2013,2010,0.84,0.874,0.196,4470246.0,87.93,E
Liberia,LBR,Africa,2014,2010,0.799,0.734,0.161,4564299.0,91.64,E
Liberia,LBR,Africa,2015,2010,1.125,0.699,0.15,4659436.0,93.12,E
Liberia,LBR,Africa,2016,2010,1.359,0.647,0.136,4755607.0,93.81,E
Liberia,LBR,Africa,2017,2010,1.333,0.667,0.138,4848927.0,94.44,E
Liberia,LBR,Africa,2018,2010,1.119,0.609,0.123,4944728.0,95.14,E
Liberia,LBR,Africa,2019,2010,1.216,0.932,0.185,5043719.0,90.3,E
Liberia,LBR,Africa,2020,2020,1.338,0.777,0.151,5149470.0,93.76,E
Liberia,LBR,Africa,2021,2020,1.234,0.783,0.149,5259327.0,94.69,E
Liberia,LBR,Africa,2022,2020,1.341,0.864,0.161,5373297.0,93.88,E
Liberia,LBR,Africa,2023,2020,1.27,0.834,0.152,5493035.0,92.94,E
Liberia,LBR,Africa,2024,2020,1.548,0.859,0.153,5612813.0,94.35,E
Libya,LBY,Africa,1970,1970,-0.261,32.305,15.512,2082597.0,,E
Libya,LBY,Africa,1971,1970,-0.25,21.628,10.043,2153537.0,,E
Libya,LBY,Africa,1972,1970,0.095,15.22,6.837,2226105.0,,E
Libya,LBY,Africa,1973,1970,-0.149,14.575,6.298,2314200.0,,E
Libya,LBY,Africa,1974,1970,-0.142,9.338,3.839,2432218.0,,E
Libya,LBY,Africa,1975,1970,-0.488,11.568,4.499,2571563.0,,E
Libya,LBY,Africa,1976,1970,-0.603,17.888,6.573,2721246.0,,E
Libya,LBY,Africa,1977,1970,0.222,20.198,7.01,2881540.0,,E
Libya,LBY,Africa,1978,1970,-0.323,21.155,6.93,3052532.0,,E
Libya,LBY,Africa,1979,1970,0.145,25.926,8.017,3233849.0,,E
Libya,LBY,Africa,1980,1980,-0.114,26.781,7.821,3424375.0,,E
Libya,LBY,Africa,1981,1980,-0.064,28.668,7.916,3621488.0,,E
Libya,LBY,Africa,1982,1980,0.052,30.565,8.206,3724772.0,,E
Libya,LBY,Africa,1983,1980,-0.345,30.146,8.106,3718966.0,,E
Libya,LBY,Africa,1984,1980,-0.05,28.276,7.493,3773639.0,,E
Libya,LBY,Africa,1985,1980,0.086,31.002,7.952,3898746.0,,E
Libya,LBY,Africa,1986,1980,0.242,33.895,8.437,4017403.0,,E
Libya,LBY,Africa,1987,1980,-0.028,32.348,7.833,4129743.0,,E
Libya,LBY,Africa,1988,1980,0.911,36.16,8.533,4237757.0,,E
Libya,LBY,Africa,1989,1980,-0.026,37.069,8.535,4342927.0,,E
Libya,LBY,Africa,1990,1990,0.578,36.514,8.214,4445243.0,2.71,E
Libya,LBY,Africa,1991,1990,0.302,42.62,9.379,4544404.0,2.62,E
Libya,LBY,Africa,1992,1990,-0.348,37.024,7.979,4640360.0,2.51,E
Libya,LBY,Africa,1993,1990,0.339,38.708,8.178,4733053.0,2.36,E
Libya,LBY,Africa,1994,1990,0.447,51.36,10.651,4822039.0,2.1,E
Libya,LBY,Africa,1995,1990,0.321,54.596,11.126,4906851.0,1.96,E
Libya,LBY,Africa,1996,1990,0.569,53.952,10.818,4987402.0,1.91,E
Libya,LBY,Africa,1997,1990,0.466,51.779,10.224,5064642.0,1.95,E
Libya,LBY,Africa,1998,1990,0.758,51.653,10.048,5140711.0,1.98,E
Libya,LBY,Africa,1999,1990,1.208,50.26,9.632,5218039.0,1.9,E
Libya,LBY,Africa,2000,2000,0.254,53.239,10.036,5305020.0,1.89,E
Libya,LBY,Africa,2001,2000,1.237,53.114,9.829,5403639.0,2.73,E
Libya,LBY,Africa,2002,2000,0.885,52.525,9.535,5508412.0,2.68,E
Libya,LBY,Africa,2003,2000,0.959,55.481,9.873,5619405.0,2.67,E
Libya,LBY,Africa,2004,2000,0.729,56.854,9.911,5736696.0,2.59,E
Libya,LBY,Africa,2005,2000,0.695,55.986,9.556,5858793.0,2.49,E
Libya,LBY,Africa,2006,2000,0.727,51.45,8.603,5980212.0,2.65,E
Libya,LBY,Africa,2007,2000,0.718,44.392,7.272,6104381.0,2.81,E
Libya,LBY,Africa,2008,2000,0.744,49.699,7.97,6235433.0,2.67,E
Libya,LBY,Africa,2009,2000,0.618,51.627,8.109,6366689.0,2.44,E
Libya,LBY,Africa,2010,2010,1.921,59.148,9.103,6497837.0,2.31,E
Libya,LBY,Africa,2011,2010,0.686,53.542,8.441,6343210.0,2.87,E
Libya,LBY,Africa,2012,2010,0.631,61.606,9.97,6179327.0,2.2,E
Libya,LBY,Africa,2013,2010,1.022,51.344,8.144,6304636.0,2.0,E
Libya,LBY,Africa,2014,2010,1.147,68.348,10.634,6427260.0,1.93,E
Libya,LBY,Africa,2015,2010,0.63,60.866,9.318,6531825.0,2.4,E
Libya,LBY,Africa,2016,2010,1.54,57.379,8.652,6632130.0,2.3,E
Libya,LBY,Africa,2017,2010,0.236,67.092,9.956,6738771.0,2.39,E
Libya,LBY,Africa,2018,2010,1.682,62.645,9.146,6849058.0,2.45,E
Libya,LBY,Africa,2019,2010,0.903,73.778,10.614,6951040.0,2.47,E
Libya,LBY,Africa,2020,2020,1.154,36.111,5.125,7045403.0,2.72,E
Libya,LBY,Africa,2021,2020,1.897,56.312,7.892,7135179.0,2.53,E
Libya,LBY,Africa,2022,2020,0.556,58.974,8.164,7223804.0,2.49,E
Libya,LBY,Africa,2023,2020,1.466,64.219,8.79,7305659.0,2.43,E
Libya,LBY,Africa,2024,2020,2.444,65.26,8.842,7381029.0,,E
Saint Lucia,LCA,North America,1970,1970,0.121,0.066,0.639,103184.0,,E
Saint Lucia,LCA,North America,1971,1970,-0.364,0.07,0.666,104577.0,,E
Saint Lucia,LCA,North America,1972,1970,-0.176,0.077,0.726,106021.0,,E
Saint Lucia,LCA,North America,1973,1970,0.084,0.081,0.75,107512.0,,E
Saint Lucia,LCA,North America,1974,1970,-0.415,0.073,0.672,109093.0,,E
Saint Lucia,LCA,North America,1975,1970,-0.407,0.077,0.695,110740.0,,E
Saint Lucia,LCA,North America,1976,1970,-0.278,0.084,0.749,112442.0,,E
Saint Lucia,LCA,North America,1977,1970,0.021,0.07,0.61,114150.0,,E
Saint Lucia,LCA,North America,1978,1970,0.164,0.099,0.854,115853.0,,E
Saint Lucia,LCA,North America,1979,1970,0.279,0.15,1.278,117547.0,,E
Saint Lucia,LCA,North America,1980,1980,0.397,0.114,0.952,119302.0,,E
Saint Lucia,LCA,North America,1981,1980,0.409,0.095,0.786,121183.0,,E
Saint Lucia,LCA,North America,1982,1980,0.155,0.114,0.923,123097.0,,E
Saint Lucia,LCA,North America,1983,1980,0.452,0.103,0.82,125055.0,,E
Saint Lucia,LCA,North America,1984,1980,0.054,0.114,0.894,127085.0,,E
Saint Lucia,LCA,North America,1985,1980,-0.132,0.128,0.993,129174.0,,E
Saint Lucia,LCA,North America,1986,1980,0.037,0.132,1.005,131253.0,,E
Saint Lucia,LCA,North America,1987,1980,0.65,0.147,1.1,133243.0,,E
Saint Lucia,LCA,North America,1988,1980,0.558,0.165,1.221,135019.0,,E
Saint Lucia,LCA,North America,1989,1980,0.088,0.165,1.208,136526.0,,E
Saint Lucia,LCA,North America,1990,1990,0.536,0.18,1.302,137874.0,43.15,E
Saint Lucia,LCA,North America,1991,1990,0.509,0.187,1.339,139536.0,41.22,E
Saint Lucia,LCA,North America,1992,1990,0.499,0.213,1.5,141629.0,36.67,E
Saint Lucia,LCA,North America,1993,1990,0.598,0.234,1.631,143735.0,33.79,E
Saint Lucia,LCA,North America,1994,1990,0.681,0.26,1.783,145901.0,30.79,E
Saint Lucia,LCA,North America,1995,1990,0.841,0.275,1.854,148227.0,29.71,E
Saint Lucia,LCA,North America,1996,1990,0.627,0.293,1.948,150453.0,27.4,E
Saint Lucia,LCA,North America,1997,1990,0.773,0.293,1.921,152584.0,27.7,E
Saint Lucia,LCA,North America,1998,1990,1.318,0.322,2.084,154688.0,25.14,E
Saint Lucia,LCA,North America,1999,1990,0.753,0.337,2.151,156719.0,24.01,E
Saint Lucia,LCA,North America,2000,2000,0.585,0.341,2.148,158624.0,24.05,E
Saint Lucia,LCA,North America,2001,2000,0.84,0.359,2.241,160247.0,22.23,E
Saint Lucia,LCA,North America,2002,2000,0.874,0.355,2.199,161655.0,21.73,E
Saint Lucia,LCA,North America,2003,2000,0.975,0.377,2.316,162985.0,20.02,E
Saint Lucia,LCA,North America,2004,2000,0.647,0.399,2.432,164250.0,18.43,E
Saint Lucia,LCA,North America,2005,2000,1.042,0.392,2.369,165460.0,18.44,E
Saint Lucia,LCA,North America,2006,2000,0.859,0.414,2.484,166657.0,16.94,E
Saint Lucia,LCA,North America,2007,2000,0.848,0.421,2.512,167766.0,16.26,E
Saint Lucia,LCA,North America,2008,2000,0.541,0.425,2.518,168816.0,15.53,E
Saint Lucia,LCA,North America,2009,2000,0.658,0.425,2.502,169880.0,15.08,E
Saint Lucia,LCA,North America,2010,2010,1.296,0.484,2.83,170921.0,13.22,E
Saint Lucia,LCA,North America,2011,2010,0.75,0.484,2.815,171814.0,12.93,E
Saint Lucia,LCA,North America,2012,2010,0.781,0.487,2.823,172595.0,12.39,E
Saint Lucia,LCA,North America,2013,2010,0.915,0.487,2.811,173380.0,12.1,E
Saint Lucia,LCA,North America,2014,2010,0.787,0.487,2.798,174145.0,11.72,E
Saint Lucia,LCA,North America,2015,2010,1.017,0.48,2.744,174919.0,11.52,E
Saint Lucia,LCA,North America,2016,2010,1.173,0.473,2.691,175651.0,11.17,E
Saint Lucia,LCA,North America,2017,2010,1.008,0.495,2.805,176352.0,10.22,E
Saint Lucia,LCA,North America,2018,2010,0.776,0.509,2.877,177032.0,10.22,E
Saint Lucia,LCA,North America,2019,2010,1.009,0.502,2.825,177675.0,10.05,E
Saint Lucia,LCA,North America,2020,2020,1.226,0.487,2.734,178261.0,10.14,E
Saint Lucia,LCA,North America,2021,2020,0.969,0.506,2.832,178540.0,9.43,E
Saint Lucia,LCA,North America,2022,2020,0.894,0.518,2.898,178794.0,9.36,E
Saint Lucia,LCA,North America,2023,2020,1.08,0.517,2.884,179291.0,9.0,E
Saint Lucia,LCA,North America,2024,2020,1.838,0.537,2.987,179751.0,8.73,E
Liechtenstein,LIE,Europe,1970,1970,-0.557,0.111,5.243,21170.0,,E
Liechtenstein,LIE,Europe,1971,1970,-0.083,0.116,5.375,21618.0,,E
Liechtenstein,LIE,Europe,1972,1970,0.068,0.108,4.882,22022.0,,E
Liechtenstein,LIE,Europe,1973,1970,-0.025,0.135,6.001,22421.0,,E
Liechtenstein,LIE,Europe,1974,1970,0.175,0.109,4.783,22826.0,,E
Liechtenstein,LIE,Europe,1975,1970,0.682,0.137,5.919,23223.0,,E
Liechtenstein,LIE,Europe,1976,1970,0.294,0.134,5.661,23610.0,,E
Liechtenstein,LIE,Europe,1977,1970,0.27,0.152,6.346,23994.0,,E
Liechtenstein,LIE,Europe,1978,1970,-0.345,0.152,6.233,24369.0,,E
Liechtenstein,LIE,Europe,1979,1970,-0.082,0.131,5.279,24749.0,,E
Liechtenstein,LIE,Europe,1980,1980,-0.157,0.158,6.284,25114.0,,E
Liechtenstein,LIE,Europe,1981,1980,0.05,0.148,5.815,25487.0,,E
Liechtenstein,LIE,Europe,1982,1980,0.552,0.104,4.012,25870.0,,E
Liechtenstein,LIE,Europe,1983,1980,0.953,0.131,4.977,26261.0,,E
Liechtenstein,LIE,Europe,1984,1980,-0.356,0.136,5.119,26652.0,,E
Liechtenstein,LIE,Europe,1985,1980,-0.322,0.17,6.296,27036.0,,E
Liechtenstein,LIE,Europe,1986,1980,0.397,0.195,7.12,27406.0,,E
Liechtenstein,LIE,Europe,1987,1980,-0.028,0.135,4.862,27785.0,,E
Liechtenstein,LIE,Europe,1988,1980,0.945,0.179,6.354,28171.0,,E
Liechtenstein,LIE,Europe,1989,1980,1.105,0.187,6.553,28556.0,,E
Liechtenstein,LIE,Europe,1990,1990,1.324,0.199,6.882,28912.0,64.8,E
Liechtenstein,LIE,Europe,1991,1990,0.199,0.206,7.041,29303.0,59.77,E
Liechtenstein,LIE,Europe,1992,1990,1.102,0.207,6.956,29750.0,57.7,E
Liechtenstein,LIE,Europe,1993,1990,0.649,0.215,7.121,30199.0,56.07,E
Liechtenstein,LIE,Europe,1994,1990,1.945,0.201,6.567,30623.0,56.5,E
Liechtenstein,LIE,Europe,1995,1990,0.923,0.204,6.575,31055.0,55.0,E
Liechtenstein,LIE,Europe,1996,1990,-0.012,0.206,6.539,31497.0,51.81,E
Liechtenstein,LIE,Europe,1997,1990,0.961,0.218,6.84,31925.0,53.18,E
Liechtenstein,LIE,Europe,1998,1990,1.219,0.229,7.088,32341.0,52.57,E
Liechtenstein,LIE,Europe,1999,1990,0.982,0.227,6.918,32751.0,52.04,E
Liechtenstein,LIE,Europe,2000,2000,1.465,0.217,6.544,33137.0,53.95,E
Liechtenstein,LIE,Europe,2001,2000,1.446,0.215,6.414,33470.0,51.59,E
Liechtenstein,LIE,Europe,2002,2000,1.393,0.22,6.515,33770.0,51.26,E
Liechtenstein,LIE,Europe,2003,2000,1.68,0.229,6.728,34089.0,50.24,E
Liechtenstein,LIE,Europe,2004,2000,0.902,0.229,6.666,34409.0,50.31,E
Liechtenstein,LIE,Europe,2005,2000,0.668,0.229,6.596,34713.0,49.87,E
Liechtenstein,LIE,Europe,2006,2000,0.962,0.231,6.602,35002.0,50.84,E
Liechtenstein,LIE,Europe,2007,2000,1.941,0.201,5.694,35251.0,53.36,E
Liechtenstein,LIE,Europe,2008,2000,1.4,0.219,6.188,35467.0,52.96,E
Liechtenstein,LIE,Europe,2009,2000,1.414,0.205,5.745,35740.0,55.15,E
Liechtenstein,LIE,Europe,2010,2010,0.489,0.191,5.296,36021.0,52.31,E
Liechtenstein,LIE,Europe,2011,2010,1.673,0.177,4.869,36295.0,55.26,E
Liechtenstein,LIE,Europe,2012,2010,1.624,0.185,5.059,36621.0,55.5,E
Liechtenstein,LIE,Europe,2013,2010,0.94,0.192,5.212,36930.0,53.53,E
Liechtenstein,LIE,Europe,2014,2010,2.263,0.161,4.334,37191.0,54.97,E
Liechtenstein,LIE,Europe,2015,2010,2.071,0.16,4.266,37424.0,55.53,E
Liechtenstein,LIE,Europe,2016,2010,2.059,0.15,3.976,37635.0,55.82,E
Liechtenstein,LIE,Europe,2017,2010,1.819,0.155,4.105,37872.0,55.33,E
Liechtenstein,LIE,Europe,2018,2010,2.307,0.143,3.736,38157.0,56.45,E
Liechtenstein,LIE,Europe,2019,2010,2.112,0.149,3.865,38463.0,55.85,E
Liechtenstein,LIE,Europe,2020,2020,2.395,0.142,3.65,38793.0,55.11,E
Liechtenstein,LIE,Europe,2021,2020,1.274,0.146,3.727,39062.0,53.42,E
Liechtenstein,LIE,Europe,2022,2020,2.655,0.128,3.262,39338.0,56.93,E
Liechtenstein,LIE,Europe,2023,2020,2.684,0.131,3.312,39622.0,57.34,E
Liechtenstein,LIE,Europe,2024,2020,3.127,0.132,3.299,39895.0,57.97,E
Sri Lanka,LKA,Asia,1970,1970,0.113,3.593,0.292,12287113.0,,E
Sri Lanka,LKA,Asia,1971,1970,-0.344,3.19,0.254,12551910.0,,E
Sri Lanka,LKA,Asia,1972,1970,-0.12,3.532,0.276,12809207.0,,E
Sri Lanka,LKA,Asia,1973,1970,0.396,3.674,0.281,13060920.0,,E
Sri Lanka,LKA,Asia,1974,1970,-0.297,2.914,0.219,13305697.0,,E
Sri Lanka,LKA,Asia,1975,1970,-0.209,2.878,0.212,13548989.0,,E
Sri Lanka,LKA,Asia,1976,1970,-0.125,2.781,0.202,13796776.0,,E
Sri Lanka,LKA,Asia,1977,1970,0.04,2.896,0.206,14049365.0,,E
Sri Lanka,LKA,Asia,1978,1970,0.092,3.409,0.238,14310127.0,,E
Sri Lanka,LKA,Asia,1979,1970,0.344,3.78,0.259,14579616.0,,E
Sri Lanka,LKA,Asia,1980,1980,0.423,3.36,0.226,14847972.0,,E
Sri Lanka,LKA,Asia,1981,1980,0.149,3.972,0.263,15099417.0,,E
Sri Lanka,LKA,Asia,1982,1980,0.132,4.432,0.29,15286571.0,,E
Sri Lanka,LKA,Asia,1983,1980,0.631,4.826,0.314,15388795.0,,E
Sri Lanka,LKA,Asia,1984,1980,-0.032,3.823,0.248,15441858.0,,E
Sri Lanka,LKA,Asia,1985,1980,0.072,3.88,0.25,15544152.0,,E
Sri Lanka,LKA,Asia,1986,1980,0.155,3.623,0.23,15731253.0,,E
Sri Lanka,LKA,Asia,1987,1980,0.664,3.988,0.251,15916578.0,,E
Sri Lanka,LKA,Asia,1988,1980,0.657,3.43,0.213,16078624.0,,E
Sri Lanka,LKA,Asia,1989,1980,0.185,3.42,0.21,16248560.0,,E
Sri Lanka,LKA,Asia,1990,1990,0.519,3.802,0.233,16352460.0,78.09,E
Sri Lanka,LKA,Asia,1991,1990,0.478,4.107,0.249,16475354.0,77.97,E
Sri Lanka,LKA,Asia,1992,1990,0.178,5.036,0.301,16739297.0,75.28,E
Sri Lanka,LKA,Asia,1993,1990,0.185,4.912,0.289,17025924.0,74.19,E
Sri Lanka,LKA,Asia,1994,1990,0.26,5.342,0.309,17275777.0,70.59,E
Sri Lanka,LKA,Asia,1995,1990,0.544,5.717,0.325,17564065.0,69.94,E
Sri Lanka,LKA,Asia,1996,1990,0.371,6.863,0.383,17905020.0,64.42,E
Sri Lanka,LKA,Asia,1997,1990,0.532,7.401,0.406,18248205.0,65.91,E
Sri Lanka,LKA,Asia,1998,1990,1.172,7.621,0.41,18596006.0,64.16,E
Sri Lanka,LKA,Asia,1999,1990,0.35,8.381,0.442,18944734.0,63.25,E
Sri Lanka,LKA,Asia,2000,2000,0.456,9.99,0.518,19293056.0,64.16,E
Sri Lanka,LKA,Asia,2001,2000,0.735,10.158,0.518,19600361.0,62.94,E
Sri Lanka,LKA,Asia,2002,2000,0.889,10.787,0.545,19805750.0,62.11,E
Sri Lanka,LKA,Asia,2003,2000,0.798,10.761,0.539,19951521.0,61.31,E
Sri Lanka,LKA,Asia,2004,2000,0.713,11.908,0.593,20087608.0,61.62,E
Sri Lanka,LKA,Asia,2005,2000,0.761,11.67,0.577,20216531.0,60.09,E
Sri Lanka,LKA,Asia,2006,2000,0.518,11.503,0.565,20352416.0,62.18,E
Sri Lanka,LKA,Asia,2007,2000,0.507,11.844,0.578,20492546.0,60.21,E
Sri Lanka,LKA,Asia,2008,2000,0.412,11.648,0.565,20629377.0,61.58,E
Sri Lanka,LKA,Asia,2009,2000,0.542,12.572,0.606,20756438.0,63.52,E
Sri Lanka,LKA,Asia,2010,2010,0.829,12.697,0.608,20879092.0,61.85,E
Sri Lanka,LKA,Asia,2011,2010,0.541,14.476,0.689,21009054.0,56.43,E
Sri Lanka,LKA,Asia,2012,2010,0.803,15.389,0.727,21169461.0,52.86,E
Sri Lanka,LKA,Asia,2013,2010,0.69,14.143,0.662,21358829.0,56.89,E
Sri Lanka,LKA,Asia,2014,2010,0.831,17.076,0.792,21547454.0,54.24,E
Sri Lanka,LKA,Asia,2015,2010,0.851,19.179,0.883,21729975.0,51.28,E
Sri Lanka,LKA,Asia,2016,2010,1.203,22.339,1.02,21910763.0,45.14,E
Sri Lanka,LKA,Asia,2017,2010,0.915,22.168,1.004,22087525.0,45.78,E
Sri Lanka,LKA,Asia,2018,2010,0.616,20.137,0.905,22253116.0,47.9,E
Sri Lanka,LKA,Asia,2019,2010,1.028,21.106,0.942,22410552.0,46.23,E
Sri Lanka,LKA,Asia,2020,2020,1.06,20.412,0.905,22561808.0,49.27,E
Sri Lanka,LKA,Asia,2021,2020,0.805,20.823,0.917,22700377.0,48.84,E
Sri Lanka,LKA,Asia,2022,2020,0.744,18.377,0.805,22834965.0,53.23,E
Sri Lanka,LKA,Asia,2023,2020,0.892,19.166,0.834,22971615.0,55.5,E
Sri Lanka,LKA,Asia,2024,2020,1.478,20.826,0.901,23103561.0,,E
Lesotho,LSO,Africa,1970,1970,0.418,,,1019273.0,,E
Lesotho,LSO,Africa,1971,1970,-0.061,,,1056248.0,,E
Lesotho,LSO,Africa,1972,1970,-0.151,,,1094069.0,,E
Lesotho,LSO,Africa,1973,1970,0.104,,,1132706.0,,E
Lesotho,LSO,Africa,1974,1970,-0.15,,,1172420.0,,E
Lesotho,LSO,Africa,1975,1970,-0.19,,,1213650.0,,E
Lesotho,LSO,Africa,1976,1970,-0.47,,,1253217.0,,E
Lesotho,LSO,Africa,1977,1970,0.237,,,1289966.0,,E
Lesotho,LSO,Africa,1978,1970,0.092,,,1327244.0,,E
Lesotho,LSO,Africa,1979,1970,0.293,,,1366171.0,,E
Lesotho,LSO,Africa,1980,1980,0.175,,,1406530.0,,E
Lesotho,LSO,Africa,1981,1980,-0.309,,,1448073.0,,E
Lesotho,LSO,Africa,1982,1980,0.265,,,1490732.0,,E
Lesotho,LSO,Africa,1983,1980,0.989,,,1534414.0,,E
Lesotho,LSO,Africa,1984,1980,0.352,,,1578992.0,,E
Lesotho,LSO,Africa,1985,1980,0.784,,,1624385.0,,E
Lesotho,LSO,Africa,1986,1980,0.485,,,1666140.0,,E
Lesotho,LSO,Africa,1987,1980,0.57,,,1703395.0,,E
Lesotho,LSO,Africa,1988,1980,0.439,,,1739847.0,,E
Lesotho,LSO,Africa,1989,1980,-0.033,,,1775437.0,,E
Lesotho,LSO,Africa,1990,1990,0.31,1.473,0.814,1809698.0,77.17,E
Lesotho,LSO,Africa,1991,1990,0.467,1.528,0.829,1842383.0,77.14,E
Lesotho,LSO,Africa,1992,1990,0.92,1.587,0.847,1873281.0,76.79,E
Lesotho,LSO,Africa,1993,1990,0.967,1.63,0.857,1901799.0,76.53,E
Lesotho,LSO,Africa,1994,1990,0.052,1.674,0.869,1927708.0,76.39,E
Lesotho,LSO,Africa,1995,1990,0.675,1.707,0.875,1951441.0,76.32,E
Lesotho,LSO,Africa,1996,1990,-0.292,1.737,0.881,1972424.0,76.29,E
Lesotho,LSO,Africa,1997,1990,0.184,1.77,0.89,1988140.0,75.86,E
Lesotho,LSO,Africa,1998,1990,0.867,1.803,0.902,1998048.0,76.0,E
Lesotho,LSO,Africa,1999,1990,1.145,1.825,0.911,2003238.0,79.5,E
Lesotho,LSO,Africa,2000,2000,0.234,1.85,0.923,2003919.0,79.17,E
Lesotho,LSO,Africa,2001,2000,0.45,1.872,0.936,2000859.0,79.18,E
Lesotho,LSO,Africa,2002,2000,0.491,1.905,0.955,1994686.0,78.85,E
Lesotho,LSO,Africa,2003,2000,0.904,1.931,0.973,1985060.0,78.79,E
Lesotho,LSO,Africa,2004,2000,1.004,1.979,1.004,1971130.0,78.71,E
Lesotho,LSO,Africa,2005,2000,1.105,2.012,1.03,1953080.0,78.36,E
Lesotho,LSO,Africa,2006,2000,0.453,2.034,1.045,1945066.0,78.78,E
Lesotho,LSO,Africa,2007,2000,0.775,2.074,1.062,1953273.0,78.26,E
Lesotho,LSO,Africa,2008,2000,0.637,2.121,1.079,1966547.0,77.91,E
Lesotho,LSO,Africa,2009,2000,0.402,2.217,1.119,1980884.0,76.82,E
Lesotho,LSO,Africa,2010,2010,1.211,2.275,1.14,1996256.0,76.76,E
Lesotho,LSO,Africa,2011,2010,0.293,2.759,1.37,2014015.0,75.42,E
Lesotho,LSO,Africa,2012,2010,0.699,2.792,1.372,2034363.0,73.19,E
Lesotho,LSO,Africa,2013,2010,0.745,2.125,1.033,2056509.0,72.26,E
Lesotho,LSO,Africa,2014,2010,0.69,2.242,1.078,2080091.0,71.55,E
Lesotho,LSO,Africa,2015,2010,1.236,2.045,0.971,2104614.0,69.25,E
Lesotho,LSO,Africa,2016,2010,1.74,2.026,0.951,2130424.0,67.08,E
Lesotho,LSO,Africa,2017,2010,0.902,2.286,1.06,2157117.0,65.78,E
Lesotho,LSO,Africa,2018,2010,0.69,2.165,0.992,2183611.0,64.5,E
Lesotho,LSO,Africa,2019,2010,1.609,2.187,0.99,2209414.0,63.36,E
Lesotho,LSO,Africa,2020,2020,0.728,1.986,0.888,2235727.0,65.34,E
Lesotho,LSO,Africa,2021,2020,0.78,3.096,1.369,2261549.0,63.43,E
Lesotho,LSO,Africa,2022,2020,0.889,2.551,1.116,2286112.0,57.07,E
Lesotho,LSO,Africa,2023,2020,0.888,2.494,1.079,2311476.0,61.08,E
Lesotho,LSO,Africa,2024,2020,1.282,2.572,1.1,2337428.0,61.54,E
Lithuania,LTU,Europe,1970,1970,,24.462,7.801,3135874.0,,
Lithuania,LTU,Europe,1971,1970,,26.01,8.203,3170711.0,,
Lithuania,LTU,Europe,1972,1970,,27.418,8.555,3204904.0,,
Lithuania,LTU,Europe,1973,1970,,28.633,8.848,3236223.0,,
Lithuania,LTU,Europe,1974,1970,,29.785,9.119,3266366.0,,
Lithuania,LTU,Europe,1975,1970,,31.359,9.515,3295734.0,,
Lithuania,LTU,Europe,1976,1970,,32.585,9.801,3324568.0,,
Lithuania,LTU,Europe,1977,1970,,33.722,10.056,3353250.0,,
Lithuania,LTU,Europe,1978,1970,,34.922,10.332,3380072.0,,
Lithuania,LTU,Europe,1979,1970,,35.22,10.344,3404743.0,,
Lithuania,LTU,Europe,1980,1980,,36.614,10.679,3428417.0,,
Lithuania,LTU,Europe,1981,1980,,35.991,10.425,3452313.0,,
Lithuania,LTU,Europe,1982,1980,,36.681,10.548,3477581.0,,
Lithuania,LTU,Europe,1983,1980,,37.243,10.624,3505434.0,,
Lithuania,LTU,Europe,1984,1980,,37.601,10.639,3534123.0,,
Lithuania,LTU,Europe,1985,1980,,40.511,11.372,3562393.0,,
Lithuania,LTU,Europe,1986,1980,,36.063,10.035,3593782.0,,
Lithuania,LTU,Europe,1987,1980,,36.071,9.944,3627368.0,,
Lithuania,LTU,Europe,1988,1980,,36.467,9.929,3672653.0,,
Lithuania,LTU,Europe,1989,1980,,36.817,9.961,3696107.0,,
Lithuania,LTU,Europe,1990,1990,,35.738,9.672,3695016.0,3.1,
Lithuania,LTU,Europe,1991,1990,,37.82,10.218,3701408.0,2.89,
Lithuania,LTU,Europe,1992,1990,1.476,21.168,5.725,3697552.0,4.61,E
Lithuania,LTU,Europe,1993,1990,0.288,16.32,4.434,3680201.0,8.89,E
Lithuania,LTU,Europe,1994,1990,0.939,15.767,4.314,3654893.0,9.82,E
Lithuania,LTU,Europe,1995,1990,1.508,15.057,4.151,3627038.0,10.34,E
Lithuania,LTU,Europe,1996,1990,-0.526,15.74,4.373,3599721.0,11.47,E
Lithuania,LTU,Europe,1997,1990,0.52,15.163,4.243,3573418.0,11.62,E
Lithuania,LTU,Europe,1998,1990,0.731,15.997,4.509,3547768.0,12.93,E
Lithuania,LTU,Europe,1999,1990,1.471,13.45,3.818,3522905.0,14.97,E
Lithuania,LTU,Europe,2000,2000,2.014,11.843,3.383,3500410.0,17.19,E
Lithuania,LTU,Europe,2001,2000,1.783,12.594,3.626,3473008.0,17.59,E
Lithuania,LTU,Europe,2002,2000,1.901,12.666,3.678,3444051.0,17.89,E
Lithuania,LTU,Europe,2003,2000,0.175,12.659,3.707,3415276.0,18.07,E
Lithuania,LTU,Europe,2004,2000,0.876,13.254,3.925,3376703.0,18.07,E
Lithuania,LTU,Europe,2005,2000,1.207,13.863,4.173,3322264.0,17.51,E
Lithuania,LTU,Europe,2006,2000,0.923,14.195,4.341,3269809.0,17.46,E
Lithuania,LTU,Europe,2007,2000,2.195,15.474,4.789,3231378.0,17.06,E
Lithuania,LTU,Europe,2008,2000,2.216,14.919,4.664,3198482.0,18.34,E
Lithuania,LTU,Europe,2009,2000,1.386,12.829,4.056,3163255.0,20.09,E
Lithuania,LTU,Europe,2010,2010,0.723,13.802,4.455,3097721.0,21.46,E
Lithuania,LTU,Europe,2011,2010,0.931,13.96,4.609,3028642.0,22.74,E
Lithuania,LTU,Europe,2012,2010,1.345,14.054,4.703,2988334.0,23.92,E
Lithuania,LTU,Europe,2013,2010,0.935,13.148,4.444,2958359.0,26.34,E
Lithuania,LTU,Europe,2014,2010,2.203,12.846,4.379,2933171.0,27.73,E
Lithuania,LTU,Europe,2015,2010,2.062,13.045,4.489,2905771.0,28.96,E
Lithuania,LTU,Europe,2016,2010,1.909,13.102,4.566,2869109.0,31.47,E
Lithuania,LTU,Europe,2017,2010,1.504,13.277,4.693,2829317.0,33.78,E
Lithuania,LTU,Europe,2018,2010,2.389,13.414,4.787,2802485.0,33.73,E
Lithuania,LTU,Europe,2019,2010,2.576,13.647,4.883,2795057.0,33.54,E
Lithuania,LTU,Europe,2020,2020,3.38,13.5,4.829,2795766.0,31.7,E
Lithuania,LTU,Europe,2021,2020,1.713,13.778,4.93,2794490.0,33.22,E
Lithuania,LTU,Europe,2022,2020,1.893,12.895,4.578,2816923.0,35.8,E
Lithuania,LTU,Europe,2023,2020,2.428,12.507,4.382,2854104.0,37.5,E
Lithuania,LTU,Europe,2024,2020,3.257,12.542,4.387,2859112.0,,E
Luxembourg,LUX,Europe,1970,1970,,13.743,40.499,339337.0,,
Luxembourg,LUX,Europe,1971,1970,,13.198,38.594,341961.0,,
Luxembourg,LUX,Europe,1972,1970,,13.5,39.009,346085.0,,
Luxembourg,LUX,Europe,1973,1970,,14.179,40.604,349206.0,,
Luxembourg,LUX,Europe,1974,1970,,14.428,41.054,351432.0,,
Luxembourg,LUX,Europe,1975,1970,,11.868,33.554,353686.0,,
Luxembourg,LUX,Europe,1976,1970,,11.865,33.342,355877.0,,
Luxembourg,LUX,Europe,1977,1970,,10.958,30.586,358252.0,,
Luxembourg,LUX,Europe,1978,1970,,11.884,32.917,361047.0,,
Luxembourg,LUX,Europe,1979,1970,,12.162,33.514,362898.0,,
Luxembourg,LUX,Europe,1980,1980,,11.077,30.456,363711.0,,
Luxembourg,LUX,Europe,1981,1980,,9.49,26.036,364487.0,,
Luxembourg,LUX,Europe,1982,1980,,8.932,24.466,365061.0,,
Luxembourg,LUX,Europe,1983,1980,,8.371,22.904,365495.0,,
Luxembourg,LUX,Europe,1984,1980,,9.008,24.618,365904.0,,
Luxembourg,LUX,Europe,1985,1980,,9.241,25.201,366665.0,,
Luxembourg,LUX,Europe,1986,1980,,9.115,24.741,368409.0,,
Luxembourg,LUX,Europe,1987,1980,,8.812,23.767,370789.0,,
Luxembourg,LUX,Europe,1988,1980,,9.103,24.354,373789.0,,
Luxembourg,LUX,Europe,1989,1980,,9.85,26.101,377384.0,,
Luxembourg,LUX,Europe,1990,1990,,11.809,30.938,381707.0,1.71,
Luxembourg,LUX,Europe,1991,1990,,12.42,32.109,386819.0,1.7,
Luxembourg,LUX,Europe,1992,1990,,12.189,31.098,391972.0,2.01,
Luxembourg,LUX,Europe,1993,1990,,12.338,31.062,397210.0,1.99,
Luxembourg,LUX,Europe,1994,1990,,11.524,28.624,402597.0,2.82,
Luxembourg,LUX,Europe,1995,1990,,9.134,22.375,408237.0,4.01,
Luxembourg,LUX,Europe,1996,1990,,9.186,22.2,413779.0,3.08,
Luxembourg,LUX,Europe,1997,1990,,8.548,20.402,418970.0,4.38,
Luxembourg,LUX,Europe,1998,1990,,7.657,18.052,424158.0,6.71,
Luxembourg,LUX,Europe,1999,1990,,8.119,18.886,429909.0,5.86,
Luxembourg,LUX,Europe,2000,2000,1.653,8.702,19.953,436142.0,6.81,E
Luxembourg,LUX,Europe,2001,2000,1.437,9.205,20.838,441754.0,3.42,E
Luxembourg,LUX,Europe,2002,2000,1.395,9.978,22.354,446392.0,1.32,E
Luxembourg,LUX,Europe,2003,2000,1.694,10.451,23.129,451845.0,1.28,E
Luxembourg,LUX,Europe,2004,2000,1.017,11.816,25.782,458305.0,1.35,E
Luxembourg,LUX,Europe,2005,2000,1.135,12.076,25.949,465369.0,1.87,E
Luxembourg,LUX,Europe,2006,2000,1.366,11.906,25.177,472869.0,2.08,E
Luxembourg,LUX,Europe,2007,2000,1.952,11.302,23.533,480277.0,3.64,E
Luxembourg,LUX,Europe,2008,2000,1.289,11.167,22.836,488995.0,3.96,E
Luxembourg,LUX,Europe,2009,2000,1.189,10.62,21.316,498196.0,3.73,E
Luxembourg,LUX,Europe,2010,2010,0.325,11.191,22.054,507418.0,3.68,E
Luxembourg,LUX,Europe,2011,2010,1.339,11.09,21.384,518583.0,3.76,E
Luxembourg,LUX,Europe,2012,2010,1.264,10.858,20.45,530951.0,4.15,E
Luxembourg,LUX,Europe,2013,2010,0.574,10.323,18.999,543358.0,5.71,E
Luxembourg,LUX,Europe,2014,2010,2.472,9.807,17.629,556285.0,6.85,E
Luxembourg,LUX,Europe,2015,2010,1.523,9.334,16.389,569540.0,9.09,E
Luxembourg,LUX,Europe,2016,2010,1.876,9.077,15.556,583511.0,13.5,E
Luxembourg,LUX,Europe,2017,2010,1.643,9.251,15.509,596506.0,15.32,E
Luxembourg,LUX,Europe,2018,2010,2.46,9.556,15.715,608109.0,16.05,E
Luxembourg,LUX,Europe,2019,2010,2.146,9.75,15.722,620167.0,16.45,E
Luxembourg,LUX,Europe,2020,2020,2.619,8.069,12.796,630597.0,20.75,E
Luxembourg,LUX,Europe,2021,2020,1.161,8.41,13.134,640276.0,20.52,E
Luxembourg,LUX,Europe,2022,2020,2.917,7.274,11.135,653315.0,23.4,E
Luxembourg,LUX,Europe,2023,2020,2.597,6.841,10.285,665101.0,24.37,E
Luxembourg,LUX,Europe,2024,2020,2.766,7.04,10.46,673042.0,,E
Latvia,LVA,Europe,1970,1970,,15.779,6.693,2357559.0,,
Latvia,LVA,Europe,1971,1970,,16.753,7.048,2377075.0,,
Latvia,LVA,Europe,1972,1970,,17.636,7.361,2395871.0,,
Latvia,LVA,Europe,1973,1970,,18.393,7.614,2415773.0,,
Latvia,LVA,Europe,1974,1970,,19.106,7.84,2436994.0,,
Latvia,LVA,Europe,1975,1970,,20.094,8.182,2455780.0,,
Latvia,LVA,Europe,1976,1970,,20.868,8.447,2470541.0,,
Latvia,LVA,Europe,1977,1970,,21.581,8.686,2484605.0,,
Latvia,LVA,Europe,1978,1970,,22.326,8.94,2497364.0,,
Latvia,LVA,Europe,1979,1970,,22.51,8.984,2505526.0,,
Latvia,LVA,Europe,1980,1980,,23.395,9.314,2511756.0,,
Latvia,LVA,Europe,1981,1980,,22.965,9.113,2519972.0,,
Latvia,LVA,Europe,1982,1980,,23.397,9.24,2532020.0,,
Latvia,LVA,Europe,1983,1980,,23.737,9.32,2546976.0,,
Latvia,LVA,Europe,1984,1980,,23.952,9.346,2562773.0,,
Latvia,LVA,Europe,1985,1980,,25.819,10.01,2579237.0,,
Latvia,LVA,Europe,1986,1980,,23.609,9.081,2599784.0,,
Latvia,LVA,Europe,1987,1980,,19.294,7.347,2625969.0,,
Latvia,LVA,Europe,1988,1980,,18.865,7.113,2652250.0,,
Latvia,LVA,Europe,1989,1980,,17.943,6.733,2664839.0,,
Latvia,LVA,Europe,1990,1990,,19.662,7.391,2660131.0,17.57,
Latvia,LVA,Europe,1991,1990,,17.92,6.765,2648933.0,18.68,
Latvia,LVA,Europe,1992,1990,1.577,14.194,5.428,2614833.0,21.59,E
Latvia,LVA,Europe,1993,1990,0.392,11.922,4.65,2563820.0,25.38,E
Latvia,LVA,Europe,1994,1990,0.679,10.37,4.113,2521238.0,28.34,E
Latvia,LVA,Europe,1995,1990,1.615,9.134,3.674,2485948.0,32.43,E
Latvia,LVA,Europe,1996,1990,-0.425,9.212,3.748,2457907.0,32.03,E
Latvia,LVA,Europe,1997,1990,0.756,8.68,3.567,2433229.0,32.89,E
Latvia,LVA,Europe,1998,1990,0.642,8.306,3.446,2410217.0,35.35,E
Latvia,LVA,Europe,1999,1990,1.538,7.718,3.228,2390822.0,36.33,E
Latvia,LVA,Europe,2000,2000,2.004,7.082,2.99,2368320.0,35.82,E
Latvia,LVA,Europe,2001,2000,1.8,7.497,3.206,2338299.0,35.35,E
Latvia,LVA,Europe,2002,2000,1.707,7.52,3.254,2311358.0,34.38,E
Latvia,LVA,Europe,2003,2000,0.236,7.726,3.375,2288983.0,34.34,E
Latvia,LVA,Europe,2004,2000,1.01,7.731,3.415,2264179.0,36.11,E
Latvia,LVA,Europe,2005,2000,1.352,7.811,3.487,2239787.0,36.3,E
Latvia,LVA,Europe,2006,2000,1.082,8.31,3.745,2219039.0,34.0,E
Latvia,LVA,Europe,2007,2000,2.197,8.637,3.925,2200774.0,33.08,E
Latvia,LVA,Europe,2008,2000,2.388,8.198,3.765,2177710.0,33.71,E
Latvia,LVA,Europe,2009,2000,1.506,7.456,3.481,2142044.0,38.4,E
Latvia,LVA,Europe,2010,2010,0.659,8.555,4.078,2097834.0,33.07,E
Latvia,LVA,Europe,2011,2010,1.127,7.808,3.791,2059940.0,35.54,E
Latvia,LVA,Europe,2012,2010,1.381,7.52,3.696,2034639.0,40.37,E
Latvia,LVA,Europe,2013,2010,1.045,7.369,3.661,2013004.0,39.6,E
Latvia,LVA,Europe,2014,2010,2.288,7.172,3.597,1994153.0,40.24,E
Latvia,LVA,Europe,2015,2010,2.123,7.262,3.672,1977874.0,38.1,E
Latvia,LVA,Europe,2016,2010,1.907,7.211,3.679,1959863.0,38.48,E
Latvia,LVA,Europe,2017,2010,1.465,7.215,3.714,1942599.0,42.6,E
Latvia,LVA,Europe,2018,2010,2.322,7.843,4.069,1927586.0,40.97,E
Latvia,LVA,Europe,2019,2010,2.408,7.633,3.988,1914267.0,41.49,E
Latvia,LVA,Europe,2020,2020,3.503,6.999,3.682,1901119.0,43.75,E
Latvia,LVA,Europe,2021,2020,1.927,7.218,3.828,1885593.0,43.98,E
Latvia,LVA,Europe,2022,2020,1.915,6.608,3.513,1881059.0,47.27,E
Latvia,LVA,Europe,2023,2020,2.292,6.59,3.501,1882399.0,47.36,E
Latvia,LVA,Europe,2024,2020,3.038,6.462,3.452,1871874.0,,E
"China, Macao SAR",MAC,Asia,1970,1970,-0.394,0.205,0.797,257405.0,,E
"China, Macao SAR",MAC,Asia,1971,1970,-0.184,0.227,0.862,263470.0,,E
"China, Macao SAR",MAC,Asia,1972,1970,-0.14,0.231,0.845,273185.0,,E
"China, Macao SAR",MAC,Asia,1973,1970,0.426,0.224,0.893,250337.0,,E
"China, Macao SAR",MAC,Asia,1974,1970,-0.344,0.267,1.208,221395.0,,E
"China, Macao SAR",MAC,Asia,1975,1970,0.159,0.297,1.325,223951.0,,E
"China, Macao SAR",MAC,Asia,1976,1970,-0.772,0.253,1.112,227391.0,,E
"China, Macao SAR",MAC,Asia,1977,1970,0.162,0.308,1.329,231546.0,,E
"China, Macao SAR",MAC,Asia,1978,1970,0.005,0.414,1.753,236218.0,,E
"China, Macao SAR",MAC,Asia,1979,1970,0.018,0.414,1.717,241160.0,,E
"China, Macao SAR",MAC,Asia,1980,1980,0.258,0.528,2.144,246108.0,,E
"China, Macao SAR",MAC,Asia,1981,1980,0.386,0.535,2.118,252516.0,,E
"China, Macao SAR",MAC,Asia,1982,1980,0.071,0.484,1.853,261054.0,,E
"China, Macao SAR",MAC,Asia,1983,1980,-0.168,0.682,2.519,270519.0,,E
"China, Macao SAR",MAC,Asia,1984,1980,-0.5,0.605,2.155,280560.0,,E
"China, Macao SAR",MAC,Asia,1985,1980,-0.266,0.733,2.516,291288.0,,E
"China, Macao SAR",MAC,Asia,1986,1980,0.039,0.876,2.893,302680.0,,E
"China, Macao SAR",MAC,Asia,1987,1980,0.859,0.971,3.086,314630.0,,E
"China, Macao SAR",MAC,Asia,1988,1980,-0.11,0.964,2.948,326912.0,,E
"China, Macao SAR",MAC,Asia,1989,1980,0.274,1.03,3.035,339223.0,,E
"China, Macao SAR",MAC,Asia,1990,1990,0.285,0.901,2.567,351123.0,0.83,E
"China, Macao SAR",MAC,Asia,1991,1990,0.705,0.967,2.67,362275.0,0.81,E
"China, Macao SAR",MAC,Asia,1992,1990,-0.254,0.978,2.628,372256.0,0.7,E
"China, Macao SAR",MAC,Asia,1993,1990,0.273,1.103,2.892,381331.0,0.62,E
"China, Macao SAR",MAC,Asia,1994,1990,0.323,1.18,3.024,390126.0,0.59,E
"China, Macao SAR",MAC,Asia,1995,1990,-0.043,1.125,2.821,398703.0,0.57,E
"China, Macao SAR",MAC,Asia,1996,1990,-0.006,1.301,3.196,407033.0,0.46,E
"China, Macao SAR",MAC,Asia,1997,1990,0.272,1.367,3.293,415074.0,0.21,E
"China, Macao SAR",MAC,Asia,1998,1990,0.898,1.444,3.414,422816.0,0.22,E
"China, Macao SAR",MAC,Asia,1999,1990,0.954,1.425,3.313,430253.0,0.21,E
"China, Macao SAR",MAC,Asia,2000,2000,0.292,1.528,3.494,437316.0,0.19,E
"China, Macao SAR",MAC,Asia,2001,2000,0.827,1.561,3.507,445121.0,0.89,E
"China, Macao SAR",MAC,Asia,2002,2000,0.933,1.389,3.045,456026.0,1.38,E
"China, Macao SAR",MAC,Asia,2003,2000,0.96,1.422,3.031,469062.0,2.43,E
"China, Macao SAR",MAC,Asia,2004,2000,0.671,1.583,3.282,482209.0,2.52,E
"China, Macao SAR",MAC,Asia,2005,2000,0.717,1.682,3.395,495416.0,2.28,E
"China, Macao SAR",MAC,Asia,2006,2000,0.886,1.455,2.859,508752.0,2.84,E
"China, Macao SAR",MAC,Asia,2007,2000,0.995,1.363,2.61,522281.0,3.42,E
"China, Macao SAR",MAC,Asia,2008,2000,0.393,1.129,2.106,535935.0,4.66,E
"China, Macao SAR",MAC,Asia,2009,2000,0.891,1.894,3.447,549492.0,2.97,E
"China, Macao SAR",MAC,Asia,2010,2010,0.365,1.235,2.194,562809.0,5.49,E
"China, Macao SAR",MAC,Asia,2011,2010,0.324,1.293,2.247,575644.0,6.37,E
"China, Macao SAR",MAC,Asia,2012,2010,0.53,1.132,1.927,587450.0,11.13,E
"China, Macao SAR",MAC,Asia,2013,2010,0.769,0.989,1.652,598752.0,16.61,E
"China, Macao SAR",MAC,Asia,2014,2010,0.677,1.293,2.119,610308.0,11.45,E
"China, Macao SAR",MAC,Asia,2015,2010,1.147,1.773,2.85,622185.0,5.41,E
"China, Macao SAR",MAC,Asia,2016,2010,0.724,1.781,2.807,634317.0,5.38,E
"China, Macao SAR",MAC,Asia,2017,2010,1.272,1.927,2.981,646558.0,3.87,E
"China, Macao SAR",MAC,Asia,2018,2010,1.079,1.242,1.885,658777.0,8.43,E
"China, Macao SAR",MAC,Asia,2019,2010,1.654,1.213,1.807,670982.0,8.43,E
"China, Macao SAR",MAC,Asia,2020,2020,1.741,1.033,1.513,683069.0,11.03,E
"China, Macao SAR",MAC,Asia,2021,2020,1.837,1.03,1.483,694404.0,14.46,E
"China, Macao SAR",MAC,Asia,2022,2020,1.238,1.049,1.489,704360.0,11.53,E
"China, Macao SAR",MAC,Asia,2023,2020,1.281,1.043,1.461,713916.0,11.52,E
"China, Macao SAR",MAC,Asia,2024,2020,1.743,1.056,1.467,720270.0,11.06,E
Saint Martin (French part),MAF,,2011,2010,,,,,0.01,
Saint Martin (French part),MAF,,2012,2010,,,,,0.01,
Saint Martin (French part),MAF,,2013,2010,,,,,0.17,
Saint Martin (French part),MAF,,2014,2010,,,,,0.19,
Saint Martin (French part),MAF,,2015,2010,,,,,0.3,
Saint Martin (French part),MAF,,2016,2010,,,,,0.22,
Saint Martin (French part),MAF,,2017,2010,,,,,0.03,
Saint Martin (French part),MAF,,2018,2010,,,,,0.01,
Saint Martin (French part),MAF,,2019,2010,,,,,0.04,
Saint Martin (French part),MAF,,2020,2020,,,,,0.1,
Saint Martin (French part),MAF,,2021,2020,,,,,0.12,
Saint Martin (French part),MAF,,2022,2020,,,,,0.14,
Saint Martin (French part),MAF,,2023,2020,,,,,0.15,
Saint Martin (French part),MAF,,2024,2020,,,,,0.17,
Morocco,MAR,Africa,1970,1970,0.015,7.282,0.481,15129453.0,,E
Morocco,MAR,Africa,1971,1970,-0.902,8.186,0.527,15527227.0,,E
Morocco,MAR,Africa,1972,1970,-1.39,8.028,0.504,15924695.0,,E
Morocco,MAR,Africa,1973,1970,-0.015,9.613,0.589,16326276.0,,E
Morocco,MAR,Africa,1974,1970,-0.55,11.099,0.663,16733850.0,,E
Morocco,MAR,Africa,1975,1970,-0.349,11.065,0.645,17150790.0,,E
Morocco,MAR,Africa,1976,1970,-0.941,11.49,0.654,17574187.0,,E
Morocco,MAR,Africa,1977,1970,-0.038,12.625,0.701,18014761.0,,E
Morocco,MAR,Africa,1978,1970,0.219,12.992,0.703,18477383.0,,E
Morocco,MAR,Africa,1979,1970,0.365,15.85,0.836,18955587.0,,E
Morocco,MAR,Africa,1980,1980,0.461,15.818,0.813,19459942.0,,E
Morocco,MAR,Africa,1981,1980,0.355,15.718,0.786,19985407.0,,E
Morocco,MAR,Africa,1982,1980,0.327,16.905,0.824,20520324.0,,E
Morocco,MAR,Africa,1983,1980,0.616,17.627,0.837,21060697.0,,E
Morocco,MAR,Africa,1984,1980,0.085,17.645,0.817,21593777.0,,E
Morocco,MAR,Africa,1985,1980,0.666,17.682,0.8,22113953.0,,E
Morocco,MAR,Africa,1986,1980,0.074,18.684,0.827,22600803.0,,E
Morocco,MAR,Africa,1987,1980,0.889,19.905,0.863,23054390.0,,E
Morocco,MAR,Africa,1988,1980,0.832,20.931,0.891,23500528.0,,E
Morocco,MAR,Africa,1989,1980,0.537,22.661,0.947,23939414.0,,E
Morocco,MAR,Africa,1990,1990,1.27,22.298,0.915,24375558.0,19.49,E
Morocco,MAR,Africa,1991,1990,-0.003,23.688,0.955,24799016.0,19.56,E
Morocco,MAR,Africa,1992,1990,0.065,24.737,0.981,25212469.0,18.14,E
Morocco,MAR,Africa,1993,1990,0.13,26.782,1.046,25614586.0,17.64,E
Morocco,MAR,Africa,1994,1990,0.902,28.124,1.082,26000824.0,17.06,E
Morocco,MAR,Africa,1995,1990,1.048,28.75,1.089,26399431.0,17.17,E
Morocco,MAR,Africa,1996,1990,0.804,29.525,1.101,26808109.0,17.85,E
Morocco,MAR,Africa,1997,1990,1.138,29.978,1.102,27213340.0,17.52,E
Morocco,MAR,Africa,1998,1990,1.472,30.881,1.118,27621638.0,16.88,E
Morocco,MAR,Africa,1999,1990,0.941,31.989,1.141,28027188.0,15.41,E
Morocco,MAR,Africa,2000,2000,0.858,33.199,1.168,28423439.0,15.26,E
Morocco,MAR,Africa,2001,2000,1.691,36.809,1.277,28814646.0,15.12,E
Morocco,MAR,Africa,2002,2000,1.062,37.31,1.278,29198146.0,14.94,E
Morocco,MAR,Africa,2003,2000,1.556,36.57,1.237,29571415.0,15.71,E
Morocco,MAR,Africa,2004,2000,1.01,42.226,1.41,29953021.0,22.36,E
Morocco,MAR,Africa,2005,2000,1.16,44.661,1.471,30358145.0,20.03,E
Morocco,MAR,Africa,2006,2000,1.359,46.249,1.503,30771179.0,18.25,E
Morocco,MAR,Africa,2007,2000,0.896,48.913,1.568,31186468.0,16.58,E
Morocco,MAR,Africa,2008,2000,1.039,51.372,1.625,31606769.0,14.46,E
Morocco,MAR,Africa,2009,2000,1.137,50.86,1.588,32030779.0,14.23,E
Morocco,MAR,Africa,2010,2010,2.009,54.365,1.674,32467009.0,13.93,E
Morocco,MAR,Africa,2011,2010,1.683,54.868,1.667,32912585.0,11.85,E
Morocco,MAR,Africa,2012,2010,1.287,56.954,1.707,33355246.0,10.92,E
Morocco,MAR,Africa,2013,2010,1.197,56.606,1.675,33787573.0,11.59,E
Morocco,MAR,Africa,2014,2010,1.631,57.175,1.672,34204784.0,11.14,E
Morocco,MAR,Africa,2015,2010,1.166,58.499,1.69,34607590.0,11.24,E
Morocco,MAR,Africa,2016,2010,1.788,58.457,1.669,35023459.0,11.07,E
Morocco,MAR,Africa,2017,2010,2.095,61.104,1.724,35446395.0,10.45,E
Morocco,MAR,Africa,2018,2010,0.541,62.315,1.739,35839760.0,10.86,E
Morocco,MAR,Africa,2019,2010,1.462,68.743,1.898,36210907.0,10.57,E
Morocco,MAR,Africa,2020,2020,2.083,64.542,1.764,36584208.0,11.03,E
Morocco,MAR,Africa,2021,2020,1.771,70.275,1.902,36954443.0,10.88,E
Morocco,MAR,Africa,2022,2020,2.247,69.779,1.869,37329068.0,11.03,E
Morocco,MAR,Africa,2023,2020,2.524,68.961,1.829,37712516.0,11.66,E
Morocco,MAR,Africa,2024,2020,2.644,69.062,1.814,38081176.0,,E
Monaco,MCO,Europe,1970,1970,-0.048,,,24252.0,,E
Monaco,MCO,Europe,1971,1970,-0.04,,,24606.0,,E
Monaco,MCO,Europe,1972,1970,-0.161,,,24885.0,,E
Monaco,MCO,Europe,1973,1970,0.236,,,25097.0,,E
Monaco,MCO,Europe,1974,1970,-0.119,,,25260.0,,E
Monaco,MCO,Europe,1975,1970,0.154,,,25525.0,,E
Monaco,MCO,Europe,1976,1970,-0.003,,,25918.0,,E
Monaco,MCO,Europe,1977,1970,-0.058,,,26293.0,,E
Monaco,MCO,Europe,1978,1970,-0.43,,,26628.0,,E
Monaco,MCO,Europe,1979,1970,-0.04,,,26913.0,,E
Monaco,MCO,Europe,1980,1980,-0.369,,,27146.0,,E
Monaco,MCO,Europe,1981,1980,-0.074,,,27318.0,,E
Monaco,MCO,Europe,1982,1980,0.563,,,27584.0,,E
Monaco,MCO,Europe,1983,1980,0.49,,,27985.0,,E
Monaco,MCO,Europe,1984,1980,-0.609,,,28380.0,,E
Monaco,MCO,Europe,1985,1980,-0.11,,,28756.0,,E
Monaco,MCO,Europe,1986,1980,0.435,,,29119.0,,E
Monaco,MCO,Europe,1987,1980,0.199,,,29470.0,,E
Monaco,MCO,Europe,1988,1980,0.763,,,29806.0,,E
Monaco,MCO,Europe,1989,1980,0.911,,,30108.0,,E
Monaco,MCO,Europe,1990,1990,1.287,,,30382.0,,E
Monaco,MCO,Europe,1991,1990,0.109,,,30654.0,,E
Monaco,MCO,Europe,1992,1990,0.66,,,30909.0,,E
Monaco,MCO,Europe,1993,1990,0.501,,,31165.0,,E
Monaco,MCO,Europe,1994,1990,1.337,,,31398.0,,E
Monaco,MCO,Europe,1995,1990,0.731,,,31636.0,,E
Monaco,MCO,Europe,1996,1990,0.254,,,31859.0,,E
Monaco,MCO,Europe,1997,1990,1.363,,,32090.0,,E
Monaco,MCO,Europe,1998,1990,0.989,,,32289.0,,E
Monaco,MCO,Europe,1999,1990,0.989,,,32435.0,,E
Monaco,MCO,Europe,2000,2000,1.182,,,32477.0,,E
Monaco,MCO,Europe,2001,2000,1.455,,,32466.0,,E
Monaco,MCO,Europe,2002,2000,0.988,,,32441.0,,E
Monaco,MCO,Europe,2003,2000,1.724,,,32396.0,,E
Monaco,MCO,Europe,2004,2000,0.921,,,32329.0,,E
Monaco,MCO,Europe,2005,2000,0.858,,,32235.0,,E
Monaco,MCO,Europe,2006,2000,1.204,,,32083.0,,E
Monaco,MCO,Europe,2007,2000,1.661,,,31859.0,,E
Monaco,MCO,Europe,2008,2000,1.105,,,31862.0,,E
Monaco,MCO,Europe,2009,2000,1.455,,,32390.0,,E
Monaco,MCO,Europe,2010,2010,0.437,,,33188.0,,E
Monaco,MCO,Europe,2011,2010,1.354,,,33968.0,,E
Monaco,MCO,Europe,2012,2010,1.378,,,34738.0,,E
Monaco,MCO,Europe,2013,2010,0.729,,,35476.0,,E
Monaco,MCO,Europe,2014,2010,1.826,,,36155.0,,E
Monaco,MCO,Europe,2015,2010,1.903,,,36785.0,,E
Monaco,MCO,Europe,2016,2010,1.735,,,37301.0,,E
Monaco,MCO,Europe,2017,2010,1.943,,,37700.0,,E
Monaco,MCO,Europe,2018,2010,1.94,,,38179.0,,E
Monaco,MCO,Europe,2019,2010,1.939,,,38131.0,,E
Monaco,MCO,Europe,2020,2020,2.234,,,38074.0,,E
Monaco,MCO,Europe,2021,2020,1.546,,,38548.0,,E
Monaco,MCO,Europe,2022,2020,2.793,,,38950.0,,E
Monaco,MCO,Europe,2023,2020,2.444,,,38979.0,,E
Monaco,MCO,Europe,2024,2020,2.526,,,38657.0,,E
Moldova,MDA,Europe,1970,1970,,24.562,6.741,3643522.0,,
Moldova,MDA,Europe,1971,1970,,26.072,7.089,3677928.0,,
Moldova,MDA,Europe,1972,1970,,27.441,7.389,3713997.0,,
Moldova,MDA,Europe,1973,1970,,28.617,7.626,3752617.0,,
Moldova,MDA,Europe,1974,1970,,29.726,7.835,3793852.0,,
Moldova,MDA,Europe,1975,1970,,31.262,8.148,3836949.0,,
Moldova,MDA,Europe,1976,1970,,32.462,8.364,3881031.0,,
Moldova,MDA,Europe,1977,1970,,33.569,8.551,3925587.0,,
Moldova,MDA,Europe,1978,1970,,34.719,8.745,3970300.0,,
Moldova,MDA,Europe,1979,1970,,34.995,8.726,4010389.0,,
Moldova,MDA,Europe,1980,1980,,36.366,8.982,4048713.0,,
Moldova,MDA,Europe,1981,1980,,35.704,8.731,4089537.0,,
Moldova,MDA,Europe,1982,1980,,36.36,8.804,4130066.0,,
Moldova,MDA,Europe,1983,1980,,36.892,8.843,4172081.0,,
Moldova,MDA,Europe,1984,1980,,37.226,8.83,4215890.0,,
Moldova,MDA,Europe,1985,1980,,40.105,9.412,4261133.0,,
Moldova,MDA,Europe,1986,1980,,39.112,9.076,4309371.0,,
Moldova,MDA,Europe,1987,1980,,37.498,8.602,4359065.0,,
Moldova,MDA,Europe,1988,1980,,39.037,8.856,4407777.0,,
Moldova,MDA,Europe,1989,1980,,38.141,8.592,4439386.0,,
Moldova,MDA,Europe,1990,1990,,36.505,8.201,4451150.0,1.14,
Moldova,MDA,Europe,1991,1990,,29.618,6.646,4456609.0,1.62,
Republic of Moldova,MDA,Europe,1992,1990,0.448,20.978,4.708,4455714.0,2.18,E
Republic of Moldova,MDA,Europe,1993,1990,-0.691,15.846,3.562,4448241.0,2.39,E
Republic of Moldova,MDA,Europe,1994,1990,1.614,12.427,2.802,4434457.0,2.58,E
Republic of Moldova,MDA,Europe,1995,1990,0.589,11.405,2.584,4414216.0,2.84,E
Republic of Moldova,MDA,Europe,1996,1990,-0.695,11.687,2.664,4387653.0,3.66,E
Republic of Moldova,MDA,Europe,1997,1990,-0.468,7.301,1.676,4355537.0,3.85,E
Republic of Moldova,MDA,Europe,1998,1990,0.772,6.444,1.492,4318713.0,4.08,E
Republic of Moldova,MDA,Europe,1999,1990,0.885,4.685,1.095,4278220.0,4.87,E
Republic of Moldova,MDA,Europe,2000,2000,1.456,3.573,0.844,4234969.0,5.72,E
Republic of Moldova,MDA,Europe,2001,2000,1.67,3.787,0.904,4189769.0,5.6,E
Republic of Moldova,MDA,Europe,2002,2000,1.41,4.052,0.978,4142937.0,5.83,E
Republic of Moldova,MDA,Europe,2003,2000,-0.221,4.404,1.075,4095418.0,5.92,E
Republic of Moldova,MDA,Europe,2004,2000,0.689,4.613,1.14,4046672.0,4.85,E
Republic of Moldova,MDA,Europe,2005,2000,0.832,4.938,1.238,3988668.0,4.27,E
Republic of Moldova,MDA,Europe,2006,2000,0.246,5.03,1.283,3921320.0,4.98,E
Republic of Moldova,MDA,Europe,2007,2000,2.34,4.979,1.293,3851397.0,4.44,E
Republic of Moldova,MDA,Europe,2008,2000,1.512,5.19,1.373,3779503.0,4.92,E
Republic of Moldova,MDA,Europe,2009,2000,1.723,4.54,1.225,3706212.0,4.84,E
Republic of Moldova,MDA,Europe,2010,2010,1.268,4.831,1.33,3631990.0,19.96,E
Republic of Moldova,MDA,Europe,2011,2010,0.407,4.945,1.39,3557278.0,20.32,E
Republic of Moldova,MDA,Europe,2012,2010,1.979,4.766,1.368,3482629.0,22.08,E
Republic of Moldova,MDA,Europe,2013,2010,1.23,4.899,1.437,3408741.0,23.75,E
Republic of Moldova,MDA,Europe,2014,2010,1.304,4.755,1.423,3342715.0,24.25,E
Republic of Moldova,MDA,Europe,2015,2010,1.822,4.785,1.456,3287168.0,24.66,E
Republic of Moldova,MDA,Europe,2016,2010,1.89,4.907,1.516,3237798.0,25.23,E
Republic of Moldova,MDA,Europe,2017,2010,1.209,5.09,1.594,3193500.0,26.0,E
Republic of Moldova,MDA,Europe,2018,2010,1.866,5.351,1.697,3153779.0,25.25,E
Republic of Moldova,MDA,Europe,2019,2010,2.175,5.378,1.728,3112561.0,21.94,E
Republic of Moldova,MDA,Europe,2020,2020,2.933,5.113,1.666,3069135.0,22.18,E
Republic of Moldova,MDA,Europe,2021,2020,1.122,5.76,1.905,3023780.0,21.34,E
Republic of Moldova,MDA,Europe,2022,2020,1.921,5.173,1.702,3039986.0,21.26,E
Republic of Moldova,MDA,Europe,2023,2020,2.781,5.329,1.738,3067072.0,23.64,E
Republic of Moldova,MDA,Europe,2024,2020,3.168,5.327,1.755,3034967.0,,E
Madagascar,MDG,Africa,1970,1970,0.221,0.971,0.145,6672004.0,,E
Madagascar,MDG,Africa,1971,1970,-0.238,1.026,0.149,6868874.0,,E
Madagascar,MDG,Africa,1972,1970,-0.051,1.286,0.182,7074405.0,,E
Madagascar,MDG,Africa,1973,1970,0.166,1.073,0.147,7288053.0,,E
Madagascar,MDG,Africa,1974,1970,-0.257,1.187,0.158,7509733.0,,E
Madagascar,MDG,Africa,1975,1970,-0.204,1.693,0.219,7739341.0,,E
Madagascar,MDG,Africa,1976,1970,0.054,0.992,0.124,7976838.0,,E
Madagascar,MDG,Africa,1977,1970,0.399,0.846,0.103,8222240.0,,E
Madagascar,MDG,Africa,1978,1970,0.564,1.017,0.12,8475862.0,,E
Madagascar,MDG,Africa,1979,1970,0.336,1.13,0.129,8737585.0,,E
Madagascar,MDG,Africa,1980,1980,0.381,1.614,0.179,9006039.0,,E
Madagascar,MDG,Africa,1981,1980,0.183,1.025,0.11,9279017.0,,E
Madagascar,MDG,Africa,1982,1980,0.371,1.013,0.106,9557679.0,,E
Madagascar,MDG,Africa,1983,1980,0.496,0.65,0.066,9843046.0,,E
Madagascar,MDG,Africa,1984,1980,-0.058,0.866,0.085,10134559.0,,E
Madagascar,MDG,Africa,1985,1980,0.148,1.053,0.101,10433143.0,,E
Madagascar,MDG,Africa,1986,1980,0.032,1.137,0.106,10736862.0,,E
Madagascar,MDG,Africa,1987,1980,0.578,1.282,0.116,11047297.0,,E
Madagascar,MDG,Africa,1988,1980,0.632,1.286,0.113,11369458.0,,E
Madagascar,MDG,Africa,1989,1980,0.157,0.926,0.079,11705002.0,,E
Madagascar,MDG,Africa,1990,1990,0.223,0.944,0.078,12055649.0,87.17,E
Madagascar,MDG,Africa,1991,1990,0.476,1.025,0.083,12421413.0,86.56,E
Madagascar,MDG,Africa,1992,1990,0.405,1.003,0.078,12800870.0,86.73,E
Madagascar,MDG,Africa,1993,1990,0.392,1.028,0.078,13197353.0,87.04,E
Madagascar,MDG,Africa,1994,1990,0.329,1.152,0.085,13613859.0,86.02,E
Madagascar,MDG,Africa,1995,1990,0.415,1.192,0.085,14051279.0,86.08,E
Madagascar,MDG,Africa,1996,1990,0.24,1.249,0.086,14510712.0,85.49,E
Madagascar,MDG,Africa,1997,1990,0.702,1.535,0.102,14990818.0,83.1,E
Madagascar,MDG,Africa,1998,1990,0.905,1.619,0.105,15489364.0,82.65,E
Madagascar,MDG,Africa,1999,1990,0.515,1.766,0.11,16000506.0,82.72,E
Madagascar,MDG,Africa,2000,2000,0.556,1.955,0.118,16516336.0,82.17,E
Madagascar,MDG,Africa,2001,2000,0.705,1.747,0.103,17032933.0,84.13,E
Madagascar,MDG,Africa,2002,2000,0.757,1.232,0.07,17549915.0,87.23,E
Madagascar,MDG,Africa,2003,2000,0.754,1.699,0.094,18071860.0,84.79,E
Madagascar,MDG,Africa,2004,2000,0.511,1.804,0.097,18606606.0,84.32,E
Madagascar,MDG,Africa,2005,2000,0.668,1.741,0.091,19159711.0,84.89,E
Madagascar,MDG,Africa,2006,2000,0.839,1.675,0.085,19730916.0,85.9,E
Madagascar,MDG,Africa,2007,2000,0.771,1.728,0.085,20318590.0,86.23,E
Madagascar,MDG,Africa,2008,2000,0.566,1.787,0.085,20923842.0,86.39,E
Madagascar,MDG,Africa,2009,2000,0.936,1.699,0.079,21547277.0,87.21,E
Madagascar,MDG,Africa,2010,2010,1.211,1.872,0.084,22183343.0,86.73,E
Madagascar,MDG,Africa,2011,2010,1.139,2.33,0.102,22822305.0,84.51,E
Madagascar,MDG,Africa,2012,2010,0.932,2.66,0.113,23462444.0,83.31,E
Madagascar,MDG,Africa,2013,2010,0.837,3.061,0.127,24109290.0,81.4,E
Madagascar,MDG,Africa,2014,2010,0.863,2.971,0.12,24764356.0,82.17,E
Madagascar,MDG,Africa,2015,2010,1.216,3.121,0.123,25426703.0,83.92,E
Madagascar,MDG,Africa,2016,2010,1.187,3.257,0.125,26099950.0,83.85,E
Madagascar,MDG,Africa,2017,2010,1.435,3.804,0.142,26788379.0,81.88,E
Madagascar,MDG,Africa,2018,2010,1.093,3.604,0.131,27494930.0,84.17,E
Madagascar,MDG,Africa,2019,2010,1.505,4.147,0.147,28219559.0,82.5,E
Madagascar,MDG,Africa,2020,2020,1.245,3.788,0.131,28953560.0,84.94,E
Madagascar,MDG,Africa,2021,2020,1.231,4.246,0.143,29691087.0,83.85,E
Madagascar,MDG,Africa,2022,2020,0.923,4.21,0.138,30437261.0,83.78,E
Madagascar,MDG,Africa,2023,2020,1.385,4.447,0.143,31195937.0,84.13,E
Madagascar,MDG,Africa,2024,2020,1.374,4.528,0.142,31964960.0,83.44,E
Maldives,MDV,Asia,1970,1970,,,,123240.0,,O
Maldives,MDV,Asia,1971,1970,,0.004,0.029,127052.0,,O
Maldives,MDV,Asia,1972,1970,0.095,0.004,0.028,130979.0,,E
Maldives,MDV,Asia,1973,1970,0.452,0.004,0.027,134971.0,,E
Maldives,MDV,Asia,1974,1970,-0.262,0.004,0.026,138994.0,,E
Maldives,MDV,Asia,1975,1970,-0.477,0.007,0.051,143169.0,,E
Maldives,MDV,Asia,1976,1970,-0.169,0.011,0.075,147539.0,,E
Maldives,MDV,Asia,1977,1970,-0.04,0.015,0.096,151943.0,,E
Maldives,MDV,Asia,1978,1970,-0.178,0.022,0.141,156169.0,,E
Maldives,MDV,Asia,1979,1970,0.071,0.029,0.183,160372.0,,E
Maldives,MDV,Asia,1980,1980,0.168,0.044,0.267,164844.0,,E
Maldives,MDV,Asia,1981,1980,0.057,0.048,0.281,169544.0,,E
Maldives,MDV,Asia,1982,1980,0.242,0.048,0.273,174341.0,,E
Maldives,MDV,Asia,1983,1980,0.384,0.051,0.286,179141.0,,E
Maldives,MDV,Asia,1984,1980,0.052,0.059,0.318,184212.0,,E
Maldives,MDV,Asia,1985,1980,0.023,0.066,0.347,190182.0,,E
Maldives,MDV,Asia,1986,1980,0.163,0.081,0.409,196949.0,,E
Maldives,MDV,Asia,1987,1980,0.536,0.081,0.395,203961.0,,E
Maldives,MDV,Asia,1988,1980,0.626,0.095,0.452,210899.0,,E
Maldives,MDV,Asia,1989,1980,-0.108,0.125,0.572,217749.0,,E
Maldives,MDV,Asia,1990,1990,0.34,0.169,0.75,224772.0,4.46,E
Maldives,MDV,Asia,1991,1990,0.38,0.154,0.664,231810.0,4.45,E
Maldives,MDV,Asia,1992,1990,-0.014,0.231,0.968,238559.0,3.13,E
Maldives,MDV,Asia,1993,1990,0.158,0.194,0.793,244893.0,3.82,E
Maldives,MDV,Asia,1994,1990,0.357,0.198,0.789,250831.0,4.02,E
Maldives,MDV,Asia,1995,1990,0.65,0.249,0.971,256660.0,3.32,E
Maldives,MDV,Asia,1996,1990,0.318,0.289,1.103,262354.0,3.16,E
Maldives,MDV,Asia,1997,1990,0.411,0.33,1.232,267711.0,2.72,E
Maldives,MDV,Asia,1998,1990,0.929,0.3,1.102,272734.0,3.03,E
Maldives,MDV,Asia,1999,1990,0.273,0.421,1.519,277423.0,2.2,E
Maldives,MDV,Asia,2000,2000,0.232,0.451,1.598,282025.0,2.34,E
Maldives,MDV,Asia,2001,2000,0.527,0.462,1.61,286778.0,2.27,E
Maldives,MDV,Asia,2002,2000,0.683,0.59,2.023,291631.0,1.78,E
Maldives,MDV,Asia,2003,2000,0.582,0.509,1.718,296497.0,2.22,E
Maldives,MDV,Asia,2004,2000,0.448,0.663,2.2,301416.0,1.67,E
Maldives,MDV,Asia,2005,2000,0.823,0.601,1.961,306429.0,1.94,E
Maldives,MDV,Asia,2006,2000,0.363,0.744,2.37,313866.0,1.63,E
Maldives,MDV,Asia,2007,2000,0.407,0.78,2.405,324489.0,1.51,E
Maldives,MDV,Asia,2008,2000,0.204,0.839,2.496,336178.0,1.53,E
Maldives,MDV,Asia,2009,2000,0.542,0.883,2.535,348282.0,1.52,E
Maldives,MDV,Asia,2010,2010,0.678,0.931,2.579,360802.0,1.36,E
Maldives,MDV,Asia,2011,2010,0.54,0.986,2.638,373683.0,1.33,E
Maldives,MDV,Asia,2012,2010,0.537,1.11,2.87,386821.0,1.22,E
Maldives,MDV,Asia,2013,2010,0.61,1.096,2.738,400077.0,1.26,E
Maldives,MDV,Asia,2014,2010,0.699,1.319,3.189,413623.0,1.2,E
Maldives,MDV,Asia,2015,2010,0.758,1.282,2.995,428165.0,1.47,E
Maldives,MDV,Asia,2016,2010,1.134,1.433,3.232,443316.0,1.25,E
Maldives,MDV,Asia,2017,2010,0.776,1.513,3.302,458297.0,1.3,E
Maldives,MDV,Asia,2018,2010,0.545,1.737,3.671,473106.0,1.31,E
Maldives,MDV,Asia,2019,2010,0.859,1.993,4.087,487737.0,1.2,E
Maldives,MDV,Asia,2020,2020,0.844,1.678,3.342,502127.0,1.55,E
Maldives,MDV,Asia,2021,2020,0.781,1.997,3.869,516163.0,1.44,E
Maldives,MDV,Asia,2022,2020,0.485,2.216,4.228,524116.0,1.29,E
Maldives,MDV,Asia,2023,2020,0.723,2.205,4.193,526009.0,1.4,E
Maldives,MDV,Asia,2024,2020,1.031,2.306,4.369,527801.0,1.38,E
Mexico,MEX,North America,1970,1970,-0.296,113.951,2.242,50814958.0,,E
Mexico,MEX,North America,1971,1970,-0.055,126.182,2.407,52412564.0,,E
Mexico,MEX,North America,1972,1970,0.314,132.261,2.448,54030172.0,,E
Mexico,MEX,North America,1973,1970,-0.154,144.04,2.588,55667287.0,,E
Mexico,MEX,North America,1974,1970,-0.073,154.701,2.699,57320150.0,,E
Mexico,MEX,North America,1975,1970,-0.316,164.104,2.782,58982403.0,,E
Mexico,MEX,North America,1976,1970,-0.471,183.693,3.029,60645513.0,,E
Mexico,MEX,North America,1977,1970,0.03,192.338,3.087,62308499.0,,E
Mexico,MEX,North America,1978,1970,0.209,222.048,3.471,63979053.0,,E
Mexico,MEX,North America,1979,1970,-0.033,240.175,3.658,65648868.0,,E
Mexico,MEX,North America,1980,1980,0.413,267.645,3.977,67300338.0,,E
Mexico,MEX,North America,1981,1980,0.193,283.587,4.116,68892107.0,,E
Mexico,MEX,North America,1982,1980,0.59,303.764,4.313,70433258.0,,E
Mexico,MEX,North America,1983,1980,0.026,277.43,3.855,71971238.0,,E
Mexico,MEX,North America,1984,1980,-0.1,276.491,3.761,73506848.0,,E
Mexico,MEX,North America,1985,1980,0.096,287.181,3.827,75043415.0,,E
Mexico,MEX,North America,1986,1980,0.288,293.219,3.829,76585638.0,,E
Mexico,MEX,North America,1987,1980,-0.133,305.79,3.914,78136652.0,,E
Mexico,MEX,North America,1988,1980,0.166,305.418,3.832,79695526.0,,E
Mexico,MEX,North America,1989,1980,0.472,323.216,3.978,81247174.0,,E
Mexico,MEX,North America,1990,1990,0.254,316.746,3.825,82820170.0,14.27,E
Mexico,MEX,North America,1991,1990,0.25,329.831,3.907,84430565.0,13.06,E
Mexico,MEX,North America,1992,1990,0.072,332.453,3.864,86044806.0,13.28,E
Mexico,MEX,North America,1993,1990,0.314,337.722,3.853,87653817.0,13.15,E
Mexico,MEX,North America,1994,1990,0.696,351.534,3.938,89259202.0,11.71,E
Mexico,MEX,North America,1995,1990,0.789,330.905,3.642,90862449.0,13.1,E
Mexico,MEX,North America,1996,1990,0.54,341.544,3.694,92452700.0,12.91,E
Mexico,MEX,North America,1997,1990,0.463,362.466,3.855,94021204.0,12.55,E
Mexico,MEX,North America,1998,1990,0.699,381.102,3.987,95575242.0,12.08,E
Mexico,MEX,North America,1999,1990,0.62,386.036,3.975,97115710.0,12.57,E
Mexico,MEX,North America,2000,2000,0.594,391.435,3.969,98625553.0,12.01,E
Mexico,MEX,North America,2001,2000,0.508,407.485,4.071,100099101.0,11.19,E
Mexico,MEX,North America,2002,2000,0.683,410.301,4.04,101548627.0,10.55,E
Mexico,MEX,North America,2003,2000,0.829,435.969,4.234,102978517.0,10.04,E
Mexico,MEX,North America,2004,2000,0.313,438.588,4.201,104394131.0,10.08,E
Mexico,MEX,North America,2005,2000,0.736,463.436,4.38,105811504.0,10.18,E
Mexico,MEX,North America,2006,2000,0.863,474.523,4.424,107253666.0,9.7,E
Mexico,MEX,North America,2007,2000,0.431,473.595,4.354,108774356.0,9.33,E
Mexico,MEX,North America,2008,2000,0.503,472.981,4.285,110374286.0,9.65,E
Mexico,MEX,North America,2009,2000,0.992,460.29,4.11,111999720.0,9.07,E
Mexico,MEX,North America,2010,2010,0.25,456.409,4.017,113623898.0,9.26,E
Mexico,MEX,North America,2011,2010,0.974,483.302,4.194,115243503.0,8.97,E
Mexico,MEX,North America,2012,2010,0.881,501.492,4.293,116818208.0,8.87,E
Mexico,MEX,North America,2013,2010,0.707,495.412,4.186,118343572.0,9.13,E
Mexico,MEX,North America,2014,2010,0.858,484.045,4.041,119784265.0,9.64,E
Mexico,MEX,North America,2015,2010,1.072,479.434,3.96,121072310.0,9.08,E
Mexico,MEX,North America,2016,2010,1.266,478.828,3.917,122251344.0,9.06,E
Mexico,MEX,North America,2017,2010,1.526,464.407,3.763,123400052.0,9.86,E
Mexico,MEX,North America,2018,2010,1.125,468.421,3.76,124573713.0,10.25,E
Mexico,MEX,North America,2019,2010,1.264,468.236,3.723,125762978.0,10.34,E
Mexico,MEX,North America,2020,2020,1.615,428.937,3.383,126799053.0,12.14,E
Mexico,MEX,North America,2021,2020,1.054,446.838,3.501,127648151.0,13.45,E
Mexico,MEX,North America,2022,2020,1.159,453.799,3.528,128613116.0,11.8,E
Mexico,MEX,North America,2023,2020,1.728,458.254,3.532,129739761.0,11.06,E
Mexico,MEX,North America,2024,2020,1.791,460.988,3.523,130861001.0,,E
Marshall Islands,MHL,Oceania,1970,1970,,,,22552.0,,
Marshall Islands,MHL,Oceania,1971,1970,,,,23392.0,,
Marshall Islands,MHL,Oceania,1972,1970,,,,24015.0,,
Marshall Islands,MHL,Oceania,1973,1970,,,,24607.0,,
Marshall Islands,MHL,Oceania,1974,1970,,,,25318.0,,
Marshall Islands,MHL,Oceania,1975,1970,,,,26177.0,,
Marshall Islands,MHL,Oceania,1976,1970,,,,27040.0,,
Marshall Islands,MHL,Oceania,1977,1970,,,,27928.0,,
Marshall Islands,MHL,Oceania,1978,1970,,,,28831.0,,
Marshall Islands,MHL,Oceania,1979,1970,,,,29757.0,,
Marshall Islands,MHL,Oceania,1980,1980,,,,30793.0,,
Marshall Islands,MHL,Oceania,1981,1980,,,,32040.0,,
Marshall Islands,MHL,Oceania,1982,1980,,,,33418.0,,
Marshall Islands,MHL,Oceania,1983,1980,,,,34832.0,,
Marshall Islands,MHL,Oceania,1984,1980,,,,36282.0,,
Marshall Islands,MHL,Oceania,1985,1980,,,,37779.0,,
Marshall Islands,MHL,Oceania,1986,1980,,,,39307.0,,
Marshall Islands,MHL,Oceania,1987,1980,,,,40846.0,,
Marshall Islands,MHL,Oceania,1988,1980,,,,42338.0,,
Marshall Islands,MHL,Oceania,1989,1980,,,,43611.0,,
Marshall Islands,MHL,Oceania,1990,1990,,,,44648.0,,
Marshall Islands,MHL,Oceania,1991,1990,0.043,,,45587.0,,E
Marshall Islands,MHL,Oceania,1992,1990,0.089,0.077,1.658,46406.0,19.34,E
Marshall Islands,MHL,Oceania,1993,1990,-0.086,0.081,1.711,47112.0,19.0,E
Marshall Islands,MHL,Oceania,1994,1990,0.18,0.084,1.766,47731.0,19.44,E
Marshall Islands,MHL,Oceania,1995,1990,-0.017,0.088,1.821,48283.0,19.38,E
Marshall Islands,MHL,Oceania,1996,1990,0.091,0.092,1.877,48795.0,19.63,E
Marshall Islands,MHL,Oceania,1997,1990,0.176,0.092,1.859,49277.0,19.69,E
Marshall Islands,MHL,Oceania,1998,1990,0.157,0.092,1.842,49732.0,19.56,E
Marshall Islands,MHL,Oceania,1999,1990,-0.12,0.092,1.824,50221.0,19.45,E
Marshall Islands,MHL,Oceania,2000,2000,-0.006,0.099,1.95,50721.0,19.57,E
Marshall Islands,MHL,Oceania,2001,2000,0.318,0.103,2.006,51137.0,19.08,E
Marshall Islands,MHL,Oceania,2002,2000,0.478,0.11,2.137,51441.0,18.63,E
Marshall Islands,MHL,Oceania,2003,2000,0.444,0.11,2.128,51657.0,18.56,E
Marshall Islands,MHL,Oceania,2004,2000,0.588,0.114,2.193,51803.0,18.4,E
Marshall Islands,MHL,Oceania,2005,2000,0.595,0.114,2.187,51928.0,18.38,E
Marshall Islands,MHL,Oceania,2006,2000,0.526,0.121,2.325,52011.0,16.96,E
Marshall Islands,MHL,Oceania,2007,2000,0.531,0.128,2.464,52050.0,15.21,E
Marshall Islands,MHL,Oceania,2008,2000,0.283,0.128,2.464,52049.0,14.78,E
Marshall Islands,MHL,Oceania,2009,2000,0.486,0.132,2.535,52036.0,13.96,E
Marshall Islands,MHL,Oceania,2010,2010,0.657,0.136,2.604,52064.0,13.72,E
Marshall Islands,MHL,Oceania,2011,2010,0.467,0.136,2.611,51927.0,12.35,E
Marshall Islands,MHL,Oceania,2012,2010,0.85,0.136,2.636,51438.0,12.03,E
Marshall Islands,MHL,Oceania,2013,2010,0.855,0.139,2.746,50696.0,12.37,E
Marshall Islands,MHL,Oceania,2014,2010,0.876,0.139,2.795,49815.0,12.2,E
Marshall Islands,MHL,Oceania,2015,2010,0.789,0.143,2.927,48823.0,11.77,E
Marshall Islands,MHL,Oceania,2016,2010,1.161,0.143,2.994,47730.0,12.05,E
Marshall Islands,MHL,Oceania,2017,2010,1.019,0.147,3.149,46544.0,12.0,E
Marshall Islands,MHL,Oceania,2018,2010,0.804,0.147,3.235,45307.0,12.08,E
Marshall Islands,MHL,Oceania,2019,2010,1.012,0.147,3.329,44030.0,12.13,E
Marshall Islands,MHL,Oceania,2020,2020,1.123,0.147,3.43,42728.0,12.02,E
Marshall Islands,MHL,Oceania,2021,2020,0.834,0.147,3.541,41387.0,12.11,E
Marshall Islands,MHL,Oceania,2022,2020,0.457,0.148,3.702,40094.0,12.17,E
Marshall Islands,MHL,Oceania,2023,2020,0.744,0.148,3.802,38849.0,12.1,E
Marshall Islands,MHL,Oceania,2024,2020,0.864,0.154,4.112,37572.0,12.11,E
North Macedonia,MKD,Europe,1970,1970,,6.063,3.643,1664214.0,,
North Macedonia,MKD,Europe,1971,1970,,6.524,3.857,1691224.0,,
North Macedonia,MKD,Europe,1972,1970,,6.066,3.532,1717400.0,,
North Macedonia,MKD,Europe,1973,1970,,7.28,4.175,1743825.0,,
North Macedonia,MKD,Europe,1974,1970,,7.3,4.123,1770550.0,,
North Macedonia,MKD,Europe,1975,1970,,7.611,4.233,1797972.0,,
North Macedonia,MKD,Europe,1976,1970,,7.844,4.296,1825833.0,,
North Macedonia,MKD,Europe,1977,1970,,7.606,4.104,1853147.0,,
North Macedonia,MKD,Europe,1978,1970,,8.515,4.529,1879854.0,,
North Macedonia,MKD,Europe,1979,1970,,9.277,4.866,1906524.0,,
North Macedonia,MKD,Europe,1980,1980,,9.101,4.708,1933043.0,,
North Macedonia,MKD,Europe,1981,1980,,9.897,5.052,1959071.0,,
North Macedonia,MKD,Europe,1982,1980,,9.063,4.58,1978962.0,,
North Macedonia,MKD,Europe,1983,1980,,9.792,4.916,1991902.0,,
North Macedonia,MKD,Europe,1984,1980,,10.352,5.167,2003400.0,,
North Macedonia,MKD,Europe,1985,1980,,10.579,5.252,2014334.0,,
North Macedonia,MKD,Europe,1986,1980,,11.064,5.464,2024729.0,,
North Macedonia,MKD,Europe,1987,1980,,10.793,5.303,2035161.0,,
North Macedonia,MKD,Europe,1988,1980,,11.158,5.454,2045739.0,,
North Macedonia,MKD,Europe,1989,1980,,11.13,5.414,2055650.0,,
North Macedonia,MKD,Europe,1990,1990,,11.098,5.378,2063690.0,2.41,
North Macedonia,MKD,Europe,1991,1990,,7.789,3.788,2056002.0,4.42,
North Macedonia,MKD,Europe,1992,1990,0.063,8.394,4.13,2032516.0,16.01,E
North Macedonia,MKD,Europe,1993,1990,0.044,7.599,3.787,2006853.0,14.85,E
North Macedonia,MKD,Europe,1994,1990,1.516,7.903,3.966,1992669.0,16.58,E
North Macedonia,MKD,Europe,1995,1990,-0.003,7.925,3.966,1998531.0,17.8,E
North Macedonia,MKD,Europe,1996,1990,-0.084,9.416,4.679,2012553.0,14.21,E
North Macedonia,MKD,Europe,1997,1990,-0.067,8.446,4.169,2025764.0,15.9,E
North Macedonia,MKD,Europe,1998,1990,0.81,9.647,4.735,2037575.0,15.07,E
North Macedonia,MKD,Europe,1999,1990,0.651,8.783,4.288,2048088.0,17.68,E
North Macedonia,MKD,Europe,2000,2000,1.127,8.468,4.116,2057254.0,19.38,E
North Macedonia,MKD,Europe,2001,2000,1.649,8.292,4.013,2066300.0,15.17,E
North Macedonia,MKD,Europe,2002,2000,0.413,7.837,3.778,2074482.0,14.63,E
North Macedonia,MKD,Europe,2003,2000,0.69,8.533,4.1,2081417.0,17.29,E
North Macedonia,MKD,Europe,2004,2000,0.426,8.229,3.944,2086581.0,18.2,E
North Macedonia,MKD,Europe,2005,2000,0.201,8.596,4.113,2089809.0,19.03,E
North Macedonia,MKD,Europe,2006,2000,0.437,8.651,4.141,2089232.0,19.8,E
North Macedonia,MKD,Europe,2007,2000,1.606,9.013,4.329,2081972.0,15.71,E
North Macedonia,MKD,Europe,2008,2000,1.188,8.936,4.315,2070837.0,15.61,E
North Macedonia,MKD,Europe,2009,2000,1.06,8.248,4.002,2060601.0,18.43,E
North Macedonia,MKD,Europe,2010,2010,1.367,8.182,3.988,2051510.0,22.3,E
North Macedonia,MKD,Europe,2011,2010,0.746,8.823,4.324,2040445.0,18.62,E
North Macedonia,MKD,Europe,2012,2010,1.481,8.457,4.171,2027288.0,18.27,E
North Macedonia,MKD,Europe,2013,2010,1.453,7.452,3.702,2013280.0,21.16,E
North Macedonia,MKD,Europe,2014,2010,1.35,7.167,3.587,1997842.0,21.19,E
North Macedonia,MKD,Europe,2015,2010,1.543,6.72,3.393,1980366.0,23.91,E
North Macedonia,MKD,Europe,2016,2010,1.689,6.606,3.368,1961268.0,21.37,E
North Macedonia,MKD,Europe,2017,2010,1.128,7.09,3.653,1940877.0,19.0,E
North Macedonia,MKD,Europe,2018,2010,2.143,6.654,3.466,1919730.0,20.87,E
North Macedonia,MKD,Europe,2019,2010,1.923,7.625,4.018,1897643.0,17.05,E
North Macedonia,MKD,Europe,2020,2020,1.628,6.98,3.729,1872021.0,20.02,E
North Macedonia,MKD,Europe,2021,2020,1.739,6.518,3.521,1851109.0,19.69,E
North Macedonia,MKD,Europe,2022,2020,1.583,7.352,3.995,1840236.0,19.22,E
North Macedonia,MKD,Europe,2023,2020,2.416,7.338,4.006,1831800.0,19.45,E
North Macedonia,MKD,Europe,2024,2020,2.999,6.62,3.631,1823011.0,,E
Mali,MLI,Africa,1970,1970,0.421,0.202,0.032,6276476.0,,E
Mali,MLI,Africa,1971,1970,0.037,0.227,0.036,6377945.0,,E
Mali,MLI,Africa,1972,1970,0.324,0.245,0.038,6483730.0,,E
Mali,MLI,Africa,1973,1970,0.536,0.267,0.041,6597114.0,,E
Mali,MLI,Africa,1974,1970,-0.414,0.304,0.045,6715435.0,,E
Mali,MLI,Africa,1975,1970,-0.458,0.341,0.05,6837265.0,,E
Mali,MLI,Africa,1976,1970,-0.392,0.34,0.049,6960979.0,,E
Mali,MLI,Africa,1977,1970,0.325,0.413,0.058,7090985.0,,E
Mali,MLI,Africa,1978,1970,0.328,0.395,0.055,7229654.0,,E
Mali,MLI,Africa,1979,1970,0.638,0.428,0.058,7375272.0,,E
Mali,MLI,Africa,1980,1980,0.996,0.391,0.052,7530522.0,,E
Mali,MLI,Africa,1981,1980,0.397,0.395,0.051,7692763.0,,E
Mali,MLI,Africa,1982,1980,0.283,0.365,0.046,7860196.0,,E
Mali,MLI,Africa,1983,1980,0.858,0.417,0.052,8034400.0,,E
Mali,MLI,Africa,1984,1980,0.632,0.435,0.053,8208599.0,,E
Mali,MLI,Africa,1985,1980,0.584,0.405,0.048,8374661.0,,E
Mali,MLI,Africa,1986,1980,0.352,0.38,0.044,8531272.0,,E
Mali,MLI,Africa,1987,1980,1.131,0.358,0.041,8681167.0,,E
Mali,MLI,Africa,1988,1980,0.812,0.383,0.043,8834001.0,,E
Mali,MLI,Africa,1989,1980,0.174,0.416,0.046,8999935.0,,E
Mali,MLI,Africa,1990,1990,0.987,0.422,0.046,9178826.0,87.23,E
Mali,MLI,Africa,1991,1990,0.733,0.426,0.045,9362885.0,87.6,E
Mali,MLI,Africa,1992,1990,0.235,0.463,0.048,9553540.0,86.89,E
Mali,MLI,Africa,1993,1990,1.072,0.503,0.052,9754786.0,86.56,E
Mali,MLI,Africa,1994,1990,0.24,0.548,0.055,9967035.0,85.6,E
Mali,MLI,Africa,1995,1990,0.602,0.595,0.058,10185368.0,85.1,E
Mali,MLI,Africa,1996,1990,1.223,0.646,0.062,10407274.0,85.39,E
Mali,MLI,Africa,1997,1990,0.902,0.723,0.068,10646499.0,84.56,E
Mali,MLI,Africa,1998,1990,1.262,0.931,0.085,10919577.0,84.84,E
Mali,MLI,Africa,1999,1990,0.46,0.971,0.086,11227420.0,84.57,E
Mali,MLI,Africa,2000,2000,0.696,1.066,0.092,11559291.0,83.47,E
Mali,MLI,Africa,2001,2000,0.622,1.161,0.098,11912162.0,82.1,E
Mali,MLI,Africa,2002,2000,1.248,1.209,0.098,12288051.0,83.58,E
Mali,MLI,Africa,2003,2000,1.252,1.246,0.098,12684951.0,85.78,E
Mali,MLI,Africa,2004,2000,1.243,1.414,0.108,13102415.0,81.51,E
Mali,MLI,Africa,2005,2000,1.448,1.458,0.108,13538648.0,82.31,E
Mali,MLI,Africa,2006,2000,1.159,1.535,0.11,13990143.0,81.63,E
Mali,MLI,Africa,2007,2000,1.015,1.784,0.123,14457776.0,78.86,E
Mali,MLI,Africa,2008,2000,0.631,1.957,0.131,14940786.0,74.98,E
Mali,MLI,Africa,2009,2000,1.038,1.887,0.122,15435536.0,78.67,E
Mali,MLI,Africa,2010,2010,1.71,2.088,0.131,15945201.0,83.97,E
Mali,MLI,Africa,2011,2010,1.285,2.279,0.138,16469054.0,83.04,E
Mali,MLI,Africa,2012,2010,0.534,2.437,0.144,16957039.0,81.44,E
Mali,MLI,Africa,2013,2010,1.101,2.743,0.157,17459619.0,83.0,E
Mali,MLI,Africa,2014,2010,0.965,3.139,0.174,18020267.0,82.15,E
Mali,MLI,Africa,2015,2010,1.183,3.399,0.183,18593022.0,77.62,E
Mali,MLI,Africa,2016,2010,1.264,4.286,0.223,19191298.0,73.15,E
Mali,MLI,Africa,2017,2010,1.522,4.767,0.241,19813016.0,71.08,E
Mali,MLI,Africa,2018,2010,1.192,5.198,0.254,20442031.0,70.41,E
Mali,MLI,Africa,2019,2010,1.254,5.594,0.266,21068405.0,66.74,E
Mali,MLI,Africa,2020,2020,1.226,6.33,0.292,21713837.0,63.25,E
Mali,MLI,Africa,2021,2020,1.9,7.393,0.33,22388637.0,59.24,E
Mali,MLI,Africa,2022,2020,1.073,7.02,0.304,23072641.0,63.44,E
Mali,MLI,Africa,2023,2020,1.723,6.743,0.284,23769130.0,63.42,E
Mali,MLI,Africa,2024,2020,1.727,6.979,0.285,24478597.0,63.2,E
Malta,MLT,Europe,1970,1970,-0.109,0.663,2.034,326017.0,,E
Malta,MLT,Europe,1971,1970,-0.247,0.66,2.015,327300.0,,E
Malta,MLT,Europe,1972,1970,-0.271,0.839,2.553,328617.0,,E
Malta,MLT,Europe,1973,1970,-0.034,0.806,2.442,330059.0,,E
Malta,MLT,Europe,1974,1970,-0.237,0.744,2.242,331686.0,,E
Malta,MLT,Europe,1975,1970,-0.371,0.667,2.0,333458.0,,E
Malta,MLT,Europe,1976,1970,-0.694,0.762,2.273,335291.0,,E
Malta,MLT,Europe,1977,1970,0.314,0.802,2.38,337169.0,,E
Malta,MLT,Europe,1978,1970,-0.592,0.934,2.756,339069.0,,E
Malta,MLT,Europe,1979,1970,0.046,0.905,2.654,340974.0,,E
Malta,MLT,Europe,1980,1980,-0.49,1.022,2.981,342882.0,,E
Malta,MLT,Europe,1981,1980,-0.35,1.143,3.316,344754.0,,E
Malta,MLT,Europe,1982,1980,0.607,1.312,3.784,346653.0,,E
Malta,MLT,Europe,1983,1980,0.021,0.997,2.859,348598.0,,E
Malta,MLT,Europe,1984,1980,-0.282,1.363,3.888,350555.0,,E
Malta,MLT,Europe,1985,1980,0.416,1.198,3.398,352567.0,,E
Malta,MLT,Europe,1986,1980,0.372,1.484,4.179,355082.0,,E
Malta,MLT,Europe,1987,1980,0.462,1.854,5.177,358089.0,,E
Malta,MLT,Europe,1988,1980,1.115,2.012,5.569,361226.0,,E
Malta,MLT,Europe,1989,1980,0.125,2.169,5.95,364530.0,,E
Malta,MLT,Europe,1990,1990,1.153,2.427,6.598,367913.0,0.0,E
Malta,MLT,Europe,1991,1990,0.062,2.272,6.118,371335.0,0.0,E
Malta,MLT,Europe,1992,1990,0.184,2.294,6.119,374805.0,0.0,E
Malta,MLT,Europe,1993,1990,0.534,2.886,7.629,378222.0,0.0,E
Malta,MLT,Europe,1994,1990,1.333,2.658,6.969,381467.0,0.0,E
Malta,MLT,Europe,1995,1990,0.368,2.452,6.377,384559.0,0.0,E
Malta,MLT,Europe,1996,1990,0.546,2.534,6.537,387627.0,0.0,E
Malta,MLT,Europe,1997,1990,0.961,2.556,6.543,390687.0,0.0,E
Malta,MLT,Europe,1998,1990,0.783,2.525,6.412,393782.0,0.0,E
Malta,MLT,Europe,1999,1990,1.183,2.573,6.482,396897.0,0.0,E
Malta,MLT,Europe,2000,2000,0.965,2.468,6.172,399905.0,0.0,E
Malta,MLT,Europe,2001,2000,1.576,2.737,6.794,402788.0,0.0,E
Malta,MLT,Europe,2002,2000,0.846,2.747,6.774,405571.0,0.09,E
Malta,MLT,Europe,2003,2000,1.327,2.961,7.253,408236.0,0.1,E
Malta,MLT,Europe,2004,2000,0.631,2.849,6.935,410800.0,0.12,E
Malta,MLT,Europe,2005,2000,0.628,2.65,6.411,413324.0,0.14,E
Malta,MLT,Europe,2006,2000,0.912,2.655,6.391,415463.0,0.17,E
Malta,MLT,Europe,2007,2000,1.326,2.728,6.538,417201.0,0.2,E
Malta,MLT,Europe,2008,2000,1.169,2.721,6.495,418969.0,0.22,E
Malta,MLT,Europe,2009,2000,0.934,2.561,6.086,420800.0,0.26,E
Malta,MLT,Europe,2010,2010,1.153,2.619,6.197,422654.0,1.22,E
Malta,MLT,Europe,2011,2010,0.887,2.608,6.142,424635.0,1.97,E
Malta,MLT,Europe,2012,2010,1.399,2.749,6.444,426616.0,2.67,E
Malta,MLT,Europe,2013,2010,1.325,2.43,5.671,428457.0,3.24,E
Malta,MLT,Europe,2014,2010,1.46,2.417,5.564,434494.0,4.48,E
Malta,MLT,Europe,2015,2010,1.457,1.697,3.815,444978.0,5.98,E
Malta,MLT,Europe,2016,2010,1.691,1.376,3.022,455276.0,9.24,E
Malta,MLT,Europe,2017,2010,1.254,1.537,3.285,467902.0,7.27,E
Malta,MLT,Europe,2018,2010,1.521,1.548,3.194,484560.0,7.56,E
Malta,MLT,Europe,2019,2010,1.325,1.649,3.272,504017.0,7.43,E
Malta,MLT,Europe,2020,2020,1.631,1.601,3.089,518212.0,9.21,E
Malta,MLT,Europe,2021,2020,2.091,1.611,3.073,524383.0,8.3,E
Malta,MLT,Europe,2022,2020,1.9,1.774,3.359,528194.0,8.42,E
Malta,MLT,Europe,2023,2020,2.225,1.768,3.317,532964.0,8.76,E
Malta,MLT,Europe,2024,2020,2.727,1.729,3.204,539612.0,,E
Myanmar,MMR,Asia,1970,1970,-0.026,4.612,0.17,27193015.0,,E
Myanmar,MMR,Asia,1971,1970,-0.399,5.099,0.183,27807215.0,,E
Myanmar,MMR,Asia,1972,1970,0.003,4.894,0.172,28428330.0,,E
Myanmar,MMR,Asia,1973,1970,0.271,4.107,0.141,29026390.0,,E
Myanmar,MMR,Asia,1974,1970,-0.248,4.671,0.158,29598163.0,,E
Myanmar,MMR,Asia,1975,1970,0.113,4.583,0.152,30176563.0,,E
Myanmar,MMR,Asia,1976,1970,-0.42,4.893,0.159,30758818.0,,E
Myanmar,MMR,Asia,1977,1970,-0.062,5.166,0.165,31355968.0,,E
Myanmar,MMR,Asia,1978,1970,0.088,5.146,0.161,31972974.0,,E
Myanmar,MMR,Asia,1979,1970,0.51,5.086,0.156,32596552.0,,E
Myanmar,MMR,Asia,1980,1980,0.264,5.509,0.166,33227204.0,,E
Myanmar,MMR,Asia,1981,1980,0.262,5.623,0.166,33858786.0,,E
Myanmar,MMR,Asia,1982,1980,0.029,5.58,0.162,34482967.0,,E
Myanmar,MMR,Asia,1983,1980,0.124,5.754,0.164,35162714.0,,E
Myanmar,MMR,Asia,1984,1980,0.062,6.549,0.182,35899313.0,,E
Myanmar,MMR,Asia,1985,1980,0.162,6.676,0.182,36622832.0,,E
Myanmar,MMR,Asia,1986,1980,0.05,6.756,0.181,37314882.0,,E
Myanmar,MMR,Asia,1987,1980,0.533,4.943,0.13,37971601.0,,E
Myanmar,MMR,Asia,1988,1980,0.391,4.087,0.106,38600928.0,,E
Myanmar,MMR,Asia,1989,1980,0.323,4.425,0.113,39214624.0,,E
Myanmar,MMR,Asia,1990,1990,0.197,4.236,0.106,39817253.0,90.98,E
Myanmar,MMR,Asia,1991,1990,0.526,4.137,0.102,40394159.0,91.19,E
Myanmar,MMR,Asia,1992,1990,0.057,4.842,0.118,40950342.0,90.89,E
Myanmar,MMR,Asia,1993,1990,0.106,5.303,0.128,41502423.0,89.33,E
Myanmar,MMR,Asia,1994,1990,0.46,6.174,0.147,42055150.0,88.19,E
Myanmar,MMR,Asia,1995,1990,0.574,6.893,0.162,42605343.0,85.51,E
Myanmar,MMR,Asia,1996,1990,0.369,7.188,0.167,43154858.0,84.94,E
Myanmar,MMR,Asia,1997,1990,0.196,7.42,0.17,43708802.0,85.71,E
Myanmar,MMR,Asia,1998,1990,1.125,8.046,0.182,44257793.0,83.91,E
Myanmar,MMR,Asia,1999,1990,0.836,8.934,0.199,44787727.0,83.0,E
Myanmar,MMR,Asia,2000,2000,0.143,10.219,0.226,45290850.0,81.34,E
Myanmar,MMR,Asia,2001,2000,0.592,8.856,0.193,45771140.0,83.64,E
Myanmar,MMR,Asia,2002,2000,0.626,9.328,0.202,46232656.0,83.56,E
Myanmar,MMR,Asia,2003,2000,0.623,9.997,0.214,46667191.0,80.36,E
Myanmar,MMR,Asia,2004,2000,0.551,12.565,0.267,47068779.0,80.76,E
Myanmar,MMR,Asia,2005,2000,0.914,11.548,0.243,47438362.0,80.63,E
Myanmar,MMR,Asia,2006,2000,0.789,12.817,0.268,47785141.0,82.31,E
Myanmar,MMR,Asia,2007,2000,0.489,12.845,0.267,48125047.0,81.56,E
Myanmar,MMR,Asia,2008,2000,0.495,9.772,0.202,48390790.0,86.44,E
Myanmar,MMR,Asia,2009,2000,0.93,10.211,0.21,48660458.0,86.57,E
Myanmar,MMR,Asia,2010,2010,1.228,13.125,0.268,49024376.0,85.49,E
Myanmar,MMR,Asia,2011,2010,0.512,15.122,0.306,49419825.0,84.67,E
Myanmar,MMR,Asia,2012,2010,0.952,11.826,0.237,49837451.0,79.21,E
Myanmar,MMR,Asia,2013,2010,0.991,12.715,0.253,50262658.0,76.77,E
Myanmar,MMR,Asia,2014,2010,0.81,15.849,0.313,50681635.0,73.34,E
Myanmar,MMR,Asia,2015,2010,1.192,21.88,0.428,51089060.0,71.34,E
Myanmar,MMR,Asia,2016,2010,1.418,21.144,0.411,51495701.0,69.65,E
Myanmar,MMR,Asia,2017,2010,1.339,23.633,0.455,51894939.0,60.73,E
Myanmar,MMR,Asia,2018,2010,1.12,34.017,0.651,52272250.0,60.06,E
Myanmar,MMR,Asia,2019,2010,1.776,33.617,0.639,52640718.0,57.43,E
Myanmar,MMR,Asia,2020,2020,1.589,34.588,0.652,53016525.0,58.24,E
Myanmar,MMR,Asia,2021,2020,1.636,29.285,0.549,53387103.0,61.07,E
Myanmar,MMR,Asia,2022,2020,1.38,31.639,0.589,53756791.0,62.45,E
Myanmar,MMR,Asia,2023,2020,1.792,31.793,0.587,54133800.0,60.02,E
Myanmar,MMR,Asia,2024,2020,2.016,31.603,0.58,54500086.0,,E
Montenegro,MNE,Europe,1970,1970,,1.212,2.287,529679.0,,
Montenegro,MNE,Europe,1971,1970,,1.306,2.44,535112.0,,
Montenegro,MNE,Europe,1972,1970,,1.224,2.264,540706.0,,
Montenegro,MNE,Europe,1973,1970,,1.462,2.677,546269.0,,
Montenegro,MNE,Europe,1974,1970,,1.469,2.662,551745.0,,
Montenegro,MNE,Europe,1975,1970,,1.532,2.751,557156.0,,
Montenegro,MNE,Europe,1976,1970,,1.582,2.811,562637.0,,
Montenegro,MNE,Europe,1977,1970,,1.538,2.708,568095.0,,
Montenegro,MNE,Europe,1978,1970,,1.719,2.997,573523.0,,
Montenegro,MNE,Europe,1979,1970,,1.87,3.229,579015.0,,
Montenegro,MNE,Europe,1980,1980,,1.838,3.143,584831.0,,
Montenegro,MNE,Europe,1981,1980,,2.001,3.391,589916.0,,
Montenegro,MNE,Europe,1982,1980,,1.838,3.096,593634.0,,
Montenegro,MNE,Europe,1983,1980,,1.979,3.315,596960.0,,
Montenegro,MNE,Europe,1984,1980,,2.087,3.477,600258.0,,
Montenegro,MNE,Europe,1985,1980,,2.129,3.528,603506.0,,
Montenegro,MNE,Europe,1986,1980,,2.223,3.664,606803.0,,
Montenegro,MNE,Europe,1987,1980,,2.171,3.558,610181.0,,
Montenegro,MNE,Europe,1988,1980,,2.24,3.651,613594.0,,
Montenegro,MNE,Europe,1989,1980,,2.233,3.619,617048.0,,
Montenegro,MNE,Europe,1990,1990,,2.209,3.56,620507.0,,
Montenegro,MNE,Europe,1991,1990,,1.563,2.506,623564.0,,
Montenegro,MNE,Europe,1992,1990,,1.671,2.67,626030.0,,
Montenegro,MNE,Europe,1993,1990,,1.458,2.321,628107.0,,
Montenegro,MNE,Europe,1994,1990,,1.416,2.248,629890.0,,
Montenegro,MNE,Europe,1995,1990,,1.496,2.369,631386.0,,
Montenegro,MNE,Europe,1996,1990,,1.75,2.766,632625.0,,
Montenegro,MNE,Europe,1997,1990,,1.881,2.969,633539.0,,
Montenegro,MNE,Europe,1998,1990,,1.98,3.123,634099.0,,
Montenegro,MNE,Europe,1999,1990,,1.365,2.153,634280.0,,
Montenegro,MNE,Europe,2000,2000,,1.516,2.39,634198.0,,
Montenegro,MNE,Europe,2001,2000,,1.627,2.566,634001.0,,
Montenegro,MNE,Europe,2002,2000,,1.74,2.746,633767.0,,
Montenegro,MNE,Europe,2003,2000,,1.863,2.941,633563.0,,
Montenegro,MNE,Europe,2004,2000,,2.034,3.21,633756.0,,
Montenegro,MNE,Europe,2005,2000,,1.934,3.05,634059.0,47.61,
Montenegro,MNE,Europe,2006,2000,0.514,2.063,3.254,633876.0,44.83,E
Montenegro,MNE,Europe,2007,2000,1.742,2.056,3.245,633388.0,42.27,E
Montenegro,MNE,Europe,2008,2000,1.283,2.605,4.116,632855.0,38.76,E
Montenegro,MNE,Europe,2009,2000,1.25,1.682,2.659,632445.0,49.16,E
Montenegro,MNE,Europe,2010,2010,1.199,2.422,3.832,632088.0,49.09,E
Montenegro,MNE,Europe,2011,2010,0.99,2.407,3.805,632689.0,42.77,E
Montenegro,MNE,Europe,2012,2010,1.663,2.213,3.493,633546.0,45.86,E
Montenegro,MNE,Europe,2013,2010,1.459,2.151,3.397,633199.0,49.34,E
Montenegro,MNE,Europe,2014,2010,1.569,2.107,3.337,631377.0,45.95,E
Montenegro,MNE,Europe,2015,2010,1.766,2.239,3.564,628145.0,42.96,E
Montenegro,MNE,Europe,2016,2010,1.549,2.015,3.228,624246.0,43.89,E
Montenegro,MNE,Europe,2017,2010,1.304,2.103,3.392,620112.0,37.77,E
Montenegro,MNE,Europe,2018,2010,2.26,2.404,3.903,615798.0,40.6,E
Montenegro,MNE,Europe,2019,2010,1.842,2.477,4.049,611671.0,38.74,E
Montenegro,MNE,Europe,2020,2020,1.696,2.404,3.954,607934.0,39.56,E
Montenegro,MNE,Europe,2021,2020,1.605,2.411,3.993,603854.0,39.64,E
Montenegro,MNE,Europe,2022,2020,1.81,2.495,4.06,614649.0,35.81,E
Montenegro,MNE,Europe,2023,2020,2.352,2.407,3.799,633553.0,38.53,E
Montenegro,MNE,Europe,2024,2020,3.218,2.376,3.722,638481.0,,E
Mongolia,MNG,Asia,1970,1970,-0.3,2.847,2.198,1295275.0,,E
Mongolia,MNG,Asia,1971,1970,-0.034,3.032,2.28,1330076.0,,E
Mongolia,MNG,Asia,1972,1970,0.241,3.276,2.397,1366829.0,,E
Mongolia,MNG,Asia,1973,1970,0.695,3.472,2.47,1405507.0,,E
Mongolia,MNG,Asia,1974,1970,0.198,3.741,2.587,1446056.0,,E
Mongolia,MNG,Asia,1975,1970,0.495,4.055,2.724,1488301.0,,E
Mongolia,MNG,Asia,1976,1970,-0.2,4.39,2.866,1531953.0,,E
Mongolia,MNG,Asia,1977,1970,0.066,4.961,3.147,1576248.0,,E
Mongolia,MNG,Asia,1978,1970,0.906,5.764,3.559,1619479.0,,E
Mongolia,MNG,Asia,1979,1970,0.949,6.277,3.78,1660661.0,,E
Mongolia,MNG,Asia,1980,1980,0.493,6.855,4.029,1701341.0,,E
Mongolia,MNG,Asia,1981,1980,0.236,6.615,3.795,1742856.0,,E
Mongolia,MNG,Asia,1982,1980,1.158,6.712,3.76,1785364.0,,E
Mongolia,MNG,Asia,1983,1980,0.628,6.969,3.81,1829093.0,,E
Mongolia,MNG,Asia,1984,1980,-0.325,6.425,3.428,1874355.0,,E
Mongolia,MNG,Asia,1985,1980,-0.419,8.998,4.683,1921519.0,,E
Mongolia,MNG,Asia,1986,1980,0.389,9.595,4.868,1970967.0,,E
Mongolia,MNG,Asia,1987,1980,0.192,10.483,5.182,2022803.0,,E
Mongolia,MNG,Asia,1988,1980,0.652,11.493,5.535,2076326.0,,E
Mongolia,MNG,Asia,1989,1980,1.355,10.459,4.924,2124190.0,,E
Mongolia,MNG,Asia,1990,1990,1.554,9.791,4.523,2164578.0,3.35,E
Mongolia,MNG,Asia,1991,1990,1.109,11.96,5.429,2202772.0,2.54,E
Mongolia,MNG,Asia,1992,1990,0.836,10.943,4.887,2239130.0,2.87,E
Mongolia,MNG,Asia,1993,1990,0.468,9.193,4.044,2273515.0,3.15,E
Mongolia,MNG,Asia,1994,1990,1.338,7.865,3.411,2305743.0,3.2,E
Mongolia,MNG,Asia,1995,1990,1.275,7.837,3.355,2335717.0,2.67,E
Mongolia,MNG,Asia,1996,1990,0.424,7.935,3.358,2363469.0,3.06,E
Mongolia,MNG,Asia,1997,1990,1.962,7.615,3.187,2389133.0,2.98,E
Mongolia,MNG,Asia,1998,1990,2.145,7.622,3.159,2412793.0,3.16,E
Mongolia,MNG,Asia,1999,1990,1.791,7.488,3.076,2434041.0,3.04,E
Mongolia,MNG,Asia,2000,2000,1.007,7.432,3.027,2455182.0,7.22,E
Mongolia,MNG,Asia,2001,2000,1.704,7.804,3.15,2477704.0,7.73,E
Mongolia,MNG,Asia,2002,2000,1.801,8.197,3.279,2500074.0,8.43,E
Mongolia,MNG,Asia,2003,2000,0.517,7.935,3.146,2521809.0,7.9,E
Mongolia,MNG,Asia,2004,2000,1.785,8.501,3.343,2542801.0,7.47,E
Mongolia,MNG,Asia,2005,2000,0.944,8.515,3.322,2563466.0,6.86,E
Mongolia,MNG,Asia,2006,2000,1.244,9.281,3.591,2584761.0,6.17,E
Mongolia,MNG,Asia,2007,2000,2.752,11.958,4.585,2607976.0,6.01,E
Mongolia,MNG,Asia,2008,2000,1.788,11.918,4.524,2634431.0,5.95,E
Mongolia,MNG,Asia,2009,2000,1.418,13.03,4.889,2665333.0,5.68,E
Mongolia,MNG,Asia,2010,2010,0.323,13.772,5.098,2701739.0,5.7,E
Mongolia,MNG,Asia,2011,2010,0.777,21.368,7.784,2745183.0,5.14,E
Mongolia,MNG,Asia,2012,2010,0.254,34.996,12.519,2795463.0,3.57,E
Mongolia,MNG,Asia,2013,2010,1.039,43.478,15.245,2851887.0,3.59,E
Mongolia,MNG,Asia,2014,2010,1.896,29.63,10.171,2913041.0,3.89,E
Mongolia,MNG,Asia,2015,2010,2.143,23.279,7.821,2976528.0,4.13,E
Mongolia,MNG,Asia,2016,2010,1.409,25.629,8.428,3040815.0,3.99,E
Mongolia,MNG,Asia,2017,2010,2.518,34.139,10.997,3104371.0,3.72,E
Mongolia,MNG,Asia,2018,2010,2.234,45.319,14.307,3167714.0,3.81,E
Mongolia,MNG,Asia,2019,2010,1.869,47.119,14.578,3232118.0,3.81,E
Mongolia,MNG,Asia,2020,2020,2.394,42.478,12.908,3290786.0,4.74,E
Mongolia,MNG,Asia,2021,2020,2.022,35.972,10.771,3339676.0,4.79,E
Mongolia,MNG,Asia,2022,2020,2.226,40.443,11.944,3386015.0,4.5,E
Mongolia,MNG,Asia,2023,2020,2.196,44.184,12.874,3431938.0,4.04,E
Mongolia,MNG,Asia,2024,2020,2.587,44.694,12.86,3475541.0,,E
Northern Mariana Islands,MNP,,1992,1990,,,,,0.0,
Northern Mariana Islands,MNP,,1993,1990,,,,,0.0,
Northern Mariana Islands,MNP,,1994,1990,,,,,0.0,
Northern Mariana Islands,MNP,,1995,1990,,,,,0.0,
Northern Mariana Islands,MNP,,1996,1990,,,,,0.0,
Northern Mariana Islands,MNP,,1997,1990,,,,,0.0,
Northern Mariana Islands,MNP,,1998,1990,,,,,0.0,
Northern Mariana Islands,MNP,,1999,1990,,,,,0.0,
Northern Mariana Islands,MNP,,2000,2000,,,,,0.0,
Northern Mariana Islands,MNP,,2001,2000,,,,,0.0,
Northern Mariana Islands,MNP,,2002,2000,,,,,0.0,
Northern Mariana Islands,MNP,,2003,2000,,,,,0.0,
Northern Mariana Islands,MNP,,2004,2000,,,,,0.0,
Northern Mariana Islands,MNP,,2005,2000,,,,,0.0,
Northern Mariana Islands,MNP,,2006,2000,,,,,0.0,
Northern Mariana Islands,MNP,,2007,2000,,,,,0.0,
Northern Mariana Islands,MNP,,2008,2000,,,,,0.0,
Northern Mariana Islands,MNP,,2009,2000,,,,,0.0,
Northern Mariana Islands,MNP,,2010,2010,,,,,0.0,
Northern Mariana Islands,MNP,,2011,2010,,,,,0.0,
Northern Mariana Islands,MNP,,2012,2010,,,,,0.0,
Northern Mariana Islands,MNP,,2013,2010,,,,,0.0,
Northern Mariana Islands,MNP,,2014,2010,,,,,0.0,
Northern Mariana Islands,MNP,,2015,2010,,,,,0.0,
Northern Mariana Islands,MNP,,2016,2010,,,,,0.0,
Northern Mariana Islands,MNP,,2017,2010,,,,,0.0,
Northern Mariana Islands,MNP,,2018,2010,,,,,0.0,
Northern Mariana Islands,MNP,,2019,2010,,,,,0.0,
Northern Mariana Islands,MNP,,2020,2020,,,,,0.51,
Northern Mariana Islands,MNP,,2021,2020,,,,,0.67,
Northern Mariana Islands,MNP,,2022,2020,,,,,0.69,
Northern Mariana Islands,MNP,,2023,2020,,,,,0.72,
Northern Mariana Islands,MNP,,2024,2020,,,,,0.87,
Mozambique,MOZ,Africa,1970,1970,0.234,2.981,0.361,8250504.0,,E
Mozambique,MOZ,Africa,1971,1970,-0.11,3.611,0.427,8456324.0,,E
Mozambique,MOZ,Africa,1972,1970,-0.174,3.296,0.379,8692931.0,,E
Mozambique,MOZ,Africa,1973,1970,0.264,3.559,0.397,8954248.0,,E
Mozambique,MOZ,Africa,1974,1970,-0.286,3.146,0.341,9236094.0,,E
Mozambique,MOZ,Africa,1975,1970,-0.141,2.882,0.302,9540822.0,,E
Mozambique,MOZ,Africa,1976,1970,-0.122,2.555,0.259,9867205.0,,E
Mozambique,MOZ,Africa,1977,1970,0.478,2.706,0.265,10224974.0,,E
Mozambique,MOZ,Africa,1978,1970,0.353,2.866,0.27,10618247.0,,E
Mozambique,MOZ,Africa,1979,1970,0.085,2.635,0.239,11028809.0,,E
Mozambique,MOZ,Africa,1980,1980,0.049,3.198,0.282,11336220.0,,E
Mozambique,MOZ,Africa,1981,1980,-0.231,2.479,0.214,11568123.0,,E
Mozambique,MOZ,Africa,1982,1980,-0.075,2.524,0.213,11824371.0,,E
Mozambique,MOZ,Africa,1983,1980,0.81,1.954,0.162,12073825.0,,E
Mozambique,MOZ,Africa,1984,1980,0.164,1.511,0.123,12315953.0,,E
Mozambique,MOZ,Africa,1985,1980,-0.045,1.135,0.09,12548951.0,,E
Mozambique,MOZ,Africa,1986,1980,0.081,0.977,0.077,12770581.0,,E
Mozambique,MOZ,Africa,1987,1980,0.601,0.977,0.076,12822573.0,,E
Mozambique,MOZ,Africa,1988,1980,0.588,1.006,0.079,12800556.0,,E
Mozambique,MOZ,Africa,1989,1980,0.11,1.035,0.08,12906842.0,,E
Mozambique,MOZ,Africa,1990,1990,0.382,1.025,0.078,13094535.0,92.99,E
Mozambique,MOZ,Africa,1991,1990,0.34,0.941,0.071,13352091.0,94.2,E
Mozambique,MOZ,Africa,1992,1990,0.79,1.027,0.075,13613314.0,92.99,E
Mozambique,MOZ,Africa,1993,1990,0.315,1.14,0.081,14051203.0,91.82,E
Mozambique,MOZ,Africa,1994,1990,0.107,1.098,0.073,15033852.0,93.08,E
Mozambique,MOZ,Africa,1995,1990,0.584,1.131,0.071,15960530.0,92.76,E
Mozambique,MOZ,Africa,1996,1990,0.18,1.092,0.066,16492484.0,93.07,E
Mozambique,MOZ,Africa,1997,1990,0.257,1.17,0.069,16949988.0,92.6,E
Mozambique,MOZ,Africa,1998,1990,0.96,1.112,0.064,17340463.0,93.99,E
Mozambique,MOZ,Africa,1999,1990,0.325,1.168,0.066,17734499.0,94.19,E
Mozambique,MOZ,Africa,2000,2000,0.417,1.322,0.073,18129652.0,93.64,E
Mozambique,MOZ,Africa,2001,2000,0.512,1.554,0.084,18537735.0,93.01,E
Mozambique,MOZ,Africa,2002,2000,0.618,1.537,0.081,18958338.0,93.22,E
Mozambique,MOZ,Africa,2003,2000,0.606,1.856,0.096,19392477.0,92.73,E
Mozambique,MOZ,Africa,2004,2000,0.364,1.864,0.094,19840312.0,92.94,E
Mozambique,MOZ,Africa,2005,2000,1.003,1.77,0.087,20304577.0,93.67,E
Mozambique,MOZ,Africa,2006,2000,0.523,1.916,0.092,20787088.0,93.06,E
Mozambique,MOZ,Africa,2007,2000,0.628,2.189,0.103,21287638.0,87.53,E
Mozambique,MOZ,Africa,2008,2000,0.283,2.18,0.1,21819037.0,88.11,E
Mozambique,MOZ,Africa,2009,2000,0.474,2.439,0.109,22391751.0,86.12,E
Mozambique,MOZ,Africa,2010,2010,0.962,2.638,0.115,22999234.0,84.89,E
Mozambique,MOZ,Africa,2011,2010,0.718,3.107,0.131,23649045.0,85.43,E
Mozambique,MOZ,Africa,2012,2010,0.715,3.052,0.125,24337849.0,84.52,E
Mozambique,MOZ,Africa,2013,2010,0.438,3.579,0.143,25051613.0,83.12,E
Mozambique,MOZ,Africa,2014,2010,0.633,8.118,0.315,25788473.0,81.19,E
Mozambique,MOZ,Africa,2015,2010,0.93,6.731,0.254,26547576.0,80.06,E
Mozambique,MOZ,Africa,2016,2010,1.108,8.548,0.313,27337107.0,77.38,E
Mozambique,MOZ,Africa,2017,2010,0.78,6.905,0.245,28166397.0,78.15,E
Mozambique,MOZ,Africa,2018,2010,0.68,7.01,0.242,29018647.0,78.96,E
Mozambique,MOZ,Africa,2019,2010,1.069,7.097,0.237,29884378.0,77.47,E
Mozambique,MOZ,Africa,2020,2020,0.897,6.34,0.206,30783685.0,80.15,E
Mozambique,MOZ,Africa,2021,2020,0.724,7.722,0.244,31707798.0,76.88,E
Mozambique,MOZ,Africa,2022,2020,0.847,9.296,0.285,32656242.0,75.76,E
Mozambique,MOZ,Africa,2023,2020,1.069,9.093,0.27,33635163.0,76.13,E
Mozambique,MOZ,Africa,2024,2020,1.328,8.613,0.249,34631767.0,,E
Mauritania,MRT,Africa,1970,1970,0.649,0.429,0.39,1099815.0,,E
Mauritania,MRT,Africa,1971,1970,-0.375,0.399,0.352,1133708.0,,E
Mauritania,MRT,Africa,1972,1970,-0.115,0.447,0.383,1168359.0,,E
Mauritania,MRT,Africa,1973,1970,0.439,0.469,0.39,1203840.0,,E
Mauritania,MRT,Africa,1974,1970,-0.733,0.484,0.39,1240193.0,,E
Mauritania,MRT,Africa,1975,1970,-0.372,0.509,0.399,1277335.0,,E
Mauritania,MRT,Africa,1976,1970,-0.623,0.517,0.393,1315341.0,,E
Mauritania,MRT,Africa,1977,1970,0.607,0.557,0.411,1353771.0,,E
Mauritania,MRT,Africa,1978,1970,0.512,0.583,0.418,1392716.0,,E
Mauritania,MRT,Africa,1979,1970,0.933,0.605,0.422,1432762.0,,E
Mauritania,MRT,Africa,1980,1980,0.891,0.63,0.428,1474046.0,,E
Mauritania,MRT,Africa,1981,1980,0.848,0.634,0.418,1516883.0,,E
Mauritania,MRT,Africa,1982,1980,0.561,0.883,0.566,1561183.0,,E
Mauritania,MRT,Africa,1983,1980,1.579,0.938,0.584,1606748.0,,E
Mauritania,MRT,Africa,1984,1980,0.509,0.872,0.527,1653696.0,,E
Mauritania,MRT,Africa,1985,1980,0.557,0.656,0.385,1702110.0,,E
Mauritania,MRT,Africa,1986,1980,0.255,0.374,0.213,1751843.0,,E
Mauritania,MRT,Africa,1987,1980,1.51,3.243,1.798,1803016.0,,E
Mauritania,MRT,Africa,1988,1980,0.842,3.184,1.716,1855862.0,,E
Mauritania,MRT,Africa,1989,1980,0.659,2.803,1.473,1903059.0,,E
Mauritania,MRT,Africa,1990,1990,1.433,0.854,0.437,1951881.0,47.0,E
Mauritania,MRT,Africa,1991,1990,0.784,0.868,0.432,2009739.0,46.66,E
Mauritania,MRT,Africa,1992,1990,0.803,0.905,0.433,2088143.0,46.42,E
Mauritania,MRT,Africa,1993,1990,0.935,0.927,0.426,2174333.0,46.06,E
Mauritania,MRT,Africa,1994,1990,0.614,0.959,0.427,2249462.0,45.49,E
Mauritania,MRT,Africa,1995,1990,1.142,1.015,0.439,2312027.0,45.25,E
Mauritania,MRT,Africa,1996,1990,1.491,1.063,0.451,2358193.0,43.88,E
Mauritania,MRT,Africa,1997,1990,1.188,1.077,0.447,2411316.0,43.81,E
Mauritania,MRT,Africa,1998,1990,1.666,1.074,0.434,2474650.0,46.01,E
Mauritania,MRT,Africa,1999,1990,0.49,1.096,0.431,2541700.0,43.93,E
Mauritania,MRT,Africa,2000,2000,1.129,1.114,0.426,2613450.0,44.41,E
Mauritania,MRT,Africa,2001,2000,1.254,1.172,0.438,2678766.0,44.18,E
Mauritania,MRT,Africa,2002,2000,1.251,1.249,0.456,2738659.0,42.13,E
Mauritania,MRT,Africa,2003,2000,1.265,1.286,0.459,2802050.0,40.17,E
Mauritania,MRT,Africa,2004,2000,1.399,1.385,0.483,2868671.0,38.59,E
Mauritania,MRT,Africa,2005,2000,1.295,1.434,0.488,2939060.0,38.77,E
Mauritania,MRT,Africa,2006,2000,1.349,1.55,0.514,3013659.0,39.12,E
Mauritania,MRT,Africa,2007,2000,0.96,1.758,0.568,3093065.0,35.63,E
Mauritania,MRT,Africa,2008,2000,1.211,1.831,0.575,3183276.0,35.8,E
Mauritania,MRT,Africa,2009,2000,0.88,2.012,0.613,3284454.0,33.43,E
Mauritania,MRT,Africa,2010,2010,1.937,2.094,0.617,3390968.0,34.0,E
Mauritania,MRT,Africa,2011,2010,1.578,2.227,0.636,3502813.0,33.28,E
Mauritania,MRT,Africa,2012,2010,0.852,2.448,0.676,3619035.0,31.86,E
Mauritania,MRT,Africa,2013,2010,1.409,2.169,0.581,3734324.0,35.08,E
Mauritania,MRT,Africa,2014,2010,1.319,2.563,0.666,3848511.0,30.99,E
Mauritania,MRT,Africa,2015,2010,1.341,3.002,0.757,3965959.0,28.26,E
Mauritania,MRT,Africa,2016,2010,1.651,2.624,0.642,4086655.0,31.72,E
Mauritania,MRT,Africa,2017,2010,2.07,3.581,0.851,4210603.0,25.47,E
Mauritania,MRT,Africa,2018,2010,1.115,4.444,1.025,4337685.0,21.29,E
Mauritania,MRT,Africa,2019,2010,1.522,4.613,1.033,4467714.0,20.93,E
Mauritania,MRT,Africa,2020,2020,1.971,4.782,1.039,4600136.0,20.7,E
Mauritania,MRT,Africa,2021,2020,1.917,4.5,0.95,4734874.0,21.48,E
Mauritania,MRT,Africa,2022,2020,1.786,5.267,1.08,4875644.0,19.12,E
Mauritania,MRT,Africa,2023,2020,2.163,5.037,1.003,5022442.0,20.87,E
Mauritania,MRT,Africa,2024,2020,2.252,5.239,1.013,5169403.0,21.41,E
Montserrat,MSR,North America,1970,1970,0.103,0.015,1.29,11358.0,,E
Montserrat,MSR,North America,1971,1970,-0.236,0.015,1.29,11361.0,,E
Montserrat,MSR,North America,1972,1970,-0.21,0.015,1.289,11372.0,,E
Montserrat,MSR,North America,1973,1970,0.162,0.015,1.287,11389.0,,E
Montserrat,MSR,North America,1974,1970,-0.379,0.015,1.285,11409.0,,E
Montserrat,MSR,North America,1975,1970,-0.422,0.011,0.961,11434.0,,E
Montserrat,MSR,North America,1976,1970,-0.45,0.011,0.961,11441.0,,E
Montserrat,MSR,North America,1977,1970,0.186,0.026,2.238,11460.0,,E
Montserrat,MSR,North America,1978,1970,0.157,0.026,2.238,11459.0,,E
Montserrat,MSR,North America,1979,1970,0.155,0.026,2.243,11437.0,,E
Montserrat,MSR,North America,1980,1980,0.658,0.015,1.29,11364.0,,E
Montserrat,MSR,North America,1981,1980,0.586,0.018,1.625,11275.0,,E
Montserrat,MSR,North America,1982,1980,0.199,0.018,1.636,11200.0,,E
Montserrat,MSR,North America,1983,1980,0.498,0.022,1.972,11148.0,,E
Montserrat,MSR,North America,1984,1980,0.017,0.022,1.984,11078.0,,E
Montserrat,MSR,North America,1985,1980,-0.041,0.026,2.328,11018.0,,E
Montserrat,MSR,North America,1986,1980,-0.015,0.029,2.673,10967.0,,E
Montserrat,MSR,North America,1987,1980,0.652,0.029,2.684,10920.0,,E
Montserrat,MSR,North America,1988,1980,0.381,0.029,2.696,10872.0,,E
Montserrat,MSR,North America,1989,1980,-0.086,0.029,2.715,10798.0,,E
Montserrat,MSR,North America,1990,1990,0.412,0.029,2.739,10700.0,0.0,E
Montserrat,MSR,North America,1991,1990,0.478,0.029,2.801,10464.0,0.0,E
Montserrat,MSR,North America,1992,1990,0.462,0.029,2.927,10013.0,0.0,E
Montserrat,MSR,North America,1993,1990,0.528,0.029,3.1,9454.0,0.0,E
Montserrat,MSR,North America,1994,1990,0.471,0.033,3.719,8867.0,0.0,E
Montserrat,MSR,North America,1995,1990,0.671,0.033,3.994,8257.0,0.0,E
Montserrat,MSR,North America,1996,1990,0.398,0.037,4.805,7626.0,0.0,E
Montserrat,MSR,North America,1997,1990,0.551,0.033,4.725,6979.0,0.0,E
Montserrat,MSR,North America,1998,1990,1.113,0.029,4.637,6321.0,0.0,E
Montserrat,MSR,North America,1999,1990,0.565,0.037,6.445,5685.0,0.0,E
Montserrat,MSR,North America,2000,2000,0.333,0.026,5.076,5053.0,0.0,E
Montserrat,MSR,North America,2001,2000,,0.026,5.556,4616.0,0.0,O
Montserrat,MSR,North America,2002,2000,0.661,0.044,9.771,4500.0,0.0,E
Montserrat,MSR,North America,2003,2000,0.865,0.037,8.115,4515.0,0.0,E
Montserrat,MSR,North America,2004,2000,0.555,0.048,10.489,4541.0,0.0,E
Montserrat,MSR,North America,2005,2000,0.889,0.04,8.812,4574.0,0.0,E
Montserrat,MSR,North America,2006,2000,0.6,0.04,8.75,4606.0,0.0,E
Montserrat,MSR,North America,2007,2000,0.794,0.04,8.669,4649.0,0.0,E
Montserrat,MSR,North America,2008,2000,0.249,0.044,9.355,4700.0,0.0,E
Montserrat,MSR,North America,2009,2000,0.409,0.044,9.239,4759.0,0.0,E
Montserrat,MSR,North America,2010,2010,1.062,0.059,12.165,4819.0,0.0,E
Montserrat,MSR,North America,2011,2010,0.456,0.037,7.561,4846.0,0.0,E
Montserrat,MSR,North America,2012,2010,0.557,0.04,8.358,4822.0,0.0,E
Montserrat,MSR,North America,2013,2010,0.639,0.051,10.745,4774.0,0.0,E
Montserrat,MSR,North America,2014,2010,0.595,0.044,9.28,4738.0,0.0,E
Montserrat,MSR,North America,2015,2010,0.875,0.051,10.93,4693.0,0.0,E
Montserrat,MSR,North America,2016,2010,0.934,0.029,6.283,4665.0,0.0,E
Montserrat,MSR,North America,2017,2010,0.782,0.026,5.547,4624.0,0.0,E
Montserrat,MSR,North America,2018,2010,0.556,0.029,6.379,4595.0,0.0,E
Montserrat,MSR,North America,2019,2010,0.811,0.026,5.62,4564.0,0.44,E
Montserrat,MSR,North America,2020,2020,1.131,0.022,4.851,4532.0,0.72,E
Montserrat,MSR,North America,2021,2020,0.857,0.022,4.88,4505.0,0.53,E
Montserrat,MSR,North America,2022,2020,0.758,0.026,5.73,4476.0,0.25,E
Montserrat,MSR,North America,2023,2020,1.113,0.026,5.765,4440.0,1.96,E
Montserrat,MSR,North America,2024,2020,1.54,0.027,6.022,4414.0,1.2,E
Martinique,MTQ,North America,1970,1970,0.095,,,,,E
Martinique,MTQ,North America,1971,1970,-0.317,,,,,E
Martinique,MTQ,North America,1972,1970,-0.157,,,,,E
Martinique,MTQ,North America,1973,1970,0.161,,,,,E
Martinique,MTQ,North America,1974,1970,-0.381,,,,,E
Martinique,MTQ,North America,1975,1970,-0.371,,,,,E
Martinique,MTQ,North America,1976,1970,-0.403,,,,,E
Martinique,MTQ,North America,1977,1970,0.049,,,,,E
Martinique,MTQ,North America,1978,1970,0.111,,,,,E
Martinique,MTQ,North America,1979,1970,0.211,,,,,E
Martinique,MTQ,North America,1980,1980,0.423,,,,,E
Martinique,MTQ,North America,1981,1980,0.417,,,,,E
Martinique,MTQ,North America,1982,1980,0.094,,,,,E
Martinique,MTQ,North America,1983,1980,0.445,,,,,E
Martinique,MTQ,North America,1984,1980,-0.013,,,,,E
Martinique,MTQ,North America,1985,1980,-0.038,,,,,E
Martinique,MTQ,North America,1986,1980,0.039,,,,,E
Martinique,MTQ,North America,1987,1980,0.616,,,,,E
Martinique,MTQ,North America,1988,1980,0.433,,,,,E
Martinique,MTQ,North America,1989,1980,0.007,,,,,E
Martinique,MTQ,North America,1990,1990,0.539,,,,1.85,E
Martinique,MTQ,North America,1991,1990,0.444,,,,1.9,E
Martinique,MTQ,North America,1992,1990,0.395,,,,1.72,E
Martinique,MTQ,North America,1993,1990,0.525,,,,1.74,E
Martinique,MTQ,North America,1994,1990,0.611,,,,1.7,E
Martinique,MTQ,North America,1995,1990,0.714,,,,1.67,E
Martinique,MTQ,North America,1996,1990,0.496,,,,1.67,E
Martinique,MTQ,North America,1997,1990,0.681,,,,1.56,E
Martinique,MTQ,North America,1998,1990,1.116,,,,1.67,E
Martinique,MTQ,North America,1999,1990,0.555,,,,1.61,E
Martinique,MTQ,North America,2000,2000,0.373,,,,1.68,E
Martinique,MTQ,North America,2001,2000,0.686,,,,1.63,E
Martinique,MTQ,North America,2002,2000,0.784,,,,1.65,E
Martinique,MTQ,North America,2003,2000,0.756,,,,1.68,E
Martinique,MTQ,North America,2004,2000,0.512,,,,1.73,E
Martinique,MTQ,North America,2005,2000,0.85,,,,1.8,E
Martinique,MTQ,North America,2006,2000,0.707,,,,1.82,E
Martinique,MTQ,North America,2007,2000,0.77,,,,2.35,E
Martinique,MTQ,North America,2008,2000,0.327,,,,2.32,E
Martinique,MTQ,North America,2009,2000,0.521,,,,2.44,E
Martinique,MTQ,North America,2010,2010,1.119,,,,2.54,E
Martinique,MTQ,North America,2011,2010,0.497,,,,,E
Martinique,MTQ,North America,2012,2010,0.651,,,,,E
Martinique,MTQ,North America,2013,2010,0.696,,,,,E
Martinique,MTQ,North America,2014,2010,0.651,,,,,E
Martinique,MTQ,North America,2015,2010,0.875,,,,,E
Martinique,MTQ,North America,2016,2010,1.028,,,,,E
Martinique,MTQ,North America,2017,2010,0.806,,,,,E
Martinique,MTQ,North America,2018,2010,0.652,,,,,E
Martinique,MTQ,North America,2019,2010,0.82,,,,,E
Martinique,MTQ,North America,2020,2020,1.087,,,,,E
Martinique,MTQ,North America,2021,2020,0.817,,,,,E
Martinique,MTQ,North America,2022,2020,0.768,,,,,E
Martinique,MTQ,North America,2023,2020,0.974,,,,,E
Martinique,MTQ,North America,2024,2020,1.629,,,,,E
Mauritius,MUS,Africa,1970,1970,0.254,0.498,0.602,827700.0,,E
Mauritius,MUS,Africa,1971,1970,-0.423,0.396,0.47,841116.0,,E
Mauritius,MUS,Africa,1972,1970,0.166,0.689,0.807,853610.0,,E
Mauritius,MUS,Africa,1973,1970,-0.063,0.678,0.783,865153.0,,E
Mauritius,MUS,Africa,1974,1970,-0.685,0.692,0.79,876473.0,,E
Mauritius,MUS,Africa,1975,1970,-0.06,0.59,0.664,888031.0,,E
Mauritius,MUS,Africa,1976,1970,0.099,0.619,0.688,899858.0,,E
Mauritius,MUS,Africa,1977,1970,0.612,0.641,0.703,912153.0,,E
Mauritius,MUS,Africa,1978,1970,0.431,0.63,0.681,925287.0,,E
Mauritius,MUS,Africa,1979,1970,0.456,0.66,0.702,939395.0,,E
Mauritius,MUS,Africa,1980,1980,0.498,0.59,0.618,954221.0,,E
Mauritius,MUS,Africa,1981,1980,0.286,0.542,0.559,969222.0,,E
Mauritius,MUS,Africa,1982,1980,0.366,0.502,0.51,983609.0,,E
Mauritius,MUS,Africa,1983,1980,0.308,0.597,0.599,997375.0,,E
Mauritius,MUS,Africa,1984,1980,-0.369,0.627,0.62,1011247.0,,E
Mauritius,MUS,Africa,1985,1980,-0.098,0.707,0.69,1025066.0,,E
Mauritius,MUS,Africa,1986,1980,0.179,0.799,0.769,1038348.0,,E
Mauritius,MUS,Africa,1987,1980,0.647,0.931,0.885,1051115.0,,E
Mauritius,MUS,Africa,1988,1980,0.438,0.854,0.803,1063596.0,,E
Mauritius,MUS,Africa,1989,1980,0.058,1.052,0.977,1075985.0,,E
Mauritius,MUS,Africa,1990,1990,0.215,1.462,1.342,1089033.0,47.07,E
Mauritius,MUS,Africa,1991,1990,0.489,1.521,1.379,1103050.0,43.35,E
Mauritius,MUS,Africa,1992,1990,0.159,1.707,1.528,1117676.0,43.16,E
Mauritius,MUS,Africa,1993,1990,0.125,1.773,1.566,1132397.0,38.78,E
Mauritius,MUS,Africa,1994,1990,0.51,1.623,1.416,1146559.0,35.43,E
Mauritius,MUS,Africa,1995,1990,0.386,1.828,1.576,1159824.0,38.84,E
Mauritius,MUS,Africa,1996,1990,0.114,1.949,1.663,1172390.0,35.57,E
Mauritius,MUS,Africa,1997,1990,0.69,1.997,1.686,1184304.0,36.45,E
Mauritius,MUS,Africa,1998,1990,0.935,2.169,1.815,1195111.0,33.53,E
Mauritius,MUS,Africa,1999,1990,0.271,2.426,2.011,1205903.0,20.95,E
Mauritius,MUS,Africa,2000,2000,0.232,2.689,2.211,1216632.0,20.42,E
Mauritius,MUS,Africa,2001,2000,0.577,2.862,2.334,1225807.0,20.08,E
Mauritius,MUS,Africa,2002,2000,0.479,2.884,2.337,1234090.0,17.93,E
Mauritius,MUS,Africa,2003,2000,0.768,3.059,2.463,1242094.0,18.9,E
Mauritius,MUS,Africa,2004,2000,0.344,3.089,2.471,1249799.0,19.08,E
Mauritius,MUS,Africa,2005,2000,0.436,3.294,2.62,1257215.0,17.65,E
Mauritius,MUS,Africa,2006,2000,0.28,3.627,2.87,1263785.0,16.41,E
Mauritius,MUS,Africa,2007,2000,0.53,3.686,2.903,1269522.0,15.69,E
Mauritius,MUS,Africa,2008,2000,0.351,3.767,2.955,1274635.0,12.73,E
Mauritius,MUS,Africa,2009,2000,0.831,3.708,2.899,1278976.0,12.78,E
Mauritius,MUS,Africa,2010,2010,0.95,3.913,3.051,1282710.0,12.77,E
Mauritius,MUS,Africa,2011,2010,0.791,3.917,3.045,1286270.0,12.01,E
Mauritius,MUS,Africa,2012,2010,0.545,3.964,3.075,1289174.0,11.45,E
Mauritius,MUS,Africa,2013,2010,0.693,4.067,3.15,1290988.0,11.39,E
Mauritius,MUS,Africa,2014,2010,0.768,4.206,3.256,1292006.0,10.59,E
Mauritius,MUS,Africa,2015,2010,1.06,4.21,3.258,1292283.0,11.49,E
Mauritius,MUS,Africa,2016,2010,0.908,4.342,3.361,1291807.0,10.33,E
Mauritius,MUS,Africa,2017,2010,1.122,4.54,3.517,1290654.0,9.42,E
Mauritius,MUS,Africa,2018,2010,0.926,4.455,3.457,1288836.0,9.19,E
Mauritius,MUS,Africa,2019,2010,1.355,4.525,3.518,1286269.0,8.94,E
Mauritius,MUS,Africa,2020,2020,1.14,3.8,2.961,1283231.0,9.43,E
Mauritius,MUS,Africa,2021,2020,1.02,3.968,3.101,1279628.0,8.61,E
Mauritius,MUS,Africa,2022,2020,0.611,4.317,3.383,1276134.0,7.24,E
Mauritius,MUS,Africa,2023,2020,1.523,4.588,3.602,1273591.0,6.8,E
Mauritius,MUS,Africa,2024,2020,1.411,4.674,3.677,1271171.0,,E
Malawi,MWI,Africa,1970,1970,0.165,0.454,0.098,4633949.0,,E
Malawi,MWI,Africa,1971,1970,-0.228,0.502,0.106,4751441.0,,E
Malawi,MWI,Africa,1972,1970,0.063,0.546,0.112,4874479.0,,E
Malawi,MWI,Africa,1973,1970,0.333,0.571,0.114,5003935.0,,E
Malawi,MWI,Africa,1974,1970,-0.31,0.549,0.107,5141342.0,,E
Malawi,MWI,Africa,1975,1970,-0.138,0.578,0.109,5287371.0,,E
Malawi,MWI,Africa,1976,1970,-0.079,0.582,0.107,5443390.0,,E
Malawi,MWI,Africa,1977,1970,0.499,0.637,0.113,5614993.0,,E
Malawi,MWI,Africa,1978,1970,0.262,0.67,0.115,5810135.0,,E
Malawi,MWI,Africa,1979,1970,0.088,0.637,0.106,6028750.0,,E
Malawi,MWI,Africa,1980,1980,0.213,0.71,0.113,6265529.0,,E
Malawi,MWI,Africa,1981,1980,-0.193,0.604,0.093,6516460.0,,E
Malawi,MWI,Africa,1982,1980,-0.006,0.593,0.087,6778885.0,,E
Malawi,MWI,Africa,1983,1980,0.851,0.575,0.081,7051707.0,,E
Malawi,MWI,Africa,1984,1980,0.243,0.556,0.076,7332811.0,,E
Malawi,MWI,Africa,1985,1980,-0.023,0.556,0.073,7620509.0,,E
Malawi,MWI,Africa,1986,1980,0.187,0.552,0.07,7906485.0,,E
Malawi,MWI,Africa,1987,1980,0.614,0.545,0.066,8293173.0,,E
Malawi,MWI,Africa,1988,1980,0.77,0.541,0.062,8753265.0,,E
Malawi,MWI,Africa,1989,1980,0.268,0.563,0.061,9176223.0,,E
Malawi,MWI,Africa,1990,1990,0.702,0.737,0.077,9545860.0,88.57,E
Malawi,MWI,Africa,1991,1990,0.265,0.787,0.08,9844228.0,87.92,E
Malawi,MWI,Africa,1992,1990,0.662,0.787,0.078,10135082.0,88.17,E
Malawi,MWI,Africa,1993,1990,0.104,0.879,0.085,10284027.0,88.05,E
Malawi,MWI,Africa,1994,1990,0.194,0.902,0.089,10164899.0,88.33,E
Malawi,MWI,Africa,1995,1990,0.772,0.903,0.089,10150122.0,88.28,E
Malawi,MWI,Africa,1996,1990,0.587,0.92,0.089,10352227.0,88.3,E
Malawi,MWI,Africa,1997,1990,0.65,0.918,0.087,10562035.0,88.36,E
Malawi,MWI,Africa,1998,1990,1.018,0.902,0.084,10792877.0,88.94,E
Malawi,MWI,Africa,1999,1990,0.247,0.893,0.081,11047812.0,88.59,E
Malawi,MWI,Africa,2000,2000,0.769,0.854,0.075,11315947.0,89.72,E
Malawi,MWI,Africa,2001,2000,0.654,0.777,0.067,11593057.0,90.21,E
Malawi,MWI,Africa,2002,2000,0.813,0.856,0.072,11880443.0,90.35,E
Malawi,MWI,Africa,2003,2000,0.983,0.915,0.075,12181575.0,90.23,E
Malawi,MWI,Africa,2004,2000,0.702,0.902,0.072,12500736.0,90.15,E
Malawi,MWI,Africa,2005,2000,1.308,0.845,0.066,12840034.0,90.72,E
Malawi,MWI,Africa,2006,2000,0.942,0.851,0.065,13198699.0,90.75,E
Malawi,MWI,Africa,2007,2000,0.952,0.919,0.068,13576344.0,90.46,E
Malawi,MWI,Africa,2008,2000,0.389,0.999,0.071,13976415.0,89.81,E
Malawi,MWI,Africa,2009,2000,0.559,1.018,0.071,14395788.0,89.79,E
Malawi,MWI,Africa,2010,2010,1.053,0.972,0.066,14826466.0,90.64,E
Malawi,MWI,Africa,2011,2010,0.667,1.034,0.068,15265026.0,90.14,E
Malawi,MWI,Africa,2012,2010,0.782,1.041,0.066,15709577.0,90.35,E
Malawi,MWI,Africa,2013,2010,0.614,1.12,0.069,16161816.0,90.27,E
Malawi,MWI,Africa,2014,2010,0.81,1.015,0.061,16621534.0,91.95,E
Malawi,MWI,Africa,2015,2010,0.841,1.05,0.061,17085587.0,91.24,E
Malawi,MWI,Africa,2016,2010,1.066,1.172,0.067,17557741.0,90.23,E
Malawi,MWI,Africa,2017,2010,0.833,1.193,0.066,18039714.0,89.46,E
Malawi,MWI,Africa,2018,2010,0.801,1.69,0.091,18528086.0,87.58,E
Malawi,MWI,Africa,2019,2010,0.87,1.695,0.089,19025748.0,86.3,E
Malawi,MWI,Africa,2020,2020,1.128,1.868,0.096,19533885.0,86.35,E
Malawi,MWI,Africa,2021,2020,0.973,1.682,0.084,20047264.0,87.31,E
Malawi,MWI,Africa,2022,2020,1.049,1.801,0.088,20568731.0,86.73,E
Malawi,MWI,Africa,2023,2020,1.202,1.853,0.088,21104480.0,85.67,E
Malawi,MWI,Africa,2024,2020,1.616,1.881,0.087,21655288.0,82.91,E
Malaysia,MYS,Asia,1970,1970,0.106,14.586,1.433,10178802.0,,E
Malaysia,MYS,Asia,1971,1970,-0.261,16.663,1.599,10423466.0,,E
Malaysia,MYS,Asia,1972,1970,0.026,17.901,1.677,10676839.0,,E
Malaysia,MYS,Asia,1973,1970,0.247,17.505,1.601,10935622.0,,E
Malaysia,MYS,Asia,1974,1970,-0.269,19.045,1.7,11200903.0,,E
Malaysia,MYS,Asia,1975,1970,-0.031,19.445,1.695,11471914.0,,E
Malaysia,MYS,Asia,1976,1970,-0.198,23.898,2.034,11750093.0,,E
Malaysia,MYS,Asia,1977,1970,0.076,22.621,1.879,12035716.0,,E
Malaysia,MYS,Asia,1978,1970,0.241,23.26,1.887,12328158.0,,E
Malaysia,MYS,Asia,1979,1970,0.346,27.306,2.162,12627866.0,,E
Malaysia,MYS,Asia,1980,1980,0.266,28.033,2.159,12983365.0,,E
Malaysia,MYS,Asia,1981,1980,0.229,30.878,2.304,13399206.0,,E
Malaysia,MYS,Asia,1982,1980,0.218,30.642,2.215,13832796.0,,E
Malaysia,MYS,Asia,1983,1980,0.675,38.048,2.663,14285914.0,,E
Malaysia,MYS,Asia,1984,1980,0.056,34.794,2.358,14759013.0,,E
Malaysia,MYS,Asia,1985,1980,0.253,36.33,2.382,15252262.0,,E
Malaysia,MYS,Asia,1986,1980,0.271,40.102,2.544,15760425.0,,E
Malaysia,MYS,Asia,1987,1980,0.548,40.878,2.511,16276735.0,,E
Malaysia,MYS,Asia,1988,1980,0.487,42.869,2.552,16796612.0,,E
Malaysia,MYS,Asia,1989,1980,0.152,50.084,2.893,17315003.0,,E
Malaysia,MYS,Asia,1990,1990,0.544,54.269,3.043,17833179.0,8.34,E
Malaysia,MYS,Asia,1991,1990,0.498,65.785,3.586,18342474.0,7.61,E
Malaysia,MYS,Asia,1992,1990,0.463,72.961,3.874,18834569.0,6.92,E
Malaysia,MYS,Asia,1993,1990,0.273,86.612,4.482,19322667.0,6.93,E
Malaysia,MYS,Asia,1994,1990,0.412,87.497,4.415,19820446.0,7.08,E
Malaysia,MYS,Asia,1995,1990,0.54,109.595,5.391,20330602.0,6.32,E
Malaysia,MYS,Asia,1996,1990,0.463,110.108,5.281,20850085.0,5.04,E
Malaysia,MYS,Asia,1997,1990,0.643,118.471,5.542,21375225.0,4.32,E
Malaysia,MYS,Asia,1998,1990,1.237,109.782,5.011,21906713.0,4.73,E
Malaysia,MYS,Asia,1999,1990,0.443,103.987,4.635,22435532.0,5.07,E
Malaysia,MYS,Asia,2000,2000,0.43,122.881,5.35,22967817.0,4.59,E
Malaysia,MYS,Asia,2001,2000,0.623,130.89,5.564,23526535.0,4.44,E
Malaysia,MYS,Asia,2002,2000,0.726,132.035,5.478,24102477.0,3.74,E
Malaysia,MYS,Asia,2003,2000,0.755,153.384,6.215,24679604.0,3.49,E
Malaysia,MYS,Asia,2004,2000,0.683,169.674,6.718,25256773.0,3.38,E
Malaysia,MYS,Asia,2005,2000,0.883,169.978,6.579,25836075.0,3.16,E
Malaysia,MYS,Asia,2006,2000,0.623,170.166,6.441,26417909.0,3.28,E
Malaysia,MYS,Asia,2007,2000,0.673,175.454,6.499,26998383.0,2.99,E
Malaysia,MYS,Asia,2008,2000,0.512,192.847,6.995,27570052.0,3.18,E
Malaysia,MYS,Asia,2009,2000,0.742,192.123,6.831,28124779.0,2.43,E
Malaysia,MYS,Asia,2010,2010,0.968,199.346,6.957,28655772.0,2.11,E
Malaysia,MYS,Asia,2011,2010,0.576,203.453,6.977,29162034.0,2.32,E
Malaysia,MYS,Asia,2012,2010,0.721,212.994,7.18,29662835.0,2.66,E
Malaysia,MYS,Asia,2013,2010,0.958,241.671,8.009,30174269.0,2.88,E
Malaysia,MYS,Asia,2014,2010,0.95,245.053,7.983,30696133.0,3.24,E
Malaysia,MYS,Asia,2015,2010,1.139,235.942,7.554,31232796.0,3.53,E
Malaysia,MYS,Asia,2016,2010,1.558,237.294,7.464,31789692.0,4.55,E
Malaysia,MYS,Asia,2017,2010,1.11,244.457,7.555,32355642.0,5.34,E
Malaysia,MYS,Asia,2018,2010,1.078,262.647,7.981,32910963.0,5.42,E
Malaysia,MYS,Asia,2019,2010,1.338,277.673,8.303,33440590.0,5.76,E
Malaysia,MYS,Asia,2020,2020,1.337,262.159,7.736,33889554.0,7.1,E
Malaysia,MYS,Asia,2021,2020,1.114,273.332,7.973,34282404.0,7.57,E
Malaysia,MYS,Asia,2022,2020,1.053,281.884,8.125,34695494.0,7.78,E
Malaysia,MYS,Asia,2023,2020,1.281,276.297,7.866,35126295.0,8.05,E
Malaysia,MYS,Asia,2024,2020,1.65,290.224,8.162,35557670.0,,E
Mayotte,MYT,Africa,1970,1970,0.259,,,,,E
Mayotte,MYT,Africa,1971,1970,-0.644,,,,,E
Mayotte,MYT,Africa,1972,1970,-0.083,,,,,E
Mayotte,MYT,Africa,1973,1970,0.263,,,,,E
Mayotte,MYT,Africa,1974,1970,-0.424,,,,,E
Mayotte,MYT,Africa,1975,1970,0.022,,,,,E
Mayotte,MYT,Africa,1976,1970,,,,,,O
Mayotte,MYT,Africa,1977,1970,,,,,,O
Mayotte,MYT,Africa,1978,1970,0.569,,,,,E
Mayotte,MYT,Africa,1979,1970,0.482,,,,,E
Mayotte,MYT,Africa,1980,1980,0.394,,,,,E
Mayotte,MYT,Africa,1981,1980,0.259,,,,,E
Mayotte,MYT,Africa,1982,1980,0.577,,,,,E
Mayotte,MYT,Africa,1983,1980,0.341,,,,,E
Mayotte,MYT,Africa,1984,1980,-0.407,,,,,E
Mayotte,MYT,Africa,1985,1980,-0.102,,,,,E
Mayotte,MYT,Africa,1986,1980,0.074,,,,,E
Mayotte,MYT,Africa,1987,1980,0.47,,,,,E
Mayotte,MYT,Africa,1988,1980,0.459,,,,,E
Mayotte,MYT,Africa,1989,1980,-0.198,,,,,E
Mayotte,MYT,Africa,1990,1990,0.173,,,,33.41,E
Mayotte,MYT,Africa,1991,1990,0.314,,,,31.42,E
Mayotte,MYT,Africa,1992,1990,0.136,,,,29.46,E
Mayotte,MYT,Africa,1993,1990,0.239,,,,27.95,E
Mayotte,MYT,Africa,1994,1990,0.548,,,,26.55,E
Mayotte,MYT,Africa,1995,1990,0.413,,,,25.16,E
Mayotte,MYT,Africa,1996,1990,0.051,,,,24.09,E
Mayotte,MYT,Africa,1997,1990,0.414,,,,22.78,E
Mayotte,MYT,Africa,1998,1990,0.816,,,,21.61,E
Mayotte,MYT,Africa,1999,1990,0.245,,,,20.47,E
Mayotte,MYT,Africa,2000,2000,0.241,,,,16.17,E
Mayotte,MYT,Africa,2001,2000,0.403,,,,15.37,E
Mayotte,MYT,Africa,2002,2000,0.848,,,,14.92,E
Mayotte,MYT,Africa,2003,2000,0.523,,,,14.14,E
Mayotte,MYT,Africa,2004,2000,0.365,,,,13.35,E
Mayotte,MYT,Africa,2005,2000,0.496,,,,11.45,E
Mayotte,MYT,Africa,2006,2000,0.314,,,,10.97,E
Mayotte,MYT,Africa,2007,2000,0.714,,,,10.38,E
Mayotte,MYT,Africa,2008,2000,0.304,,,,9.7,E
Mayotte,MYT,Africa,2009,2000,0.482,,,,9.45,E
Mayotte,MYT,Africa,2010,2010,0.723,,,,9.96,E
Mayotte,MYT,Africa,2011,2010,0.468,,,,,E
Mayotte,MYT,Africa,2012,2010,0.402,,,,,E
Mayotte,MYT,Africa,2013,2010,0.488,,,,,E
Mayotte,MYT,Africa,2014,2010,0.706,,,,,E
Mayotte,MYT,Africa,2015,2010,0.932,,,,,E
Mayotte,MYT,Africa,2016,2010,0.849,,,,,E
Mayotte,MYT,Africa,2017,2010,1.117,,,,,E
Mayotte,MYT,Africa,2018,2010,0.902,,,,,E
Mayotte,MYT,Africa,2019,2010,1.461,,,,,E
Mayotte,MYT,Africa,2020,2020,1.212,,,,,E
Mayotte,MYT,Africa,2021,2020,0.8,,,,,E
Mayotte,MYT,Africa,2022,2020,0.647,,,,,E
Mayotte,MYT,Africa,2023,2020,1.321,,,,,E
Mayotte,MYT,Africa,2024,2020,1.662,,,,,E
Namibia,NAM,Africa,1970,1970,0.476,,,757876.0,,E
Namibia,NAM,Africa,1971,1970,-0.105,,,780588.0,,E
Namibia,NAM,Africa,1972,1970,0.091,,,804411.0,,E
Namibia,NAM,Africa,1973,1970,0.617,,,828932.0,,E
Namibia,NAM,Africa,1974,1970,-0.728,,,854325.0,,E
Namibia,NAM,Africa,1975,1970,-0.005,,,881041.0,,E
Namibia,NAM,Africa,1976,1970,-0.566,,,906574.0,,E
Namibia,NAM,Africa,1977,1970,0.185,,,931118.0,,E
Namibia,NAM,Africa,1978,1970,-0.077,,,947277.0,,E
Namibia,NAM,Africa,1979,1970,0.363,,,962826.0,,E
Namibia,NAM,Africa,1980,1980,0.158,,,981440.0,,E
Namibia,NAM,Africa,1981,1980,-0.014,,,992508.0,,E
Namibia,NAM,Africa,1982,1980,0.331,,,1010315.0,,E
Namibia,NAM,Africa,1983,1980,0.652,,,1037519.0,,E
Namibia,NAM,Africa,1984,1980,0.734,,,1065996.0,,E
Namibia,NAM,Africa,1985,1980,0.475,,,1096896.0,,E
Namibia,NAM,Africa,1986,1980,0.244,,,1131083.0,,E
Namibia,NAM,Africa,1987,1980,0.978,,,1167898.0,,E
Namibia,NAM,Africa,1988,1980,0.353,,,1209700.0,,E
Namibia,NAM,Africa,1989,1980,-0.398,,,1288956.0,,E
Namibia,NAM,Africa,1990,1990,0.599,,,1369309.0,,E
Namibia,NAM,Africa,1991,1990,0.056,1.044,0.738,1415689.0,40.86,E
Namibia,NAM,Africa,1992,1990,0.525,1.14,0.78,1461324.0,38.76,E
Namibia,NAM,Africa,1993,1990,0.593,1.374,0.911,1508698.0,36.52,E
Namibia,NAM,Africa,1994,1990,0.197,1.557,1.001,1556315.0,31.15,E
Namibia,NAM,Africa,1995,1990,0.858,1.619,1.011,1602181.0,30.67,E
Namibia,NAM,Africa,1996,1990,0.067,1.718,1.044,1646107.0,30.03,E
Namibia,NAM,Africa,1997,1990,-0.045,1.814,1.074,1689274.0,29.1,E
Namibia,NAM,Africa,1998,1990,1.187,1.865,1.076,1732747.0,30.39,E
Namibia,NAM,Africa,1999,1990,0.748,1.74,0.98,1776371.0,31.32,E
Namibia,NAM,Africa,2000,2000,-0.174,1.718,0.945,1818650.0,33.25,E
Namibia,NAM,Africa,2001,2000,0.306,2.231,1.202,1857059.0,28.74,E
Namibia,NAM,Africa,2002,2000,0.801,1.971,1.043,1889976.0,32.08,E
Namibia,NAM,Africa,2003,2000,1.144,2.092,1.091,1917469.0,31.72,E
Namibia,NAM,Africa,2004,2000,0.821,2.239,1.153,1942087.0,32.87,E
Namibia,NAM,Africa,2005,2000,0.661,2.532,1.287,1966581.0,32.54,E
Namibia,NAM,Africa,2006,2000,-0.173,2.524,1.267,1991890.0,33.63,E
Namibia,NAM,Africa,2007,2000,1.028,2.327,1.153,2018607.0,34.27,E
Namibia,NAM,Africa,2008,2000,0.677,2.858,1.396,2047059.0,29.45,E
Namibia,NAM,Africa,2009,2000,0.52,2.66,1.28,2077400.0,30.66,E
Namibia,NAM,Africa,2010,2010,1.202,2.788,1.322,2109815.0,28.01,E
Namibia,NAM,Africa,2011,2010,-0.48,2.786,1.298,2146331.0,29.19,E
Namibia,NAM,Africa,2012,2010,-0.142,3.194,1.455,2194656.0,30.02,E
Namibia,NAM,Africa,2013,2010,0.727,3.004,1.334,2252505.0,29.68,E
Namibia,NAM,Africa,2014,2010,0.377,3.099,1.34,2312143.0,29.96,E
Namibia,NAM,Africa,2015,2010,1.179,3.394,1.429,2374305.0,27.63,E
Namibia,NAM,Africa,2016,2010,1.433,3.582,1.469,2439219.0,26.69,E
Namibia,NAM,Africa,2017,2010,0.728,3.59,1.432,2506854.0,28.03,E
Namibia,NAM,Africa,2018,2010,1.006,3.635,1.41,2577327.0,29.14,E
Namibia,NAM,Africa,2019,2010,2.071,3.73,1.407,2650499.0,28.71,E
Namibia,NAM,Africa,2020,2020,0.558,3.44,1.261,2728760.0,29.92,E
Namibia,NAM,Africa,2021,2020,0.015,3.608,1.284,2810552.0,28.51,E
Namibia,NAM,Africa,2022,2020,0.085,3.414,1.181,2889668.0,30.34,E
Namibia,NAM,Africa,2023,2020,0.806,3.443,1.162,2963102.0,30.45,E
Namibia,NAM,Africa,2024,2020,1.386,3.469,1.145,3030127.0,,E
New Caledonia,NCL,Oceania,1970,1970,0.499,2.393,21.88,109349.0,,E
New Caledonia,NCL,Oceania,1971,1970,0.17,2.418,21.116,114522.0,,E
New Caledonia,NCL,Oceania,1972,1970,-0.166,1.704,14.204,119946.0,,E
New Caledonia,NCL,Oceania,1973,1970,0.847,2.598,20.682,125597.0,,E
New Caledonia,NCL,Oceania,1974,1970,0.323,2.781,21.153,131460.0,,E
New Caledonia,NCL,Oceania,1975,1970,0.262,2.528,18.389,137471.0,,E
New Caledonia,NCL,Oceania,1976,1970,0.118,2.388,16.807,142105.0,,E
New Caledonia,NCL,Oceania,1977,1970,-0.129,2.139,14.791,144613.0,,E
New Caledonia,NCL,Oceania,1978,1970,0.004,1.541,10.528,146402.0,,E
New Caledonia,NCL,Oceania,1979,1970,-0.086,1.64,11.07,148142.0,,E
New Caledonia,NCL,Oceania,1980,1980,0.124,1.999,13.339,149826.0,,E
New Caledonia,NCL,Oceania,1981,1980,0.103,1.39,9.18,151458.0,,E
New Caledonia,NCL,Oceania,1982,1980,-0.005,1.262,8.246,153013.0,,E
New Caledonia,NCL,Oceania,1983,1980,0.487,1.151,7.426,155019.0,,E
New Caledonia,NCL,Oceania,1984,1980,0.094,1.202,7.628,157601.0,,E
New Caledonia,NCL,Oceania,1985,1980,0.269,1.451,9.054,160252.0,,E
New Caledonia,NCL,Oceania,1986,1980,0.137,1.401,8.599,162912.0,,E
New Caledonia,NCL,Oceania,1987,1980,-0.163,1.454,8.78,165659.0,,E
New Caledonia,NCL,Oceania,1988,1980,0.816,1.501,8.908,168521.0,,E
New Caledonia,NCL,Oceania,1989,1980,0.237,1.639,9.529,172043.0,,E
New Caledonia,NCL,Oceania,1990,1990,0.523,1.576,8.933,176468.0,10.58,E
New Caledonia,NCL,Oceania,1991,1990,0.095,1.759,9.703,181251.0,7.85,E
New Caledonia,NCL,Oceania,1992,1990,0.211,1.575,8.466,186084.0,7.02,E
New Caledonia,NCL,Oceania,1993,1990,-0.041,1.832,9.598,190858.0,5.79,E
New Caledonia,NCL,Oceania,1994,1990,-0.102,1.975,10.095,195626.0,5.84,E
New Caledonia,NCL,Oceania,1995,1990,0.746,2.067,10.313,200392.0,4.8,E
New Caledonia,NCL,Oceania,1996,1990,0.933,2.184,10.651,205048.0,7.07,E
New Caledonia,NCL,Oceania,1997,1990,0.237,1.817,8.672,209568.0,8.03,E
New Caledonia,NCL,Oceania,1998,1990,1.705,1.81,8.456,214062.0,8.48,E
New Caledonia,NCL,Oceania,1999,1990,0.919,2.056,9.406,218532.0,9.48,E
New Caledonia,NCL,Oceania,2000,2000,0.419,2.224,9.968,223110.0,7.54,E
New Caledonia,NCL,Oceania,2001,2000,0.68,1.877,8.241,227714.0,6.72,E
New Caledonia,NCL,Oceania,2002,2000,0.714,2.392,10.301,232239.0,5.28,E
New Caledonia,NCL,Oceania,2003,2000,0.495,2.726,11.516,236684.0,4.93,E
New Caledonia,NCL,Oceania,2004,2000,0.621,2.515,10.441,240865.0,5.2,E
New Caledonia,NCL,Oceania,2005,2000,0.472,2.806,11.482,244391.0,5.08,E
New Caledonia,NCL,Oceania,2006,2000,0.376,2.71,10.948,247557.0,4.52,E
New Caledonia,NCL,Oceania,2007,2000,0.819,2.927,11.673,250730.0,5.82,E
New Caledonia,NCL,Oceania,2008,2000,0.82,2.848,11.22,253831.0,7.78,E
New Caledonia,NCL,Oceania,2009,2000,0.598,3.036,11.8,257261.0,6.95,E
New Caledonia,NCL,Oceania,2010,2010,0.973,3.658,13.983,261580.0,4.85,E
New Caledonia,NCL,Oceania,2011,2010,0.787,3.694,13.86,266550.0,5.93,E
New Caledonia,NCL,Oceania,2012,2010,0.588,3.706,13.641,271640.0,6.17,E
New Caledonia,NCL,Oceania,2013,2010,0.683,3.97,14.341,276832.0,6.56,E
New Caledonia,NCL,Oceania,2014,2010,0.705,5.009,17.811,281233.0,4.29,E
New Caledonia,NCL,Oceania,2015,2010,0.918,4.877,17.222,283179.0,5.09,E
New Caledonia,NCL,Oceania,2016,2010,1.75,5.482,19.341,283432.0,3.7,E
New Caledonia,NCL,Oceania,2017,2010,1.536,5.584,19.692,283554.0,5.1,E
New Caledonia,NCL,Oceania,2018,2010,1.184,5.913,20.853,283551.0,4.63,E
New Caledonia,NCL,Oceania,2019,2010,1.094,5.673,20.002,283616.0,5.24,E
New Caledonia,NCL,Oceania,2020,2020,1.172,5.109,17.978,284187.0,6.06,E
New Caledonia,NCL,Oceania,2021,2020,0.946,4.537,15.906,285227.0,8.33,E
New Caledonia,NCL,Oceania,2022,2020,1.676,5.116,17.816,287130.0,9.6,E
New Caledonia,NCL,Oceania,2023,2020,0.613,5.068,17.483,289879.0,9.04,E
New Caledonia,NCL,Oceania,2024,2020,1.306,5.287,18.064,292655.0,12.64,E
Niger,NER,Africa,1970,1970,0.039,0.216,0.046,4650272.0,,E
Niger,NER,Africa,1971,1970,-0.106,0.23,0.048,4776227.0,,E
Niger,NER,Africa,1972,1970,0.324,0.252,0.051,4904847.0,,E
Niger,NER,Africa,1973,1970,0.411,0.327,0.065,5037868.0,,E
Niger,NER,Africa,1974,1970,-0.036,0.288,0.056,5174956.0,,E
Niger,NER,Africa,1975,1970,-0.461,0.333,0.063,5317022.0,,E
Niger,NER,Africa,1976,1970,0.237,0.331,0.061,5464963.0,,E
Niger,NER,Africa,1977,1970,-0.398,0.363,0.065,5619722.0,,E
Niger,NER,Africa,1978,1970,0.157,0.413,0.071,5782939.0,,E
Niger,NER,Africa,1979,1970,0.683,0.476,0.08,5955557.0,,E
Niger,NER,Africa,1980,1980,0.489,0.566,0.092,6135968.0,,E
Niger,NER,Africa,1981,1980,0.028,0.68,0.108,6322011.0,,E
Niger,NER,Africa,1982,1980,0.365,0.742,0.114,6512733.0,,E
Niger,NER,Africa,1983,1980,0.02,0.958,0.143,6708646.0,,E
Niger,NER,Africa,1984,1980,0.591,0.987,0.143,6909974.0,,E
Niger,NER,Africa,1985,1980,0.273,0.99,0.139,7118457.0,,E
Niger,NER,Africa,1986,1980,0.716,0.894,0.122,7335814.0,,E
Niger,NER,Africa,1987,1980,0.646,0.993,0.131,7561154.0,,E
Niger,NER,Africa,1988,1980,0.568,0.983,0.126,7793752.0,,E
Niger,NER,Africa,1989,1980,-0.406,1.034,0.129,8034782.0,,E
Niger,NER,Africa,1990,1990,0.505,0.599,0.072,8286066.0,91.36,E
Niger,NER,Africa,1991,1990,0.91,0.566,0.066,8546900.0,92.14,E
Niger,NER,Africa,1992,1990,-0.247,0.521,0.059,8817633.0,92.81,E
Niger,NER,Africa,1993,1990,0.447,0.602,0.066,9100789.0,92.03,E
Niger,NER,Africa,1994,1990,0.352,0.577,0.061,9398266.0,92.57,E
Niger,NER,Africa,1995,1990,0.414,0.558,0.057,9714537.0,93.41,E
Niger,NER,Africa,1996,1990,1.093,0.639,0.064,10044848.0,91.88,E
Niger,NER,Africa,1997,1990,0.734,0.648,0.062,10383977.0,93.54,E
Niger,NER,Africa,1998,1990,0.679,0.696,0.065,10741416.0,93.13,E
Niger,NER,Africa,1999,1990,0.578,0.682,0.061,11117414.0,92.97,E
Niger,NER,Africa,2000,2000,0.706,0.683,0.059,11509634.0,87.62,E
Niger,NER,Africa,2001,2000,0.2,0.646,0.054,11920648.0,87.7,E
Niger,NER,Africa,2002,2000,0.575,0.685,0.055,12349150.0,87.74,E
Niger,NER,Africa,2003,2000,0.812,0.744,0.058,12796979.0,86.97,E
Niger,NER,Africa,2004,2000,0.641,0.795,0.06,13265843.0,86.99,E
Niger,NER,Africa,2005,2000,1.204,0.691,0.05,13756192.0,87.54,E
Niger,NER,Africa,2006,2000,1.22,0.671,0.047,14268583.0,87.43,E
Niger,NER,Africa,2007,2000,0.932,0.706,0.048,14803604.0,86.17,E
Niger,NER,Africa,2008,2000,0.38,0.792,0.052,15361921.0,86.06,E
Niger,NER,Africa,2009,2000,1.471,0.952,0.06,15943673.0,83.25,E
Niger,NER,Africa,2010,2010,1.664,1.16,0.07,16548833.0,80.67,E
Niger,NER,Africa,2011,2010,1.065,1.313,0.076,17176286.0,77.23,E
Niger,NER,Africa,2012,2010,0.699,1.852,0.104,17836770.0,72.71,E
Niger,NER,Africa,2013,2010,0.919,2.078,0.112,18519899.0,78.7,E
Niger,NER,Africa,2014,2010,1.099,2.256,0.117,19215917.0,78.08,E
Niger,NER,Africa,2015,2010,0.904,2.199,0.11,19939496.0,78.88,E
Niger,NER,Africa,2016,2010,1.042,2.142,0.104,20685758.0,80.25,E
Niger,NER,Africa,2017,2010,0.869,2.243,0.105,21435449.0,82.01,E
Niger,NER,Africa,2018,2010,1.081,1.803,0.081,22188074.0,81.97,E
Niger,NER,Africa,2019,2010,0.98,2.513,0.11,22947765.0,80.73,E
Niger,NER,Africa,2020,2020,0.809,3.04,0.128,23717615.0,81.91,E
Niger,NER,Africa,2021,2020,1.476,2.588,0.106,24502145.0,79.6,E
Niger,NER,Africa,2022,2020,0.449,3.201,0.126,25311978.0,77.77,E
Niger,NER,Africa,2023,2020,1.523,3.133,0.12,26159863.0,73.63,E
Niger,NER,Africa,2024,2020,1.165,3.17,0.117,27032417.0,,E
Norfolk Island,NFK,Oceania,1970,1970,0.446,,,,,E
Norfolk Island,NFK,Oceania,1971,1970,0.378,,,,,E
Norfolk Island,NFK,Oceania,1972,1970,-0.088,,,,,E
Norfolk Island,NFK,Oceania,1973,1970,0.758,,,,,E
Norfolk Island,NFK,Oceania,1974,1970,,,,,,O
Norfolk Island,NFK,Oceania,1975,1970,,,,,,O
Norfolk Island,NFK,Oceania,1976,1970,-0.179,,,,,E
Norfolk Island,NFK,Oceania,1977,1970,-0.246,,,,,E
Norfolk Island,NFK,Oceania,1978,1970,-0.118,,,,,E
Norfolk Island,NFK,Oceania,1979,1970,0.015,,,,,E
Norfolk Island,NFK,Oceania,1980,1980,-0.032,,,,,E
Norfolk Island,NFK,Oceania,1981,1980,0.195,,,,,E
Norfolk Island,NFK,Oceania,1982,1980,-0.042,,,,,E
Norfolk Island,NFK,Oceania,1983,1980,0.269,,,,,E
Norfolk Island,NFK,Oceania,1984,1980,0.149,,,,,E
Norfolk Island,NFK,Oceania,1985,1980,0.212,,,,,E
Norfolk Island,NFK,Oceania,1986,1980,0.282,,,,,E
Norfolk Island,NFK,Oceania,1987,1980,-0.015,,,,,E
Norfolk Island,NFK,Oceania,1988,1980,0.8,,,,,E
Norfolk Island,NFK,Oceania,1989,1980,0.516,,,,,E
Norfolk Island,NFK,Oceania,1990,1990,0.486,,,,,E
Norfolk Island,NFK,Oceania,1991,1990,0.131,,,,,E
Norfolk Island,NFK,Oceania,1992,1990,-0.143,,,,,E
Norfolk Island,NFK,Oceania,1993,1990,-0.107,,,,,E
Norfolk Island,NFK,Oceania,1994,1990,-0.161,,,,,E
Norfolk Island,NFK,Oceania,1995,1990,0.463,,,,,E
Norfolk Island,NFK,Oceania,1996,1990,0.818,,,,,E
Norfolk Island,NFK,Oceania,1997,1990,-0.165,,,,,E
Norfolk Island,NFK,Oceania,1998,1990,1.409,,,,,E
Norfolk Island,NFK,Oceania,1999,1990,,,,,,O
Norfolk Island,NFK,Oceania,2000,2000,-0.051,,,,,E
Norfolk Island,NFK,Oceania,2001,2000,0.25,,,,,E
Norfolk Island,NFK,Oceania,2002,2000,0.166,,,,,E
Norfolk Island,NFK,Oceania,2003,2000,0.045,,,,,E
Norfolk Island,NFK,Oceania,2004,2000,0.294,,,,,E
Norfolk Island,NFK,Oceania,2005,2000,0.326,,,,,E
Norfolk Island,NFK,Oceania,2006,2000,0.208,,,,,E
Norfolk Island,NFK,Oceania,2007,2000,0.294,,,,,E
Norfolk Island,NFK,Oceania,2008,2000,0.183,,,,,E
Norfolk Island,NFK,Oceania,2009,2000,0.357,,,,,E
Norfolk Island,NFK,Oceania,2010,2010,0.62,,,,,E
Norfolk Island,NFK,Oceania,2011,2010,0.721,,,,,E
Norfolk Island,NFK,Oceania,2012,2010,0.251,,,,,E
Norfolk Island,NFK,Oceania,2013,2010,0.303,,,,,E
Norfolk Island,NFK,Oceania,2014,2010,0.145,,,,,E
Norfolk Island,NFK,Oceania,2015,2010,0.682,,,,,E
Norfolk Island,NFK,Oceania,2016,2010,1.2,,,,,E
Norfolk Island,NFK,Oceania,2017,2010,0.867,,,,,E
Norfolk Island,NFK,Oceania,2018,2010,0.851,,,,,E
Norfolk Island,NFK,Oceania,2019,2010,0.817,,,,,E
Norfolk Island,NFK,Oceania,2020,2020,0.854,,,,,E
Norfolk Island,NFK,Oceania,2021,2020,0.763,,,,,E
Norfolk Island,NFK,Oceania,2022,2020,1.375,,,,,E
Norfolk Island,NFK,Oceania,2023,2020,0.384,,,,,E
Norfolk Island,NFK,Oceania,2024,2020,1.317,,,,,E
Nigeria,NGA,Africa,1970,1970,0.198,21.52,0.385,55893836.0,,E
Nigeria,NGA,Africa,1971,1970,-0.079,32.248,0.564,57214688.0,,E
Nigeria,NGA,Africa,1972,1970,0.092,41.376,0.706,58601749.0,,E
Nigeria,NGA,Africa,1973,1970,0.822,49.513,0.824,60082138.0,,E
Nigeria,NGA,Africa,1974,1970,0.099,62.21,1.009,61679153.0,,E
Nigeria,NGA,Africa,1975,1970,-0.301,47.316,0.746,63410821.0,,E
Nigeria,NGA,Africa,1976,1970,0.043,55.157,0.845,65258000.0,,E
Nigeria,NGA,Africa,1977,1970,0.291,50.468,0.751,67234590.0,,E
Nigeria,NGA,Africa,1978,1970,0.025,48.185,0.695,69326531.0,,E
Nigeria,NGA,Africa,1979,1970,0.549,70.143,0.981,71498241.0,,E
Nigeria,NGA,Africa,1980,1980,0.4,67.987,0.922,73764641.0,,E
Nigeria,NGA,Africa,1981,1980,0.176,65.751,0.864,76068116.0,,E
Nigeria,NGA,Africa,1982,1980,0.365,65.309,0.833,78378699.0,,E
Nigeria,NGA,Africa,1983,1980,0.257,59.622,0.741,80438257.0,,E
Nigeria,NGA,Africa,1984,1980,0.795,69.338,0.84,82526444.0,,E
Nigeria,NGA,Africa,1985,1980,0.406,69.561,0.819,84897973.0,,E
Nigeria,NGA,Africa,1986,1980,0.534,73.107,0.838,87235959.0,,E
Nigeria,NGA,Africa,1987,1980,0.838,58.942,0.658,89591718.0,,E
Nigeria,NGA,Africa,1988,1980,0.533,70.347,0.764,92020088.0,,E
Nigeria,NGA,Africa,1989,1980,-0.383,42.046,0.445,94531022.0,,E
Nigeria,NGA,Africa,1990,1990,0.596,38.786,0.399,97120926.0,64.76,E
Nigeria,NGA,Africa,1991,1990,0.64,41.841,0.42,99720161.0,61.64,E
Nigeria,NGA,Africa,1992,1990,-0.083,46.162,0.451,102372779.0,57.73,E
Nigeria,NGA,Africa,1993,1990,0.493,44.705,0.425,105122075.0,61.1,E
Nigeria,NGA,Africa,1994,1990,0.421,80.36,0.745,107935717.0,65.57,E
Nigeria,NGA,Africa,1995,1990,0.379,84.23,0.76,110819430.0,64.23,E
Nigeria,NGA,Africa,1996,1990,0.754,97.767,0.859,113754783.0,62.6,E
Nigeria,NGA,Africa,1997,1990,0.665,95.649,0.819,116754790.0,59.64,E
Nigeria,NGA,Africa,1998,1990,1.061,86.338,0.72,119846261.0,62.97,E
Nigeria,NGA,Africa,1999,1990,0.784,84.838,0.689,123047324.0,62.75,E
Nigeria,NGA,Africa,2000,2000,0.547,96.831,0.766,126382490.0,60.23,E
Nigeria,NGA,Africa,2001,2000,0.263,100.218,0.772,129862594.0,57.62,E
Nigeria,NGA,Africa,2002,2000,0.78,89.906,0.674,133471995.0,57.96,E
Nigeria,NGA,Africa,2003,2000,0.83,100.03,0.729,137202646.0,54.7,E
Nigeria,NGA,Africa,2004,2000,0.758,94.962,0.673,141057045.0,56.64,E
Nigeria,NGA,Africa,2005,2000,1.176,101.666,0.701,145017256.0,56.55,E
Nigeria,NGA,Africa,2006,2000,1.201,90.097,0.604,149077335.0,60.01,E
Nigeria,NGA,Africa,2007,2000,0.831,82.17,0.536,153267254.0,62.66,E
Nigeria,NGA,Africa,2008,2000,0.603,86.489,0.549,157595014.0,60.03,E
Nigeria,NGA,Africa,2009,2000,1.314,77.031,0.475,162049466.0,65.11,E
Nigeria,NGA,Africa,2010,2010,1.453,112.05,0.672,166642888.0,61.26,E
Nigeria,NGA,Africa,2011,2010,0.876,126.115,0.736,171379602.0,57.96,E
Nigeria,NGA,Africa,2012,2010,0.553,110.125,0.625,176200627.0,58.45,E
Nigeria,NGA,Africa,2013,2010,0.947,117.401,0.648,181049440.0,54.14,E
Nigeria,NGA,Africa,2014,2010,1.038,123.971,0.667,185896917.0,49.53,E
Nigeria,NGA,Africa,2015,2010,1.22,110.525,0.58,190671883.0,51.89,E
Nigeria,NGA,Africa,2016,2010,1.202,116.396,0.596,195443698.0,51.6,E
Nigeria,NGA,Africa,2017,2010,1.17,112.54,0.562,200254580.0,52.59,E
Nigeria,NGA,Africa,2018,2010,1.096,106.786,0.521,204938752.0,51.49,E
Nigeria,NGA,Africa,2019,2010,1.236,127.859,0.61,209485637.0,50.46,E
Nigeria,NGA,Africa,2020,2020,1.107,124.899,0.584,213996185.0,53.32,E
Nigeria,NGA,Africa,2021,2020,1.62,147.777,0.676,218529286.0,51.31,E
Nigeria,NGA,Africa,2022,2020,0.874,131.441,0.589,223150906.0,50.77,E
Nigeria,NGA,Africa,2023,2020,1.485,129.376,0.568,227882949.0,52.67,E
Nigeria,NGA,Africa,2024,2020,1.417,135.824,0.584,232679482.0,,E
Nicaragua,NIC,North America,1970,1970,-0.275,1.403,0.579,2423065.0,,E
Nicaragua,NIC,North America,1971,1970,-0.424,1.505,0.602,2499829.0,,E
Nicaragua,NIC,North America,1972,1970,0.193,1.604,0.623,2573583.0,,E
Nicaragua,NIC,North America,1973,1970,0.336,1.828,0.69,2649283.0,,E
Nicaragua,NIC,North America,1974,1970,-0.221,1.948,0.713,2732073.0,,E
Nicaragua,NIC,North America,1975,1970,0.031,1.927,0.684,2816947.0,,E
Nicaragua,NIC,North America,1976,1970,-0.101,2.222,0.765,2903850.0,,E
Nicaragua,NIC,North America,1977,1970,0.504,2.833,0.947,2992532.0,,E
Nicaragua,NIC,North America,1978,1970,0.236,2.627,0.853,3080323.0,,E
Nicaragua,NIC,North America,1979,1970,0.219,1.709,0.54,3164524.0,,E
Nicaragua,NIC,North America,1980,1980,0.479,2.022,0.622,3252404.0,,E
Nicaragua,NIC,North America,1981,1980,0.227,2.134,0.638,3345679.0,,E
Nicaragua,NIC,North America,1982,1980,0.309,2.11,0.614,3438747.0,,E
Nicaragua,NIC,North America,1983,1980,0.638,1.996,0.565,3530286.0,,E
Nicaragua,NIC,North America,1984,1980,0.102,1.846,0.51,3619109.0,,E
Nicaragua,NIC,North America,1985,1980,-0.068,1.984,0.535,3706480.0,,E
Nicaragua,NIC,North America,1986,1980,0.012,2.255,0.594,3794161.0,,E
Nicaragua,NIC,North America,1987,1980,0.671,2.43,0.626,3882168.0,,E
Nicaragua,NIC,North America,1988,1980,0.43,2.239,0.564,3972317.0,,E
Nicaragua,NIC,North America,1989,1980,0.009,1.468,0.361,4066483.0,,E
Nicaragua,NIC,North America,1990,1990,0.306,2.043,0.491,4162566.0,68.83,E
Nicaragua,NIC,North America,1991,1990,0.302,1.984,0.466,4259636.0,70.59,E
Nicaragua,NIC,North America,1992,1990,0.326,2.37,0.544,4357031.0,67.17,E
Nicaragua,NIC,North America,1993,1990,0.321,2.28,0.512,4453733.0,67.65,E
Nicaragua,NIC,North America,1994,1990,0.618,2.514,0.553,4549317.0,64.57,E
Nicaragua,NIC,North America,1995,1990,0.825,2.751,0.592,4642933.0,64.59,E
Nicaragua,NIC,North America,1996,1990,0.009,2.842,0.601,4729979.0,63.92,E
Nicaragua,NIC,North America,1997,1990,0.735,3.108,0.646,4809574.0,62.8,E
Nicaragua,NIC,North America,1998,1990,1.291,3.386,0.693,4883659.0,60.47,E
Nicaragua,NIC,North America,1999,1990,0.263,3.59,0.725,4954021.0,59.44,E
Nicaragua,NIC,North America,2000,2000,0.185,3.71,0.739,5022636.0,58.42,E
Nicaragua,NIC,North America,2001,2000,0.34,3.909,0.768,5087827.0,56.66,E
Nicaragua,NIC,North America,2002,2000,0.629,3.976,0.772,5149914.0,54.54,E
Nicaragua,NIC,North America,2003,2000,0.937,4.31,0.827,5210970.0,51.49,E
Nicaragua,NIC,North America,2004,2000,0.79,4.362,0.827,5272909.0,51.17,E
Nicaragua,NIC,North America,2005,2000,0.901,4.253,0.796,5342108.0,52.76,E
Nicaragua,NIC,North America,2006,2000,0.856,4.407,0.813,5418857.0,53.29,E
Nicaragua,NIC,North America,2007,2000,0.971,4.54,0.826,5497247.0,52.61,E
Nicaragua,NIC,North America,2008,2000,0.473,4.353,0.781,5576597.0,53.77,E
Nicaragua,NIC,North America,2009,2000,0.975,4.432,0.784,5656602.0,54.56,E
Nicaragua,NIC,North America,2010,2010,0.877,4.453,0.776,5737451.0,54.44,E
Nicaragua,NIC,North America,2011,2010,0.589,4.789,0.823,5819051.0,53.3,E
Nicaragua,NIC,North America,2012,2010,0.686,4.534,0.768,5901290.0,53.27,E
Nicaragua,NIC,North America,2013,2010,1.037,4.586,0.766,5983852.0,54.28,E
Nicaragua,NIC,North America,2014,2010,0.997,4.72,0.778,6066493.0,53.02,E
Nicaragua,NIC,North America,2015,2010,1.254,5.408,0.879,6149417.0,50.0,E
Nicaragua,NIC,North America,2016,2010,1.363,5.379,0.863,6232664.0,49.53,E
Nicaragua,NIC,North America,2017,2010,0.968,5.441,0.861,6316235.0,48.91,E
Nicaragua,NIC,North America,2018,2010,0.985,5.178,0.809,6400074.0,51.31,E
Nicaragua,NIC,North America,2019,2010,1.419,5.208,0.803,6483660.0,50.46,E
Nicaragua,NIC,North America,2020,2020,1.459,4.641,0.707,6565267.0,52.25,E
Nicaragua,NIC,North America,2021,2020,1.177,5.133,0.772,6644745.0,50.36,E
Nicaragua,NIC,North America,2022,2020,0.994,5.131,0.762,6730662.0,49.82,E
Nicaragua,NIC,North America,2023,2020,1.667,5.428,0.796,6823619.0,51.61,E
Nicaragua,NIC,North America,2024,2020,1.887,5.63,0.814,6916136.0,,E
Niue,NIU,Oceania,1970,1970,,0.004,0.714,5133.0,,O
Niue,NIU,Oceania,1971,1970,,0.004,0.724,5059.0,,O
Niue,NIU,Oceania,1972,1970,-0.306,0.004,0.746,4914.0,,E
Niue,NIU,Oceania,1973,1970,0.352,0.004,0.777,4718.0,,E
Niue,NIU,Oceania,1974,1970,-0.132,0.004,0.815,4497.0,,E
Niue,NIU,Oceania,1975,1970,-0.3,0.004,0.862,4253.0,,E
Niue,NIU,Oceania,1976,1970,0.024,0.004,0.913,4013.0,,E
Niue,NIU,Oceania,1977,1970,-0.136,0.004,0.947,3868.0,,E
Niue,NIU,Oceania,1978,1970,0.016,0.004,0.97,3776.0,,E
Niue,NIU,Oceania,1979,1970,-0.042,0.004,0.998,3673.0,,E
Niue,NIU,Oceania,1980,1980,-0.118,0.004,1.032,3550.0,,E
Niue,NIU,Oceania,1981,1980,-0.318,0.004,1.074,3413.0,,E
Niue,NIU,Oceania,1982,1980,-0.106,0.004,1.117,3281.0,,E
Niue,NIU,Oceania,1983,1980,0.156,0.004,1.171,3129.0,,E
Niue,NIU,Oceania,1984,1980,0.257,0.004,1.232,2974.0,,E
Niue,NIU,Oceania,1985,1980,0.062,0.004,1.307,2803.0,,E
Niue,NIU,Oceania,1986,1980,-0.056,0.004,1.378,2658.0,,E
Niue,NIU,Oceania,1987,1980,0.054,0.004,1.418,2584.0,,E
Niue,NIU,Oceania,1988,1980,0.523,0.004,1.432,2559.0,,E
Niue,NIU,Oceania,1989,1980,0.085,0.004,1.444,2537.0,,E
Niue,NIU,Oceania,1990,1990,0.185,0.007,2.924,2506.0,0.57,E
Niue,NIU,Oceania,1991,1990,0.427,0.007,2.96,2476.0,0.57,E
Niue,NIU,Oceania,1992,1990,0.058,0.007,3.0,2443.0,1.84,E
Niue,NIU,Oceania,1993,1990,,0.007,3.05,2403.0,0.56,O
Niue,NIU,Oceania,1994,1990,,0.007,3.102,2362.0,0.56,O
Niue,NIU,Oceania,1995,1990,,0.004,1.575,2326.0,0.6,O
Niue,NIU,Oceania,1996,1990,,0.004,1.6,2290.0,0.6,O
Niue,NIU,Oceania,1997,1990,,0.004,1.634,2242.0,0.6,O
Niue,NIU,Oceania,1998,1990,,0.007,3.351,2187.0,0.61,O
Niue,NIU,Oceania,1999,1990,,0.007,3.428,2138.0,0.61,O
Niue,NIU,Oceania,2000,2000,,0.007,3.544,2068.0,0.6,O
Niue,NIU,Oceania,2001,2000,,0.007,3.651,2007.0,0.58,O
Niue,NIU,Oceania,2002,2000,,0.007,3.729,1965.0,0.63,O
Niue,NIU,Oceania,2003,2000,,0.004,1.9,1928.0,0.71,O
Niue,NIU,Oceania,2004,2000,,0.004,1.938,1891.0,0.79,O
Niue,NIU,Oceania,2005,2000,,0.004,1.982,1849.0,0.83,O
Niue,NIU,Oceania,2006,2000,,0.004,2.015,1818.0,0.79,O
Niue,NIU,Oceania,2007,2000,,0.004,2.024,1810.0,0.96,O
Niue,NIU,Oceania,2008,2000,,0.007,4.06,1805.0,0.57,O
Niue,NIU,Oceania,2009,2000,,0.004,2.034,1801.0,0.86,O
Niue,NIU,Oceania,2010,2010,,0.004,2.052,1786.0,1.38,O
Niue,NIU,Oceania,2011,2010,,0.004,2.063,1776.0,1.27,O
Niue,NIU,Oceania,2012,2010,,0.004,2.054,1784.0,1.19,O
Niue,NIU,Oceania,2013,2010,,0.007,4.103,1786.0,1.17,O
Niue,NIU,Oceania,2014,2010,,0.007,4.089,1792.0,1.16,O
Niue,NIU,Oceania,2015,2010,,0.007,4.064,1803.0,1.11,O
Niue,NIU,Oceania,2016,2010,,0.007,4.058,1806.0,1.05,O
Niue,NIU,Oceania,2017,2010,,0.007,4.064,1803.0,1.07,O
Niue,NIU,Oceania,2018,2010,,0.007,4.06,1805.0,3.02,O
Niue,NIU,Oceania,2019,2010,,0.007,4.04,1814.0,2.96,O
Niue,NIU,Oceania,2020,2020,,0.007,4.022,1822.0,3.04,O
Niue,NIU,Oceania,2021,2020,,0.007,3.991,1836.0,2.95,O
Niue,NIU,Oceania,2022,2020,,0.007,3.974,1844.0,2.76,O
Niue,NIU,Oceania,2023,2020,,0.007,3.961,1841.0,2.72,O
Niue,NIU,Oceania,2024,2020,,0.008,4.143,1841.0,2.72,O
Netherlands (Kingdom of the),NLD,Europe,1970,1970,-0.589,141.811,10.865,13052082.0,,E
Netherlands (Kingdom of the),NLD,Europe,1971,1970,0.048,140.67,10.65,13208353.0,,E
Netherlands (Kingdom of the),NLD,Europe,1972,1970,-0.115,157.499,11.804,13342780.0,,E
Netherlands (Kingdom of the),NLD,Europe,1973,1970,0.291,165.264,12.284,13453743.0,,E
Netherlands (Kingdom of the),NLD,Europe,1974,1970,0.23,159.989,11.799,13559671.0,,E
Netherlands (Kingdom of the),NLD,Europe,1975,1970,1.035,152.529,11.15,13680033.0,,E
Netherlands (Kingdom of the),NLD,Europe,1976,1970,0.711,169.131,12.268,13786641.0,,E
Netherlands (Kingdom of the),NLD,Europe,1977,1970,0.161,163.609,11.797,13868605.0,,E
Netherlands (Kingdom of the),NLD,Europe,1978,1970,-0.067,169.793,12.168,13953922.0,,E
Netherlands (Kingdom of the),NLD,Europe,1979,1970,-0.907,187.007,13.31,14050176.0,,E
Netherlands (Kingdom of the),NLD,Europe,1980,1980,0.008,176.635,12.472,14162686.0,,E
Netherlands (Kingdom of the),NLD,Europe,1981,1980,0.332,164.113,11.506,14262691.0,,E
Netherlands (Kingdom of the),NLD,Europe,1982,1980,0.462,133.491,9.313,14333902.0,,E
Netherlands (Kingdom of the),NLD,Europe,1983,1980,0.865,137.361,9.541,14396898.0,,E
Netherlands (Kingdom of the),NLD,Europe,1984,1980,0.062,144.073,9.962,14462809.0,,E
Netherlands (Kingdom of the),NLD,Europe,1985,1980,-0.85,146.98,10.109,14538958.0,,E
Netherlands (Kingdom of the),NLD,Europe,1986,1980,-0.194,144.014,9.846,14626488.0,,E
Netherlands (Kingdom of the),NLD,Europe,1987,1980,-0.501,151.484,10.288,14724948.0,,E
Netherlands (Kingdom of the),NLD,Europe,1988,1980,0.797,145.603,9.821,14825915.0,,E
Netherlands (Kingdom of the),NLD,Europe,1989,1980,1.541,161.664,10.835,14921107.0,,E
Netherlands (Kingdom of the),NLD,Europe,1990,1990,1.566,163.033,10.847,15030886.0,1.18,E
Netherlands (Kingdom of the),NLD,Europe,1991,1990,0.264,171.469,11.314,15155093.0,1.15,E
Netherlands (Kingdom of the),NLD,Europe,1992,1990,1.185,171.277,11.212,15276787.0,1.19,E
Netherlands (Kingdom of the),NLD,Europe,1993,1990,0.251,171.185,11.123,15389718.0,1.19,E
Netherlands (Kingdom of the),NLD,Europe,1994,1990,1.371,171.952,11.104,15485453.0,1.24,E
Netherlands (Kingdom of the),NLD,Europe,1995,1990,1.548,173.482,11.146,15565034.0,1.25,E
Netherlands (Kingdom of the),NLD,Europe,1996,1990,-0.771,182.543,11.671,15640032.0,1.27,E
Netherlands (Kingdom of the),NLD,Europe,1997,1990,0.619,175.466,11.159,15723621.0,1.48,E
Netherlands (Kingdom of the),NLD,Europe,1998,1990,1.075,176.396,11.145,15827109.0,1.55,E
Netherlands (Kingdom of the),NLD,Europe,1999,1990,1.582,171.053,10.731,15940183.0,1.63,E
Netherlands (Kingdom of the),NLD,Europe,2000,2000,1.602,172.154,10.72,16058757.0,1.73,E
Netherlands (Kingdom of the),NLD,Europe,2001,2000,1.275,177.464,10.966,16182705.0,1.76,E
Netherlands (Kingdom of the),NLD,Europe,2002,2000,1.533,176.738,10.851,16288060.0,1.91,E
Netherlands (Kingdom of the),NLD,Europe,2003,2000,1.213,180.169,11.008,16366914.0,1.9,E
Netherlands (Kingdom of the),NLD,Europe,2004,2000,1.167,182.09,11.086,16425562.0,2.22,E
Netherlands (Kingdom of the),NLD,Europe,2005,2000,1.26,178.13,10.818,16465707.0,2.74,E
Netherlands (Kingdom of the),NLD,Europe,2006,2000,1.515,173.279,10.506,16493851.0,3.11,E
Netherlands (Kingdom of the),NLD,Europe,2007,2000,2.081,173.028,10.467,16531360.0,3.68,E
Netherlands (Kingdom of the),NLD,Europe,2008,2000,1.435,175.904,10.598,16597259.0,3.94,E
Netherlands (Kingdom of the),NLD,Europe,2009,2000,1.217,170.433,10.215,16684148.0,4.38,E
Netherlands (Kingdom of the),NLD,Europe,2010,2010,0.097,182.479,10.88,16771232.0,3.85,E
Netherlands (Kingdom of the),NLD,Europe,2011,2010,1.064,169.346,10.05,16851061.0,4.69,E
Netherlands (Kingdom of the),NLD,Europe,2012,2010,1.148,165.752,9.799,16915191.0,4.9,E
Netherlands (Kingdom of the),NLD,Europe,2013,2010,0.423,164.925,9.72,16967066.0,4.96,E
Netherlands (Kingdom of the),NLD,Europe,2014,2010,2.553,157.503,9.249,17030085.0,5.57,E
Netherlands (Kingdom of the),NLD,Europe,2015,2010,1.282,163.958,9.584,17107429.0,5.78,E
Netherlands (Kingdom of the),NLD,Europe,2016,2010,1.926,164.812,9.579,17204693.0,5.63,E
Netherlands (Kingdom of the),NLD,Europe,2017,2010,1.714,162.296,9.373,17315376.0,6.4,E
Netherlands (Kingdom of the),NLD,Europe,2018,2010,2.128,158.264,9.085,17421285.0,7.44,E
Netherlands (Kingdom of the),NLD,Europe,2019,2010,2.129,152.727,8.709,17537505.0,8.59,E
Netherlands (Kingdom of the),NLD,Europe,2020,2020,2.461,136.974,7.766,17636732.0,10.69,E
Netherlands (Kingdom of the),NLD,Europe,2021,2020,1.3,139.886,7.89,17730565.0,12.23,E
Netherlands (Kingdom of the),NLD,Europe,2022,2020,2.579,127.503,7.121,17904421.0,14.35,E
Netherlands (Kingdom of the),NLD,Europe,2023,2020,2.329,117.016,6.468,18092526.0,15.91,E
Netherlands (Kingdom of the),NLD,Europe,2024,2020,2.721,114.785,6.297,18228740.0,,E
Norway,NOR,Europe,1970,1970,-0.689,27.979,7.22,3875351.0,,E
Norway,NOR,Europe,1971,1970,-0.073,27.166,6.961,3902754.0,,E
Norway,NOR,Europe,1972,1970,0.938,29.395,7.474,3932913.0,,E
Norway,NOR,Europe,1973,1970,0.925,30.492,7.699,3960597.0,,E
Norway,NOR,Europe,1974,1970,0.975,27.69,6.948,3985283.0,,E
Norway,NOR,Europe,1975,1970,1.068,30.602,7.636,4007368.0,,E
Norway,NOR,Europe,1976,1970,-0.032,33.332,8.279,4026219.0,,E
Norway,NOR,Europe,1977,1970,-0.545,33.309,8.238,4043259.0,,E
Norway,NOR,Europe,1978,1970,-0.093,32.625,8.038,4058668.0,,E
Norway,NOR,Europe,1979,1970,-1.064,34.625,8.502,4072499.0,,E
Norway,NOR,Europe,1980,1980,-0.306,31.777,7.778,4085603.0,,E
Norway,NOR,Europe,1981,1980,-0.487,31.805,7.758,4099675.0,,E
Norway,NOR,Europe,1982,1980,-0.045,30.912,7.513,4114742.0,,E
Norway,NOR,Europe,1983,1980,0.643,31.947,7.739,4128332.0,,E
Norway,NOR,Europe,1984,1980,0.544,33.81,8.167,4139970.0,,E
Norway,NOR,Europe,1985,1980,-0.583,32.286,7.775,4152399.0,,E
Norway,NOR,Europe,1986,1980,-0.42,34.785,8.347,4167252.0,,E
Norway,NOR,Europe,1987,1980,-0.819,33.207,7.931,4186818.0,,E
Norway,NOR,Europe,1988,1980,0.489,35.592,8.455,4209470.0,,E
Norway,NOR,Europe,1989,1980,1.752,34.148,8.079,4226914.0,,E
Norway,NOR,Europe,1990,1990,1.529,35.009,8.254,4241440.0,59.17,E
Norway,NOR,Europe,1991,1990,0.991,33.466,7.853,4261618.0,60.78,E
Norway,NOR,Europe,1992,1990,1.135,34.402,8.026,4286255.0,61.37,E
Norway,NOR,Europe,1993,1990,0.709,35.948,8.337,4311864.0,61.09,E
Norway,NOR,Europe,1994,1990,0.076,37.863,8.731,4336467.0,60.39,E
Norway,NOR,Europe,1995,1990,0.955,38.469,8.825,4358991.0,60.04,E
Norway,NOR,Europe,1996,1990,-0.048,41.54,9.482,4381137.0,57.85,E
Norway,NOR,Europe,1997,1990,0.776,41.644,9.454,4404988.0,58.83,E
Norway,NOR,Europe,1998,1990,0.396,41.838,9.441,4431308.0,59.51,E
Norway,NOR,Europe,1999,1990,1.272,42.609,9.55,4461789.0,59.41,E
Norway,NOR,Europe,2000,2000,1.442,42.131,9.381,4490864.0,60.18,E
Norway,NOR,Europe,2001,2000,0.628,43.519,9.642,4513650.0,59.59,E
Norway,NOR,Europe,2002,2000,1.406,42.571,9.381,4538016.0,59.47,E
Norway,NOR,Europe,2003,2000,1.104,43.919,9.622,4564666.0,56.23,E
Norway,NOR,Europe,2004,2000,1.313,44.257,9.638,4591739.0,56.85,E
Norway,NOR,Europe,2005,2000,1.769,43.279,9.361,4623120.0,58.56,E
Norway,NOR,Europe,2006,2000,1.517,43.859,9.411,4660487.0,57.02,E
Norway,NOR,Europe,2007,2000,1.708,45.605,9.685,4709017.0,57.36,E
Norway,NOR,Europe,2008,2000,1.62,44.692,9.373,4768097.0,58.45,E
Norway,NOR,Europe,2009,2000,1.401,43.098,8.926,4828625.0,56.68,E
Norway,NOR,Europe,2010,2010,-0.333,45.659,9.339,4889160.0,56.0,E
Norway,NOR,Europe,2011,2010,1.413,44.775,9.04,4952969.0,55.98,E
Norway,NOR,Europe,2012,2010,1.07,44.258,8.819,5018453.0,56.94,E
Norway,NOR,Europe,2013,2010,0.806,44.539,8.767,5080126.0,56.6,E
Norway,NOR,Europe,2014,2010,2.43,44.975,8.754,5137397.0,55.74,E
Norway,NOR,Europe,2015,2010,1.791,45.523,8.772,5189777.0,56.54,E
Norway,NOR,Europe,2016,2010,1.733,44.708,8.539,5235974.0,57.68,E
Norway,NOR,Europe,2017,2010,1.563,44.197,8.376,5276807.0,58.85,E
Norway,NOR,Europe,2018,2010,1.505,44.472,8.372,5311751.0,58.91,E
Norway,NOR,Europe,2019,2010,1.212,42.866,8.016,5347733.0,59.7,E
Norway,NOR,Europe,2020,2020,2.393,41.275,7.673,5379275.0,60.81,E
Norway,NOR,Europe,2021,2020,1.52,41.058,7.592,5408082.0,61.67,E
Norway,NOR,Europe,2022,2020,1.923,40.833,7.483,5456796.0,60.28,E
Norway,NOR,Europe,2023,2020,1.222,38.869,7.043,5519167.0,61.03,E
Norway,NOR,Europe,2024,2020,1.933,37.183,6.668,5576656.0,,E
Nepal,NPL,Asia,1970,1970,0.113,0.227,0.018,12436191.0,,E
Nepal,NPL,Asia,1971,1970,-0.509,0.198,0.016,12710069.0,,E
Nepal,NPL,Asia,1972,1970,0.076,0.267,0.021,12989103.0,,E
Nepal,NPL,Asia,1973,1970,0.303,0.421,0.032,13275240.0,,E
Nepal,NPL,Asia,1974,1970,0.23,0.425,0.031,13568436.0,,E
Nepal,NPL,Asia,1975,1970,-0.042,0.352,0.025,13870692.0,,E
Nepal,NPL,Asia,1976,1970,0.052,0.282,0.02,14177650.0,,E
Nepal,NPL,Asia,1977,1970,0.073,0.336,0.023,14499175.0,,E
Nepal,NPL,Asia,1978,1970,-0.321,0.329,0.022,14839704.0,,E
Nepal,NPL,Asia,1979,1970,0.43,0.512,0.034,15190601.0,,E
Nepal,NPL,Asia,1980,1980,0.211,0.541,0.035,15553106.0,,E
Nepal,NPL,Asia,1981,1980,0.007,0.453,0.028,15922422.0,,E
Nepal,NPL,Asia,1982,1980,-0.103,0.442,0.027,16297996.0,,E
Nepal,NPL,Asia,1983,1980,-0.363,0.492,0.03,16689121.0,,E
Nepal,NPL,Asia,1984,1980,-0.031,0.701,0.041,17085243.0,,E
Nepal,NPL,Asia,1985,1980,0.352,0.676,0.039,17477694.0,,E
Nepal,NPL,Asia,1986,1980,-0.052,0.697,0.039,17868128.0,,E
Nepal,NPL,Asia,1987,1980,0.345,0.861,0.047,18250512.0,,E
Nepal,NPL,Asia,1988,1980,0.572,0.976,0.052,18638660.0,,E
Nepal,NPL,Asia,1989,1980,0.097,0.894,0.047,19057811.0,,E
Nepal,NPL,Asia,1990,1990,-0.015,0.721,0.037,19524579.0,95.12,E
Nepal,NPL,Asia,1991,1990,0.111,1.026,0.051,20036507.0,94.19,E
Nepal,NPL,Asia,1992,1990,-0.013,1.233,0.06,20609708.0,94.16,E
Nepal,NPL,Asia,1993,1990,-0.152,1.397,0.066,21180158.0,93.55,E
Nepal,NPL,Asia,1994,1990,0.187,1.619,0.075,21717483.0,92.38,E
Nepal,NPL,Asia,1995,1990,0.368,2.309,0.104,22245443.0,91.73,E
Nepal,NPL,Asia,1996,1990,0.262,2.353,0.103,22741867.0,91.52,E
Nepal,NPL,Asia,1997,1990,-0.388,2.641,0.114,23219458.0,90.71,E
Nepal,NPL,Asia,1998,1990,0.384,2.223,0.094,23680358.0,90.49,E
Nepal,NPL,Asia,1999,1990,0.708,3.191,0.132,24125201.0,88.05,E
Nepal,NPL,Asia,2000,2000,0.17,3.037,0.124,24546509.0,88.29,E
Nepal,NPL,Asia,2001,2000,0.525,3.236,0.13,24946755.0,87.76,E
Nepal,NPL,Asia,2002,2000,0.619,2.596,0.103,25328989.0,89.94,E
Nepal,NPL,Asia,2003,2000,0.364,2.81,0.109,25688762.0,89.44,E
Nepal,NPL,Asia,2004,2000,0.462,2.582,0.099,26016652.0,90.3,E
Nepal,NPL,Asia,2005,2000,0.839,2.987,0.114,26309462.0,89.52,E
Nepal,NPL,Asia,2006,2000,0.969,2.456,0.092,26565430.0,91.25,E
Nepal,NPL,Asia,2007,2000,0.622,2.57,0.096,26788498.0,91.31,E
Nepal,NPL,Asia,2008,2000,0.458,3.355,0.124,26990036.0,90.47,E
Nepal,NPL,Asia,2009,2000,1.234,4.126,0.152,27173035.0,88.93,E
Nepal,NPL,Asia,2010,2010,1.261,4.828,0.177,27341955.0,87.29,E
Nepal,NPL,Asia,2011,2010,0.33,5.217,0.19,27464499.0,86.95,E
Nepal,NPL,Asia,2012,2010,0.52,5.47,0.199,27534916.0,84.72,E
Nepal,NPL,Asia,2013,2010,0.289,6.218,0.225,27589997.0,86.02,E
Nepal,NPL,Asia,2014,2010,0.425,7.588,0.274,27672373.0,84.04,E
Nepal,NPL,Asia,2015,2010,0.771,6.905,0.248,27823631.0,85.23,E
Nepal,NPL,Asia,2016,2010,1.32,10.088,0.361,27955471.0,79.45,E
Nepal,NPL,Asia,2017,2010,1.292,12.422,0.443,28011258.0,76.76,E
Nepal,NPL,Asia,2018,2010,0.785,14.039,0.5,28079688.0,74.97,E
Nepal,NPL,Asia,2019,2010,0.815,12.75,0.449,28414066.0,78.25,E
Nepal,NPL,Asia,2020,2020,0.295,15.631,0.54,28966580.0,73.09,E
Nepal,NPL,Asia,2021,2020,0.655,15.486,0.525,29475016.0,71.84,E
Nepal,NPL,Asia,2022,2020,0.964,17.609,0.593,29715435.0,74.68,E
Nepal,NPL,Asia,2023,2020,1.171,18.348,0.618,29694614.0,74.02,E
Nepal,NPL,Asia,2024,2020,1.303,18.776,0.633,29651054.0,,E
Nauru,NRU,Oceania,1970,1970,,0.066,9.795,6733.0,,O
Nauru,NRU,Oceania,1971,1970,-0.388,0.088,12.97,6780.0,,E
Nauru,NRU,Oceania,1972,1970,-0.722,0.077,11.264,6831.0,,E
Nauru,NRU,Oceania,1973,1970,0.335,0.084,12.238,6886.0,,E
Nauru,NRU,Oceania,1974,1970,0.347,0.099,14.247,6944.0,,E
Nauru,NRU,Oceania,1975,1970,0.561,0.103,14.629,7013.0,,E
Nauru,NRU,Oceania,1976,1970,,0.103,14.482,7084.0,,O
Nauru,NRU,Oceania,1977,1970,-0.868,0.114,15.811,7184.0,,E
Nauru,NRU,Oceania,1978,1970,0.145,0.114,15.525,7316.0,,E
Nauru,NRU,Oceania,1979,1970,0.305,0.114,15.169,7488.0,,E
Nauru,NRU,Oceania,1980,1980,0.005,0.125,16.242,7670.0,,E
Nauru,NRU,Oceania,1981,1980,0.179,0.125,15.837,7866.0,,E
Nauru,NRU,Oceania,1982,1980,-0.679,0.125,15.458,8059.0,,E
Nauru,NRU,Oceania,1983,1980,-0.411,0.125,15.118,8240.0,,E
Nauru,NRU,Oceania,1984,1980,-0.527,0.125,14.834,8398.0,,E
Nauru,NRU,Oceania,1985,1980,-0.458,0.125,14.531,8573.0,,E
Nauru,NRU,Oceania,1986,1980,,0.161,18.393,8765.0,,O
Nauru,NRU,Oceania,1987,1980,,0.158,17.56,8972.0,,O
Nauru,NRU,Oceania,1988,1980,,0.158,17.157,9183.0,,O
Nauru,NRU,Oceania,1989,1980,-0.2,0.158,16.738,9413.0,,E
Nauru,NRU,Oceania,1990,1990,-0.579,0.125,12.916,9645.0,0.0,E
Nauru,NRU,Oceania,1991,1990,-0.405,0.125,12.618,9873.0,0.0,E
Nauru,NRU,Oceania,1992,1990,-0.833,0.121,12.041,10042.0,0.0,E
Nauru,NRU,Oceania,1993,1990,,0.114,11.22,10123.0,0.0,O
Nauru,NRU,Oceania,1994,1990,,0.11,10.816,10163.0,0.0,O
Nauru,NRU,Oceania,1995,1990,,0.106,10.431,10187.0,0.0,O
Nauru,NRU,Oceania,1996,1990,,0.103,10.052,10206.0,0.0,O
Nauru,NRU,Oceania,1997,1990,,0.103,10.04,10218.0,0.0,O
Nauru,NRU,Oceania,1998,1990,,0.099,9.68,10220.0,0.0,O
Nauru,NRU,Oceania,1999,1990,,0.092,8.974,10207.0,0.0,O
Nauru,NRU,Oceania,2000,2000,,0.088,8.632,10187.0,0.0,O
Nauru,NRU,Oceania,2001,2000,,0.081,7.944,10147.0,0.0,O
Nauru,NRU,Oceania,2002,2000,,0.077,7.614,10105.0,0.0,O
Nauru,NRU,Oceania,2003,2000,,0.066,6.539,10086.0,0.0,O
Nauru,NRU,Oceania,2004,2000,,0.062,6.177,10084.0,0.0,O
Nauru,NRU,Oceania,2005,2000,,0.062,6.185,10071.0,0.0,O
Nauru,NRU,Oceania,2006,2000,,0.044,4.37,10061.0,0.07,O
Nauru,NRU,Oceania,2007,2000,,0.04,4.014,10042.0,0.08,O
Nauru,NRU,Oceania,2008,2000,,0.04,4.018,10032.0,0.08,O
Nauru,NRU,Oceania,2009,2000,,0.04,4.014,10041.0,0.04,O
Nauru,NRU,Oceania,2010,2010,,0.044,4.368,10067.0,0.03,O
Nauru,NRU,Oceania,2011,2010,,0.04,3.984,10116.0,0.05,O
Nauru,NRU,Oceania,2012,2010,,0.04,3.917,10289.0,0.07,O
Nauru,NRU,Oceania,2013,2010,,0.048,4.52,10539.0,0.06,O
Nauru,NRU,Oceania,2014,2010,,0.051,4.765,10766.0,0.05,O
Nauru,NRU,Oceania,2015,2010,,0.055,5.008,10975.0,0.1,O
Nauru,NRU,Oceania,2016,2010,,0.051,4.591,11173.0,0.18,O
Nauru,NRU,Oceania,2017,2010,,0.055,4.842,11351.0,0.6,O
Nauru,NRU,Oceania,2018,2010,,0.055,4.78,11499.0,0.66,O
Nauru,NRU,Oceania,2019,2010,,0.051,4.419,11609.0,0.59,O
Nauru,NRU,Oceania,2020,2020,,0.055,4.712,11665.0,1.34,O
Nauru,NRU,Oceania,2021,2020,,0.055,4.687,11727.0,2.33,O
Nauru,NRU,Oceania,2022,2020,,0.059,4.989,11822.0,2.58,O
Nauru,NRU,Oceania,2023,2020,,0.059,4.933,11900.0,2.57,O
Nauru,NRU,Oceania,2024,2020,,0.061,5.13,11968.0,2.67,O
New Zealand,NZL,Oceania,1970,1970,0.595,14.18,5.024,2822184.0,,E
New Zealand,NZL,Oceania,1971,1970,0.674,15.049,5.249,2867168.0,,E
New Zealand,NZL,Oceania,1972,1970,0.111,16.19,5.546,2919263.0,,E
New Zealand,NZL,Oceania,1973,1970,0.185,18.2,6.11,2978989.0,,E
New Zealand,NZL,Oceania,1974,1970,0.357,18.76,6.169,3041223.0,,E
New Zealand,NZL,Oceania,1975,1970,0.583,18.27,5.905,3094039.0,,E
New Zealand,NZL,Oceania,1976,1970,-0.514,19.249,6.156,3126639.0,,E
New Zealand,NZL,Oceania,1977,1970,-0.391,20.313,6.469,3140129.0,,E
New Zealand,NZL,Oceania,1978,1970,0.382,18.024,5.736,3142245.0,,E
New Zealand,NZL,Oceania,1979,1970,0.309,16.494,5.25,3141596.0,,E
New Zealand,NZL,Oceania,1980,1980,-0.001,17.482,5.556,3146325.0,,E
New Zealand,NZL,Oceania,1981,1980,0.418,16.561,5.241,3159844.0,,E
New Zealand,NZL,Oceania,1982,1980,-0.073,18.27,5.736,3185129.0,,E
New Zealand,NZL,Oceania,1983,1980,-0.307,17.998,5.591,3219281.0,,E
New Zealand,NZL,Oceania,1984,1980,0.159,19.337,5.95,3249828.0,,E
New Zealand,NZL,Oceania,1985,1980,0.382,21.858,6.688,3268030.0,,E
New Zealand,NZL,Oceania,1986,1980,0.365,22.946,6.993,3281510.0,,E
New Zealand,NZL,Oceania,1987,1980,0.397,24.165,7.324,3299443.0,,E
New Zealand,NZL,Oceania,1988,1980,0.514,25.446,7.674,3316026.0,,E
New Zealand,NZL,Oceania,1989,1980,0.769,25.453,7.635,3333822.0,,E
New Zealand,NZL,Oceania,1990,1990,0.609,25.49,7.504,3396981.0,27.96,E
New Zealand,NZL,Oceania,1991,1990,0.043,26.17,7.518,3480933.0,27.58,E
New Zealand,NZL,Oceania,1992,1990,-0.663,28.154,7.971,3532246.0,25.62,E
New Zealand,NZL,Oceania,1993,1990,-0.385,27.746,7.764,3573609.0,27.28,E
New Zealand,NZL,Oceania,1994,1990,-0.074,27.885,7.701,3621030.0,28.18,E
New Zealand,NZL,Oceania,1995,1990,0.122,27.989,7.617,3674434.0,28.72,E
New Zealand,NZL,Oceania,1996,1990,0.246,29.288,7.853,3729383.0,27.67,E
New Zealand,NZL,Oceania,1997,1990,-0.116,31.261,8.277,3776950.0,25.9,E
New Zealand,NZL,Oceania,1998,1990,0.99,29.837,7.828,3811376.0,27.29,E
New Zealand,NZL,Oceania,1999,1990,1.026,31.443,8.198,3835561.0,26.42,E
New Zealand,NZL,Oceania,2000,2000,0.282,32.221,8.353,3857576.0,26.39,E
New Zealand,NZL,Oceania,2001,2000,0.584,34.356,8.828,3891763.0,24.59,E
New Zealand,NZL,Oceania,2002,2000,0.43,34.519,8.737,3951116.0,26.53,E
New Zealand,NZL,Oceania,2003,2000,0.243,36.22,9.004,4022585.0,25.88,E
New Zealand,NZL,Oceania,2004,2000,0.037,35.806,8.768,4083912.0,28.2,E
New Zealand,NZL,Oceania,2005,2000,0.442,37.401,9.045,4135002.0,26.76,E
New Zealand,NZL,Oceania,2006,2000,0.399,37.304,8.92,4181943.0,26.98,E
New Zealand,NZL,Oceania,2007,2000,0.213,36.383,8.615,4223270.0,26.97,E
New Zealand,NZL,Oceania,2008,2000,0.541,37.485,8.796,4261819.0,26.11,E
New Zealand,NZL,Oceania,2009,2000,0.058,34.594,8.037,4304304.0,28.37,E
New Zealand,NZL,Oceania,2010,2010,0.597,34.787,8.001,4347766.0,29.29,E
New Zealand,NZL,Oceania,2011,2010,0.668,34.241,7.813,4382699.0,30.2,E
New Zealand,NZL,Oceania,2012,2010,0.118,35.918,8.142,4411682.0,28.64,E
New Zealand,NZL,Oceania,2013,2010,0.971,35.219,7.908,4453857.0,28.06,E
New Zealand,NZL,Oceania,2014,2010,0.483,35.399,7.827,4522976.0,28.83,E
New Zealand,NZL,Oceania,2015,2010,0.501,35.805,7.76,4614035.0,29.08,E
New Zealand,NZL,Oceania,2016,2010,1.147,34.135,7.24,4714768.0,30.05,E
New Zealand,NZL,Oceania,2017,2010,0.549,35.661,7.41,4812749.0,28.19,E
New Zealand,NZL,Oceania,2018,2010,1.078,35.687,7.282,4900840.0,28.52,E
New Zealand,NZL,Oceania,2019,2010,1.026,36.711,7.358,4989410.0,27.75,E
New Zealand,NZL,Oceania,2020,2020,0.828,34.109,6.728,5069895.0,28.18,E
New Zealand,NZL,Oceania,2021,2020,0.899,34.597,6.773,5107694.0,28.66,E
New Zealand,NZL,Oceania,2022,2020,1.269,31.966,6.229,5131731.0,30.78,E
New Zealand,NZL,Oceania,2023,2020,1.065,31.56,6.101,5172837.0,30.32,E
New Zealand,NZL,Oceania,2024,2020,0.766,32.479,6.229,5213942.0,,E
Oman,OMN,Asia,1970,1970,0.805,0.234,0.354,662691.0,,E
Oman,OMN,Asia,1971,1970,-0.044,2.092,3.072,681125.0,,E
Oman,OMN,Asia,1972,1970,-0.23,2.088,2.981,700591.0,,E
Oman,OMN,Asia,1973,1970,-0.302,2.11,2.926,721182.0,,E
Oman,OMN,Asia,1974,1970,-0.267,2.334,3.124,746995.0,,E
Oman,OMN,Asia,1975,1970,-0.355,7.251,9.31,778871.0,,E
Oman,OMN,Asia,1976,1970,0.198,8.321,10.213,814703.0,,E
Oman,OMN,Asia,1977,1970,0.625,8.5,9.938,855316.0,,E
Oman,OMN,Asia,1978,1970,0.311,7.79,8.652,900312.0,,E
Oman,OMN,Asia,1979,1970,0.329,7.716,8.13,949122.0,,E
Oman,OMN,Asia,1980,1980,0.18,6.042,6.034,1001248.0,,E
Oman,OMN,Asia,1981,1980,0.387,6.013,5.687,1057326.0,,E
Oman,OMN,Asia,1982,1980,-0.353,5.73,5.127,1117686.0,,E
Oman,OMN,Asia,1983,1980,-0.505,7.526,6.37,1181464.0,,E
Oman,OMN,Asia,1984,1980,-0.484,8.053,6.455,1247723.0,,E
Oman,OMN,Asia,1985,1980,0.075,8.646,6.523,1325489.0,,E
Oman,OMN,Asia,1986,1980,0.102,9.857,6.974,1413424.0,,E
Oman,OMN,Asia,1987,1980,0.23,9.444,6.292,1501006.0,,E
Oman,OMN,Asia,1988,1980,0.338,10.564,6.65,1588573.0,,E
Oman,OMN,Asia,1989,1980,-0.225,10.041,5.99,1676234.0,,E
Oman,OMN,Asia,1990,1990,0.203,11.285,6.398,1763957.0,0.0,E
Oman,OMN,Asia,1991,1990,-0.178,11.658,6.297,1851476.0,0.0,E
Oman,OMN,Asia,1992,1990,-0.35,11.956,6.168,1938240.0,0.0,E
Oman,OMN,Asia,1993,1990,0.481,13.291,6.574,2021677.0,0.0,E
Oman,OMN,Asia,1994,1990,0.32,17.466,8.39,2081839.0,0.0,E
Oman,OMN,Asia,1995,1990,0.093,18.816,8.873,2120531.0,0.0,E
Oman,OMN,Asia,1996,1990,0.027,18.197,8.437,2156925.0,0.0,E
Oman,OMN,Asia,1997,1990,-0.12,18.145,8.282,2190726.0,0.0,E
Oman,OMN,Asia,1998,1990,0.966,18.543,8.343,2222492.0,0.0,E
Oman,OMN,Asia,1999,1990,0.828,22.076,9.799,2252910.0,0.0,E
Oman,OMN,Asia,2000,2000,0.782,23.984,10.51,2282139.0,0.0,E
Oman,OMN,Asia,2001,2000,0.872,22.512,9.744,2310223.0,0.0,E
Oman,OMN,Asia,2002,2000,1.143,26.979,11.544,2337144.0,0.0,E
Oman,OMN,Asia,2003,2000,1.054,34.563,14.622,2363801.0,0.0,E
Oman,OMN,Asia,2004,2000,0.991,29.247,12.162,2404822.0,0.0,E
Oman,OMN,Asia,2005,2000,1.022,31.835,12.942,2459808.0,0.0,E
Oman,OMN,Asia,2006,2000,1.071,40.45,16.085,2514794.0,0.0,E
Oman,OMN,Asia,2007,2000,0.919,45.308,17.629,2570175.0,0.0,E
Oman,OMN,Asia,2008,2000,0.772,47.436,18.06,2626536.0,0.0,E
Oman,OMN,Asia,2009,2000,0.977,44.504,16.577,2684665.0,0.0,E
Oman,OMN,Asia,2010,2010,1.37,51.429,18.651,2757450.0,0.0,E
Oman,OMN,Asia,2011,2010,1.088,57.305,18.625,3076762.0,0.0,E
Oman,OMN,Asia,2012,2010,1.036,63.105,17.791,3547104.0,0.0,E
Oman,OMN,Asia,2013,2010,0.772,65.587,17.107,3833915.0,0.0,E
Oman,OMN,Asia,2014,2010,0.805,66.19,16.537,4002444.0,0.0,E
Oman,OMN,Asia,2015,2010,1.571,67.883,16.221,4184898.0,0.0,E
Oman,OMN,Asia,2016,2010,1.212,66.24,15.086,4390880.0,0.0,E
Oman,OMN,Asia,2017,2010,1.743,66.344,14.622,4537397.0,0.01,E
Oman,OMN,Asia,2018,2010,1.476,70.678,15.372,4597878.0,0.01,E
Oman,OMN,Asia,2019,2010,1.211,72.035,15.69,4591248.0,0.01,E
Oman,OMN,Asia,2020,2020,0.836,71.845,15.886,4522502.0,0.12,E
Oman,OMN,Asia,2021,2020,1.598,75.041,16.674,4500429.0,0.14,E
Oman,OMN,Asia,2022,2020,1.342,77.994,16.488,4730229.0,0.4,E
Oman,OMN,Asia,2023,2020,1.482,79.811,15.806,5049267.0,0.41,E
Oman,OMN,Asia,2024,2020,1.638,82.662,15.651,5281542.0,,E
Pakistan,PAK,Asia,1970,1970,0.55,20.504,0.341,60166721.0,,E
Pakistan,PAK,Asia,1971,1970,0.163,19.441,0.314,61847896.0,,E
Pakistan,PAK,Asia,1972,1970,-0.516,18.903,0.297,63583192.0,,E
Pakistan,PAK,Asia,1973,1970,0.064,20.008,0.306,65461912.0,,E
Pakistan,PAK,Asia,1974,1970,-0.211,21.387,0.317,67415487.0,,E
Pakistan,PAK,Asia,1975,1970,-0.595,23.188,0.334,69461179.0,,E
Pakistan,PAK,Asia,1976,1970,-0.276,22.789,0.318,71620249.0,,E
Pakistan,PAK,Asia,1977,1970,0.373,24.32,0.329,73901831.0,,E
Pakistan,PAK,Asia,1978,1970,-0.036,26.051,0.341,76307381.0,,E
Pakistan,PAK,Asia,1979,1970,-0.026,28.134,0.356,78997040.0,,E
Pakistan,PAK,Asia,1980,1980,0.479,31.932,0.388,82291008.0,,E
Pakistan,PAK,Asia,1981,1980,0.283,34.233,0.399,85802048.0,,E
Pakistan,PAK,Asia,1982,1980,-0.389,37.19,0.417,89089247.0,,E
Pakistan,PAK,Asia,1983,1980,-0.436,40.022,0.434,92227711.0,,E
Pakistan,PAK,Asia,1984,1980,-0.226,42.557,0.447,95164940.0,,E
Pakistan,PAK,Asia,1985,1980,0.196,46.814,0.477,98229291.0,,E
Pakistan,PAK,Asia,1986,1980,-0.34,49.059,0.483,101606770.0,,E
Pakistan,PAK,Asia,1987,1980,0.12,52.989,0.504,105130710.0,,E
Pakistan,PAK,Asia,1988,1980,0.67,57.607,0.53,108724740.0,,E
Pakistan,PAK,Asia,1989,1980,-0.348,60.317,0.537,112336634.0,,E
Pakistan,PAK,Asia,1990,1990,0.304,67.827,0.584,116155584.0,57.5,E
Pakistan,PAK,Asia,1991,1990,-0.342,67.477,0.562,120060409.0,58.09,E
Pakistan,PAK,Asia,1992,1990,-0.429,72.015,0.583,123546855.0,55.98,E
Pakistan,PAK,Asia,1993,1990,0.404,77.176,0.608,127020117.0,54.15,E
Pakistan,PAK,Asia,1994,1990,0.149,84.018,0.643,130748076.0,54.2,E
Pakistan,PAK,Asia,1995,1990,-0.126,83.614,0.621,134582255.0,53.13,E
Pakistan,PAK,Asia,1996,1990,-0.16,93.542,0.675,138557089.0,52.17,E
Pakistan,PAK,Asia,1997,1990,-0.4,93.788,0.658,142531801.0,51.94,E
Pakistan,PAK,Asia,1998,1990,0.437,96.741,0.66,146522354.0,51.61,E
Pakistan,PAK,Asia,1999,1990,0.814,99.389,0.66,150565381.0,50.24,E
Pakistan,PAK,Asia,2000,2000,0.656,103.94,0.671,154879124.0,51.16,E
Pakistan,PAK,Asia,2001,2000,0.728,105.401,0.662,159270910.0,51.79,E
Pakistan,PAK,Asia,2002,2000,0.997,110.566,0.677,163222552.0,51.66,E
Pakistan,PAK,Asia,2003,2000,0.489,113.142,0.677,167110250.0,50.32,E
Pakistan,PAK,Asia,2004,2000,1.037,124.637,0.728,171285999.0,48.14,E
Pakistan,PAK,Asia,2005,2000,0.214,129.947,0.741,175453212.0,48.14,E
Pakistan,PAK,Asia,2006,2000,1.037,137.912,0.768,179682690.0,47.17,E
Pakistan,PAK,Asia,2007,2000,0.628,148.349,0.804,184493231.0,44.94,E
Pakistan,PAK,Asia,2008,2000,0.352,147.901,0.78,189499112.0,46.71,E
Pakistan,PAK,Asia,2009,2000,1.008,148.355,0.763,194376535.0,46.5,E
Pakistan,PAK,Asia,2010,2010,1.282,147.504,0.74,199239048.0,47.49,E
Pakistan,PAK,Asia,2011,2010,0.804,149.488,0.734,203746069.0,46.84,E
Pakistan,PAK,Asia,2012,2010,0.278,150.555,0.725,207667129.0,47.2,E
Pakistan,PAK,Asia,2013,2010,0.789,148.183,0.702,211073979.0,48.0,E
Pakistan,PAK,Asia,2014,2010,0.383,150.81,0.704,214264649.0,46.93,E
Pakistan,PAK,Asia,2015,2010,0.592,144.896,0.667,217290884.0,45.21,E
Pakistan,PAK,Asia,2016,2010,1.254,176.741,0.803,220138863.0,42.08,E
Pakistan,PAK,Asia,2017,2010,1.33,211.981,0.949,223273974.0,39.59,E
Pakistan,PAK,Asia,2018,2010,1.431,203.5,0.897,226928893.0,40.06,E
Pakistan,PAK,Asia,2019,2010,0.616,190.826,0.827,230800908.0,41.6,E
Pakistan,PAK,Asia,2020,2020,0.441,215.51,0.917,235001745.0,37.86,E
Pakistan,PAK,Asia,2021,2020,1.133,243.552,1.017,239477805.0,38.42,E
Pakistan,PAK,Asia,2022,2020,1.39,211.97,0.87,243700667.0,43.36,E
Pakistan,PAK,Asia,2023,2020,1.088,186.861,0.755,247504505.0,44.14,E
Pakistan,PAK,Asia,2024,2020,1.526,179.8,0.716,251269160.0,,E
Panama,PAN,North America,1970,1970,0.069,2.677,1.77,1513071.0,,E
Panama,PAN,North America,1971,1970,-0.329,3.079,1.979,1556079.0,,E
Panama,PAN,North America,1972,1970,0.121,3.502,2.189,1599721.0,,E
Panama,PAN,North America,1973,1970,0.168,3.959,2.409,1643696.0,,E
Panama,PAN,North America,1974,1970,-0.382,3.84,2.275,1687932.0,,E
Panama,PAN,North America,1975,1970,-0.327,4.765,2.751,1732393.0,,E
Panama,PAN,North America,1976,1970,-0.016,4.617,2.598,1776943.0,,E
Panama,PAN,North America,1977,1970,0.298,4.579,2.514,1821550.0,,E
Panama,PAN,North America,1978,1970,0.201,3.913,2.097,1866317.0,,E
Panama,PAN,North America,1979,1970,0.229,4.19,2.192,1911555.0,,E
Panama,PAN,North America,1980,1980,0.522,3.088,1.578,1957543.0,,E
Panama,PAN,North America,1981,1980,0.313,3.304,1.648,2004424.0,,E
Panama,PAN,North America,1982,1980,0.346,3.265,1.591,2052278.0,,E
Panama,PAN,North America,1983,1980,0.933,3.467,1.65,2101107.0,,E
Panama,PAN,North America,1984,1980,0.048,2.855,1.328,2150781.0,,E
Panama,PAN,North America,1985,1980,-0.103,2.715,1.233,2200921.0,,E
Panama,PAN,North America,1986,1980,0.217,2.72,1.208,2251331.0,,E
Panama,PAN,North America,1987,1980,0.682,3.164,1.375,2301979.0,,E
Panama,PAN,North America,1988,1980,0.302,2.905,1.235,2352856.0,,E
Panama,PAN,North America,1989,1980,0.148,2.502,1.041,2403821.0,,E
Panama,PAN,North America,1990,1990,0.441,2.618,1.066,2455588.0,43.02,E
Panama,PAN,North America,1991,1990,0.544,3.089,1.231,2508273.0,40.7,E
Panama,PAN,North America,1992,1990,0.401,4.098,1.6,2561342.0,39.67,E
Panama,PAN,North America,1993,1990,0.475,3.749,1.434,2615099.0,39.88,E
Panama,PAN,North America,1994,1990,0.415,4.136,1.549,2669545.0,37.78,E
Panama,PAN,North America,1995,1990,0.547,3.608,1.324,2724555.0,34.76,E
Panama,PAN,North America,1996,1990,0.38,4.397,1.581,2780228.0,36.83,E
Panama,PAN,North America,1997,1990,0.683,4.572,1.612,2836702.0,36.53,E
Panama,PAN,North America,1998,1990,1.084,5.835,2.016,2893918.0,31.44,E
Panama,PAN,North America,1999,1990,0.028,5.552,1.881,2951820.0,33.72,E
Panama,PAN,North America,2000,2000,0.13,5.636,1.872,3010376.0,27.67,E
Panama,PAN,North America,2001,2000,0.679,6.909,2.251,3069545.0,24.04,E
Panama,PAN,North America,2002,2000,0.99,5.71,1.825,3129343.0,28.71,E
Panama,PAN,North America,2003,2000,0.976,5.929,1.859,3189813.0,27.45,E
Panama,PAN,North America,2004,2000,0.773,5.505,1.693,3251158.0,28.21,E
Panama,PAN,North America,2005,2000,0.897,6.742,2.035,3313024.0,22.77,E
Panama,PAN,North America,2006,2000,0.742,7.282,2.158,3375024.0,22.09,E
Panama,PAN,North America,2007,2000,0.764,7.134,2.075,3437490.0,22.79,E
Panama,PAN,North America,2008,2000,0.472,6.809,1.945,3500646.0,23.36,E
Panama,PAN,North America,2009,2000,0.98,8.051,2.259,3564383.0,20.37,E
Panama,PAN,North America,2010,2010,1.059,9.06,2.497,3628537.0,20.65,E
Panama,PAN,North America,2011,2010,0.654,9.899,2.68,3693509.0,19.73,E
Panama,PAN,North America,2012,2010,0.602,9.54,2.538,3759261.0,21.25,E
Panama,PAN,North America,2013,2010,0.905,10.274,2.686,3825333.0,20.71,E
Panama,PAN,North America,2014,2010,0.871,10.689,2.746,3892100.0,19.8,E
Panama,PAN,North America,2015,2010,1.113,10.652,2.69,3960034.0,21.95,E
Panama,PAN,North America,2016,2010,1.033,10.334,2.565,4029085.0,22.14,E
Panama,PAN,North America,2017,2010,0.887,9.568,2.334,4098704.0,23.65,E
Panama,PAN,North America,2018,2010,1.29,9.121,2.188,4167860.0,24.49,E
Panama,PAN,North America,2019,2010,1.487,12.449,2.94,4234698.0,18.88,E
Panama,PAN,North America,2020,2020,1.565,6.557,1.527,4293258.0,28.13,E
Panama,PAN,North America,2021,2020,1.146,10.145,2.335,4345410.0,26.39,E
Panama,PAN,North America,2022,2020,0.944,11.707,2.66,4400775.0,25.4,E
Panama,PAN,North America,2023,2020,1.652,13.002,2.916,4458758.0,21.03,E
Panama,PAN,North America,2024,2020,1.98,12.664,2.805,4515576.0,,E
Pitcairn,PCN,Oceania,1970,1970,0.372,,,,,E
Pitcairn,PCN,Oceania,1971,1970,0.061,,,,,E
Pitcairn,PCN,Oceania,1972,1970,-0.33,,,,,E
Pitcairn,PCN,Oceania,1973,1970,-0.317,,,,,E
Pitcairn,PCN,Oceania,1974,1970,0.039,,,,,E
Pitcairn,PCN,Oceania,1975,1970,0.134,,,,,E
Pitcairn,PCN,Oceania,1976,1970,-0.229,,,,,E
Pitcairn,PCN,Oceania,1977,1970,-0.557,,,,,E
Pitcairn,PCN,Oceania,1978,1970,-0.099,,,,,E
Pitcairn,PCN,Oceania,1979,1970,-0.39,,,,,E
Pitcairn,PCN,Oceania,1980,1980,-0.05,,,,,E
Pitcairn,PCN,Oceania,1981,1980,0.012,,,,,E
Pitcairn,PCN,Oceania,1982,1980,0.108,,,,,E
Pitcairn,PCN,Oceania,1983,1980,-0.547,,,,,E
Pitcairn,PCN,Oceania,1984,1980,0.338,,,,,E
Pitcairn,PCN,Oceania,1985,1980,0.535,,,,,E
Pitcairn,PCN,Oceania,1986,1980,0.319,,,,,E
Pitcairn,PCN,Oceania,1987,1980,-0.086,,,,,E
Pitcairn,PCN,Oceania,1988,1980,0.172,,,,,E
Pitcairn,PCN,Oceania,1989,1980,0.486,,,,,E
Pitcairn,PCN,Oceania,1990,1990,0.264,,,,,E
Pitcairn,PCN,Oceania,1991,1990,-0.16,,,,,E
Pitcairn,PCN,Oceania,1992,1990,-0.27,,,,,E
Pitcairn,PCN,Oceania,1993,1990,-0.449,,,,,E
Pitcairn,PCN,Oceania,1994,1990,-0.088,,,,,E
Pitcairn,PCN,Oceania,1995,1990,0.069,,,,,E
Pitcairn,PCN,Oceania,1996,1990,-0.144,,,,,E
Pitcairn,PCN,Oceania,1997,1990,-0.163,,,,,E
Pitcairn,PCN,Oceania,1998,1990,-0.356,,,,,E
Pitcairn,PCN,Oceania,1999,1990,,,,,,O
Pitcairn,PCN,Oceania,2000,2000,0.584,,,,,E
Pitcairn,PCN,Oceania,2001,2000,0.34,,,,,E
Pitcairn,PCN,Oceania,2002,2000,0.679,,,,,E
Pitcairn,PCN,Oceania,2003,2000,0.025,,,,,E
Pitcairn,PCN,Oceania,2004,2000,-0.37,,,,,E
Pitcairn,PCN,Oceania,2005,2000,-0.142,,,,,E
Pitcairn,PCN,Oceania,2006,2000,0.618,,,,,E
Pitcairn,PCN,Oceania,2007,2000,0.195,,,,,E
Pitcairn,PCN,Oceania,2008,2000,0.113,,,,,E
Pitcairn,PCN,Oceania,2009,2000,-0.047,,,,,E
Pitcairn,PCN,Oceania,2010,2010,0.142,,,,,E
Pitcairn,PCN,Oceania,2011,2010,,,,,,O
Pitcairn,PCN,Oceania,2012,2010,,,,,,O
Pitcairn,PCN,Oceania,2013,2010,,,,,,O
Pitcairn,PCN,Oceania,2014,2010,,,,,,O
Pitcairn,PCN,Oceania,2015,2010,,,,,,O
Pitcairn,PCN,Oceania,2016,2010,,,,,,O
Pitcairn,PCN,Oceania,2017,2010,,,,,,O
Pitcairn,PCN,Oceania,2018,2010,,,,,,O
Pitcairn,PCN,Oceania,2019,2010,,,,,,O
Pitcairn,PCN,Oceania,2020,2020,,,,,,O
Pitcairn,PCN,Oceania,2021,2020,,,,,,O
Pitcairn,PCN,Oceania,2022,2020,,,,,,O
Pitcairn,PCN,Oceania,2023,2020,,,,,,O
Pitcairn,PCN,Oceania,2024,2020,,,,,,O
Peru,PER,South America,1970,1970,-0.055,17.766,1.316,13501237.0,,E
Peru,PER,South America,1971,1970,-0.473,18.591,1.343,13838069.0,,E
Peru,PER,South America,1972,1970,0.302,18.148,1.277,14210147.0,,E
Peru,PER,South America,1973,1970,0.152,19.723,1.352,14582864.0,,E
Peru,PER,South America,1974,1970,-0.297,21.325,1.426,14956554.0,,E
Peru,PER,South America,1975,1970,-0.261,21.927,1.43,15333955.0,,E
Peru,PER,South America,1976,1970,-0.077,22.4,1.425,15716814.0,,E
Peru,PER,South America,1977,1970,0.283,23.296,1.446,16109808.0,,E
Peru,PER,South America,1978,1970,0.151,22.413,1.357,16516061.0,,E
Peru,PER,South America,1979,1970,0.282,22.217,1.312,16933143.0,,E
Peru,PER,South America,1980,1980,0.414,24.065,1.386,17360955.0,,E
Peru,PER,South America,1981,1980,0.087,24.027,1.35,17798803.0,,E
Peru,PER,South America,1982,1980,0.202,23.6,1.293,18246506.0,,E
Peru,PER,South America,1983,1980,1.242,20.393,1.09,18705961.0,,E
Peru,PER,South America,1984,1980,0.213,20.632,1.076,19174717.0,,E
Peru,PER,South America,1985,1980,0.1,19.455,0.99,19648212.0,,E
Peru,PER,South America,1986,1980,0.125,21.775,1.082,20117127.0,,E
Peru,PER,South America,1987,1980,0.874,25.694,1.248,20582325.0,,E
Peru,PER,South America,1988,1980,0.451,25.018,1.188,21054704.0,,E
Peru,PER,South America,1989,1980,0.047,21.762,1.011,21532587.0,,E
Peru,PER,South America,1990,1990,0.345,21.401,0.972,22014772.0,39.43,E
Peru,PER,South America,1991,1990,0.511,20.758,0.923,22483784.0,39.92,E
Peru,PER,South America,1992,1990,0.902,20.986,0.915,22946345.0,37.31,E
Peru,PER,South America,1993,1990,0.538,23.885,1.02,23413783.0,37.08,E
Peru,PER,South America,1994,1990,0.483,24.177,1.012,23881497.0,35.94,E
Peru,PER,South America,1995,1990,0.737,25.143,1.033,24348922.0,33.28,E
Peru,PER,South America,1996,1990,0.128,24.717,0.996,24811174.0,31.72,E
Peru,PER,South America,1997,1990,0.881,27.747,1.098,25274149.0,31.74,E
Peru,PER,South America,1998,1990,1.25,28.066,1.09,25738101.0,39.38,E
Peru,PER,South America,1999,1990,0.209,29.562,1.129,26186499.0,36.69,E
Peru,PER,South America,2000,2000,0.324,28.678,1.078,26598328.0,39.1,E
Peru,PER,South America,2001,2000,0.338,25.26,0.937,26964610.0,41.69,E
Peru,PER,South America,2002,2000,0.728,25.592,0.938,27288211.0,40.72,E
Peru,PER,South America,2003,2000,0.673,24.914,0.903,27580485.0,41.48,E
Peru,PER,South America,2004,2000,0.702,28.504,1.023,27852190.0,38.53,E
Peru,PER,South America,2005,2000,0.778,30.321,1.079,28101175.0,38.57,E
Peru,PER,South America,2006,2000,0.773,28.299,0.999,28324488.0,39.0,E
Peru,PER,South America,2007,2000,0.483,34.567,1.212,28530704.0,36.11,E
Peru,PER,South America,2008,2000,0.605,35.572,1.239,28719038.0,33.87,E
Peru,PER,South America,2009,2000,0.877,39.424,1.364,28896819.0,33.11,E
Peru,PER,South America,2010,2010,1.031,42.505,1.461,29086021.0,32.35,E
Peru,PER,South America,2011,2010,0.821,42.327,1.444,29304083.0,30.67,E
Peru,PER,South America,2012,2010,0.965,45.509,1.54,29550367.0,30.89,E
Peru,PER,South America,2013,2010,0.663,42.718,1.433,29817908.0,28.32,E
Peru,PER,South America,2014,2010,0.947,49.388,1.64,30115825.0,28.49,E
Peru,PER,South America,2015,2010,1.342,49.204,1.615,30457598.0,27.48,E
Peru,PER,South America,2016,2010,1.431,52.698,1.707,30866497.0,27.0,E
Peru,PER,South America,2017,2010,1.044,54.726,1.747,31324639.0,27.35,E
Peru,PER,South America,2018,2010,0.799,56.014,1.756,31897590.0,27.91,E
Peru,PER,South America,2019,2010,1.157,58.668,1.808,32449302.0,27.17,E
Peru,PER,South America,2020,2020,1.542,47.237,1.438,32838577.0,31.72,E
Peru,PER,South America,2021,2020,1.091,59.962,1.808,33155883.0,28.31,E
Peru,PER,South America,2022,2020,0.512,64.785,1.935,33475436.0,26.1,E
Peru,PER,South America,2023,2020,2.012,66.065,1.952,33845616.0,25.83,E
Peru,PER,South America,2024,2020,1.915,70.247,2.053,34217850.0,,E
Philippines,PHL,Asia,1970,1970,0.19,24.751,0.658,37622203.0,,E
Philippines,PHL,Asia,1971,1970,-0.293,27.552,0.715,38518656.0,,E
Philippines,PHL,Asia,1972,1970,0.016,26.409,0.67,39408560.0,,E
Philippines,PHL,Asia,1973,1970,0.263,31.501,0.782,40294126.0,,E
Philippines,PHL,Asia,1974,1970,-0.097,30.492,0.741,41174338.0,,E
Philippines,PHL,Asia,1975,1970,0.029,32.482,0.771,42120830.0,,E
Philippines,PHL,Asia,1976,1970,-0.142,35.06,0.812,43201486.0,,E
Philippines,PHL,Asia,1977,1970,0.259,36.664,0.826,44367965.0,,E
Philippines,PHL,Asia,1978,1970,0.183,37.362,0.82,45575286.0,,E
Philippines,PHL,Asia,1979,1970,0.328,38.009,0.812,46807104.0,,E
Philippines,PHL,Asia,1980,1980,0.105,36.837,0.767,48043744.0,,E
Philippines,PHL,Asia,1981,1980,0.244,34.493,0.699,49311730.0,,E
Philippines,PHL,Asia,1982,1980,0.157,34.795,0.686,50695715.0,,E
Philippines,PHL,Asia,1983,1980,0.636,35.189,0.674,52194624.0,,E
Philippines,PHL,Asia,1984,1980,0.168,30.785,0.573,53726187.0,,E
Philippines,PHL,Asia,1985,1980,0.356,27.855,0.505,55213007.0,,E
Philippines,PHL,Asia,1986,1980,0.288,28.969,0.511,56645083.0,,E
Philippines,PHL,Asia,1987,1980,0.566,32.439,0.558,58157496.0,,E
Philippines,PHL,Asia,1988,1980,0.746,37.409,0.626,59739056.0,,E
Philippines,PHL,Asia,1989,1980,0.224,38.834,0.634,61265259.0,,E
Philippines,PHL,Asia,1990,1990,0.4,40.774,0.649,62854668.0,49.51,E
Philippines,PHL,Asia,1991,1990,0.343,42.874,0.666,64382249.0,51.29,E
Philippines,PHL,Asia,1992,1990,0.343,47.772,0.725,65926130.0,47.72,E
Philippines,PHL,Asia,1993,1990,0.295,48.342,0.716,67530621.0,44.08,E
Philippines,PHL,Asia,1994,1990,0.359,53.479,0.775,69019297.0,43.11,E
Philippines,PHL,Asia,1995,1990,0.396,59.22,0.839,70546245.0,37.76,E
Philippines,PHL,Asia,1996,1990,0.336,60.437,0.837,72190237.0,35.83,E
Philippines,PHL,Asia,1997,1990,0.412,69.147,0.936,73908813.0,33.36,E
Philippines,PHL,Asia,1998,1990,1.22,67.379,0.889,75791031.0,32.84,E
Philippines,PHL,Asia,1999,1990,0.448,67.295,0.865,77753256.0,33.65,E
Philippines,PHL,Asia,2000,2000,0.565,71.467,0.898,79625401.0,33.94,E
Philippines,PHL,Asia,2001,2000,0.641,69.799,0.857,81401488.0,32.89,E
Philippines,PHL,Asia,2002,2000,0.541,69.492,0.837,83068889.0,31.83,E
Philippines,PHL,Asia,2003,2000,0.665,69.501,0.82,84731836.0,30.9,E
Philippines,PHL,Asia,2004,2000,0.563,71.999,0.833,86394510.0,30.21,E
Philippines,PHL,Asia,2005,2000,0.67,72.334,0.822,88015959.0,31.31,E
Philippines,PHL,Asia,2006,2000,0.714,65.646,0.733,89508992.0,33.28,E
Philippines,PHL,Asia,2007,2000,0.771,70.01,0.769,91075180.0,32.39,E
Philippines,PHL,Asia,2008,2000,0.439,76.605,0.826,92699091.0,33.85,E
Philippines,PHL,Asia,2009,2000,0.569,75.581,0.801,94384256.0,34.09,E
Philippines,PHL,Asia,2010,2010,0.902,82.246,0.854,96337127.0,32.66,E
Philippines,PHL,Asia,2011,2010,0.472,82.98,0.845,98248614.0,33.78,E
Philippines,PHL,Asia,2012,2010,0.778,87.476,0.873,100175511.0,34.14,E
Philippines,PHL,Asia,2013,2010,0.905,94.825,0.929,102076334.0,33.13,E
Philippines,PHL,Asia,2014,2010,0.737,100.074,0.964,103767127.0,32.42,E
Philippines,PHL,Asia,2015,2010,0.953,111.046,1.054,105312988.0,30.82,E
Philippines,PHL,Asia,2016,2010,1.416,120.216,1.126,106735721.0,28.59,E
Philippines,PHL,Asia,2017,2010,1.016,133.576,1.235,108119691.0,27.75,E
Philippines,PHL,Asia,2018,2010,1.03,139.857,1.278,109465284.0,27.6,E
Philippines,PHL,Asia,2019,2010,1.118,142.601,1.287,110804685.0,26.86,E
Philippines,PHL,Asia,2020,2020,1.289,131.457,1.173,112081270.0,29.0,E
Philippines,PHL,Asia,2021,2020,1.141,140.27,1.24,113100947.0,27.95,E
Philippines,PHL,Asia,2022,2020,1.107,150.963,1.325,113964343.0,27.53,E
Philippines,PHL,Asia,2023,2020,1.307,160.98,1.401,114891199.0,27.32,E
Philippines,PHL,Asia,2024,2020,1.443,174.878,1.51,115843663.0,,E
Palau,PLW,Oceania,1970,1970,,0.136,11.899,11393.0,,
Palau,PLW,Oceania,1971,1970,,0.165,13.993,11783.0,,
Palau,PLW,Oceania,1972,1970,,0.172,14.097,12216.0,,
Palau,PLW,Oceania,1973,1970,,0.176,13.984,12577.0,,
Palau,PLW,Oceania,1974,1970,,0.194,15.277,12711.0,,
Palau,PLW,Oceania,1975,1970,,0.194,15.321,12675.0,,
Palau,PLW,Oceania,1976,1970,,0.114,8.999,12622.0,,
Palau,PLW,Oceania,1977,1970,,0.183,14.6,12548.0,,
Palau,PLW,Oceania,1978,1970,,0.11,8.818,12465.0,,
Palau,PLW,Oceania,1979,1970,,0.125,10.08,12359.0,,
Palau,PLW,Oceania,1980,1980,,0.158,12.813,12296.0,,
Palau,PLW,Oceania,1981,1980,,0.158,12.682,12423.0,,
Palau,PLW,Oceania,1982,1980,,0.158,12.385,12721.0,,
Palau,PLW,Oceania,1983,1980,,0.158,12.093,13028.0,,
Palau,PLW,Oceania,1984,1980,,0.158,11.794,13359.0,,
Palau,PLW,Oceania,1985,1980,,0.161,11.757,13712.0,,
Palau,PLW,Oceania,1986,1980,,0.161,11.479,14044.0,,
Palau,PLW,Oceania,1987,1980,,0.161,11.229,14357.0,,
Palau,PLW,Oceania,1988,1980,,0.183,12.493,14664.0,,
Palau,PLW,Oceania,1989,1980,,0.227,15.176,14969.0,,
Palau,PLW,Oceania,1990,1990,,0.234,15.345,15282.0,,
Palau,PLW,Oceania,1991,1990,,0.234,14.998,15635.0,,O
Palau,PLW,Oceania,1992,1990,0.097,0.194,12.124,16017.0,0.0,E
Palau,PLW,Oceania,1993,1990,0.056,0.194,11.843,16397.0,0.0,E
Palau,PLW,Oceania,1994,1990,0.253,0.198,11.78,16796.0,0.0,E
Palau,PLW,Oceania,1995,1990,0.131,0.194,11.279,17217.0,0.0,E
Palau,PLW,Oceania,1996,1990,0.215,0.198,11.189,17683.0,0.0,E
Palau,PLW,Oceania,1997,1990,0.383,0.198,10.916,18126.0,0.0,E
Palau,PLW,Oceania,1998,1990,0.498,0.202,10.865,18548.0,0.0,E
Palau,PLW,Oceania,1999,1990,0.31,0.202,10.648,18926.0,0.0,E
Palau,PLW,Oceania,2000,2000,0.351,0.209,10.874,19206.0,0.0,E
Palau,PLW,Oceania,2001,2000,0.314,0.213,10.966,19379.0,0.0,E
Palau,PLW,Oceania,2002,2000,0.475,0.213,10.883,19527.0,0.0,E
Palau,PLW,Oceania,2003,2000,0.315,0.213,10.797,19683.0,0.0,E
Palau,PLW,Oceania,2004,2000,0.564,0.213,10.711,19841.0,0.0,E
Palau,PLW,Oceania,2005,2000,0.424,0.224,11.267,19837.0,0.0,E
Palau,PLW,Oceania,2006,2000,0.468,0.227,11.581,19616.0,0.0,E
Palau,PLW,Oceania,2007,2000,0.57,0.253,13.083,19324.0,0.0,E
Palau,PLW,Oceania,2008,2000,,0.205,10.782,19031.0,0.0,O
Palau,PLW,Oceania,2009,2000,0.691,0.194,10.365,18736.0,0.0,E
Palau,PLW,Oceania,2010,2010,0.642,0.209,11.338,18420.0,0.0,E
Palau,PLW,Oceania,2011,2010,0.649,0.213,11.742,18099.0,0.0,E
Palau,PLW,Oceania,2012,2010,,0.224,12.563,17791.0,0.0,O
Palau,PLW,Oceania,2013,2010,0.539,0.227,12.856,17670.0,0.0,E
Palau,PLW,Oceania,2014,2010,0.597,0.22,12.392,17740.0,0.27,E
Palau,PLW,Oceania,2015,2010,0.867,0.202,11.327,17791.0,0.37,E
Palau,PLW,Oceania,2016,2010,0.92,0.209,11.717,17824.0,0.57,E
Palau,PLW,Oceania,2017,2010,0.923,0.216,12.119,17838.0,0.56,E
Palau,PLW,Oceania,2018,2010,1.12,0.213,11.91,17843.0,0.59,E
Palau,PLW,Oceania,2019,2010,,0.216,12.13,17821.0,0.56,O
Palau,PLW,Oceania,2020,2020,1.116,0.209,11.722,17817.0,0.58,E
Palau,PLW,Oceania,2021,2020,0.912,0.213,11.933,17809.0,0.59,E
Palau,PLW,Oceania,2022,2020,0.833,0.217,12.215,17784.0,0.58,E
Palau,PLW,Oceania,2023,2020,0.752,0.216,12.18,17751.0,0.6,E
Palau,PLW,Oceania,2024,2020,1.203,0.226,12.76,17719.0,0.58,E
Papua New Guinea,PNG,Oceania,1970,1970,0.214,0.692,0.276,2505632.0,,E
Papua New Guinea,PNG,Oceania,1971,1970,-0.013,0.824,0.321,2566429.0,,E
Papua New Guinea,PNG,Oceania,1972,1970,-0.349,1.268,0.482,2628436.0,,E
Papua New Guinea,PNG,Oceania,1973,1970,0.168,1.345,0.5,2690639.0,,E
Papua New Guinea,PNG,Oceania,1974,1970,0.02,1.587,0.576,2752679.0,,E
Papua New Guinea,PNG,Oceania,1975,1970,0.039,1.532,0.544,2814827.0,,E
Papua New Guinea,PNG,Oceania,1976,1970,-0.304,1.572,0.546,2877337.0,,E
Papua New Guinea,PNG,Oceania,1977,1970,-0.119,1.579,0.537,2940331.0,,E
Papua New Guinea,PNG,Oceania,1978,1970,0.143,1.674,0.557,3003718.0,,E
Papua New Guinea,PNG,Oceania,1979,1970,0.085,1.795,0.585,3067350.0,,E
Papua New Guinea,PNG,Oceania,1980,1980,0.123,1.828,0.584,3131516.0,,E
Papua New Guinea,PNG,Oceania,1981,1980,0.232,1.931,0.604,3197030.0,,E
Papua New Guinea,PNG,Oceania,1982,1980,-0.147,1.946,0.596,3264301.0,,E
Papua New Guinea,PNG,Oceania,1983,1980,0.263,2.008,0.602,3333642.0,,E
Papua New Guinea,PNG,Oceania,1984,1980,0.224,2.045,0.6,3405200.0,,E
Papua New Guinea,PNG,Oceania,1985,1980,0.136,2.125,0.611,3478945.0,,E
Papua New Guinea,PNG,Oceania,1986,1980,0.214,2.063,0.58,3554802.0,,E
Papua New Guinea,PNG,Oceania,1987,1980,0.245,2.334,0.643,3632546.0,,E
Papua New Guinea,PNG,Oceania,1988,1980,0.541,2.198,0.592,3711894.0,,E
Papua New Guinea,PNG,Oceania,1989,1980,0.287,2.034,0.536,3796088.0,,E
Papua New Guinea,PNG,Oceania,1990,1990,0.278,2.154,0.553,3896482.0,71.65,E
Papua New Guinea,PNG,Oceania,1991,1990,0.123,2.173,0.54,4021840.0,71.67,E
Papua New Guinea,PNG,Oceania,1992,1990,0.379,2.191,0.526,4166702.0,71.59,E
Papua New Guinea,PNG,Oceania,1993,1990,0.206,2.195,0.508,4320880.0,71.25,E
Papua New Guinea,PNG,Oceania,1994,1990,0.197,2.186,0.488,4480210.0,69.4,E
Papua New Guinea,PNG,Oceania,1995,1990,0.434,2.052,0.442,4644282.0,70.73,E
Papua New Guinea,PNG,Oceania,1996,1990,0.354,2.197,0.457,4813363.0,69.93,E
Papua New Guinea,PNG,Oceania,1997,1990,-0.093,2.611,0.523,4987887.0,68.67,E
Papua New Guinea,PNG,Oceania,1998,1990,0.86,3.536,0.684,5166390.0,67.69,E
Papua New Guinea,PNG,Oceania,1999,1990,0.124,2.548,0.476,5349333.0,68.71,E
Papua New Guinea,PNG,Oceania,2000,2000,0.183,2.938,0.531,5537068.0,66.38,E
Papua New Guinea,PNG,Oceania,2001,2000,0.3,3.336,0.582,5728444.0,63.44,E
Papua New Guinea,PNG,Oceania,2002,2000,0.519,3.666,0.619,5924010.0,62.49,E
Papua New Guinea,PNG,Oceania,2003,2000,0.523,4.053,0.662,6124005.0,60.52,E
Papua New Guinea,PNG,Oceania,2004,2000,0.231,4.687,0.741,6328042.0,57.6,E
Papua New Guinea,PNG,Oceania,2005,2000,0.501,4.984,0.763,6535905.0,58.56,E
Papua New Guinea,PNG,Oceania,2006,2000,0.122,5.051,0.749,6747724.0,58.86,E
Papua New Guinea,PNG,Oceania,2007,2000,0.296,6.581,0.945,6963353.0,56.92,E
Papua New Guinea,PNG,Oceania,2008,2000,0.148,5.545,0.772,7183002.0,56.85,E
Papua New Guinea,PNG,Oceania,2009,2000,0.189,5.265,0.711,7406442.0,55.99,E
Papua New Guinea,PNG,Oceania,2010,2010,0.809,4.715,0.618,7633524.0,55.19,E
Papua New Guinea,PNG,Oceania,2011,2010,0.129,5.298,0.674,7859349.0,54.63,E
Papua New Guinea,PNG,Oceania,2012,2010,0.055,4.372,0.541,8081396.0,55.29,E
Papua New Guinea,PNG,Oceania,2013,2010,0.508,4.532,0.546,8302700.0,56.38,E
Papua New Guinea,PNG,Oceania,2014,2010,0.253,6.125,0.719,8523440.0,54.91,E
Papua New Guinea,PNG,Oceania,2015,2010,0.188,6.316,0.722,8743247.0,53.28,E
Papua New Guinea,PNG,Oceania,2016,2010,0.834,7.024,0.784,8961717.0,52.72,E
Papua New Guinea,PNG,Oceania,2017,2010,0.661,6.55,0.714,9178717.0,52.52,E
Papua New Guinea,PNG,Oceania,2018,2010,0.428,7.596,0.809,9394518.0,51.19,E
Papua New Guinea,PNG,Oceania,2019,2010,0.445,7.583,0.789,9609014.0,50.99,E
Papua New Guinea,PNG,Oceania,2020,2020,0.818,7.911,0.806,9815743.0,51.53,E
Papua New Guinea,PNG,Oceania,2021,2020,0.947,7.873,0.786,10012898.0,51.56,E
Papua New Guinea,PNG,Oceania,2022,2020,0.979,8.436,0.827,10203177.0,49.69,E
Papua New Guinea,PNG,Oceania,2023,2020,0.529,8.358,0.804,10389638.0,49.91,E
Papua New Guinea,PNG,Oceania,2024,2020,1.045,8.345,0.789,10576509.0,49.77,E
Poland,POL,Europe,1970,1970,-1.281,304.169,9.347,32542639.0,,E
Poland,POL,Europe,1971,1970,0.14,312.888,9.548,32771298.0,,E
Poland,POL,Europe,1972,1970,0.482,329.51,9.972,33041993.0,,E
Poland,POL,Europe,1973,1970,0.422,335.597,10.068,33333275.0,,E
Poland,POL,Europe,1974,1970,0.493,346.24,10.292,33642463.0,,E
Poland,POL,Europe,1975,1970,1.489,374.784,11.035,33964400.0,,E
Poland,POL,Europe,1976,1970,-0.293,398.126,11.608,34296611.0,,E
Poland,POL,Europe,1977,1970,0.428,417.962,12.07,34628513.0,,E
Poland,POL,Europe,1978,1970,-0.231,430.877,12.334,34934216.0,,E
Poland,POL,Europe,1979,1970,-0.775,441.312,12.52,35248382.0,,E
Poland,POL,Europe,1980,1980,-0.762,463.333,13.024,35576518.0,,E
Poland,POL,Europe,1981,1980,0.431,409.004,11.393,35900913.0,,E
Poland,POL,Europe,1982,1980,0.318,420.978,11.618,36233465.0,,E
Poland,POL,Europe,1983,1980,1.444,421.027,11.512,36573700.0,,E
Poland,POL,Europe,1984,1980,0.23,432.475,11.718,36905795.0,,E
Poland,POL,Europe,1985,1980,-1.052,444.512,11.949,37200850.0,,E
Poland,POL,Europe,1986,1980,0.01,451.856,12.065,37452612.0,,E
Poland,POL,Europe,1987,1980,-1.086,463.736,12.312,37665710.0,,E
Poland,POL,Europe,1988,1980,0.672,444.241,11.747,37817863.0,,E
Poland,POL,Europe,1989,1980,1.686,422.244,11.13,37938086.0,,E
Poland,POL,Europe,1990,1990,1.701,376.342,9.889,38055448.0,2.5,E
Poland,POL,Europe,1991,1990,0.404,373.366,9.786,38152947.0,2.06,E
Poland,POL,Europe,1992,1990,1.138,364.283,9.528,38233636.0,2.3,E
Poland,POL,Europe,1993,1990,0.059,364.958,9.53,38294882.0,6.13,E
Poland,POL,Europe,1994,1990,1.364,359.991,9.388,38344312.0,6.2,E
Poland,POL,Europe,1995,1990,1.104,362.483,9.448,38364668.0,6.33,E
Poland,POL,Europe,1996,1990,-0.797,377.119,9.831,38359164.0,5.87,E
Poland,POL,Europe,1997,1990,0.004,367.199,9.575,38348307.0,5.98,E
Poland,POL,Europe,1998,1990,0.937,338.98,8.845,38326431.0,6.54,E
Poland,POL,Europe,1999,1990,1.189,329.204,8.598,38287717.0,6.41,E
Poland,POL,Europe,2000,2000,1.871,317.306,8.294,38258077.0,6.93,E
Poland,POL,Europe,2001,2000,1.275,313.267,8.191,38247359.0,7.29,E
Poland,POL,Europe,2002,2000,1.691,305.852,8.0,38229407.0,7.49,E
Poland,POL,Europe,2003,2000,0.356,318.733,8.343,38203527.0,7.29,E
Poland,POL,Europe,2004,2000,0.77,323.621,8.479,38167568.0,7.31,E
Poland,POL,Europe,2005,2000,0.869,322.577,8.461,38124377.0,7.22,E
Poland,POL,Europe,2006,2000,0.822,336.387,8.836,38071169.0,7.18,E
Poland,POL,Europe,2007,2000,2.134,335.735,8.83,38020420.0,7.28,E
Poland,POL,Europe,2008,2000,1.737,329.428,8.67,37995902.0,8.01,E
Poland,POL,Europe,2009,2000,1.255,315.886,8.312,38002153.0,8.84,E
Poland,POL,Europe,2010,2010,0.383,334.028,8.768,38095356.0,9.49,E
Poland,POL,Europe,2011,2010,0.745,333.406,8.726,38208644.0,10.44,E
Poland,POL,Europe,2012,2010,1.361,325.778,8.518,38247867.0,10.91,E
Poland,POL,Europe,2013,2010,0.631,321.757,8.41,38259267.0,11.41,E
Poland,POL,Europe,2014,2010,2.353,309.415,8.086,38265113.0,11.58,E
Poland,POL,Europe,2015,2010,1.988,312.549,8.168,38266314.0,11.87,E
Poland,POL,Europe,2016,2010,2.03,323.3,8.449,38263260.0,11.34,E
Poland,POL,Europe,2017,2010,1.45,336.505,8.796,38254964.0,11.13,E
Poland,POL,Europe,2018,2010,2.41,335.719,8.779,38241070.0,15.05,E
Poland,POL,Europe,2019,2010,2.622,317.444,8.304,38225884.0,15.63,E
Poland,POL,Europe,2020,2020,2.648,302.102,7.914,38171005.0,16.15,E
Poland,POL,Europe,2021,2020,1.429,330.694,8.693,38040303.0,15.18,E
Poland,POL,Europe,2022,2020,2.017,314.892,8.203,38385734.0,16.1,E
Poland,POL,Europe,2023,2020,2.456,283.243,7.307,38762847.0,17.14,E
Poland,POL,Europe,2024,2020,3.35,272.862,7.08,38539209.0,,E
Puerto Rico,PRI,North America,1970,1970,0.03,,,,,E
Puerto Rico,PRI,North America,1971,1970,-0.317,,,,,E
Puerto Rico,PRI,North America,1972,1970,-0.079,,,,,E
Puerto Rico,PRI,North America,1973,1970,0.173,,,,,E
Puerto Rico,PRI,North America,1974,1970,-0.405,,,,,E
Puerto Rico,PRI,North America,1975,1970,-0.207,,,,,E
Puerto Rico,PRI,North America,1976,1970,-0.436,,,,,E
Puerto Rico,PRI,North America,1977,1970,0.161,,,,,E
Puerto Rico,PRI,North America,1978,1970,0.26,,,,,E
Puerto Rico,PRI,North America,1979,1970,0.124,,,,,E
Puerto Rico,PRI,North America,1980,1980,0.608,,,,,E
Puerto Rico,PRI,North America,1981,1980,0.521,,,,,E
Puerto Rico,PRI,North America,1982,1980,0.147,,,,,E
Puerto Rico,PRI,North America,1983,1980,0.521,,,,,E
Puerto Rico,PRI,North America,1984,1980,0.141,,,,,E
Puerto Rico,PRI,North America,1985,1980,-0.06,,,,,E
Puerto Rico,PRI,North America,1986,1980,0.121,,,,,E
Puerto Rico,PRI,North America,1987,1980,0.62,,,,,E
Puerto Rico,PRI,North America,1988,1980,0.498,,,,,E
Puerto Rico,PRI,North America,1989,1980,0.053,,,,,E
Puerto Rico,PRI,North America,1990,1990,0.437,,,,1.75,E
Puerto Rico,PRI,North America,1991,1990,0.363,,,,1.79,E
Puerto Rico,PRI,North America,1992,1990,0.274,,,,1.77,E
Puerto Rico,PRI,North America,1993,1990,0.44,,,,0.8,E
Puerto Rico,PRI,North America,1994,1990,0.546,,,,0.25,E
Puerto Rico,PRI,North America,1995,1990,0.607,,,,0.53,E
Puerto Rico,PRI,North America,1996,1990,0.326,,,,0.74,E
Puerto Rico,PRI,North America,1997,1990,0.558,,,,0.46,E
Puerto Rico,PRI,North America,1998,1990,1.132,,,,0.52,E
Puerto Rico,PRI,North America,1999,1990,0.577,,,,0.72,E
Puerto Rico,PRI,North America,2000,2000,0.162,,,,0.55,E
Puerto Rico,PRI,North America,2001,2000,0.654,,,,0.54,E
Puerto Rico,PRI,North America,2002,2000,0.82,,,,0.5,E
Puerto Rico,PRI,North America,2003,2000,0.936,,,,0.5,E
Puerto Rico,PRI,North America,2004,2000,0.479,,,,0.5,E
Puerto Rico,PRI,North America,2005,2000,0.823,,,,0.56,E
Puerto Rico,PRI,North America,2006,2000,0.743,,,,0.48,E
Puerto Rico,PRI,North America,2007,2000,0.947,,,,0.49,E
Puerto Rico,PRI,North America,2008,2000,0.417,,,,0.51,E
Puerto Rico,PRI,North America,2009,2000,0.492,,,,0.52,E
Puerto Rico,PRI,North America,2010,2010,1.044,,,,0.4,E
Puerto Rico,PRI,North America,2011,2010,0.374,,,,0.66,E
Puerto Rico,PRI,North America,2012,2010,0.631,,,,0.53,E
Puerto Rico,PRI,North America,2013,2010,0.632,,,,1.38,E
Puerto Rico,PRI,North America,2014,2010,0.701,,,,1.65,E
Puerto Rico,PRI,North America,2015,2010,0.961,,,,1.86,E
Puerto Rico,PRI,North America,2016,2010,1.049,,,,1.89,E
Puerto Rico,PRI,North America,2017,2010,0.855,,,,0.0,E
Puerto Rico,PRI,North America,2018,2010,0.648,,,,0.0,E
Puerto Rico,PRI,North America,2019,2010,0.808,,,,0.0,E
Puerto Rico,PRI,North America,2020,2020,1.241,,,,0.0,E
Puerto Rico,PRI,North America,2021,2020,0.779,,,,0.0,E
Puerto Rico,PRI,North America,2022,2020,0.765,,,,0.0,E
Puerto Rico,PRI,North America,2023,2020,1.215,,,,0.0,E
Puerto Rico,PRI,North America,2024,2020,1.557,,,,0.0,E
Democratic People's Republic of Korea,PRK,Asia,1970,1970,-0.41,73.476,4.843,15172777.0,,E
Democratic People's Republic of Korea,PRK,Asia,1971,1970,-0.286,107.453,6.9,15572460.0,,E
Democratic People's Republic of Korea,PRK,Asia,1972,1970,-0.17,89.505,5.603,15975065.0,,E
Democratic People's Republic of Korea,PRK,Asia,1973,1970,0.616,97.325,5.952,16350372.0,,E
Democratic People's Republic of Korea,PRK,Asia,1974,1970,-0.462,101.612,6.094,16673124.0,,E
Democratic People's Republic of Korea,PRK,Asia,1975,1970,0.937,107.624,6.342,16971055.0,,E
Democratic People's Republic of Korea,PRK,Asia,1976,1970,-0.307,110.031,6.381,17243455.0,,E
Democratic People's Republic of Korea,PRK,Asia,1977,1970,0.195,113.665,6.498,17492797.0,,E
Democratic People's Republic of Korea,PRK,Asia,1978,1970,0.718,108.209,6.101,17736000.0,,E
Democratic People's Republic of Korea,PRK,Asia,1979,1970,0.67,110.263,6.131,17983465.0,,E
Democratic People's Republic of Korea,PRK,Asia,1980,1980,0.034,114.082,6.256,18236783.0,,E
Democratic People's Republic of Korea,PRK,Asia,1981,1980,-0.566,114.399,6.183,18501303.0,,E
Democratic People's Republic of Korea,PRK,Asia,1982,1980,0.934,116.885,6.225,18776359.0,,E
Democratic People's Republic of Korea,PRK,Asia,1983,1980,0.617,125.163,6.569,19054039.0,,E
Democratic People's Republic of Korea,PRK,Asia,1984,1980,-0.125,134.658,6.964,19335049.0,,E
Democratic People's Republic of Korea,PRK,Asia,1985,1980,0.172,144.288,7.354,19620396.0,,E
Democratic People's Republic of Korea,PRK,Asia,1986,1980,-0.688,156.835,7.877,19910856.0,,E
Democratic People's Republic of Korea,PRK,Asia,1987,1980,0.248,175.626,8.692,20205485.0,,E
Democratic People's Republic of Korea,PRK,Asia,1988,1980,0.584,199.234,9.717,20503161.0,,E
Democratic People's Republic of Korea,PRK,Asia,1989,1980,1.253,209.252,10.058,20804363.0,,E
Democratic People's Republic of Korea,PRK,Asia,1990,1990,1.353,118.383,5.607,21112134.0,7.19,E
Democratic People's Republic of Korea,PRK,Asia,1991,1990,0.62,112.819,5.265,21428637.0,7.53,E
Democratic People's Republic of Korea,PRK,Asia,1992,1990,0.795,97.985,4.505,21750912.0,7.74,E
Democratic People's Republic of Korea,PRK,Asia,1993,1990,0.595,89.585,4.059,22073354.0,7.99,E
Democratic People's Republic of Korea,PRK,Asia,1994,1990,1.385,81.584,3.643,22393967.0,8.99,E
Democratic People's Republic of Korea,PRK,Asia,1995,1990,0.724,76.085,3.356,22669307.0,9.59,E
Democratic People's Republic of Korea,PRK,Asia,1996,1990,0.306,66.292,2.895,22895753.0,10.2,E
Democratic People's Republic of Korea,PRK,Asia,1997,1990,1.03,63.679,2.755,23110836.0,9.64,E
Democratic People's Republic of Korea,PRK,Asia,1998,1990,1.845,58.749,2.52,23311570.0,9.89,E
Democratic People's Republic of Korea,PRK,Asia,1999,1990,1.448,64.143,2.73,23497594.0,9.38,E
Democratic People's Republic of Korea,PRK,Asia,2000,2000,0.669,69.165,2.923,23665909.0,8.71,E
Democratic People's Republic of Korea,PRK,Asia,2001,2000,0.915,71.668,3.009,23815364.0,8.62,E
Democratic People's Republic of Korea,PRK,Asia,2002,2000,0.913,68.642,2.867,23943975.0,9.03,E
Democratic People's Republic of Korea,PRK,Asia,2003,2000,0.978,70.143,2.912,24090382.0,9.26,E
Democratic People's Republic of Korea,PRK,Asia,2004,2000,1.628,71.722,2.957,24254946.0,9.37,E
Democratic People's Republic of Korea,PRK,Asia,2005,2000,0.899,75.01,3.075,24396434.0,9.23,E
Democratic People's Republic of Korea,PRK,Asia,2006,2000,0.746,76.17,3.106,24524508.0,8.96,E
Democratic People's Republic of Korea,PRK,Asia,2007,2000,1.659,63.478,2.576,24646384.0,10.91,E
Democratic People's Republic of Korea,PRK,Asia,2008,2000,1.57,70.326,2.84,24764620.0,10.19,E
Democratic People's Republic of Korea,PRK,Asia,2009,2000,1.12,67.66,2.72,24878338.0,10.35,E
Democratic People's Republic of Korea,PRK,Asia,2010,2010,0.45,65.355,2.616,24987257.0,11.01,E
Democratic People's Republic of Korea,PRK,Asia,2011,2010,0.586,47.867,1.907,25097877.0,14.79,E
Democratic People's Republic of Korea,PRK,Asia,2012,2010,0.48,46.755,1.854,25211737.0,15.4,E
Democratic People's Republic of Korea,PRK,Asia,2013,2010,0.376,36.144,1.427,25329456.0,20.83,E
Democratic People's Republic of Korea,PRK,Asia,2014,2010,1.675,39.825,1.565,25451263.0,18.51,E
Democratic People's Republic of Korea,PRK,Asia,2015,2010,1.401,31.278,1.223,25575355.0,22.64,E
Democratic People's Republic of Korea,PRK,Asia,2016,2010,1.621,34.236,1.332,25698325.0,24.02,E
Democratic People's Republic of Korea,PRK,Asia,2017,2010,1.807,69.708,2.7,25817710.0,10.22,E
Democratic People's Republic of Korea,PRK,Asia,2018,2010,1.086,62.608,2.414,25931153.0,11.83,E
Democratic People's Republic of Korea,PRK,Asia,2019,2010,2.05,69.512,2.67,26037633.0,10.04,E
Democratic People's Republic of Korea,PRK,Asia,2020,2020,2.082,65.577,2.509,26136312.0,11.15,E
Democratic People's Republic of Korea,PRK,Asia,2021,2020,2.067,53.97,2.057,26232530.0,14.61,E
Democratic People's Republic of Korea,PRK,Asia,2022,2020,1.804,56.289,2.138,26328843.0,14.3,E
Democratic People's Republic of Korea,PRK,Asia,2023,2020,2.212,62.025,2.348,26418196.0,13.16,E
Democratic People's Republic of Korea,PRK,Asia,2024,2020,2.794,62.55,2.36,26498832.0,,E
Portugal,PRT,Europe,1970,1970,0.08,15.236,1.757,8669523.0,,E
Portugal,PRT,Europe,1971,1970,-0.881,16.376,1.885,8685587.0,,E
Portugal,PRT,Europe,1972,1970,-0.924,18.307,2.077,8815590.0,,E
Portugal,PRT,Europe,1973,1970,-0.087,19.945,2.231,8939234.0,,E
Portugal,PRT,Europe,1974,1970,-0.459,20.645,2.279,9059175.0,,E
Portugal,PRT,Europe,1975,1970,-0.107,21.275,2.317,9182303.0,,E
Portugal,PRT,Europe,1976,1970,-0.38,22.326,2.398,9310263.0,,E
Portugal,PRT,Europe,1977,1970,-0.303,22.605,2.395,9438170.0,,E
Portugal,PRT,Europe,1978,1970,0.136,22.585,2.363,9556397.0,,E
Portugal,PRT,Europe,1979,1970,0.131,24.856,2.572,9663303.0,,E
Portugal,PRT,Europe,1980,1980,0.243,26.773,2.742,9763622.0,,E
Portugal,PRT,Europe,1981,1980,0.524,27.0,2.745,9837588.0,,E
Portugal,PRT,Europe,1982,1980,0.538,29.0,2.933,9885845.0,,E
Portugal,PRT,Europe,1983,1980,0.262,29.902,3.013,9925257.0,,E
Portugal,PRT,Europe,1984,1980,-0.156,28.794,2.892,9956893.0,,E
Portugal,PRT,Europe,1985,1980,0.489,27.133,2.719,9979475.0,,E
Portugal,PRT,Europe,1986,1980,0.055,30.221,3.024,9993097.0,,E
Portugal,PRT,Europe,1987,1980,0.704,31.198,3.119,10001990.0,,E
Portugal,PRT,Europe,1988,1980,0.588,32.568,3.255,10004588.0,,E
Portugal,PRT,Europe,1989,1980,1.075,40.822,4.082,10001380.0,,E
Portugal,PRT,Europe,1990,1990,1.358,45.311,4.536,9989526.0,26.95,E
Portugal,PRT,Europe,1991,1990,0.396,46.879,4.702,9969181.0,25.79,E
Portugal,PRT,Europe,1992,1990,0.383,50.957,5.116,9960345.0,22.4,E
Portugal,PRT,Europe,1993,1990,-0.233,49.469,4.961,9972341.0,24.37,E
Portugal,PRT,Europe,1994,1990,0.644,50.243,5.025,9998487.0,24.95,E
Portugal,PRT,Europe,1995,1990,1.622,54.503,5.433,10031756.0,23.74,E
Portugal,PRT,Europe,1996,1990,0.7,51.8,5.145,10067655.0,25.35,E
Portugal,PRT,Europe,1997,1990,1.569,54.669,5.407,10110548.0,24.55,E
Portugal,PRT,Europe,1998,1990,1.186,59.211,5.828,10159524.0,22.43,E
Portugal,PRT,Europe,1999,1990,0.568,66.878,6.547,10214877.0,19.02,E
Portugal,PRT,Europe,2000,2000,0.6,65.504,6.37,10283196.0,20.12,E
Portugal,PRT,Europe,2001,2000,1.091,65.187,6.296,10354329.0,20.83,E
Portugal,PRT,Europe,2002,2000,0.636,69.583,6.682,10413045.0,18.28,E
Portugal,PRT,Europe,2003,2000,1.403,64.482,6.168,10454246.0,22.09,E
Portugal,PRT,Europe,2004,2000,0.961,67.302,6.421,10481386.0,19.87,E
Portugal,PRT,Europe,2005,2000,0.937,69.64,6.63,10502993.0,18.07,E
Portugal,PRT,Europe,2006,2000,1.508,64.856,6.163,10524123.0,22.33,E
Portugal,PRT,Europe,2007,2000,0.734,62.38,5.915,10546822.0,23.15,E
Portugal,PRT,Europe,2008,2000,0.623,60.01,5.681,10564086.0,23.19,E
Portugal,PRT,Europe,2009,2000,1.331,57.147,5.403,10576265.0,24.9,E
Portugal,PRT,Europe,2010,2010,1.077,52.89,5.0,10578659.0,27.83,E
Portugal,PRT,Europe,2011,2010,1.583,51.784,4.905,10557050.0,27.22,E
Portugal,PRT,Europe,2012,2010,0.769,49.932,4.749,10513155.0,25.52,E
Portugal,PRT,Europe,2013,2010,0.909,48.146,4.604,10458287.0,30.17,E
Portugal,PRT,Europe,2014,2010,1.329,47.942,4.607,10406203.0,30.46,E
Portugal,PRT,Europe,2015,2010,1.376,52.233,5.037,10370264.0,27.2,E
Portugal,PRT,Europe,2016,2010,1.658,50.311,4.863,10346377.0,29.0,E
Portugal,PRT,Europe,2017,2010,2.085,55.165,5.34,10330838.0,24.42,E
Portugal,PRT,Europe,2018,2010,0.841,51.34,4.972,10325355.0,27.47,E
Portugal,PRT,Europe,2019,2010,1.225,47.583,4.6,10343218.0,28.19,E
Portugal,PRT,Europe,2020,2020,1.921,41.738,4.025,10370519.0,31.33,E
Portugal,PRT,Europe,2021,2020,1.153,40.3,3.878,10390957.0,32.45,E
Portugal,PRT,Europe,2022,2020,2.188,40.722,3.909,10417074.0,31.51,E
Portugal,PRT,Europe,2023,2020,2.482,37.622,3.607,10430735.0,35.42,E
Portugal,PRT,Europe,2024,2020,2.069,35.539,3.409,10425291.0,,E
Paraguay,PRY,South America,1970,1970,0.293,0.743,0.311,2388030.0,,E
Paraguay,PRY,South America,1971,1970,-0.378,0.633,0.259,2442540.0,,E
Paraguay,PRY,South America,1972,1970,0.454,0.714,0.285,2499885.0,,E
Paraguay,PRY,South America,1973,1970,0.114,0.867,0.339,2561103.0,,E
Paraguay,PRY,South America,1974,1970,-0.204,0.951,0.362,2625622.0,,E
Paraguay,PRY,South America,1975,1970,-0.028,0.836,0.311,2691649.0,,E
Paraguay,PRY,South America,1976,1970,-0.35,1.029,0.373,2758844.0,,E
Paraguay,PRY,South America,1977,1970,0.793,1.152,0.407,2827876.0,,E
Paraguay,PRY,South America,1978,1970,0.705,1.452,0.501,2899268.0,,E
Paraguay,PRY,South America,1979,1970,0.174,1.324,0.445,2973967.0,,E
Paraguay,PRY,South America,1980,1980,0.254,1.484,0.486,3053239.0,,E
Paraguay,PRY,South America,1981,1980,0.487,1.382,0.44,3137611.0,,E
Paraguay,PRY,South America,1982,1980,0.44,1.361,0.422,3226195.0,,E
Paraguay,PRY,South America,1983,1980,-0.248,1.406,0.424,3318075.0,,E
Paraguay,PRY,South America,1984,1980,0.523,1.489,0.436,3412939.0,,E
Paraguay,PRY,South America,1985,1980,0.449,1.547,0.441,3510678.0,,E
Paraguay,PRY,South America,1986,1980,0.891,1.652,0.457,3611474.0,,E
Paraguay,PRY,South America,1987,1980,0.246,1.873,0.504,3714892.0,,E
Paraguay,PRY,South America,1988,1980,0.011,2.139,0.56,3820551.0,,E
Paraguay,PRY,South America,1989,1980,-0.008,2.218,0.565,3927802.0,,E
Paraguay,PRY,South America,1990,1990,0.122,2.13,0.528,4035752.0,78.51,E
Paraguay,PRY,South America,1991,1990,0.755,2.098,0.506,4144370.0,79.15,E
Paraguay,PRY,South America,1992,1990,-0.295,2.571,0.604,4253608.0,75.73,E
Paraguay,PRY,South America,1993,1990,0.299,2.905,0.666,4362706.0,72.62,E
Paraguay,PRY,South America,1994,1990,0.977,3.393,0.759,4471423.0,69.88,E
Paraguay,PRY,South America,1995,1990,0.651,3.925,0.857,4579803.0,70.17,E
Paraguay,PRY,South America,1996,1990,0.222,3.706,0.791,4687540.0,70.76,E
Paraguay,PRY,South America,1997,1990,0.994,4.092,0.853,4794415.0,69.52,E
Paraguay,PRY,South America,1998,1990,0.293,4.374,0.893,4900028.0,67.44,E
Paraguay,PRY,South America,1999,1990,0.145,4.362,0.872,5003139.0,65.88,E
Paraguay,PRY,South America,2000,2000,0.209,3.592,0.704,5100875.0,70.41,E
Paraguay,PRY,South America,2001,2000,0.731,3.687,0.711,5187690.0,69.84,E
Paraguay,PRY,South America,2002,2000,1.207,3.853,0.732,5261334.0,67.68,E
Paraguay,PRY,South America,2003,2000,0.851,4.026,0.756,5326437.0,67.05,E
Paraguay,PRY,South America,2004,2000,0.483,4.058,0.753,5388181.0,66.75,E
Paraguay,PRY,South America,2005,2000,0.634,3.772,0.692,5448100.0,68.81,E
Paraguay,PRY,South America,2006,2000,1.018,3.901,0.709,5505145.0,66.46,E
Paraguay,PRY,South America,2007,2000,0.378,4.041,0.727,5559385.0,68.44,E
Paraguay,PRY,South America,2008,2000,0.393,4.27,0.761,5613577.0,65.83,E
Paraguay,PRY,South America,2009,2000,1.04,4.525,0.798,5671243.0,65.41,E
Paraguay,PRY,South America,2010,2010,0.483,5.011,0.873,5737973.0,63.65,E
Paraguay,PRY,South America,2011,2010,0.721,5.192,0.893,5814632.0,62.46,E
Paraguay,PRY,South America,2012,2010,0.963,5.159,0.875,5897011.0,63.43,E
Paraguay,PRY,South America,2013,2010,0.486,5.169,0.864,5982447.0,62.63,E
Paraguay,PRY,South America,2014,2010,1.294,5.451,0.898,6069819.0,62.61,E
Paraguay,PRY,South America,2015,2010,1.64,6.045,0.982,6159106.0,60.57,E
Paraguay,PRY,South America,2016,2010,0.375,7.187,1.15,6249129.0,62.54,E
Paraguay,PRY,South America,2017,2010,1.269,7.939,1.253,6338658.0,60.14,E
Paraguay,PRY,South America,2018,2010,0.652,8.504,1.323,6427382.0,59.3,E
Paraguay,PRY,South America,2019,2010,1.43,8.268,1.269,6515059.0,60.17,E
Paraguay,PRY,South America,2020,2020,1.527,7.444,1.127,6603741.0,61.93,E
Paraguay,PRY,South America,2021,2020,0.862,8.187,1.225,6684184.0,58.94,E
Paraguay,PRY,South America,2022,2020,0.829,7.533,1.114,6760460.0,61.2,E
Paraguay,PRY,South America,2023,2020,1.934,7.646,1.117,6844150.0,62.68,E
Paraguay,PRY,South America,2024,2020,2.096,7.937,1.145,6929152.0,,E
Palestine,PSE,Asia,1970,1970,0.226,,,1116285.0,,E
Palestine,PSE,Asia,1971,1970,-0.313,,,1134114.0,,E
Palestine,PSE,Asia,1972,1970,-0.468,,,1164753.0,,E
Palestine,PSE,Asia,1973,1970,-0.451,,,1202261.0,,E
Palestine,PSE,Asia,1974,1970,-0.231,,,1241133.0,,E
Palestine,PSE,Asia,1975,1970,-0.383,,,1279321.0,,E
Palestine,PSE,Asia,1976,1970,-0.547,,,1316398.0,,E
Palestine,PSE,Asia,1977,1970,0.028,,,1352720.0,,E
Palestine,PSE,Asia,1978,1970,-0.055,,,1389501.0,,E
Palestine,PSE,Asia,1979,1970,0.628,,,1428122.0,,E
Palestine,PSE,Asia,1980,1980,-0.182,,,1469058.0,,E
Palestine,PSE,Asia,1981,1980,-0.197,,,1512710.0,,E
Palestine,PSE,Asia,1982,1980,-0.543,,,1560995.0,,E
Palestine,PSE,Asia,1983,1980,-1.047,,,1618780.0,,E
Palestine,PSE,Asia,1984,1980,-0.18,,,1688613.0,,E
Palestine,PSE,Asia,1985,1980,0.038,,,1745262.0,,E
Palestine,PSE,Asia,1986,1980,0.075,,,1789315.0,,E
Palestine,PSE,Asia,1987,1980,-0.29,,,1876764.0,,E
Palestine,PSE,Asia,1988,1980,0.043,,,1977311.0,,E
Palestine,PSE,Asia,1989,1980,-0.163,,,2055617.0,,E
Palestine,PSE,Asia,1990,1990,-0.089,0.861,0.403,2139065.0,23.01,E
Palestine,PSE,Asia,1991,1990,0.435,0.883,0.396,2228955.0,22.9,E
Palestine,PSE,Asia,1992,1990,-1.004,0.912,0.392,2324698.0,22.47,E
Palestine,PSE,Asia,1993,1990,-0.319,0.934,0.385,2425066.0,22.2,E
Palestine,PSE,Asia,1994,1990,0.866,0.964,0.381,2529164.0,21.92,E
Palestine,PSE,Asia,1995,1990,-0.103,0.945,0.359,2636554.0,21.92,E
Palestine,PSE,Asia,1996,1990,0.398,1.037,0.377,2746830.0,21.19,E
Palestine,PSE,Asia,1997,1990,-0.063,0.865,0.302,2859581.0,18.04,E
Palestine,PSE,Asia,1998,1990,0.949,1.458,0.492,2962895.0,17.2,E
Palestine,PSE,Asia,1999,1990,0.955,1.367,0.447,3056256.0,16.73,E
Palestine,PSE,Asia,2000,2000,0.319,1.66,0.527,3151800.0,18.44,E
Palestine,PSE,Asia,2001,2000,0.928,1.345,0.415,3242286.0,18.02,E
Palestine,PSE,Asia,2002,2000,0.779,1.154,0.347,3322369.0,23.82,E
Palestine,PSE,Asia,2003,2000,0.602,1.275,0.375,3398071.0,24.57,E
Palestine,PSE,Asia,2004,2000,0.596,2.191,0.63,3475178.0,26.23,E
Palestine,PSE,Asia,2005,2000,0.26,2.737,0.769,3557406.0,25.92,E
Palestine,PSE,Asia,2006,2000,0.675,2.268,0.622,3645096.0,20.17,E
Palestine,PSE,Asia,2007,2000,0.587,2.327,0.623,3736694.0,22.51,E
Palestine,PSE,Asia,2008,2000,0.821,2.052,0.536,3829039.0,22.16,E
Palestine,PSE,Asia,2009,2000,0.879,2.088,0.533,3921245.0,18.44,E
Palestine,PSE,Asia,2010,2010,2.373,2.034,0.506,4016918.0,16.48,E
Palestine,PSE,Asia,2011,2010,0.589,2.246,0.546,4115912.0,19.77,E
Palestine,PSE,Asia,2012,2010,1.042,2.195,0.521,4215318.0,15.79,E
Palestine,PSE,Asia,2013,2010,1.125,2.437,0.565,4315263.0,15.44,E
Palestine,PSE,Asia,2014,2010,0.91,2.836,0.642,4415887.0,13.97,E
Palestine,PSE,Asia,2015,2010,1.397,3.001,0.664,4521564.0,14.2,E
Palestine,PSE,Asia,2016,2010,1.709,3.235,0.698,4632743.0,15.42,E
Palestine,PSE,Asia,2017,2010,0.833,3.265,0.688,4742747.0,12.36,E
Palestine,PSE,Asia,2018,2010,2.064,2.957,0.61,4850593.0,14.65,E
Palestine,PSE,Asia,2019,2010,1.203,3.265,0.658,4957773.0,15.68,E
Palestine,PSE,Asia,2020,2020,1.441,3.327,0.656,5069692.0,16.8,E
Palestine,PSE,Asia,2021,2020,1.777,3.635,0.701,5185341.0,17.1,E
Palestine,PSE,Asia,2022,2020,1.012,4.702,0.886,5305274.0,18.06,E
Palestine,PSE,Asia,2023,2020,1.855,4.755,0.879,5409201.0,21.19,E
Palestine,PSE,Asia,2024,2020,2.225,4.78,0.87,5495447.0,21.17,E
French Polynesia,PYF,Oceania,1970,1970,0.232,0.194,1.703,114027.0,,E
French Polynesia,PYF,Oceania,1971,1970,-0.25,0.227,1.926,117959.0,,E
French Polynesia,PYF,Oceania,1972,1970,0.202,0.216,1.773,121900.0,,E
French Polynesia,PYF,Oceania,1973,1970,0.375,0.209,1.659,125912.0,,E
French Polynesia,PYF,Oceania,1974,1970,-0.279,0.216,1.663,129974.0,,E
French Polynesia,PYF,Oceania,1975,1970,-0.183,0.213,1.585,134055.0,,E
French Polynesia,PYF,Oceania,1976,1970,-0.192,0.264,1.91,138135.0,,E
French Polynesia,PYF,Oceania,1977,1970,0.268,0.275,1.931,142321.0,,E
French Polynesia,PYF,Oceania,1978,1970,-0.067,0.311,2.121,146835.0,,E
French Polynesia,PYF,Oceania,1979,1970,0.116,0.282,1.861,151582.0,,E
French Polynesia,PYF,Oceania,1980,1980,0.236,0.293,1.873,156485.0,,E
French Polynesia,PYF,Oceania,1981,1980,0.127,0.33,2.042,161519.0,,E
French Polynesia,PYF,Oceania,1982,1980,0.3,0.337,2.023,166650.0,,E
French Polynesia,PYF,Oceania,1983,1980,0.122,0.421,2.453,171758.0,,E
French Polynesia,PYF,Oceania,1984,1980,0.289,0.462,2.616,176480.0,,E
French Polynesia,PYF,Oceania,1985,1980,0.03,0.59,3.259,181003.0,,E
French Polynesia,PYF,Oceania,1986,1980,0.148,0.608,3.276,185685.0,,E
French Polynesia,PYF,Oceania,1987,1980,0.31,0.612,3.213,190462.0,,E
French Polynesia,PYF,Oceania,1988,1980,0.195,0.575,2.947,195208.0,,E
French Polynesia,PYF,Oceania,1989,1980,0.022,0.542,2.716,199650.0,,E
French Polynesia,PYF,Oceania,1990,1990,0.226,0.524,2.571,203780.0,4.1,E
French Polynesia,PYF,Oceania,1991,1990,0.178,0.528,2.54,207755.0,4.14,E
French Polynesia,PYF,Oceania,1992,1990,0.19,0.498,2.355,211570.0,6.64,E
French Polynesia,PYF,Oceania,1993,1990,0.016,0.52,2.417,215229.0,6.93,E
French Polynesia,PYF,Oceania,1994,1990,0.383,0.535,2.445,218747.0,6.59,E
French Polynesia,PYF,Oceania,1995,1990,0.378,0.524,2.359,222128.0,8.07,E
French Polynesia,PYF,Oceania,1996,1990,-0.043,0.524,2.324,225500.0,7.27,E
French Polynesia,PYF,Oceania,1997,1990,0.126,0.542,2.367,229132.0,7.29,E
French Polynesia,PYF,Oceania,1998,1990,0.512,0.535,2.297,232898.0,9.96,E
French Polynesia,PYF,Oceania,1999,1990,0.325,0.594,2.509,236606.0,6.97,E
French Polynesia,PYF,Oceania,2000,2000,0.196,0.685,2.851,240346.0,8.48,E
French Polynesia,PYF,Oceania,2001,2000,0.325,0.769,3.152,244107.0,6.37,E
French Polynesia,PYF,Oceania,2002,2000,0.626,0.806,3.253,247785.0,5.87,E
French Polynesia,PYF,Oceania,2003,2000,0.553,0.835,3.32,251650.0,6.79,E
French Polynesia,PYF,Oceania,2004,2000,0.376,0.843,3.296,255663.0,7.54,E
French Polynesia,PYF,Oceania,2005,2000,0.505,0.832,3.205,259517.0,7.58,E
French Polynesia,PYF,Oceania,2006,2000,0.681,0.839,3.187,263234.0,9.49,E
French Polynesia,PYF,Oceania,2007,2000,0.682,0.857,3.218,266448.0,9.21,E
French Polynesia,PYF,Oceania,2008,2000,0.171,0.868,3.235,268390.0,8.78,E
French Polynesia,PYF,Oceania,2009,2000,0.66,0.861,3.195,269494.0,8.76,E
French Polynesia,PYF,Oceania,2010,2010,0.6,0.923,3.412,270590.0,7.37,E
French Polynesia,PYF,Oceania,2011,2010,0.036,0.883,3.25,271734.0,6.82,E
French Polynesia,PYF,Oceania,2012,2010,0.548,0.876,3.207,273092.0,6.64,E
French Polynesia,PYF,Oceania,2013,2010,0.36,0.883,3.214,274736.0,6.49,E
French Polynesia,PYF,Oceania,2014,2010,0.498,0.85,3.076,276391.0,7.45,E
French Polynesia,PYF,Oceania,2015,2010,0.568,0.846,3.046,277877.0,7.83,E
French Polynesia,PYF,Oceania,2016,2010,1.015,0.868,3.11,279180.0,8.08,E
French Polynesia,PYF,Oceania,2017,2010,0.76,0.876,3.126,280096.0,8.07,E
French Polynesia,PYF,Oceania,2018,2010,0.489,0.879,3.143,279823.0,7.71,E
French Polynesia,PYF,Oceania,2019,2010,0.716,0.89,3.191,279040.0,7.65,E
French Polynesia,PYF,Oceania,2020,2020,0.687,0.832,2.979,279218.0,8.26,E
French Polynesia,PYF,Oceania,2021,2020,0.646,0.868,3.103,279808.0,7.47,E
French Polynesia,PYF,Oceania,2022,2020,0.214,0.887,3.162,280388.0,8.66,E
French Polynesia,PYF,Oceania,2023,2020,0.867,0.882,3.139,281125.0,7.24,E
French Polynesia,PYF,Oceania,2024,2020,0.958,0.923,3.275,281816.0,7.88,E
Qatar,QAT,Asia,1970,1970,0.125,7.561,64.978,116370.0,,E
Qatar,QAT,Asia,1971,1970,-0.262,9.144,69.615,131356.0,,E
Qatar,QAT,Asia,1972,1970,-0.423,10.775,73.543,146518.0,,E
Qatar,QAT,Asia,1973,1970,0.076,12.457,76.966,161854.0,,E
Qatar,QAT,Asia,1974,1970,-0.012,10.479,59.077,177372.0,,E
Qatar,QAT,Asia,1975,1970,-0.233,10.947,56.692,193103.0,,E
Qatar,QAT,Asia,1976,1970,-0.516,10.376,49.628,209067.0,,E
Qatar,QAT,Asia,1977,1970,0.336,9.917,44.019,225298.0,,E
Qatar,QAT,Asia,1978,1970,0.233,10.522,43.51,241820.0,,E
Qatar,QAT,Asia,1979,1970,0.873,14.346,55.46,258678.0,,E
Qatar,QAT,Asia,1980,1980,0.519,13.086,47.426,275923.0,,E
Qatar,QAT,Asia,1981,1980,0.566,12.847,43.763,293561.0,,E
Qatar,QAT,Asia,1982,1980,-0.21,12.342,39.614,311544.0,,E
Qatar,QAT,Asia,1983,1980,-0.924,11.255,34.135,329720.0,,E
Qatar,QAT,Asia,1984,1980,-0.037,12.316,35.402,347894.0,,E
Qatar,QAT,Asia,1985,1980,0.336,12.391,33.86,365950.0,,E
Qatar,QAT,Asia,1986,1980,0.494,13.281,34.729,382426.0,,E
Qatar,QAT,Asia,1987,1980,0.313,11.486,28.93,397012.0,,E
Qatar,QAT,Asia,1988,1980,0.422,11.914,28.969,411273.0,,E
Qatar,QAT,Asia,1989,1980,-0.14,14.31,33.619,425658.0,,E
Qatar,QAT,Asia,1990,1990,0.315,11.428,25.962,440184.0,0.17,E
Qatar,QAT,Asia,1991,1990,-0.232,17.414,38.285,454860.0,0.17,E
Qatar,QAT,Asia,1992,1990,-0.605,26.816,57.097,469657.0,0.06,E
Qatar,QAT,Asia,1993,1990,-0.054,30.721,63.4,484553.0,0.04,E
Qatar,QAT,Asia,1994,1990,0.582,32.375,64.819,499469.0,0.04,E
Qatar,QAT,Asia,1995,1990,-0.021,33.17,64.491,514334.0,0.08,E
Qatar,QAT,Asia,1996,1990,0.412,34.472,65.162,529024.0,0.07,E
Qatar,QAT,Asia,1997,1990,-0.019,42.232,76.715,550511.0,0.05,E
Qatar,QAT,Asia,1998,1990,1.091,36.96,63.665,580543.0,0.05,E
Qatar,QAT,Asia,1999,1990,1.66,36.325,59.305,612510.0,0.07,E
Qatar,QAT,Asia,2000,2000,0.892,40.406,62.646,644993.0,0.06,E
Qatar,QAT,Asia,2001,2000,0.919,45.914,67.727,677934.0,0.1,E
Qatar,QAT,Asia,2002,2000,1.401,45.175,63.518,711215.0,0.05,E
Qatar,QAT,Asia,2003,2000,1.133,46.631,62.618,744690.0,0.04,E
Qatar,QAT,Asia,2004,2000,1.183,47.44,61.344,773341.0,0.02,E
Qatar,QAT,Asia,2005,2000,0.802,47.682,57.767,825419.0,0.02,E
Qatar,QAT,Asia,2006,2000,1.612,59.753,61.421,972841.0,0.08,E
Qatar,QAT,Asia,2007,2000,0.946,59.53,49.255,1208601.0,0.05,E
Qatar,QAT,Asia,2008,2000,1.13,61.871,43.359,1426942.0,0.09,E
Qatar,QAT,Asia,2009,2000,1.078,65.305,41.175,1586052.0,0.06,E
Qatar,QAT,Asia,2010,2010,1.97,73.651,43.09,1709238.0,0.1,E
Qatar,QAT,Asia,2011,2010,1.419,81.809,45.175,1810960.0,0.11,E
Qatar,QAT,Asia,2012,2010,1.354,93.738,49.152,1907122.0,0.03,E
Qatar,QAT,Asia,2013,2010,1.213,91.433,44.982,2032650.0,0.03,E
Qatar,QAT,Asia,2014,2010,1.609,91.642,41.31,2218378.0,0.04,E
Qatar,QAT,Asia,2015,2010,2.041,93.31,38.441,2427340.0,0.04,E
Qatar,QAT,Asia,2016,2010,1.548,91.378,35.154,2599382.0,0.05,E
Qatar,QAT,Asia,2017,2010,1.911,105.657,39.035,2706716.0,0.05,E
Qatar,QAT,Asia,2018,2010,2.016,102.621,37.166,2761144.0,0.04,E
Qatar,QAT,Asia,2019,2010,1.844,101.43,36.252,2797927.0,0.04,E
Qatar,QAT,Asia,2020,2020,1.759,101.329,36.145,2803375.0,0.04,E
Qatar,QAT,Asia,2021,2020,2.179,104.386,37.082,2814988.0,0.03,E
Qatar,QAT,Asia,2022,2020,1.887,109.594,37.89,2892466.0,0.25,E
Qatar,QAT,Asia,2023,2020,2.106,119.544,40.128,2979086.0,0.72,E
Qatar,QAT,Asia,2024,2020,2.281,125.812,41.271,3048429.0,,E
Réunion,REU,Africa,1970,1970,0.233,,,,,E
Réunion,REU,Africa,1971,1970,-0.431,,,,,E
Réunion,REU,Africa,1972,1970,0.201,,,,,E
Réunion,REU,Africa,1973,1970,0.259,,,,,E
Réunion,REU,Africa,1974,1970,-0.417,,,,,E
Réunion,REU,Africa,1975,1970,0.046,,,,,E
Réunion,REU,Africa,1976,1970,0.266,,,,,E
Réunion,REU,Africa,1977,1970,0.847,,,,,E
Réunion,REU,Africa,1978,1970,0.431,,,,,E
Réunion,REU,Africa,1979,1970,0.502,,,,,E
Réunion,REU,Africa,1980,1980,0.207,,,,,E
Réunion,REU,Africa,1981,1980,,,,,,O
Réunion,REU,Africa,1982,1980,0.121,,,,,E
Réunion,REU,Africa,1983,1980,0.326,,,,,E
Réunion,REU,Africa,1984,1980,-0.118,,,,,E
Réunion,REU,Africa,1985,1980,0.328,,,,,E
Réunion,REU,Africa,1986,1980,0.161,,,,,E
Réunion,REU,Africa,1987,1980,0.788,,,,,E
Réunion,REU,Africa,1988,1980,0.645,,,,,E
Réunion,REU,Africa,1989,1980,0.38,,,,,E
Réunion,REU,Africa,1990,1990,0.388,,,,37.52,E
Réunion,REU,Africa,1991,1990,0.522,,,,35.33,E
Réunion,REU,Africa,1992,1990,0.441,,,,28.13,E
Réunion,REU,Africa,1993,1990,0.425,,,,25.49,E
Réunion,REU,Africa,1994,1990,0.637,,,,25.65,E
Réunion,REU,Africa,1995,1990,0.42,,,,23.91,E
Réunion,REU,Africa,1996,1990,0.262,,,,21.6,E
Réunion,REU,Africa,1997,1990,0.381,,,,18.36,E
Réunion,REU,Africa,1998,1990,1.129,,,,16.25,E
Réunion,REU,Africa,1999,1990,0.512,,,,11.62,E
Réunion,REU,Africa,2000,2000,0.576,,,,11.72,E
Réunion,REU,Africa,2001,2000,1.03,,,,10.72,E
Réunion,REU,Africa,2002,2000,0.713,,,,11.73,E
Réunion,REU,Africa,2003,2000,0.841,,,,12.41,E
Réunion,REU,Africa,2004,2000,,,,,12.05,O
Réunion,REU,Africa,2005,2000,,,,,11.38,O
Réunion,REU,Africa,2006,2000,0.475,,,,11.99,E
Réunion,REU,Africa,2007,2000,0.676,,,,16.42,E
Réunion,REU,Africa,2008,2000,0.513,,,,16.45,E
Réunion,REU,Africa,2009,2000,1.048,,,,15.31,E
Réunion,REU,Africa,2010,2010,0.957,,,,16.4,E
Réunion,REU,Africa,2011,2010,0.975,,,,,E
Réunion,REU,Africa,2012,2010,1.119,,,,,E
Réunion,REU,Africa,2013,2010,,,,,,O
Réunion,REU,Africa,2014,2010,,,,,,O
Réunion,REU,Africa,2015,2010,1.378,,,,,E
Réunion,REU,Africa,2016,2010,1.134,,,,,E
Réunion,REU,Africa,2017,2010,1.456,,,,,E
Réunion,REU,Africa,2018,2010,1.315,,,,,E
Réunion,REU,Africa,2019,2010,1.741,,,,,E
Réunion,REU,Africa,2020,2020,1.109,,,,,E
Réunion,REU,Africa,2021,2020,1.339,,,,,E
Réunion,REU,Africa,2022,2020,0.998,,,,,E
Réunion,REU,Africa,2023,2020,1.675,,,,,E
Réunion,REU,Africa,2024,2020,1.525,,,,,E
Romania,ROU,Europe,1970,1970,-0.029,119.981,5.996,20011626.0,,E
Romania,ROU,Europe,1971,1970,-0.005,125.66,6.192,20293487.0,,E
Romania,ROU,Europe,1972,1970,0.397,132.208,6.432,20555577.0,,E
Romania,ROU,Europe,1973,1970,-0.204,144.691,6.957,20798323.0,,E
Romania,ROU,Europe,1974,1970,-0.078,150.611,7.161,21033562.0,,E
Romania,ROU,Europe,1975,1970,0.811,161.862,7.611,21268070.0,,E
Romania,ROU,Europe,1976,1970,-0.805,174.278,8.107,21497684.0,,E
Romania,ROU,Europe,1977,1970,0.546,177.833,8.195,21700176.0,,E
Romania,ROU,Europe,1978,1970,-0.821,193.244,8.837,21868064.0,,E
Romania,ROU,Europe,1979,1970,0.161,195.324,8.87,22019627.0,,E
Romania,ROU,Europe,1980,1980,-0.632,195.807,8.838,22154776.0,,E
Romania,ROU,Europe,1981,1980,0.052,197.323,8.859,22272788.0,,E
Romania,ROU,Europe,1982,1980,-0.052,194.877,8.71,22374447.0,,E
Romania,ROU,Europe,1983,1980,0.852,199.663,8.89,22459213.0,,E
Romania,ROU,Europe,1984,1980,-0.112,188.323,8.357,22534002.0,,E
Romania,ROU,Europe,1985,1980,-1.17,193.449,8.557,22605815.0,,E
Romania,ROU,Europe,1986,1980,0.453,201.073,8.868,22674739.0,,E
Romania,ROU,Europe,1987,1980,-0.703,211.024,9.278,22745589.0,,E
Romania,ROU,Europe,1988,1980,0.124,211.568,9.273,22815435.0,,E
Romania,ROU,Europe,1989,1980,0.784,212.97,9.305,22887645.0,,E
Romania,ROU,Europe,1990,1990,1.132,176.535,7.696,22939530.0,3.36,E
Romania,ROU,Europe,1991,1990,0.07,142.258,6.199,22947416.0,4.97,E
Romania,ROU,Europe,1992,1990,0.403,132.003,5.761,22912389.0,5.61,E
Romania,ROU,Europe,1993,1990,-0.39,122.709,5.372,22842257.0,7.19,E
Romania,ROU,Europe,1994,1990,1.756,120.868,5.311,22756247.0,7.64,E
Romania,ROU,Europe,1995,1990,0.451,125.675,5.547,22657722.0,8.6,E
Romania,ROU,Europe,1996,1990,-0.38,129.117,5.728,22541915.0,11.92,E
Romania,ROU,Europe,1997,1990,-0.377,118.115,5.27,22411511.0,15.75,E
Romania,ROU,Europe,1998,1990,0.828,104.783,4.702,22284901.0,16.27,E
Romania,ROU,Europe,1999,1990,0.661,88.899,4.011,22166156.0,17.73,E
Romania,ROU,Europe,2000,2000,1.363,93.206,4.228,22046264.0,16.37,E
Romania,ROU,Europe,2001,2000,1.557,98.928,4.513,21919916.0,13.39,E
Romania,ROU,Europe,2002,2000,1.237,99.069,4.551,21770020.0,14.4,E
Romania,ROU,Europe,2003,2000,0.156,103.707,4.803,21593448.0,15.67,E
Romania,ROU,Europe,2004,2000,0.574,103.233,4.823,21403215.0,17.27,E
Romania,ROU,Europe,2005,2000,0.316,101.337,4.777,21213395.0,18.47,E
Romania,ROU,Europe,2006,2000,0.535,104.29,4.958,21035732.0,17.39,E
Romania,ROU,Europe,2007,2000,2.128,108.497,5.199,20870714.0,18.16,E
Romania,ROU,Europe,2008,2000,1.336,106.997,5.164,20718745.0,20.4,E
Romania,ROU,Europe,2009,2000,1.611,87.806,4.267,20576922.0,22.14,E
Romania,ROU,Europe,2010,2010,1.167,84.488,4.135,20432575.0,24.07,E
Romania,ROU,Europe,2011,2010,0.5,92.391,4.555,20282009.0,21.09,E
Romania,ROU,Europe,2012,2010,1.829,89.848,4.457,20158451.0,21.53,E
Romania,ROU,Europe,2013,2010,1.375,78.795,3.927,20062913.0,23.07,E
Romania,ROU,Europe,2014,2010,1.553,79.335,3.973,19968179.0,24.31,E
Romania,ROU,Europe,2015,2010,1.774,78.046,3.928,19871018.0,23.67,E
Romania,ROU,Europe,2016,2010,1.847,76.587,3.873,19777049.0,24.4,E
Romania,ROU,Europe,2017,2010,1.123,79.432,4.034,19689405.0,23.35,E
Romania,ROU,Europe,2018,2010,2.226,79.874,4.076,19597874.0,23.03,E
Romania,ROU,Europe,2019,2010,2.205,76.69,3.933,19501542.0,23.54,E
Romania,ROU,Europe,2020,2020,2.208,73.946,3.813,19392467.0,24.06,E
Romania,ROU,Europe,2021,2020,1.372,77.501,4.026,19248159.0,23.59,E
Romania,ROU,Europe,2022,2020,1.892,73.186,3.818,19166776.0,23.49,E
Romania,ROU,Europe,2023,2020,2.659,67.866,3.55,19118482.0,23.96,E
Romania,ROU,Europe,2024,2020,3.253,68.551,3.605,19015096.0,,E
Russia,RUS,Europe,1970,1970,,1441.379,11.056,130367188.0,,
Russia,RUS,Europe,1971,1970,,1529.596,11.677,130987110.0,,
Russia,RUS,Europe,1972,1970,,1609.329,12.217,131726417.0,,
Russia,RUS,Europe,1973,1970,,1677.296,12.661,132475155.0,,
Russia,RUS,Europe,1974,1970,,1741.162,13.066,133259155.0,,
Russia,RUS,Europe,1975,1970,,1830.213,13.644,134136098.0,,
Russia,RUS,Europe,1976,1970,,1900.701,14.071,135080691.0,,
Russia,RUS,Europe,1977,1970,,1965.35,14.447,136040974.0,,
Russia,RUS,Europe,1978,1970,,2032.849,14.841,136979085.0,,
Russia,RUS,Europe,1979,1970,,2049.709,14.873,137816542.0,,
Russia,RUS,Europe,1980,1980,,2130.355,15.374,138572628.0,,
Russia,RUS,Europe,1981,1980,,2089.791,14.997,139351496.0,,
Russia,RUS,Europe,1982,1980,,2129.189,15.182,140247745.0,,
Russia,RUS,Europe,1983,1980,,2159.389,15.279,141331277.0,,
Russia,RUS,Europe,1984,1980,,2178.563,15.292,142464238.0,,
Russia,RUS,Europe,1985,1980,,2349.517,16.365,143569386.0,,
Russia,RUS,Europe,1986,1980,,2349.904,16.228,144807816.0,,
Russia,RUS,Europe,1987,1980,,2358.795,16.14,146147383.0,,
Russia,RUS,Europe,1988,1980,,2437.801,16.543,147364493.0,,
Russia,RUS,Europe,1989,1980,,2405.697,16.224,148281862.0,,
Russia,RUS,Europe,1990,1990,,2536.284,17.024,148979537.0,3.75,
Russia,RUS,Europe,1991,1990,,2407.642,16.11,149448433.0,3.77,
Russian Federation,RUS,Europe,1992,1990,0.362,1963.458,13.185,148915993.0,3.98,E
Russian Federation,RUS,Europe,1993,1990,0.952,1866.525,12.6,148135419.0,4.04,E
Russian Federation,RUS,Europe,1994,1990,0.573,1646.876,11.112,148200734.0,3.87,E
Russian Federation,RUS,Europe,1995,1990,2.103,1618.286,10.913,148291406.0,3.87,E
Russian Federation,RUS,Europe,1996,1990,0.806,1586.633,10.714,148084580.0,3.69,E
Russian Federation,RUS,Europe,1997,1990,1.277,1481.964,10.023,147853769.0,3.75,E
Russian Federation,RUS,Europe,1998,1990,-0.035,1465.859,9.929,147635543.0,3.58,E
Russian Federation,RUS,Europe,1999,1990,0.409,1494.088,10.147,147241973.0,3.82,E
Russian Federation,RUS,Europe,2000,2000,1.317,1480.576,10.091,146717784.0,3.5,E
Russian Federation,RUS,Europe,2001,2000,0.813,1518.081,10.389,146117290.0,3.62,E
Russian Federation,RUS,Europe,2002,2000,1.587,1508.33,10.335,145939502.0,3.46,E
Russian Federation,RUS,Europe,2003,2000,0.99,1539.006,10.556,145794230.0,3.28,E
Russian Federation,RUS,Europe,2004,2000,1.397,1545.353,10.644,145180091.0,3.55,E
Russian Federation,RUS,Europe,2005,2000,1.701,1563.98,10.816,144597886.0,3.61,E
Russian Federation,RUS,Europe,2006,2000,0.547,1623.428,11.266,144102948.0,3.48,E
Russian Federation,RUS,Europe,2007,2000,2.482,1624.315,11.291,143859767.0,3.67,E
Russian Federation,RUS,Europe,2008,2000,2.213,1652.731,11.492,143811837.0,3.31,E
Russian Federation,RUS,Europe,2009,2000,1.183,1545.236,10.741,143869128.0,3.6,E
Russian Federation,RUS,Europe,2010,2010,0.872,1633.147,11.346,143934468.0,3.34,E
Russian Federation,RUS,Europe,2011,2010,1.696,1684.989,11.698,144043751.0,3.23,E
Russian Federation,RUS,Europe,2012,2010,1.925,1700.104,11.782,144291025.0,3.24,E
Russian Federation,RUS,Europe,2013,2010,1.159,1637.547,11.324,144604105.0,3.61,E
Russian Federation,RUS,Europe,2014,2010,1.748,1637.311,11.298,144925639.0,3.3,E
Russian Federation,RUS,Europe,2015,2010,2.241,1635.244,11.254,145307612.0,3.2,E
Russian Federation,RUS,Europe,2016,2010,2.451,1629.328,11.177,145778668.0,3.36,E
Russian Federation,RUS,Europe,2017,2010,2.121,1661.012,11.362,146186798.0,3.25,E
Russian Federation,RUS,Europe,2018,2010,2.037,1709.91,11.677,146430146.0,3.19,E
Russian Federation,RUS,Europe,2019,2010,2.184,1704.459,11.632,146533063.0,3.25,E
Russian Federation,RUS,Europe,2020,2020,3.697,1631.902,11.149,146371295.0,3.74,E
Russian Federation,RUS,Europe,2021,2020,1.63,1674.524,11.482,145836172.0,3.57,E
Russian Federation,RUS,Europe,2022,2020,2.269,1675.461,11.509,145579889.0,3.4,E
Russian Federation,RUS,Europe,2023,2020,2.505,1733.135,11.916,145440502.0,3.41,E
Russian Federation,RUS,Europe,2024,2020,2.313,1780.524,12.295,144820421.0,,E
Rwanda,RWA,Africa,1970,1970,0.133,0.059,0.015,3980673.0,,E
Rwanda,RWA,Africa,1971,1970,-0.307,0.062,0.015,4100049.0,,E
Rwanda,RWA,Africa,1972,1970,0.07,0.066,0.016,4220335.0,,E
Rwanda,RWA,Africa,1973,1970,0.487,0.07,0.016,4345045.0,,E
Rwanda,RWA,Africa,1974,1970,-0.007,0.073,0.016,4474235.0,,E
Rwanda,RWA,Africa,1975,1970,,0.176,0.038,4607728.0,,O
Rwanda,RWA,Africa,1976,1970,,0.267,0.056,4745962.0,,O
Rwanda,RWA,Africa,1977,1970,,0.267,0.055,4888248.0,,O
Rwanda,RWA,Africa,1978,1970,,0.289,0.057,5035172.0,,O
Rwanda,RWA,Africa,1979,1970,,0.297,0.057,5189550.0,,O
Rwanda,RWA,Africa,1980,1980,,0.495,0.092,5353263.0,,O
Rwanda,RWA,Africa,1981,1980,,0.601,0.109,5527236.0,,O
Rwanda,RWA,Africa,1982,1980,0.667,0.608,0.106,5711555.0,,E
Rwanda,RWA,Africa,1983,1980,0.939,0.696,0.118,5905311.0,,E
Rwanda,RWA,Africa,1984,1980,,0.634,0.104,6107628.0,,O
Rwanda,RWA,Africa,1985,1980,,0.616,0.097,6317230.0,,O
Rwanda,RWA,Africa,1986,1980,0.804,0.597,0.091,6531887.0,,E
Rwanda,RWA,Africa,1987,1980,0.609,0.611,0.091,6749494.0,,E
Rwanda,RWA,Africa,1988,1980,0.462,0.692,0.099,6968075.0,,E
Rwanda,RWA,Africa,1989,1980,0.172,0.684,0.095,7184709.0,,E
Rwanda,RWA,Africa,1990,1990,0.508,0.524,0.071,7375313.0,80.09,E
Rwanda,RWA,Africa,1991,1990,0.096,0.472,0.063,7526964.0,81.83,E
Rwanda,RWA,Africa,1992,1990,0.234,0.479,0.062,7683266.0,81.56,E
Rwanda,RWA,Africa,1993,1990,,0.483,0.061,7981142.0,81.33,O
Rwanda,RWA,Africa,1994,1990,,0.462,0.068,6792358.0,78.54,O
Rwanda,RWA,Africa,1995,1990,,0.451,0.08,5674118.0,88.36,O
Rwanda,RWA,Africa,1996,1990,,0.464,0.069,6708767.0,89.15,O
Rwanda,RWA,Africa,1997,1990,,0.483,0.062,7755237.0,91.12,O
Rwanda,RWA,Africa,1998,1990,0.775,0.482,0.06,8081688.0,90.8,E
Rwanda,RWA,Africa,1999,1990,,0.502,0.062,8147917.0,90.76,O
Rwanda,RWA,Africa,2000,2000,,0.515,0.063,8213936.0,86.78,O
Rwanda,RWA,Africa,2001,2000,0.377,0.519,0.063,8287091.0,86.89,E
Rwanda,RWA,Africa,2002,2000,0.774,0.512,0.061,8400185.0,87.13,E
Rwanda,RWA,Africa,2003,2000,0.984,0.505,0.059,8586878.0,87.3,E
Rwanda,RWA,Africa,2004,2000,0.847,0.516,0.058,8816849.0,87.55,E
Rwanda,RWA,Africa,2005,2000,,0.514,0.057,9054532.0,89.25,O
Rwanda,RWA,Africa,2006,2000,,0.514,0.055,9299251.0,90.59,O
Rwanda,RWA,Africa,2007,2000,1.291,0.542,0.057,9549940.0,90.31,E
Rwanda,RWA,Africa,2008,2000,,0.531,0.054,9804268.0,90.63,O
Rwanda,RWA,Africa,2009,2000,,0.555,0.055,10060438.0,90.54,O
Rwanda,RWA,Africa,2010,2010,,0.581,0.056,10317560.0,90.47,O
Rwanda,RWA,Africa,2011,2010,,0.643,0.061,10573742.0,89.7,O
Rwanda,RWA,Africa,2012,2010,,0.718,0.066,10829904.0,88.78,O
Rwanda,RWA,Africa,2013,2010,,0.779,0.07,11093340.0,88.47,O
Rwanda,RWA,Africa,2014,2010,,0.83,0.073,11364758.0,87.95,O
Rwanda,RWA,Africa,2015,2010,,0.967,0.083,11640026.0,86.33,O
Rwanda,RWA,Africa,2016,2010,,1.052,0.088,11919183.0,85.55,O
Rwanda,RWA,Africa,2017,2010,,1.17,0.096,12202062.0,84.46,O
Rwanda,RWA,Africa,2018,2010,,1.313,0.105,12488000.0,83.37,O
Rwanda,RWA,Africa,2019,2010,,1.413,0.111,12776102.0,78.71,O
Rwanda,RWA,Africa,2020,2020,,1.394,0.107,13065838.0,78.61,O
Rwanda,RWA,Africa,2021,2020,,1.699,0.127,13355260.0,79.2,O
Rwanda,RWA,Africa,2022,2020,,1.957,0.143,13651025.0,79.92,O
Rwanda,RWA,Africa,2023,2020,,2.016,0.144,13954473.0,78.98,O
Rwanda,RWA,Africa,2024,2020,,2.034,0.143,14256573.0,75.34,O
Saudi Arabia,SAU,Asia,1970,1970,0.349,45.251,12.702,3562475.0,,E
Saudi Arabia,SAU,Asia,1971,1970,-0.472,59.757,16.046,3724039.0,,E
Saudi Arabia,SAU,Asia,1972,1970,-0.54,70.281,17.994,3905729.0,,E
Saudi Arabia,SAU,Asia,1973,1970,-0.197,95.053,23.148,4106346.0,,E
Saudi Arabia,SAU,Asia,1974,1970,-0.195,98.701,22.828,4323639.0,,E
Saudi Arabia,SAU,Asia,1975,1970,-0.332,83.26,18.274,4556289.0,,E
Saudi Arabia,SAU,Asia,1976,1970,-0.42,101.458,21.102,4807936.0,,E
Saudi Arabia,SAU,Asia,1977,1970,0.18,118.069,23.228,5083043.0,,E
Saudi Arabia,SAU,Asia,1978,1970,-0.095,115.021,21.372,5381901.0,,E
Saudi Arabia,SAU,Asia,1979,1970,0.928,138.0,24.195,5703704.0,,E
Saudi Arabia,SAU,Asia,1980,1980,0.064,169.234,27.982,6047997.0,,E
Saudi Arabia,SAU,Asia,1981,1980,0.063,175.293,27.302,6420554.0,,E
Saudi Arabia,SAU,Asia,1982,1980,-0.475,157.874,23.133,6824484.0,,E
Saudi Arabia,SAU,Asia,1983,1980,-0.939,160.813,22.172,7252947.0,,E
Saudi Arabia,SAU,Asia,1984,1980,-0.376,155.49,20.201,7697312.0,,E
Saudi Arabia,SAU,Asia,1985,1980,-0.043,172.394,21.148,8151782.0,,E
Saudi Arabia,SAU,Asia,1986,1980,0.136,204.571,23.708,8628639.0,,E
Saudi Arabia,SAU,Asia,1987,1980,0.45,190.414,20.855,9130207.0,,E
Saudi Arabia,SAU,Asia,1988,1980,0.391,202.208,21.0,9629172.0,,E
Saudi Arabia,SAU,Asia,1989,1980,-0.175,203.375,20.08,10128397.0,,E
Saudi Arabia,SAU,Asia,1990,1990,0.02,181.971,17.101,10640697.0,0.04,E
Saudi Arabia,SAU,Asia,1991,1990,0.295,244.534,21.91,11160752.0,0.04,E
Saudi Arabia,SAU,Asia,1992,1990,-1.051,276.011,23.618,11686682.0,0.02,E
Saudi Arabia,SAU,Asia,1993,1990,-0.278,297.754,24.374,12215864.0,0.02,E
Saudi Arabia,SAU,Asia,1994,1990,0.571,291.208,22.84,12750037.0,0.03,E
Saudi Arabia,SAU,Asia,1995,1990,0.111,274.604,20.664,13289246.0,0.03,E
Saudi Arabia,SAU,Asia,1996,1990,0.5,269.498,19.485,13831002.0,0.01,E
Saudi Arabia,SAU,Asia,1997,1990,-0.077,227.149,15.802,14374948.0,0.01,E
Saudi Arabia,SAU,Asia,1998,1990,0.961,218.915,14.67,14922188.0,0.01,E
Saudi Arabia,SAU,Asia,1999,1990,1.412,237.716,15.364,15472076.0,0.01,E
Saudi Arabia,SAU,Asia,2000,2000,0.712,309.639,19.14,16177733.0,0.01,E
Saudi Arabia,SAU,Asia,2001,2000,0.825,324.374,19.034,17041405.0,0.01,E
Saudi Arabia,SAU,Asia,2002,2000,1.033,346.93,19.37,17910909.0,0.01,E
Saudi Arabia,SAU,Asia,2003,2000,0.925,351.228,18.695,18786771.0,0.01,E
Saudi Arabia,SAU,Asia,2004,2000,0.92,407.702,20.728,19669486.0,0.01,E
Saudi Arabia,SAU,Asia,2005,2000,0.484,412.234,20.05,20559886.0,0.01,E
Saudi Arabia,SAU,Asia,2006,2000,1.135,444.977,20.736,21459141.0,0.01,E
Saudi Arabia,SAU,Asia,2007,2000,0.653,423.314,18.925,22368313.0,0.01,E
Saudi Arabia,SAU,Asia,2008,2000,0.836,469.43,20.158,23287884.0,0.01,E
Saudi Arabia,SAU,Asia,2009,2000,0.941,503.97,20.81,24217656.0,0.01,E
Saudi Arabia,SAU,Asia,2010,2010,2.079,555.64,22.087,25157134.0,0.01,E
Saudi Arabia,SAU,Asia,2011,2010,0.772,540.236,20.694,26105636.0,0.01,E
Saudi Arabia,SAU,Asia,2012,2010,1.141,605.712,22.382,27062447.0,0.01,E
Saudi Arabia,SAU,Asia,2013,2010,1.147,583.178,20.808,28026825.0,0.01,E
Saudi Arabia,SAU,Asia,2014,2010,1.234,585.109,20.177,28998127.0,0.01,E
Saudi Arabia,SAU,Asia,2015,2010,1.875,624.547,20.836,29974944.0,0.01,E
Saudi Arabia,SAU,Asia,2016,2010,1.528,641.174,20.873,30717804.0,0.01,E
Saudi Arabia,SAU,Asia,2017,2010,1.733,644.487,20.937,30782400.0,0.01,E
Saudi Arabia,SAU,Asia,2018,2010,1.792,652.204,21.479,30365119.0,0.01,E
Saudi Arabia,SAU,Asia,2019,2010,1.672,708.335,23.245,30472809.0,0.03,E
Saudi Arabia,SAU,Asia,2020,2020,1.484,653.565,21.089,30991206.0,0.07,E
Saudi Arabia,SAU,Asia,2021,2020,2.224,695.394,22.197,31328374.0,0.08,E
Saudi Arabia,SAU,Asia,2022,2020,1.804,666.994,20.73,32175351.0,0.16,E
Saudi Arabia,SAU,Asia,2023,2020,1.844,677.442,20.365,33264289.0,0.16,E
Saudi Arabia,SAU,Asia,2024,2020,2.238,692.133,20.379,33962751.0,,E
Sudan,SDN,Africa,1970,1970,,4.46,0.381,11695768.0,,
Sudan,SDN,Africa,1971,1970,,4.578,0.378,12105542.0,,
Sudan,SDN,Africa,1972,1970,,4.942,0.394,12527859.0,,
Sudan,SDN,Africa,1973,1970,,4.986,0.382,13049322.0,,
Sudan,SDN,Africa,1974,1970,,5.221,0.384,13580729.0,,
Sudan,SDN,Africa,1975,1970,,3.894,0.277,14064803.0,,
Sudan,SDN,Africa,1976,1970,,3.449,0.237,14569724.0,,
Sudan,SDN,Africa,1977,1970,,3.495,0.232,15086623.0,,
Sudan,SDN,Africa,1978,1970,,3.156,0.201,15695004.0,,
Sudan,SDN,Africa,1979,1970,,3.277,0.2,16355353.0,,
Sudan,SDN,Africa,1980,1980,,3.437,0.202,17058908.0,,
Sudan,SDN,Africa,1981,1980,,3.34,0.188,17780576.0,,
Sudan,SDN,Africa,1982,1980,,3.51,0.19,18486645.0,,
Sudan,SDN,Africa,1983,1980,,3.582,0.187,19109775.0,,
Sudan,SDN,Africa,1984,1980,,3.211,0.164,19546531.0,,
Sudan,SDN,Africa,1985,1980,,3.732,0.187,19905872.0,,
Sudan,SDN,Africa,1986,1980,,3.895,0.192,20288246.0,,
Sudan,SDN,Africa,1987,1980,,3.07,0.148,20704903.0,,
Sudan,SDN,Africa,1988,1980,,4.443,0.21,21138430.0,,
Sudan,SDN,Africa,1989,1980,,3.441,0.159,21578027.0,,
Sudan,SDN,Africa,1990,1990,,4.783,0.217,22021484.0,73.27,
Sudan,SDN,Africa,1991,1990,,4.48,0.199,22470676.0,76.17,
Sudan,SDN,Africa,1992,1990,,4.001,0.175,22927356.0,77.4,
Sudan,SDN,Africa,1993,1990,,2.755,0.117,23445599.0,85.63,
Sudan,SDN,Africa,1994,1990,,3.838,0.16,24043951.0,79.49,
Sudan,SDN,Africa,1995,1990,,3.963,0.161,24672144.0,81.47,
Sudan,SDN,Africa,1996,1990,,4.096,0.162,25231534.0,83.61,
Sudan,SDN,Africa,1997,1990,,5.023,0.195,25799826.0,80.53,
Sudan,SDN,Africa,1998,1990,,4.372,0.165,26458999.0,81.9,
Sudan,SDN,Africa,1999,1990,,4.753,0.175,27130619.0,80.85,
Sudan,SDN,Africa,2000,2000,,5.292,0.19,27816748.0,80.68,
Sudan,SDN,Africa,2001,2000,,6.018,0.211,28516774.0,79.38,
Sudan,SDN,Africa,2002,2000,,7.634,0.261,29228728.0,76.76,
Sudan,SDN,Africa,2003,2000,,8.515,0.285,29896038.0,77.0,
Sudan,SDN,Africa,2004,2000,,10.866,0.356,30556641.0,75.36,
Sudan,SDN,Africa,2005,2000,,10.558,0.338,31262447.0,72.28,
Sudan,SDN,Africa,2006,2000,,11.545,0.361,31992438.0,69.26,
Sudan,SDN,Africa,2007,2000,,13.564,0.414,32764139.0,65.62,
Sudan,SDN,Africa,2008,2000,,14.179,0.422,33623980.0,63.49,
Sudan,SDN,Africa,2009,2000,,14.805,0.428,34569114.0,63.1,
Sudan,SDN,Africa,2010,2010,,15.07,0.426,35414403.0,61.31,
Sudan,SDN,Africa,2011,2010,,14.711,0.407,36140808.0,63.66,
Sudan,SDN,Africa,2012,2010,1.007,15.763,0.427,36923175.0,63.74,E
Sudan,SDN,Africa,2013,2010,1.198,17.374,0.46,37785852.0,64.3,E
Sudan,SDN,Africa,2014,2010,1.024,13.095,0.337,38823324.0,63.71,E
Sudan,SDN,Africa,2015,2010,1.565,14.247,0.356,40024433.0,61.92,E
Sudan,SDN,Africa,2016,2010,1.271,19.737,0.478,41259892.0,58.89,E
Sudan,SDN,Africa,2017,2010,1.364,20.306,0.475,42714311.0,59.39,E
Sudan,SDN,Africa,2018,2010,1.39,20.516,0.464,44230597.0,59.76,E
Sudan,SDN,Africa,2019,2010,1.05,22.007,0.483,45548179.0,59.41,E
Sudan,SDN,Africa,2020,2020,0.709,19.8,0.423,46789237.0,62.59,E
Sudan,SDN,Africa,2021,2020,1.438,19.208,0.4,48066930.0,60.89,E
Sudan,SDN,Africa,2022,2020,1.008,17.529,0.355,49383344.0,62.61,E
Sudan,SDN,Africa,2023,2020,1.439,17.716,0.354,50042800.0,70.3,E
Sudan,SDN,Africa,2024,2020,1.319,17.795,0.353,50448960.0,,E
Senegal,SEN,Africa,1970,1970,0.512,1.307,0.293,4466330.0,,E
Senegal,SEN,Africa,1971,1970,-0.088,1.351,0.294,4601869.0,,E
Senegal,SEN,Africa,1972,1970,0.334,1.453,0.306,4741632.0,,E
Senegal,SEN,Africa,1973,1970,0.703,1.549,0.317,4885181.0,,E
Senegal,SEN,Africa,1974,1970,-0.453,1.849,0.368,5029446.0,,E
Senegal,SEN,Africa,1975,1970,-0.25,2.578,0.499,5170812.0,,E
Senegal,SEN,Africa,1976,1970,-0.073,1.77,0.333,5308567.0,,E
Senegal,SEN,Africa,1977,1970,0.543,2.237,0.411,5439555.0,,E
Senegal,SEN,Africa,1978,1970,0.494,2.62,0.47,5568099.0,,E
Senegal,SEN,Africa,1979,1970,0.794,2.888,0.506,5702899.0,,E
Senegal,SEN,Africa,1980,1980,0.943,3.336,0.571,5845640.0,,E
Senegal,SEN,Africa,1981,1980,0.771,3.28,0.547,5997165.0,,E
Senegal,SEN,Africa,1982,1980,0.346,3.037,0.493,6156963.0,,E
Senegal,SEN,Africa,1983,1980,1.253,2.611,0.413,6324507.0,,E
Senegal,SEN,Africa,1984,1980,0.653,3.284,0.505,6499366.0,,E
Senegal,SEN,Africa,1985,1980,0.526,2.651,0.397,6683296.0,,E
Senegal,SEN,Africa,1986,1980,0.474,2.636,0.383,6878199.0,,E
Senegal,SEN,Africa,1987,1980,1.014,2.425,0.342,7081535.0,,E
Senegal,SEN,Africa,1988,1980,0.877,2.711,0.372,7289622.0,,E
Senegal,SEN,Africa,1989,1980,0.592,3.662,0.488,7502213.0,,E
Senegal,SEN,Africa,1990,1990,1.207,2.93,0.38,7720524.0,55.55,E
Senegal,SEN,Africa,1991,1990,0.818,3.108,0.391,7943091.0,55.28,E
Senegal,SEN,Africa,1992,1990,0.899,3.166,0.388,8168396.0,53.67,E
Senegal,SEN,Africa,1993,1990,1.114,3.286,0.391,8396289.0,55.09,E
Senegal,SEN,Africa,1994,1990,0.641,3.636,0.422,8624077.0,54.75,E
Senegal,SEN,Africa,1995,1990,0.929,2.99,0.338,8848112.0,53.18,E
Senegal,SEN,Africa,1996,1990,1.209,3.243,0.358,9067018.0,52.47,E
Senegal,SEN,Africa,1997,1990,1.369,3.182,0.343,9283505.0,50.68,E
Senegal,SEN,Africa,1998,1990,1.556,3.334,0.351,9502951.0,48.03,E
Senegal,SEN,Africa,1999,1990,0.56,3.604,0.37,9730897.0,45.85,E
Senegal,SEN,Africa,2000,2000,0.899,3.902,0.391,9968262.0,47.52,E
Senegal,SEN,Africa,2001,2000,1.139,4.258,0.417,10212941.0,45.83,E
Senegal,SEN,Africa,2002,2000,1.421,4.437,0.424,10466216.0,43.76,E
Senegal,SEN,Africa,2003,2000,1.119,4.928,0.46,10721176.0,43.66,E
Senegal,SEN,Africa,2004,2000,1.096,5.238,0.477,10975711.0,39.88,E
Senegal,SEN,Africa,2005,2000,1.296,5.539,0.493,11235473.0,40.32,E
Senegal,SEN,Africa,2006,2000,1.311,4.43,0.385,11500094.0,43.35,E
Senegal,SEN,Africa,2007,2000,1.169,5.196,0.441,11770348.0,40.01,E
Senegal,SEN,Africa,2008,2000,1.255,4.74,0.393,12048963.0,39.8,E
Senegal,SEN,Africa,2009,2000,0.693,5.258,0.426,12337390.0,51.31,E
Senegal,SEN,Africa,2010,2010,1.497,6.862,0.543,12635418.0,49.55,E
Senegal,SEN,Africa,2011,2010,1.238,7.819,0.603,12958902.0,47.97,E
Senegal,SEN,Africa,2012,2010,0.915,7.362,0.553,13310499.0,49.6,E
Senegal,SEN,Africa,2013,2010,1.26,7.853,0.573,13710857.0,42.69,E
Senegal,SEN,Africa,2014,2010,1.167,8.724,0.616,14152103.0,42.53,E
Senegal,SEN,Africa,2015,2010,1.283,9.845,0.675,14593335.0,39.11,E
Senegal,SEN,Africa,2016,2010,1.601,10.013,0.666,15034517.0,36.72,E
Senegal,SEN,Africa,2017,2010,1.8,10.757,0.695,15475001.0,36.81,E
Senegal,SEN,Africa,2018,2010,1.029,11.33,0.712,15914495.0,34.24,E
Senegal,SEN,Africa,2019,2010,1.486,12.711,0.777,16352926.0,36.2,E
Senegal,SEN,Africa,2020,2020,1.777,10.82,0.644,16789217.0,38.67,E
Senegal,SEN,Africa,2021,2020,1.892,12.319,0.715,17220866.0,32.53,E
Senegal,SEN,Africa,2022,2020,1.54,14.133,0.801,17651099.0,29.12,E
Senegal,SEN,Africa,2023,2020,2.052,14.082,0.779,18077573.0,29.87,E
Senegal,SEN,Africa,2024,2020,1.926,14.092,0.762,18501988.0,,E
Singapore,SGP,Asia,1970,1970,0.077,17.833,8.526,2091568.0,,E
Singapore,SGP,Asia,1971,1970,-0.204,16.275,7.647,2128445.0,,E
Singapore,SGP,Asia,1972,1970,0.067,21.72,10.035,2164344.0,,E
Singapore,SGP,Asia,1973,1970,0.228,20.691,9.404,2200145.0,,E
Singapore,SGP,Asia,1974,1970,-0.176,21.427,9.587,2235079.0,,E
Singapore,SGP,Asia,1975,1970,-0.095,23.864,10.519,2268532.0,,E
Singapore,SGP,Asia,1976,1970,,29.338,12.751,2300749.0,,O
Singapore,SGP,Asia,1977,1970,0.101,27.612,11.843,2331547.0,,E
Singapore,SGP,Asia,1978,1970,0.214,32.463,13.752,2360611.0,,E
Singapore,SGP,Asia,1979,1970,0.232,35.42,14.831,2388159.0,,E
Singapore,SGP,Asia,1980,1980,0.347,30.433,12.485,2437496.0,,E
Singapore,SGP,Asia,1981,1980,0.276,25.707,10.153,2531801.0,,E
Singapore,SGP,Asia,1982,1980,0.145,28.382,10.802,2627420.0,,E
Singapore,SGP,Asia,1983,1980,0.597,33.397,12.434,2685982.0,,E
Singapore,SGP,Asia,1984,1980,-0.326,31.969,11.749,2720930.0,,E
Singapore,SGP,Asia,1985,1980,0.139,32.397,11.845,2735032.0,,E
Singapore,SGP,Asia,1986,1980,0.26,34.101,12.424,2744656.0,,E
Singapore,SGP,Asia,1987,1980,0.45,31.811,11.436,2781625.0,,E
Singapore,SGP,Asia,1988,1980,0.355,35.281,12.383,2849043.0,,E
Singapore,SGP,Asia,1989,1980,0.077,41.004,13.953,2938656.0,,E
Singapore,SGP,Asia,1990,1990,,43.536,14.323,3039593.0,0.19,O
Singapore,SGP,Asia,1991,1990,,44.235,14.104,3136294.0,0.5,O
Singapore,SGP,Asia,1992,1990,,47.441,14.704,3226461.0,0.53,O
Singapore,SGP,Asia,1993,1990,,49.662,14.968,3317892.0,0.52,O
Singapore,SGP,Asia,1994,1990,,60.086,17.58,3417818.0,0.48,O
Singapore,SGP,Asia,1995,1990,,40.546,11.474,3533624.0,0.45,O
Singapore,SGP,Asia,1996,1990,,48.013,13.102,3664566.0,0.46,O
Singapore,SGP,Asia,1997,1990,,56.737,14.944,3796629.0,0.43,O
Singapore,SGP,Asia,1998,1990,,47.412,12.153,3901418.0,0.43,O
Singapore,SGP,Asia,1999,1990,,49.2,12.404,3966562.0,0.43,O
Singapore,SGP,Asia,2000,2000,,37.369,9.261,4035251.0,0.33,O
Singapore,SGP,Asia,2001,2000,,38.525,9.359,4116169.0,0.6,O
Singapore,SGP,Asia,2002,2000,,40.208,9.696,4146898.0,0.58,O
Singapore,SGP,Asia,2003,2000,,39.534,9.553,4138241.0,0.58,O
Singapore,SGP,Asia,2004,2000,,41.0,9.826,4172767.0,0.53,O
Singapore,SGP,Asia,2005,2000,,39.6,9.278,4268363.0,0.54,O
Singapore,SGP,Asia,2006,2000,,40.6,9.212,4407064.0,0.52,O
Singapore,SGP,Asia,2007,2000,,41.1,8.942,4596516.0,0.5,O
Singapore,SGP,Asia,2008,2000,,40.2,8.363,4806742.0,0.53,O
Singapore,SGP,Asia,2009,2000,,40.8,8.212,4968574.0,0.48,O
Singapore,SGP,Asia,2010,2010,,44.4,8.745,5077020.0,0.47,O
Singapore,SGP,Asia,2011,2010,,47.0,9.069,5182242.0,0.48,O
Singapore,SGP,Asia,2012,2010,,46.1,8.709,5293345.0,0.51,O
Singapore,SGP,Asia,2013,2010,,47.0,8.727,5385589.0,0.56,O
Singapore,SGP,Asia,2014,2010,,47.6,8.721,5457899.0,0.59,O
Singapore,SGP,Asia,2015,2010,,49.4,8.941,5525343.0,0.65,O
Singapore,SGP,Asia,2016,2010,,49.1,8.803,5577936.0,0.71,O
Singapore,SGP,Asia,2017,2010,,50.1,8.94,5604087.0,0.7,O
Singapore,SGP,Asia,2018,2010,,50.3,8.927,5634366.0,0.78,O
Singapore,SGP,Asia,2019,2010,,49.0,8.643,5669562.0,0.89,O
Singapore,SGP,Asia,2020,2020,,46.7,8.309,5620151.0,0.91,O
Singapore,SGP,Asia,2021,2020,,50.1,9.033,5546291.0,1.1,O
Singapore,SGP,Asia,2022,2020,,48.934,8.661,5649888.0,1.35,O
Singapore,SGP,Asia,2023,2020,,51.068,8.821,5789092.0,1.57,O
Singapore,SGP,Asia,2024,2020,,53.919,9.245,5832387.0,,O
South Georgia and the South Sandwich Islands,SGS,South America,1970,1970,0.022,,,,,E
South Georgia and the South Sandwich Islands,SGS,South America,1971,1970,0.189,,,,,E
South Georgia and the South Sandwich Islands,SGS,South America,1972,1970,-0.653,,,,,E
South Georgia and the South Sandwich Islands,SGS,South America,1973,1970,0.181,,,,,E
South Georgia and the South Sandwich Islands,SGS,South America,1974,1970,0.197,,,,,E
South Georgia and the South Sandwich Islands,SGS,South America,1975,1970,0.172,,,,,E
South Georgia and the South Sandwich Islands,SGS,South America,1976,1970,0.073,,,,,E
South Georgia and the South Sandwich Islands,SGS,South America,1977,1970,-0.152,,,,,E
South Georgia and the South Sandwich Islands,SGS,South America,1978,1970,0.323,,,,,E
South Georgia and the South Sandwich Islands,SGS,South America,1979,1970,0.308,,,,,E
South Georgia and the South Sandwich Islands,SGS,South America,1980,1980,-0.311,,,,,E
South Georgia and the South Sandwich Islands,SGS,South America,1981,1980,0.447,,,,,E
South Georgia and the South Sandwich Islands,SGS,South America,1982,1980,,,,,,O
South Georgia and the South Sandwich Islands,SGS,South America,1983,1980,,,,,,O
South Georgia and the South Sandwich Islands,SGS,South America,1984,1980,-0.245,,,,,E
South Georgia and the South Sandwich Islands,SGS,South America,1985,1980,0.089,,,,,E
South Georgia and the South Sandwich Islands,SGS,South America,1986,1980,0.406,,,,,E
South Georgia and the South Sandwich Islands,SGS,South America,1987,1980,-0.686,,,,,E
South Georgia and the South Sandwich Islands,SGS,South America,1988,1980,0.311,,,,,E
South Georgia and the South Sandwich Islands,SGS,South America,1989,1980,0.752,,,,,E
South Georgia and the South Sandwich Islands,SGS,South America,1990,1990,0.515,,,,,E
South Georgia and the South Sandwich Islands,SGS,South America,1991,1990,0.003,,,,,E
South Georgia and the South Sandwich Islands,SGS,South America,1992,1990,-0.009,,,,,E
South Georgia and the South Sandwich Islands,SGS,South America,1993,1990,0.647,,,,,E
South Georgia and the South Sandwich Islands,SGS,South America,1994,1990,-0.403,,,,,E
South Georgia and the South Sandwich Islands,SGS,South America,1995,1990,0.187,,,,,E
South Georgia and the South Sandwich Islands,SGS,South America,1996,1990,0.534,,,,,E
South Georgia and the South Sandwich Islands,SGS,South America,1997,1990,-0.045,,,,,E
South Georgia and the South Sandwich Islands,SGS,South America,1998,1990,,,,,,O
South Georgia and the South Sandwich Islands,SGS,South America,1999,1990,,,,,,O
South Georgia and the South Sandwich Islands,SGS,South America,2000,2000,,,,,,O
South Georgia and the South Sandwich Islands,SGS,South America,2001,2000,0.43,,,,,E
South Georgia and the South Sandwich Islands,SGS,South America,2002,2000,-0.684,,,,,E
South Georgia and the South Sandwich Islands,SGS,South America,2003,2000,0.843,,,,,E
South Georgia and the South Sandwich Islands,SGS,South America,2004,2000,,,,,,O
South Georgia and the South Sandwich Islands,SGS,South America,2005,2000,0.084,,,,,E
South Georgia and the South Sandwich Islands,SGS,South America,2006,2000,0.748,,,,,E
South Georgia and the South Sandwich Islands,SGS,South America,2007,2000,0.169,,,,,E
South Georgia and the South Sandwich Islands,SGS,South America,2008,2000,0.702,,,,,E
South Georgia and the South Sandwich Islands,SGS,South America,2009,2000,0.18,,,,,E
South Georgia and the South Sandwich Islands,SGS,South America,2010,2010,0.795,,,,,E
South Georgia and the South Sandwich Islands,SGS,South America,2011,2010,0.702,,,,,E
South Georgia and the South Sandwich Islands,SGS,South America,2012,2010,-0.048,,,,,E
South Georgia and the South Sandwich Islands,SGS,South America,2013,2010,-0.314,,,,,E
South Georgia and the South Sandwich Islands,SGS,South America,2014,2010,-0.052,,,,,E
South Georgia and the South Sandwich Islands,SGS,South America,2015,2010,0.114,,,,,E
South Georgia and the South Sandwich Islands,SGS,South America,2016,2010,-0.078,,,,,E
South Georgia and the South Sandwich Islands,SGS,South America,2017,2010,0.772,,,,,E
South Georgia and the South Sandwich Islands,SGS,South America,2018,2010,0.814,,,,,E
South Georgia and the South Sandwich Islands,SGS,South America,2019,2010,0.193,,,,,E
South Georgia and the South Sandwich Islands,SGS,South America,2020,2020,0.039,,,,,E
South Georgia and the South Sandwich Islands,SGS,South America,2021,2020,1.139,,,,,E
South Georgia and the South Sandwich Islands,SGS,South America,2022,2020,0.725,,,,,E
South Georgia and the South Sandwich Islands,SGS,South America,2023,2020,0.814,,,,,E
South Georgia and the South Sandwich Islands,SGS,South America,2024,2020,0.005,,,,,E
Saint Helena,SHN,Africa,1970,1970,,,,5797.0,,
Saint Helena,SHN,Africa,1971,1970,,,,5880.0,,
Saint Helena,SHN,Africa,1972,1970,,,,5953.0,,
Saint Helena,SHN,Africa,1973,1970,,,,6026.0,,
Saint Helena,SHN,Africa,1974,1970,,,,6091.0,,
Saint Helena,SHN,Africa,1975,1970,,,,6155.0,,
Saint Helena,SHN,Africa,1976,1970,,,,6194.0,,
Saint Helena,SHN,Africa,1977,1970,,,,6245.0,,
Saint Helena,SHN,Africa,1978,1970,,,,6310.0,,
Saint Helena,SHN,Africa,1979,1970,,,,6362.0,,
Saint Helena,SHN,Africa,1980,1980,,,,6413.0,,
Saint Helena,SHN,Africa,1981,1980,,0.007,1.133,6466.0,,
Saint Helena,SHN,Africa,1982,1980,,0.004,0.561,6535.0,,
Saint Helena,SHN,Africa,1983,1980,,0.004,0.555,6601.0,,
Saint Helena,SHN,Africa,1984,1980,,0.004,0.551,6647.0,,
Saint Helena,SHN,Africa,1985,1980,,0.004,0.549,6678.0,,
Saint Helena,SHN,Africa,1986,1980,,0.004,0.546,6706.0,,
Saint Helena,SHN,Africa,1987,1980,,0.004,0.545,6723.0,,
Saint Helena,SHN,Africa,1988,1980,,0.007,1.092,6710.0,,
Saint Helena,SHN,Africa,1989,1980,,0.007,1.097,6677.0,,
Saint Helena,SHN,Africa,1990,1990,,0.007,1.104,6639.0,10.89,
Saint Helena,SHN,Africa,1991,1990,,0.007,1.11,6601.0,9.78,
Saint Helena,SHN,Africa,1992,1990,,0.007,1.12,6545.0,8.81,
Saint Helena,SHN,Africa,1993,1990,,0.011,1.692,6495.0,7.54,
Saint Helena,SHN,Africa,1994,1990,,0.011,1.709,6433.0,7.11,
Saint Helena,SHN,Africa,1995,1990,,0.011,1.725,6373.0,6.75,
Saint Helena,SHN,Africa,1996,1990,,0.011,1.742,6309.0,7.91,
Saint Helena,SHN,Africa,1997,1990,,0.011,1.759,6249.0,6.81,
Saint Helena,SHN,Africa,1998,1990,,0.011,1.777,6184.0,6.96,
Saint Helena,SHN,Africa,1999,1990,,0.011,1.798,6113.0,6.9,
Saint Helena,SHN,Africa,2000,2000,,0.011,1.818,6045.0,7.08,
Saint Helena,SHN,Africa,2001,2000,,0.011,1.843,5963.0,6.27,
Saint Helena,SHN,Africa,2002,2000,,0.011,1.87,5879.0,7.4,
Saint Helena,SHN,Africa,2003,2000,,0.011,1.903,5775.0,6.37,
Saint Helena,SHN,Africa,2004,2000,,0.007,1.291,5678.0,13.04,
Saint Helena,SHN,Africa,2005,2000,,0.011,1.973,5570.0,8.21,
Saint Helena,SHN,Africa,2006,2000,,0.011,2.014,5457.0,9.11,
Saint Helena,SHN,Africa,2007,2000,,0.011,2.056,5346.0,3.94,
Saint Helena,SHN,Africa,2008,2000,,0.011,2.076,5295.0,9.03,
Saint Helena,SHN,Africa,2009,2000,,0.011,2.066,5320.0,10.21,
Saint Helena,SHN,Africa,2010,2010,,0.011,2.054,5352.0,9.17,
Saint Helena,SHN,Africa,2011,2010,,0.011,2.041,5385.0,9.55,
Saint Helena,SHN,Africa,2012,2010,,0.011,2.025,5428.0,7.7,
Saint Helena,SHN,Africa,2013,2010,,0.011,2.012,5462.0,8.89,
Saint Helena,SHN,Africa,2014,2010,,0.011,2.001,5493.0,9.76,
Saint Helena,SHN,Africa,2015,2010,,0.011,1.988,5529.0,14.56,
Saint Helena,SHN,Africa,2016,2010,,0.015,2.644,5544.0,9.63,
Saint Helena,SHN,Africa,2017,2010,,0.011,1.988,5528.0,15.93,
Saint Helena,SHN,Africa,2018,2010,,0.011,1.996,5507.0,10.76,
Saint Helena,SHN,Africa,2019,2010,,0.015,2.672,5485.0,9.47,
Saint Helena,SHN,Africa,2020,2020,,0.011,2.017,5451.0,11.63,
Saint Helena,SHN,Africa,2021,2020,,0.007,1.353,5415.0,13.31,
Saint Helena,SHN,Africa,2022,2020,,0.011,2.047,5369.0,10.24,
Saint Helena,SHN,Africa,2023,2020,,0.011,2.064,5316.0,9.33,
Saint Helena,SHN,Africa,2024,2020,,0.011,2.165,5262.0,7.68,
Solomon Islands,SLB,Oceania,1970,1970,0.109,0.04,0.228,176590.0,,E
Solomon Islands,SLB,Oceania,1971,1970,-0.16,0.048,0.264,180655.0,,E
Solomon Islands,SLB,Oceania,1972,1970,-0.365,0.055,0.297,185005.0,,E
Solomon Islands,SLB,Oceania,1973,1970,0.168,0.066,0.348,189788.0,,E
Solomon Islands,SLB,Oceania,1974,1970,0.072,0.066,0.338,195056.0,,E
Solomon Islands,SLB,Oceania,1975,1970,0.022,0.059,0.292,200759.0,,E
Solomon Islands,SLB,Oceania,1976,1970,-0.069,0.062,0.301,207210.0,,E
Solomon Islands,SLB,Oceania,1977,1970,0.22,0.081,0.376,214426.0,,E
Solomon Islands,SLB,Oceania,1978,1970,0.373,0.062,0.281,222040.0,,E
Solomon Islands,SLB,Oceania,1979,1970,0.211,0.11,0.478,229964.0,,E
Solomon Islands,SLB,Oceania,1980,1980,0.143,0.103,0.431,238149.0,,E
Solomon Islands,SLB,Oceania,1981,1980,0.432,0.136,0.55,246569.0,,E
Solomon Islands,SLB,Oceania,1982,1980,-0.111,0.121,0.474,255213.0,,E
Solomon Islands,SLB,Oceania,1983,1980,0.169,0.143,0.541,264084.0,,E
Solomon Islands,SLB,Oceania,1984,1980,0.149,0.143,0.523,273176.0,,E
Solomon Islands,SLB,Oceania,1985,1980,-0.004,0.15,0.532,282468.0,,E
Solomon Islands,SLB,Oceania,1986,1980,-0.287,0.154,0.527,291855.0,,E
Solomon Islands,SLB,Oceania,1987,1980,-0.371,0.161,0.535,301426.0,,E
Solomon Islands,SLB,Oceania,1988,1980,0.211,0.154,0.494,311278.0,,E
Solomon Islands,SLB,Oceania,1989,1980,-0.053,0.161,0.502,321293.0,,E
Solomon Islands,SLB,Oceania,1990,1990,-0.123,0.147,0.442,331448.0,60.16,E
Solomon Islands,SLB,Oceania,1991,1990,-0.311,0.154,0.45,341743.0,58.97,E
Solomon Islands,SLB,Oceania,1992,1990,-0.294,0.161,0.458,352215.0,57.7,E
Solomon Islands,SLB,Oceania,1993,1990,-0.394,0.172,0.475,362850.0,56.11,E
Solomon Islands,SLB,Oceania,1994,1990,-0.26,0.183,0.49,373685.0,54.45,E
Solomon Islands,SLB,Oceania,1995,1990,0.326,0.191,0.495,384744.0,54.09,E
Solomon Islands,SLB,Oceania,1996,1990,0.092,0.198,0.5,396017.0,52.5,E
Solomon Islands,SLB,Oceania,1997,1990,-0.008,0.205,0.504,407480.0,53.13,E
Solomon Islands,SLB,Oceania,1998,1990,0.393,0.213,0.507,419078.0,52.46,E
Solomon Islands,SLB,Oceania,1999,1990,-0.027,0.22,0.511,430511.0,55.27,E
Solomon Islands,SLB,Oceania,2000,2000,0.333,0.227,0.516,440481.0,55.09,E
Solomon Islands,SLB,Oceania,2001,2000,,0.238,0.53,449137.0,53.99,O
Solomon Islands,SLB,Oceania,2002,2000,,0.245,0.536,457676.0,52.67,O
Solomon Islands,SLB,Oceania,2003,2000,0.394,0.256,0.55,466164.0,51.33,E
Solomon Islands,SLB,Oceania,2004,2000,0.42,0.275,0.579,474618.0,49.78,E
Solomon Islands,SLB,Oceania,2005,2000,0.413,0.282,0.584,483090.0,49.58,E
Solomon Islands,SLB,Oceania,2006,2000,0.34,0.293,0.596,491602.0,48.81,E
Solomon Islands,SLB,Oceania,2007,2000,0.569,0.3,0.601,500168.0,47.3,E
Solomon Islands,SLB,Oceania,2008,2000,,0.311,0.612,508802.0,46.55,O
Solomon Islands,SLB,Oceania,2009,2000,0.11,0.322,0.622,518150.0,45.67,E
Solomon Islands,SLB,Oceania,2010,2010,0.237,0.333,0.626,532976.0,44.96,E
Solomon Islands,SLB,Oceania,2011,2010,0.381,0.348,0.629,552958.0,43.57,E
Solomon Islands,SLB,Oceania,2012,2010,0.478,0.344,0.6,573623.0,43.89,E
Solomon Islands,SLB,Oceania,2013,2010,0.6,0.377,0.634,594952.0,41.89,E
Solomon Islands,SLB,Oceania,2014,2010,0.685,0.33,0.535,616915.0,45.98,E
Solomon Islands,SLB,Oceania,2015,2010,0.474,0.297,0.464,639423.0,40.17,E
Solomon Islands,SLB,Oceania,2016,2010,0.832,0.293,0.443,662387.0,39.16,E
Solomon Islands,SLB,Oceania,2017,2010,0.588,0.289,0.422,685677.0,38.19,E
Solomon Islands,SLB,Oceania,2018,2010,0.392,0.293,0.413,709109.0,37.26,E
Solomon Islands,SLB,Oceania,2019,2010,0.652,0.297,0.408,728156.0,36.51,E
Solomon Islands,SLB,Oceania,2020,2020,0.624,0.293,0.394,744505.0,36.65,E
Solomon Islands,SLB,Oceania,2021,2020,0.302,0.289,0.38,762594.0,35.61,E
Solomon Islands,SLB,Oceania,2022,2020,0.467,0.283,0.362,781075.0,34.74,E
Solomon Islands,SLB,Oceania,2023,2020,0.436,0.282,0.352,800014.0,34.35,E
Solomon Islands,SLB,Oceania,2024,2020,0.636,0.295,0.36,819206.0,33.64,E
Sierra Leone,SLE,Africa,1970,1970,0.327,0.857,0.316,2712287.0,,E
Sierra Leone,SLE,Africa,1971,1970,-0.168,0.802,0.29,2763230.0,,E
Sierra Leone,SLE,Africa,1972,1970,0.123,0.678,0.241,2814397.0,,E
Sierra Leone,SLE,Africa,1973,1970,0.484,0.539,0.188,2866959.0,,E
Sierra Leone,SLE,Africa,1974,1970,-0.016,0.52,0.178,2920466.0,,E
Sierra Leone,SLE,Africa,1975,1970,-0.119,0.524,0.176,2974659.0,,E
Sierra Leone,SLE,Africa,1976,1970,-0.209,0.451,0.149,3028822.0,,E
Sierra Leone,SLE,Africa,1977,1970,0.179,0.513,0.166,3085359.0,,E
Sierra Leone,SLE,Africa,1978,1970,0.223,0.711,0.226,3145522.0,,E
Sierra Leone,SLE,Africa,1979,1970,0.506,0.678,0.211,3207502.0,,E
Sierra Leone,SLE,Africa,1980,1980,0.379,0.608,0.186,3272097.0,,E
Sierra Leone,SLE,Africa,1981,1980,0.221,0.692,0.207,3338944.0,,E
Sierra Leone,SLE,Africa,1982,1980,0.291,0.553,0.162,3408188.0,,E
Sierra Leone,SLE,Africa,1983,1980,0.553,0.689,0.198,3481644.0,,E
Sierra Leone,SLE,Africa,1984,1980,0.4,0.616,0.173,3558762.0,,E
Sierra Leone,SLE,Africa,1985,1980,0.317,0.663,0.182,3638444.0,,E
Sierra Leone,SLE,Africa,1986,1980,0.022,0.674,0.181,3728381.0,,E
Sierra Leone,SLE,Africa,1987,1980,0.817,0.498,0.13,3829720.0,,E
Sierra Leone,SLE,Africa,1988,1980,0.689,0.458,0.116,3934517.0,,E
Sierra Leone,SLE,Africa,1989,1980,0.317,0.374,0.093,4034038.0,,E
Sierra Leone,SLE,Africa,1990,1990,0.588,0.498,0.119,4196834.0,92.33,E
Sierra Leone,SLE,Africa,1991,1990,0.602,0.557,0.131,4246268.0,91.8,E
Sierra Leone,SLE,Africa,1992,1990,0.205,0.282,0.068,4166368.0,92.53,E
Sierra Leone,SLE,Africa,1993,1990,0.517,0.264,0.063,4157128.0,92.97,E
Sierra Leone,SLE,Africa,1994,1990,0.431,0.275,0.066,4173111.0,92.72,E
Sierra Leone,SLE,Africa,1995,1990,0.42,0.224,0.053,4179178.0,93.83,E
Sierra Leone,SLE,Africa,1996,1990,0.553,0.231,0.055,4199215.0,94.3,E
Sierra Leone,SLE,Africa,1997,1990,0.727,0.205,0.048,4253710.0,94.51,E
Sierra Leone,SLE,Africa,1998,1990,1.017,0.22,0.051,4295783.0,94.63,E
Sierra Leone,SLE,Africa,1999,1990,0.546,0.176,0.041,4318047.0,94.96,E
Sierra Leone,SLE,Africa,2000,2000,,0.271,0.061,4423615.0,93.32,O
Sierra Leone,SLE,Africa,2001,2000,0.803,0.374,0.08,4692715.0,91.16,E
Sierra Leone,SLE,Africa,2002,2000,0.967,0.502,0.101,4971435.0,87.96,E
Sierra Leone,SLE,Africa,2003,2000,0.787,0.539,0.104,5177686.0,86.54,E
Sierra Leone,SLE,Africa,2004,2000,0.992,0.52,0.097,5355715.0,86.54,E
Sierra Leone,SLE,Africa,2005,2000,1.127,0.432,0.079,5501707.0,88.11,E
Sierra Leone,SLE,Africa,2006,2000,1.043,0.575,0.102,5624464.0,84.37,E
Sierra Leone,SLE,Africa,2007,2000,0.773,0.487,0.085,5749353.0,86.35,E
Sierra Leone,SLE,Africa,2008,2000,1.15,0.506,0.086,5894728.0,86.04,E
Sierra Leone,SLE,Africa,2009,2000,0.751,0.502,0.083,6055655.0,86.14,E
Sierra Leone,SLE,Africa,2010,2010,1.206,0.546,0.088,6222715.0,84.89,E
Sierra Leone,SLE,Africa,2011,2010,0.952,0.714,0.112,6387258.0,81.0,E
Sierra Leone,SLE,Africa,2012,2010,0.405,0.832,0.127,6551078.0,79.06,E
Sierra Leone,SLE,Africa,2013,2010,0.71,1.052,0.157,6714057.0,74.04,E
Sierra Leone,SLE,Africa,2014,2010,0.671,1.129,0.164,6876385.0,72.91,E
Sierra Leone,SLE,Africa,2015,2010,0.903,1.084,0.154,7037660.0,74.59,E
Sierra Leone,SLE,Africa,2016,2010,0.886,1.14,0.158,7205339.0,73.59,E
Sierra Leone,SLE,Africa,2017,2010,1.408,1.096,0.148,7379300.0,75.24,E
Sierra Leone,SLE,Africa,2018,2010,0.951,1.037,0.137,7554568.0,76.72,E
Sierra Leone,SLE,Africa,2019,2010,1.4,1.118,0.145,7731994.0,74.96,E
Sierra Leone,SLE,Africa,2020,2020,1.579,1.187,0.15,7912557.0,74.14,E
Sierra Leone,SLE,Africa,2021,2020,1.589,1.484,0.183,8094603.0,70.44,E
Sierra Leone,SLE,Africa,2022,2020,1.482,1.444,0.174,8276809.0,70.86,E
Sierra Leone,SLE,Africa,2023,2020,1.343,1.38,0.163,8460523.0,70.36,E
Sierra Leone,SLE,Africa,2024,2020,1.616,1.434,0.166,8642029.0,69.9,E
El Salvador,SLV,North America,1970,1970,-0.316,1.428,0.389,3668799.0,,E
El Salvador,SLV,North America,1971,1970,-0.363,1.509,0.402,3757531.0,,E
El Salvador,SLV,North America,1972,1970,0.178,1.677,0.436,3846835.0,,E
El Salvador,SLV,North America,1973,1970,0.119,1.967,0.499,3938073.0,,E
El Salvador,SLV,North America,1974,1970,-0.338,1.97,0.489,4029675.0,,E
El Salvador,SLV,North America,1975,1970,0.081,2.105,0.511,4120451.0,,E
El Salvador,SLV,North America,1976,1970,-0.368,2.207,0.524,4210312.0,,E
El Salvador,SLV,North America,1977,1970,0.713,2.281,0.53,4301259.0,,E
El Salvador,SLV,North America,1978,1970,0.095,2.381,0.542,4394126.0,,E
El Salvador,SLV,North America,1979,1970,0.346,2.376,0.53,4480389.0,,E
El Salvador,SLV,North America,1980,1980,0.332,2.118,0.467,4540377.0,,E
El Salvador,SLV,North America,1981,1980,-0.018,1.818,0.398,4570602.0,,E
El Salvador,SLV,North America,1982,1980,0.253,1.751,0.379,4622478.0,,E
El Salvador,SLV,North America,1983,1980,0.693,1.884,0.4,4707368.0,,E
El Salvador,SLV,North America,1984,1980,0.175,1.587,0.331,4798003.0,,E
El Salvador,SLV,North America,1985,1980,0.122,1.963,0.401,4894703.0,,E
El Salvador,SLV,North America,1986,1980,-0.036,1.965,0.394,4992772.0,,E
El Salvador,SLV,North America,1987,1980,0.716,2.411,0.474,5092443.0,,E
El Salvador,SLV,North America,1988,1980,0.592,2.43,0.468,5195828.0,,E
El Salvador,SLV,North America,1989,1980,0.035,2.544,0.48,5298977.0,,E
El Salvador,SLV,North America,1990,1990,0.435,2.471,0.458,5399728.0,67.14,E
El Salvador,SLV,North America,1991,1990,0.417,3.149,0.573,5495081.0,64.73,E
El Salvador,SLV,North America,1992,1990,0.441,3.313,0.593,5585611.0,61.69,E
El Salvador,SLV,North America,1993,1990,0.238,3.966,0.701,5659959.0,59.34,E
El Salvador,SLV,North America,1994,1990,0.569,4.502,0.788,5714138.0,57.19,E
El Salvador,SLV,North America,1995,1990,0.519,4.986,0.865,5762135.0,54.71,E
El Salvador,SLV,North America,1996,1990,0.067,4.4,0.758,5805286.0,56.93,E
El Salvador,SLV,North America,1997,1990,0.738,5.398,0.924,5844578.0,53.01,E
El Salvador,SLV,North America,1998,1990,0.838,5.711,0.971,5880786.0,51.72,E
El Salvador,SLV,North America,1999,1990,0.178,5.567,0.941,5913908.0,51.03,E
El Salvador,SLV,North America,2000,2000,-0.182,5.648,0.95,5943363.0,33.51,E
El Salvador,SLV,North America,2001,2000,0.296,5.829,0.977,5968058.0,33.11,E
El Salvador,SLV,North America,2002,2000,0.531,6.036,1.008,5986629.0,34.02,E
El Salvador,SLV,North America,2003,2000,0.758,6.396,1.066,5998597.0,33.85,E
El Salvador,SLV,North America,2004,2000,0.573,6.216,1.035,6004673.0,33.33,E
El Salvador,SLV,North America,2005,2000,0.494,6.262,1.043,6005583.0,34.08,E
El Salvador,SLV,North America,2006,2000,0.495,6.689,1.114,6002321.0,34.76,E
El Salvador,SLV,North America,2007,2000,0.507,6.819,1.135,6009820.0,28.24,E
El Salvador,SLV,North America,2008,2000,0.269,6.375,1.057,6029302.0,31.5,E
El Salvador,SLV,North America,2009,2000,0.83,6.283,1.039,6048284.0,32.2,E
El Salvador,SLV,North America,2010,2010,0.447,6.287,1.036,6068253.0,32.62,E
El Salvador,SLV,North America,2011,2010,0.436,6.467,1.062,6090128.0,29.52,E
El Salvador,SLV,North America,2012,2010,0.589,6.436,1.053,6113977.0,30.27,E
El Salvador,SLV,North America,2013,2010,0.581,6.058,0.987,6138845.0,27.54,E
El Salvador,SLV,North America,2014,2010,0.614,6.12,0.993,6162952.0,23.95,E
El Salvador,SLV,North America,2015,2010,1.254,6.637,1.073,6183675.0,21.02,E
El Salvador,SLV,North America,2016,2010,1.212,6.572,1.06,6200808.0,20.7,E
El Salvador,SLV,North America,2017,2010,0.675,5.942,0.956,6213538.0,24.98,E
El Salvador,SLV,North America,2018,2010,0.733,6.452,1.037,6219803.0,23.21,E
El Salvador,SLV,North America,2019,2010,0.949,7.634,1.227,6222316.0,19.38,E
El Salvador,SLV,North America,2020,2020,1.419,6.135,0.984,6234679.0,23.71,E
El Salvador,SLV,North America,2021,2020,1.018,6.977,1.115,6255780.0,21.92,E
El Salvador,SLV,North America,2022,2020,0.742,7.913,1.26,6280316.0,18.63,E
El Salvador,SLV,North America,2023,2020,1.444,8.67,1.374,6309629.0,15.54,E
El Salvador,SLV,North America,2024,2020,1.554,8.972,1.416,6338197.0,,E
San Marino,SMR,Europe,1970,1970,-0.096,,,18194.0,,E
San Marino,SMR,Europe,1971,1970,-0.137,,,18444.0,,E
San Marino,SMR,Europe,1972,1970,-0.052,,,18811.0,,E
San Marino,SMR,Europe,1973,1970,0.011,,,19019.0,,E
San Marino,SMR,Europe,1974,1970,-0.041,,,19052.0,,E
San Marino,SMR,Europe,1975,1970,0.25,,,19075.0,,E
San Marino,SMR,Europe,1976,1970,-0.423,,,19138.0,,E
San Marino,SMR,Europe,1977,1970,0.34,,,20039.0,,E
San Marino,SMR,Europe,1978,1970,-0.589,,,21050.0,,E
San Marino,SMR,Europe,1979,1970,0.019,,,21346.0,,E
San Marino,SMR,Europe,1980,1980,-0.464,,,21609.0,,E
San Marino,SMR,Europe,1981,1980,-0.339,,,21869.0,,E
San Marino,SMR,Europe,1982,1980,0.39,,,22078.0,,E
San Marino,SMR,Europe,1983,1980,0.416,,,22255.0,,E
San Marino,SMR,Europe,1984,1980,-0.58,,,22372.0,,E
San Marino,SMR,Europe,1985,1980,0.195,,,22509.0,,E
San Marino,SMR,Europe,1986,1980,0.353,,,22663.0,,E
San Marino,SMR,Europe,1987,1980,0.112,,,22710.0,,E
San Marino,SMR,Europe,1988,1980,0.779,,,22865.0,,E
San Marino,SMR,Europe,1989,1980,0.293,,,23175.0,,E
San Marino,SMR,Europe,1990,1990,1.02,,,23501.0,,E
San Marino,SMR,Europe,1991,1990,-0.058,,,23823.0,,E
San Marino,SMR,Europe,1992,1990,0.507,,,24149.0,,E
San Marino,SMR,Europe,1993,1990,0.47,,,24499.0,,E
San Marino,SMR,Europe,1994,1990,1.492,,,24853.0,,E
San Marino,SMR,Europe,1995,1990,0.279,,,25183.0,,E
San Marino,SMR,Europe,1996,1990,0.204,,,25503.0,,E
San Marino,SMR,Europe,1997,1990,0.923,,,25821.0,,E
San Marino,SMR,Europe,1998,1990,1.092,,,26149.0,,E
San Marino,SMR,Europe,1999,1990,0.824,,,26485.0,,E
San Marino,SMR,Europe,2000,2000,1.369,,,26823.0,,E
San Marino,SMR,Europe,2001,2000,1.678,,,27173.0,,E
San Marino,SMR,Europe,2002,2000,1.119,,,27515.0,,E
San Marino,SMR,Europe,2003,2000,1.615,,,27871.0,,E
San Marino,SMR,Europe,2004,2000,0.831,,,28230.0,,E
San Marino,SMR,Europe,2005,2000,0.43,,,28600.0,,E
San Marino,SMR,Europe,2006,2000,0.845,,,28966.0,,E
San Marino,SMR,Europe,2007,2000,1.802,,,29334.0,,E
San Marino,SMR,Europe,2008,2000,1.24,,,29721.0,,E
San Marino,SMR,Europe,2009,2000,1.337,,,30115.0,,E
San Marino,SMR,Europe,2010,2010,0.659,,,30648.0,,E
San Marino,SMR,Europe,2011,2010,1.241,,,32194.0,,E
San Marino,SMR,Europe,2012,2010,1.654,,,33494.0,,E
San Marino,SMR,Europe,2013,2010,0.965,,,33641.0,,E
San Marino,SMR,Europe,2014,2010,1.549,,,33753.0,,E
San Marino,SMR,Europe,2015,2010,1.795,,,33927.0,,E
San Marino,SMR,Europe,2016,2010,1.704,,,34188.0,,E
San Marino,SMR,Europe,2017,2010,1.599,,,34405.0,,E
San Marino,SMR,Europe,2018,2010,1.872,,,34557.0,,E
San Marino,SMR,Europe,2019,2010,1.695,,,34674.0,,E
San Marino,SMR,Europe,2020,2020,1.857,,,34796.0,,E
San Marino,SMR,Europe,2021,2020,1.407,,,34599.0,,E
San Marino,SMR,Europe,2022,2020,2.007,,,34113.0,,E
San Marino,SMR,Europe,2023,2020,2.24,,,33761.0,,E
San Marino,SMR,Europe,2024,2020,2.808,,,33606.0,,E
Somalia,SOM,Africa,1970,1970,0.066,0.216,0.058,3738451.0,,E
Somalia,SOM,Africa,1971,1970,-0.283,0.187,0.049,3837694.0,,E
Somalia,SOM,Africa,1972,1970,0.252,0.234,0.06,3939438.0,,E
Somalia,SOM,Africa,1973,1970,0.569,0.264,0.065,4045589.0,,E
Somalia,SOM,Africa,1974,1970,-0.01,0.33,0.079,4151851.0,,E
Somalia,SOM,Africa,1975,1970,0.091,0.502,0.118,4257539.0,,E
Somalia,SOM,Africa,1976,1970,0.265,0.48,0.11,4365815.0,,E
Somalia,SOM,Africa,1977,1970,0.403,0.799,0.178,4484061.0,,E
Somalia,SOM,Africa,1978,1970,0.054,0.557,0.116,4814897.0,,E
Somalia,SOM,Africa,1979,1970,0.019,0.487,0.089,5449115.0,,E
Somalia,SOM,Africa,1980,1980,0.646,0.813,0.137,5936155.0,,E
Somalia,SOM,Africa,1981,1980,0.219,0.275,0.046,5982853.0,,E
Somalia,SOM,Africa,1982,1980,0.344,0.718,0.12,6003838.0,,E
Somalia,SOM,Africa,1983,1980,0.456,0.934,0.151,6198436.0,,E
Somalia,SOM,Africa,1984,1980,-0.001,0.714,0.111,6428396.0,,E
Somalia,SOM,Africa,1985,1980,0.019,0.857,0.128,6693294.0,,E
Somalia,SOM,Africa,1986,1980,0.103,0.923,0.132,6974790.0,,E
Somalia,SOM,Africa,1987,1980,0.878,0.993,0.137,7228308.0,,E
Somalia,SOM,Africa,1988,1980,0.726,1.004,0.139,7235362.0,,E
Somalia,SOM,Africa,1989,1980,-0.095,0.952,0.134,7114828.0,,E
Somalia,SOM,Africa,1990,1990,0.116,0.782,0.11,7082816.0,86.29,E
Somalia,SOM,Africa,1991,1990,0.213,0.708,0.104,6813762.0,87.56,E
Somalia,SOM,Africa,1992,1990,0.506,0.666,0.103,6495109.0,88.81,E
Somalia,SOM,Africa,1993,1990,0.106,0.626,0.094,6681406.0,89.4,E
Somalia,SOM,Africa,1994,1990,0.45,0.618,0.088,7026804.0,89.91,E
Somalia,SOM,Africa,1995,1990,0.421,0.585,0.08,7285013.0,90.57,E
Somalia,SOM,Africa,1996,1990,0.576,0.575,0.076,7554476.0,91.05,E
Somalia,SOM,Africa,1997,1990,0.363,0.535,0.068,7824531.0,91.73,E
Somalia,SOM,Africa,1998,1990,0.536,0.506,0.062,8155414.0,92.47,E
Somalia,SOM,Africa,1999,1990,0.277,0.487,0.057,8492066.0,92.9,E
Somalia,SOM,Africa,2000,2000,0.354,0.509,0.058,8838714.0,92.66,E
Somalia,SOM,Africa,2001,2000,0.652,0.542,0.059,9198495.0,92.42,E
Somalia,SOM,Africa,2002,2000,0.676,0.575,0.06,9550069.0,92.23,E
Somalia,SOM,Africa,2003,2000,0.9,0.605,0.061,9909161.0,92.1,E
Somalia,SOM,Africa,2004,2000,0.355,0.627,0.061,10281001.0,91.96,E
Somalia,SOM,Africa,2005,2000,0.957,0.649,0.061,10644234.0,92.01,E
Somalia,SOM,Africa,2006,2000,0.734,0.671,0.061,10975502.0,91.86,E
Somalia,SOM,Africa,2007,2000,0.807,0.692,0.061,11322581.0,91.74,E
Somalia,SOM,Africa,2008,2000,0.511,0.722,0.062,11663090.0,91.63,E
Somalia,SOM,Africa,2009,2000,1.114,0.744,0.062,11961205.0,91.58,E
Somalia,SOM,Africa,2010,2010,0.903,0.777,0.063,12261761.0,91.34,E
Somalia,SOM,Africa,2011,2010,0.709,0.81,0.066,12348829.0,91.13,E
Somalia,SOM,Africa,2012,2010,0.525,0.832,0.067,12461163.0,91.12,E
Somalia,SOM,Africa,2013,2010,0.654,0.857,0.067,12869599.0,91.47,E
Somalia,SOM,Africa,2014,2010,0.664,0.887,0.066,13339497.0,91.49,E
Somalia,SOM,Africa,2015,2010,1.34,0.923,0.067,13806969.0,91.01,E
Somalia,SOM,Africa,2016,2010,0.894,0.956,0.067,14348741.0,91.24,E
Somalia,SOM,Africa,2017,2010,1.145,0.993,0.067,14916630.0,91.12,E
Somalia,SOM,Africa,2018,2010,0.189,1.033,0.067,15452489.0,91.03,E
Somalia,SOM,Africa,2019,2010,1.032,1.07,0.067,16030969.0,90.82,E
Somalia,SOM,Africa,2020,2020,1.232,1.14,0.068,16651200.0,90.2,E
Somalia,SOM,Africa,2021,2020,1.096,1.154,0.067,17271435.0,90.26,E
Somalia,SOM,Africa,2022,2020,1.149,1.271,0.071,17801895.0,89.36,E
Somalia,SOM,Africa,2023,2020,0.831,1.296,0.071,18358622.0,89.27,E
Somalia,SOM,Africa,2024,2020,2.137,1.319,0.069,19009155.0,89.28,E
Saint Pierre and Miquelon,SPM,North America,1970,1970,0.979,0.037,6.476,5658.0,,E
Saint Pierre and Miquelon,SPM,North America,1971,1970,0.298,0.048,8.292,5744.0,,E
Saint Pierre and Miquelon,SPM,North America,1972,1970,-1.244,0.07,11.941,5830.0,,E
Saint Pierre and Miquelon,SPM,North America,1973,1970,-0.779,0.04,6.802,5925.0,,E
Saint Pierre and Miquelon,SPM,North America,1974,1970,-0.949,0.044,7.323,6004.0,,E
Saint Pierre and Miquelon,SPM,North America,1975,1970,-0.696,0.033,5.45,6051.0,,E
Saint Pierre and Miquelon,SPM,North America,1976,1970,-0.121,0.048,7.821,6090.0,,E
Saint Pierre and Miquelon,SPM,North America,1977,1970,-0.134,0.037,5.982,6125.0,,E
Saint Pierre and Miquelon,SPM,North America,1978,1970,-0.32,0.033,5.352,6162.0,,E
Saint Pierre and Miquelon,SPM,North America,1979,1970,0.466,0.037,5.927,6182.0,,E
Saint Pierre and Miquelon,SPM,North America,1980,1980,-0.208,0.037,5.917,6192.0,,E
Saint Pierre and Miquelon,SPM,North America,1981,1980,1.018,0.04,6.53,6172.0,,E
Saint Pierre and Miquelon,SPM,North America,1982,1980,-0.453,0.04,6.54,6163.0,,E
Saint Pierre and Miquelon,SPM,North America,1983,1980,0.795,0.033,5.312,6208.0,,E
Saint Pierre and Miquelon,SPM,North America,1984,1980,0.179,0.037,5.854,6259.0,,E
Saint Pierre and Miquelon,SPM,North America,1985,1980,-0.992,0.033,5.233,6301.0,,E
Saint Pierre and Miquelon,SPM,North America,1986,1980,-0.68,0.048,7.515,6338.0,,E
Saint Pierre and Miquelon,SPM,North America,1987,1980,-0.017,0.051,8.055,6368.0,,E
Saint Pierre and Miquelon,SPM,North America,1988,1980,0.268,0.066,10.336,6381.0,,E
Saint Pierre and Miquelon,SPM,North America,1989,1980,-0.333,0.103,16.1,6372.0,,E
Saint Pierre and Miquelon,SPM,North America,1990,1990,-0.667,0.092,14.364,6377.0,0.0,E
Saint Pierre and Miquelon,SPM,North America,1991,1990,-0.642,0.103,16.03,6400.0,0.0,E
Saint Pierre and Miquelon,SPM,North America,1992,1990,-1.294,0.095,14.82,6428.0,0.0,E
Saint Pierre and Miquelon,SPM,North America,1993,1990,-0.999,0.073,11.379,6440.0,0.0,E
Saint Pierre and Miquelon,SPM,North America,1994,1990,-0.241,0.07,10.785,6455.0,0.0,E
Saint Pierre and Miquelon,SPM,North America,1995,1990,-0.213,0.07,10.778,6459.0,0.0,E
Saint Pierre and Miquelon,SPM,North America,1996,1990,0.2,0.07,10.792,6451.0,0.0,E
Saint Pierre and Miquelon,SPM,North America,1997,1990,-0.286,0.048,7.399,6438.0,0.0,E
Saint Pierre and Miquelon,SPM,North America,1998,1990,0.828,0.055,8.598,6392.0,0.0,E
Saint Pierre and Miquelon,SPM,North America,1999,1990,1.75,0.055,8.672,6338.0,0.0,E
Saint Pierre and Miquelon,SPM,North America,2000,2000,1.18,0.055,8.7,6317.0,0.42,E
Saint Pierre and Miquelon,SPM,North America,2001,2000,0.592,0.055,8.725,6299.0,0.49,E
Saint Pierre and Miquelon,SPM,North America,2002,2000,0.044,0.059,9.345,6273.0,0.45,E
Saint Pierre and Miquelon,SPM,North America,2003,2000,0.238,0.062,9.992,6234.0,0.41,E
Saint Pierre and Miquelon,SPM,North America,2004,2000,0.647,0.059,9.469,6191.0,0.44,E
Saint Pierre and Miquelon,SPM,North America,2005,2000,0.982,0.062,10.146,6139.0,1.37,E
Saint Pierre and Miquelon,SPM,North America,2006,2000,1.907,0.062,10.221,6094.0,1.38,E
Saint Pierre and Miquelon,SPM,North America,2007,2000,0.438,0.062,10.255,6074.0,1.86,E
Saint Pierre and Miquelon,SPM,North America,2008,2000,0.483,0.062,10.273,6063.0,1.46,E
Saint Pierre and Miquelon,SPM,North America,2009,2000,0.718,0.062,10.289,6054.0,1.43,E
Saint Pierre and Miquelon,SPM,North America,2010,2010,1.349,0.062,10.301,6047.0,1.55,E
Saint Pierre and Miquelon,SPM,North America,2011,2010,1.188,0.066,10.926,6036.0,1.59,E
Saint Pierre and Miquelon,SPM,North America,2012,2010,2.017,0.066,10.957,6019.0,1.4,E
Saint Pierre and Miquelon,SPM,North America,2013,2010,1.334,0.066,10.994,5999.0,1.49,E
Saint Pierre and Miquelon,SPM,North America,2014,2010,0.408,0.066,11.021,5984.0,0.96,E
Saint Pierre and Miquelon,SPM,North America,2015,2010,0.118,0.066,11.045,5971.0,0.95,E
Saint Pierre and Miquelon,SPM,North America,2016,2010,0.867,0.066,11.071,5957.0,0.94,E
Saint Pierre and Miquelon,SPM,North America,2017,2010,0.391,0.066,11.092,5946.0,0.92,E
Saint Pierre and Miquelon,SPM,North America,2018,2010,0.702,0.059,9.883,5932.0,1.06,E
Saint Pierre and Miquelon,SPM,North America,2019,2010,0.074,0.066,11.18,5899.0,0.94,E
Saint Pierre and Miquelon,SPM,North America,2020,2020,0.761,0.062,10.644,5852.0,1.07,E
Saint Pierre and Miquelon,SPM,North America,2021,2020,2.298,0.055,9.473,5802.0,1.22,E
Saint Pierre and Miquelon,SPM,North America,2022,2020,1.925,0.053,9.268,5760.0,1.18,E
Saint Pierre and Miquelon,SPM,North America,2023,2020,1.508,0.053,9.335,5707.0,0.94,E
Saint Pierre and Miquelon,SPM,North America,2024,2020,2.228,0.055,9.788,5652.0,0.98,E
Serbia,SRB,Europe,1970,1970,,31.562,4.309,7324426.0,,
Serbia,SRB,Europe,1971,1970,,34.012,4.612,7375141.0,,
Serbia,SRB,Europe,1972,1970,,31.878,4.293,7424742.0,,
Serbia,SRB,Europe,1973,1970,,38.067,5.094,7473516.0,,
Serbia,SRB,Europe,1974,1970,,38.223,5.081,7522491.0,,
Serbia,SRB,Europe,1975,1970,,39.875,5.266,7572433.0,,
Serbia,SRB,Europe,1976,1970,,41.141,5.397,7622703.0,,
Serbia,SRB,Europe,1977,1970,,39.997,5.214,7671486.0,,
Serbia,SRB,Europe,1978,1970,,44.675,5.789,7716932.0,,
Serbia,SRB,Europe,1979,1970,,48.573,6.261,7758219.0,,
Serbia,SRB,Europe,1980,1980,,47.741,6.124,7796286.0,,
Serbia,SRB,Europe,1981,1980,,51.955,6.637,7827863.0,,
Serbia,SRB,Europe,1982,1980,,47.704,6.077,7849652.0,,
Serbia,SRB,Europe,1983,1980,,51.365,6.531,7864592.0,,
Serbia,SRB,Europe,1984,1980,,54.166,6.878,7875050.0,,
Serbia,SRB,Europe,1985,1980,,55.244,7.009,7881551.0,,
Serbia,SRB,Europe,1986,1980,,57.68,7.316,7884582.0,,
Serbia,SRB,Europe,1987,1980,,56.298,7.14,7885364.0,,
Serbia,SRB,Europe,1988,1980,,58.082,7.367,7884457.0,,
Serbia,SRB,Europe,1989,1980,,57.897,7.346,7881272.0,,
Serbia,SRB,Europe,1990,1990,,57.538,7.307,7874595.0,14.53,
Serbia,SRB,Europe,1991,1990,,40.577,5.158,7867067.0,17.21,
Serbia,SRB,Europe,1992,1990,,43.636,5.552,7859811.0,17.82,
Serbia,SRB,Europe,1993,1990,,37.997,4.841,7849723.0,19.24,
Serbia,SRB,Europe,1994,1990,,36.967,4.717,7837157.0,20.92,
Serbia,SRB,Europe,1995,1990,,39.047,4.991,7823281.0,23.32,
Serbia,SRB,Europe,1996,1990,,45.696,5.853,7807720.0,18.0,
Serbia,SRB,Europe,1997,1990,,49.098,6.303,7789186.0,15.23,
Serbia,SRB,Europe,1998,1990,,51.691,6.656,7765929.0,15.5,
Serbia,SRB,Europe,1999,1990,,35.652,4.609,7734367.0,22.1,
Serbia,SRB,Europe,2000,2000,,39.606,5.147,7694608.0,22.09,
Serbia,SRB,Europe,2001,2000,,42.541,5.56,7651927.0,19.55,
Serbia,SRB,Europe,2002,2000,,45.486,5.972,7616741.0,18.01,
Serbia,SRB,Europe,2003,2000,,48.649,6.409,7590946.0,15.67,
Serbia,SRB,Europe,2004,2000,,52.942,6.998,7565843.0,14.64,
Serbia,SRB,Europe,2005,2000,,50.058,6.64,7539139.0,16.1,
Serbia,SRB,Europe,2006,2000,0.591,53.721,7.152,7511395.0,15.33,E
Serbia,SRB,Europe,2007,2000,1.923,52.16,6.97,7482996.0,14.03,E
Serbia,SRB,Europe,2008,2000,1.366,51.737,6.941,7454285.0,15.5,E
Serbia,SRB,Europe,2009,2000,1.403,45.92,6.184,7425346.0,20.68,E
Serbia,SRB,Europe,2010,2010,1.199,45.694,6.178,7395872.0,20.47,E
Serbia,SRB,Europe,2011,2010,0.771,48.956,6.647,7364858.0,17.44,E
Serbia,SRB,Europe,2012,2010,1.726,43.764,5.975,7324624.0,19.47,E
Serbia,SRB,Europe,2013,2010,1.448,44.576,6.126,7276183.0,20.03,E
Serbia,SRB,Europe,2014,2010,1.637,37.331,5.165,7227203.0,23.25,E
Serbia,SRB,Europe,2015,2010,1.787,43.897,6.116,7177257.0,21.24,E
Serbia,SRB,Europe,2016,2010,1.745,45.193,6.342,7126083.0,20.91,E
Serbia,SRB,Europe,2017,2010,1.312,45.673,6.457,7073507.0,20.0,E
Serbia,SRB,Europe,2018,2010,2.353,44.478,6.336,7020014.0,21.05,E
Serbia,SRB,Europe,2019,2010,2.117,44.445,6.38,6966155.0,21.45,E
Serbia,SRB,Europe,2020,2020,1.847,45.356,6.566,6907814.0,25.97,E
Serbia,SRB,Europe,2021,2020,1.628,43.886,6.42,6835429.0,27.17,E
Serbia,SRB,Europe,2022,2020,1.977,44.462,6.547,6791215.0,25.0,E
Serbia,SRB,Europe,2023,2020,2.606,42.907,6.335,6773204.0,27.14,E
Serbia,SRB,Europe,2024,2020,3.402,42.019,6.238,6736217.0,,E
South Sudan,SSD,Africa,1970,1970,,0.391,0.115,3409620.0,,
South Sudan,SSD,Africa,1971,1970,,0.401,0.116,3468646.0,,
South Sudan,SSD,Africa,1972,1970,,0.433,0.122,3542492.0,,
South Sudan,SSD,Africa,1973,1970,,0.437,0.12,3627387.0,,
South Sudan,SSD,Africa,1974,1970,,0.457,0.123,3723264.0,,
South Sudan,SSD,Africa,1975,1970,,0.341,0.089,3821494.0,,
South Sudan,SSD,Africa,1976,1970,,0.302,0.077,3921912.0,,
South Sudan,SSD,Africa,1977,1970,,0.306,0.076,4024037.0,,
South Sudan,SSD,Africa,1978,1970,,0.277,0.067,4127666.0,,
South Sudan,SSD,Africa,1979,1970,,0.287,0.068,4232613.0,,
South Sudan,SSD,Africa,1980,1980,,0.301,0.069,4339041.0,,
South Sudan,SSD,Africa,1981,1980,,0.293,0.066,4447275.0,,
South Sudan,SSD,Africa,1982,1980,,0.308,0.068,4557690.0,,
South Sudan,SSD,Africa,1983,1980,,0.314,0.067,4661577.0,,
South Sudan,SSD,Africa,1984,1980,,0.282,0.059,4750626.0,,
South Sudan,SSD,Africa,1985,1980,,0.328,0.068,4834296.0,,
South Sudan,SSD,Africa,1986,1980,,0.342,0.069,4921245.0,,
South Sudan,SSD,Africa,1987,1980,,0.27,0.054,4962397.0,,
South Sudan,SSD,Africa,1988,1980,,0.39,0.08,4848029.0,,
South Sudan,SSD,Africa,1989,1980,,0.302,0.064,4713234.0,,
South Sudan,SSD,Africa,1990,1990,,0.419,0.089,4737637.0,,
South Sudan,SSD,Africa,1991,1990,,0.393,0.081,4836686.0,,
South Sudan,SSD,Africa,1992,1990,,0.351,0.072,4909746.0,,
South Sudan,SSD,Africa,1993,1990,,0.242,0.049,4956006.0,,
South Sudan,SSD,Africa,1994,1990,,0.333,0.066,5071191.0,,
South Sudan,SSD,Africa,1995,1990,,0.344,0.066,5225840.0,,
South Sudan,SSD,Africa,1996,1990,,0.355,0.066,5356925.0,,
South Sudan,SSD,Africa,1997,1990,,0.435,0.079,5509142.0,,
South Sudan,SSD,Africa,1998,1990,,0.377,0.067,5620077.0,,
South Sudan,SSD,Africa,1999,1990,,0.409,0.071,5771632.0,,
South Sudan,SSD,Africa,2000,2000,,0.445,0.074,6032274.0,,
South Sudan,SSD,Africa,2001,2000,,0.511,0.081,6308399.0,,
South Sudan,SSD,Africa,2002,2000,,0.652,0.099,6596810.0,,
South Sudan,SSD,Africa,2003,2000,,0.728,0.106,6903129.0,,
South Sudan,SSD,Africa,2004,2000,,0.92,0.127,7233040.0,,
South Sudan,SSD,Africa,2005,2000,,0.882,0.116,7590147.0,,
South Sudan,SSD,Africa,2006,2000,,0.965,0.121,7976532.0,,
South Sudan,SSD,Africa,2007,2000,,1.134,0.135,8388785.0,,
South Sudan,SSD,Africa,2008,2000,,1.198,0.136,8817645.0,,
South Sudan,SSD,Africa,2009,2000,,1.248,0.135,9243560.0,,
South Sudan,SSD,Africa,2010,2010,,1.27,0.13,9745955.0,,
South Sudan,SSD,Africa,2011,2010,,1.239,0.12,10288112.0,,
South Sudan,SSD,Africa,2012,2010,1.037,1.33,0.124,10756245.0,30.56,E
South Sudan,SSD,Africa,2013,2010,1.327,1.444,0.129,11166280.0,30.13,E
South Sudan,SSD,Africa,2014,2010,1.079,1.499,0.133,11235071.0,29.45,E
South Sudan,SSD,Africa,2015,2010,1.25,1.913,0.172,11107569.0,27.49,E
South Sudan,SSD,Africa,2016,2010,1.38,1.704,0.157,10830108.0,28.66,E
South Sudan,SSD,Africa,2017,2010,1.402,1.455,0.142,10259150.0,35.08,E
South Sudan,SSD,Africa,2018,2010,1.259,1.737,0.172,10122983.0,31.41,E
South Sudan,SSD,Africa,2019,2010,1.081,1.77,0.17,10423382.0,31.36,E
South Sudan,SSD,Africa,2020,2020,0.606,1.707,0.16,10698471.0,32.74,E
South Sudan,SSD,Africa,2021,2020,1.081,1.74,0.16,10865786.0,32.25,E
South Sudan,SSD,Africa,2022,2020,0.881,1.634,0.148,11021175.0,33.64,E
South Sudan,SSD,Africa,2023,2020,1.433,1.666,0.145,11483370.0,33.65,E
South Sudan,SSD,Africa,2024,2020,1.975,1.696,0.142,11943410.0,,E
Sao Tome and Principe,STP,Africa,1970,1970,0.232,0.015,0.189,77639.0,,E
Sao Tome and Principe,STP,Africa,1971,1970,-0.062,0.011,0.139,79351.0,,E
Sao Tome and Principe,STP,Africa,1972,1970,-0.039,0.011,0.136,81061.0,,E
Sao Tome and Principe,STP,Africa,1973,1970,0.467,0.015,0.177,82816.0,,E
Sao Tome and Principe,STP,Africa,1974,1970,-0.097,0.018,0.216,84685.0,,E
Sao Tome and Principe,STP,Africa,1975,1970,-0.112,0.018,0.211,86722.0,,E
Sao Tome and Principe,STP,Africa,1976,1970,-0.35,0.029,0.33,88939.0,,E
Sao Tome and Principe,STP,Africa,1977,1970,0.2,0.029,0.321,91316.0,,E
Sao Tome and Principe,STP,Africa,1978,1970,0.113,0.033,0.352,93809.0,,E
Sao Tome and Principe,STP,Africa,1979,1970,0.389,0.033,0.343,96266.0,,E
Sao Tome and Principe,STP,Africa,1980,1980,0.257,0.04,0.409,98563.0,,E
Sao Tome and Principe,STP,Africa,1981,1980,0.147,0.044,0.437,100629.0,,E
Sao Tome and Principe,STP,Africa,1982,1980,-0.023,0.048,0.465,102528.0,,E
Sao Tome and Principe,STP,Africa,1983,1980,0.095,0.055,0.526,104397.0,,E
Sao Tome and Principe,STP,Africa,1984,1980,0.375,0.051,0.482,106410.0,,E
Sao Tome and Principe,STP,Africa,1985,1980,0.083,0.055,0.506,108669.0,,E
Sao Tome and Principe,STP,Africa,1986,1980,-0.112,0.051,0.461,111163.0,,E
Sao Tome and Principe,STP,Africa,1987,1980,0.424,0.051,0.45,113934.0,,E
Sao Tome and Principe,STP,Africa,1988,1980,0.446,0.048,0.407,116955.0,,E
Sao Tome and Principe,STP,Africa,1989,1980,-0.15,0.048,0.397,119990.0,,E
Sao Tome and Principe,STP,Africa,1990,1990,,0.048,0.387,122993.0,50.93,O
Sao Tome and Principe,STP,Africa,1991,1990,,0.048,0.379,125711.0,50.93,O
Sao Tome and Principe,STP,Africa,1992,1990,-0.062,0.048,0.372,128127.0,54.18,E
Sao Tome and Principe,STP,Africa,1993,1990,0.391,0.048,0.365,130478.0,54.45,E
Sao Tome and Principe,STP,Africa,1994,1990,0.295,0.048,0.359,132745.0,53.44,E
Sao Tome and Principe,STP,Africa,1995,1990,0.853,0.048,0.353,134905.0,53.94,E
Sao Tome and Principe,STP,Africa,1996,1990,,0.048,0.348,136974.0,55.63,O
Sao Tome and Principe,STP,Africa,1997,1990,,0.048,0.343,138935.0,56.08,O
Sao Tome and Principe,STP,Africa,1998,1990,1.233,0.048,0.338,140765.0,55.06,E
Sao Tome and Principe,STP,Africa,1999,1990,0.951,0.048,0.334,142459.0,56.68,E
Sao Tome and Principe,STP,Africa,2000,2000,0.482,0.051,0.356,144029.0,54.73,E
Sao Tome and Principe,STP,Africa,2001,2000,0.33,0.051,0.35,146386.0,55.47,E
Sao Tome and Principe,STP,Africa,2002,2000,0.718,0.055,0.367,149932.0,55.34,E
Sao Tome and Principe,STP,Africa,2003,2000,0.953,0.062,0.405,153824.0,51.81,E
Sao Tome and Principe,STP,Africa,2004,2000,0.78,0.073,0.465,157721.0,48.92,E
Sao Tome and Principe,STP,Africa,2005,2000,0.676,0.077,0.476,161650.0,47.94,E
Sao Tome and Principe,STP,Africa,2006,2000,0.724,0.081,0.487,165651.0,47.33,E
Sao Tome and Principe,STP,Africa,2007,2000,0.958,0.081,0.475,169709.0,47.69,E
Sao Tome and Principe,STP,Africa,2008,2000,0.663,0.084,0.485,173808.0,46.04,E
Sao Tome and Principe,STP,Africa,2009,2000,0.859,0.092,0.515,177866.0,45.41,E
Sao Tome and Principe,STP,Africa,2010,2010,0.975,0.106,0.584,181810.0,38.2,E
Sao Tome and Principe,STP,Africa,2011,2010,0.669,0.099,0.533,185665.0,42.38,E
Sao Tome and Principe,STP,Africa,2012,2010,0.732,0.11,0.58,189452.0,40.15,E
Sao Tome and Principe,STP,Africa,2013,2010,0.839,0.11,0.569,193158.0,42.77,E
Sao Tome and Principe,STP,Africa,2014,2010,0.919,0.128,0.652,196780.0,38.39,E
Sao Tome and Principe,STP,Africa,2015,2010,0.867,0.136,0.677,200308.0,39.24,E
Sao Tome and Principe,STP,Africa,2016,2010,1.557,0.147,0.719,203702.0,38.06,E
Sao Tome and Principe,STP,Africa,2017,2010,1.226,0.139,0.673,206986.0,39.24,E
Sao Tome and Principe,STP,Africa,2018,2010,0.91,0.139,0.662,210198.0,40.59,E
Sao Tome and Principe,STP,Africa,2019,2010,1.254,0.147,0.687,213405.0,38.62,E
Sao Tome and Principe,STP,Africa,2020,2020,1.434,0.143,0.657,217450.0,41.41,E
Sao Tome and Principe,STP,Africa,2021,2020,1.203,0.143,0.644,221975.0,40.83,E
Sao Tome and Principe,STP,Africa,2022,2020,1.178,0.136,0.599,226313.0,41.49,E
Sao Tome and Principe,STP,Africa,2023,2020,1.187,0.14,0.606,230882.0,40.35,E
Sao Tome and Principe,STP,Africa,2024,2020,1.57,0.142,0.602,235548.0,39.86,E
Suriname,SUR,South America,1970,1970,0.227,1.608,4.239,379451.0,,E
Suriname,SUR,South America,1971,1970,-0.322,1.715,4.375,391940.0,,E
Suriname,SUR,South America,1972,1970,-0.07,1.744,4.388,397420.0,,E
Suriname,SUR,South America,1973,1970,0.234,2.107,5.323,395776.0,,E
Suriname,SUR,South America,1974,1970,-0.176,1.601,4.067,393690.0,,E
Suriname,SUR,South America,1975,1970,-0.2,2.019,5.161,391182.0,,E
Suriname,SUR,South America,1976,1970,0.046,1.997,5.142,388296.0,,E
Suriname,SUR,South America,1977,1970,0.215,1.898,4.928,385073.0,,E
Suriname,SUR,South America,1978,1970,0.164,2.392,6.27,381512.0,,E
Suriname,SUR,South America,1979,1970,0.35,2.293,6.073,377607.0,,E
Suriname,SUR,South America,1980,1980,0.247,2.37,6.313,375393.0,,E
Suriname,SUR,South America,1981,1980,0.25,2.029,5.404,375472.0,,E
Suriname,SUR,South America,1982,1980,0.228,1.871,4.969,376566.0,,E
Suriname,SUR,South America,1983,1980,0.511,1.373,3.624,378762.0,,E
Suriname,SUR,South America,1984,1980,-0.248,1.553,4.062,382202.0,,E
Suriname,SUR,South America,1985,1980,0.027,1.597,4.126,386982.0,,E
Suriname,SUR,South America,1986,1980,0.152,1.758,4.48,392344.0,,E
Suriname,SUR,South America,1987,1980,0.794,1.758,4.428,396921.0,,E
Suriname,SUR,South America,1988,1980,0.621,1.875,4.661,402231.0,,E
Suriname,SUR,South America,1989,1980,0.112,1.853,4.536,408415.0,,E
Suriname,SUR,South America,1990,1990,0.413,1.738,4.214,412500.0,,E
Suriname,SUR,South America,1991,1990,0.473,2.024,4.877,415021.0,,E
Suriname,SUR,South America,1992,1990,0.761,2.031,4.864,417602.0,,E
Suriname,SUR,South America,1993,1990,0.383,2.039,4.861,419357.0,,E
Suriname,SUR,South America,1994,1990,0.455,2.043,4.837,422382.0,,E
Suriname,SUR,South America,1995,1990,1.101,2.061,4.798,429611.0,,E
Suriname,SUR,South America,1996,1990,1.082,2.083,4.747,438834.0,,E
Suriname,SUR,South America,1997,1990,1.05,2.105,4.698,448068.0,,E
Suriname,SUR,South America,1998,1990,1.603,2.105,4.602,457413.0,,E
Suriname,SUR,South America,1999,1990,0.924,2.123,4.547,466925.0,,E
Suriname,SUR,South America,2000,2000,0.825,2.193,4.601,476647.0,23.63,E
Suriname,SUR,South America,2001,2000,0.839,2.363,4.857,486566.0,24.14,E
Suriname,SUR,South America,2002,2000,1.167,1.561,3.143,496566.0,27.79,E
Suriname,SUR,South America,2003,2000,1.293,1.539,3.038,506421.0,24.64,E
Suriname,SUR,South America,2004,2000,1.173,1.553,3.022,513928.0,22.63,E
Suriname,SUR,South America,2005,2000,1.627,1.586,3.054,519321.0,18.88,E
Suriname,SUR,South America,2006,2000,1.262,1.74,3.314,525003.0,22.09,E
Suriname,SUR,South America,2007,2000,1.388,1.758,3.311,531026.0,24.59,E
Suriname,SUR,South America,2008,2000,1.261,1.941,3.613,537252.0,26.19,E
Suriname,SUR,South America,2009,2000,1.693,1.989,3.659,543580.0,26.47,E
Suriname,SUR,South America,2010,2010,1.81,2.375,4.319,549931.0,22.1,E
Suriname,SUR,South America,2011,2010,1.346,2.758,4.958,556279.0,21.16,E
Suriname,SUR,South America,2012,2010,1.446,2.494,4.432,562640.0,15.77,E
Suriname,SUR,South America,2013,2010,1.621,3.151,5.538,569024.0,17.63,E
Suriname,SUR,South America,2014,2010,1.558,3.201,5.563,575380.0,12.85,E
Suriname,SUR,South America,2015,2010,1.729,2.714,4.666,581634.0,11.59,E
Suriname,SUR,South America,2016,2010,2.137,2.914,4.957,587765.0,11.1,E
Suriname,SUR,South America,2017,2010,1.787,2.43,4.093,593720.0,15.54,E
Suriname,SUR,South America,2018,2010,1.598,2.093,3.491,599519.0,18.35,E
Suriname,SUR,South America,2019,2010,1.869,2.632,4.345,605779.0,14.87,E
Suriname,SUR,South America,2020,2020,2.01,2.922,4.772,612320.0,14.57,E
Suriname,SUR,South America,2021,2020,1.619,2.647,4.284,617905.0,13.85,E
Suriname,SUR,South America,2022,2020,1.606,2.828,4.537,623172.0,12.84,E
Suriname,SUR,South America,2023,2020,2.11,2.869,4.561,628892.0,16.32,E
Suriname,SUR,South America,2024,2020,2.802,2.988,4.709,634438.0,,E
Slovakia,SVK,Europe,1970,1970,,49.369,10.908,4525876.0,,
Slovakia,SVK,Europe,1971,1970,,51.786,11.355,4560415.0,,
Slovakia,SVK,Europe,1972,1970,,52.266,11.363,4599802.0,,
Slovakia,SVK,Europe,1973,1970,,52.476,11.3,4643683.0,,
Slovakia,SVK,Europe,1974,1970,,53.076,11.315,4690647.0,,
Slovakia,SVK,Europe,1975,1970,,55.543,11.72,4739175.0,,
Slovakia,SVK,Europe,1976,1970,,57.714,12.053,4788513.0,,
Slovakia,SVK,Europe,1977,1970,,59.452,12.289,4837710.0,,
Slovakia,SVK,Europe,1978,1970,,59.991,12.279,4885733.0,,
Slovakia,SVK,Europe,1979,1970,,58.425,11.843,4933451.0,,
Slovakia,SVK,Europe,1980,1980,,59.116,11.879,4976659.0,,
Slovakia,SVK,Europe,1981,1980,,58.474,11.66,5014960.0,,
Slovakia,SVK,Europe,1982,1980,,57.917,11.465,5051811.0,,
Slovakia,SVK,Europe,1983,1980,,57.998,11.403,5086443.0,,
Slovakia,SVK,Europe,1984,1980,,59.974,11.715,5119394.0,,
Slovakia,SVK,Europe,1985,1980,,59.167,11.486,5151164.0,,
Slovakia,SVK,Europe,1986,1980,,59.584,11.503,5180090.0,,
Slovakia,SVK,Europe,1987,1980,,58.886,11.311,5205882.0,,
Slovakia,SVK,Europe,1988,1980,,57.92,11.075,5229678.0,,
Slovakia,SVK,Europe,1989,1980,,55.272,10.528,5249932.0,,
Slovakia,SVK,Europe,1990,1990,,61.529,11.684,5266077.0,2.23,
Slovakia,SVK,Europe,1991,1990,,53.334,10.092,5284876.0,2.09,
Slovakia,SVK,Europe,1992,1990,,48.931,9.221,5306445.0,2.32,
Slovakia,SVK,Europe,1993,1990,0.048,46.394,8.71,5326363.0,4.1,E
Slovakia,SVK,Europe,1994,1990,1.704,43.804,8.198,5343230.0,4.72,E
Slovakia,SVK,Europe,1995,1990,0.704,44.194,8.254,5354287.0,4.21,E
Slovakia,SVK,Europe,1996,1990,-0.406,44.076,8.219,5362430.0,3.9,E
Slovakia,SVK,Europe,1997,1990,-0.239,44.147,8.221,5369781.0,3.85,E
Slovakia,SVK,Europe,1998,1990,1.036,43.878,8.164,5374801.0,3.63,E
Slovakia,SVK,Europe,1999,1990,0.781,43.088,8.012,5378105.0,3.8,E
Slovakia,SVK,Europe,2000,2000,1.636,41.187,7.656,5380001.0,3.73,E
Slovakia,SVK,Europe,2001,2000,1.255,43.273,8.044,5379439.0,6.0,E
Slovakia,SVK,Europe,2002,2000,1.394,42.034,7.816,5377685.0,5.48,E
Slovakia,SVK,Europe,2003,2000,0.663,42.359,7.879,5376197.0,5.35,E
Slovakia,SVK,Europe,2004,2000,0.559,42.857,7.972,5376038.0,6.25,E
Slovakia,SVK,Europe,2005,2000,0.405,42.857,7.971,5376697.0,6.31,E
Slovakia,SVK,Europe,2006,2000,0.634,42.639,7.93,5376847.0,6.57,E
Slovakia,SVK,Europe,2007,2000,2.152,41.032,7.631,5376993.0,8.26,E
Slovakia,SVK,Europe,2008,2000,1.524,41.425,7.701,5379127.0,7.66,E
Slovakia,SVK,Europe,2009,2000,1.492,37.681,6.997,5385074.0,10.04,E
Slovakia,SVK,Europe,2010,2010,0.681,38.464,7.134,5391857.0,16.13,E
Slovakia,SVK,Europe,2011,2010,0.835,38.045,7.048,5398105.0,16.17,E
Slovakia,SVK,Europe,2012,2010,1.567,35.961,6.654,5404877.0,17.22,E
Slovakia,SVK,Europe,2013,2010,0.947,35.622,6.584,5410422.0,16.8,E
Slovakia,SVK,Europe,2014,2010,2.361,33.708,6.225,5415238.0,15.86,E
Slovakia,SVK,Europe,2015,2010,2.108,34.528,6.37,5420278.0,18.77,E
Slovakia,SVK,Europe,2016,2010,1.949,34.978,6.445,5427262.0,18.88,E
Slovakia,SVK,Europe,2017,2010,1.267,36.184,6.657,5435702.0,17.73,E
Slovakia,SVK,Europe,2018,2010,2.54,36.184,6.648,5443229.0,16.56,E
Slovakia,SVK,Europe,2019,2010,2.412,33.853,6.211,5450627.0,17.63,E
Slovakia,SVK,Europe,2020,2020,2.038,31.176,5.715,5455028.0,17.7,E
Slovakia,SVK,Europe,2021,2020,1.288,35.251,6.477,5442766.0,17.95,E
Slovakia,SVK,Europe,2022,2020,2.028,31.589,5.772,5473195.0,17.28,E
Slovakia,SVK,Europe,2023,2020,2.468,30.766,5.576,5518057.0,16.4,E
Slovakia,SVK,Europe,2024,2020,3.358,29.091,5.283,5506759.0,,E
Slovenia,SVN,Europe,1970,1970,,8.992,5.168,1739869.0,,
Slovenia,SVN,Europe,1971,1970,,9.685,5.526,1752715.0,,
Slovenia,SVN,Europe,1972,1970,,9.063,5.125,1768220.0,,
Slovenia,SVN,Europe,1973,1970,,10.827,6.067,1784579.0,,
Slovenia,SVN,Europe,1974,1970,,10.866,6.033,1801032.0,,
Slovenia,SVN,Europe,1975,1970,,11.33,6.234,1817595.0,,
Slovenia,SVN,Europe,1976,1970,,11.684,6.37,1834356.0,,
Slovenia,SVN,Europe,1977,1970,,11.349,6.13,1851329.0,,
Slovenia,SVN,Europe,1978,1970,,12.68,6.786,1868515.0,,
Slovenia,SVN,Europe,1979,1970,,13.79,7.312,1885912.0,,
Slovenia,SVN,Europe,1980,1980,,13.545,7.117,1903075.0,,
Slovenia,SVN,Europe,1981,1980,,14.726,7.692,1914594.0,,
Slovenia,SVN,Europe,1982,1980,,13.51,7.044,1917974.0,,
Slovenia,SVN,Europe,1983,1980,,14.552,7.566,1923360.0,,
Slovenia,SVN,Europe,1984,1980,,15.35,7.942,1932703.0,,
Slovenia,SVN,Europe,1985,1980,,15.658,8.065,1941480.0,,
Slovenia,SVN,Europe,1986,1980,,16.352,8.322,1964833.0,,
Slovenia,SVN,Europe,1987,1980,,15.935,8.016,1988025.0,,
Slovenia,SVN,Europe,1988,1980,,16.515,8.284,1993520.0,,
Slovenia,SVN,Europe,1989,1980,,16.434,8.236,1995463.0,,
Slovenia,SVN,Europe,1990,1990,,15.097,7.556,1998010.0,12.35,
Slovenia,SVN,Europe,1991,1990,,13.977,6.991,1999191.0,13.13,
Slovenia,SVN,Europe,1992,1990,1.143,13.886,6.957,1995862.0,13.9,E
Slovenia,SVN,Europe,1993,1990,0.548,14.254,7.16,1990815.0,12.36,E
Slovenia,SVN,Europe,1994,1990,1.862,14.639,7.363,1988262.0,12.34,E
Slovenia,SVN,Europe,1995,1990,0.794,15.357,7.724,1988098.0,11.49,E
Slovenia,SVN,Europe,1996,1990,-0.123,16.003,8.054,1986792.0,11.09,E
Slovenia,SVN,Europe,1997,1990,0.458,16.513,8.321,1984404.0,10.23,E
Slovenia,SVN,Europe,1998,1990,1.355,16.045,8.103,1980071.0,11.09,E
Slovenia,SVN,Europe,1999,1990,0.867,15.419,7.782,1981198.0,10.95,E
Slovenia,SVN,Europe,2000,2000,1.784,15.06,7.58,1986817.0,17.96,E
Slovenia,SVN,Europe,2001,2000,1.708,16.309,8.197,1989684.0,18.67,E
Slovenia,SVN,Europe,2002,2000,1.501,16.571,8.321,1991571.0,16.31,E
Slovenia,SVN,Europe,2003,2000,1.424,16.278,8.17,1992499.0,16.9,E
Slovenia,SVN,Europe,2004,2000,0.719,16.711,8.382,1993548.0,17.77,E
Slovenia,SVN,Europe,2005,2000,0.472,16.942,8.484,1996915.0,18.58,E
Slovenia,SVN,Europe,2006,2000,0.86,17.184,8.579,2003116.0,17.36,E
Slovenia,SVN,Europe,2007,2000,2.165,17.349,8.614,2014159.0,18.35,E
Slovenia,SVN,Europe,2008,2000,1.577,18.285,9.029,2025090.0,17.63,E
Slovenia,SVN,Europe,2009,2000,1.628,16.209,7.963,2035610.0,19.57,E
Slovenia,SVN,Europe,2010,2010,0.77,16.466,8.053,2044611.0,20.06,E
Slovenia,SVN,Europe,2011,2010,1.359,16.364,7.987,2048805.0,19.08,E
Slovenia,SVN,Europe,2012,2010,1.934,15.765,7.678,2053322.0,20.16,E
Slovenia,SVN,Europe,2013,2010,1.234,15.137,7.361,2056452.0,22.46,E
Slovenia,SVN,Europe,2014,2010,2.419,13.568,6.592,2058395.0,22.92,E
Slovenia,SVN,Europe,2015,2010,2.117,13.659,6.631,2059946.0,21.5,E
Slovenia,SVN,Europe,2016,2010,2.034,14.468,7.019,2061379.0,21.11,E
Slovenia,SVN,Europe,2017,2010,1.707,14.637,7.097,2062410.0,19.95,E
Slovenia,SVN,Europe,2018,2010,2.399,14.563,7.037,2069484.0,20.92,E
Slovenia,SVN,Europe,2019,2010,2.314,14.053,6.745,2083438.0,21.16,E
Slovenia,SVN,Europe,2020,2020,2.204,12.873,6.123,2102421.0,22.78,E
Slovenia,SVN,Europe,2021,2020,1.513,13.076,6.187,2113495.0,23.55,E
Slovenia,SVN,Europe,2022,2020,2.495,12.728,6.017,2115231.0,20.22,E
Slovenia,SVN,Europe,2023,2020,2.568,12.012,5.67,2118394.0,23.16,E
Slovenia,SVN,Europe,2024,2020,3.225,12.751,6.018,2118692.0,,E
Sweden,SWE,Europe,1970,1970,-1.095,92.287,11.475,8042783.0,,E
Sweden,SWE,Europe,1971,1970,0.036,84.509,10.436,8098104.0,,E
Sweden,SWE,Europe,1972,1970,0.801,84.703,10.428,8122426.0,,E
Sweden,SWE,Europe,1973,1970,1.151,87.29,10.727,8137166.0,,E
Sweden,SWE,Europe,1974,1970,0.941,79.823,9.781,8160636.0,,E
Sweden,SWE,Europe,1975,1970,1.579,80.76,9.858,8192641.0,,E
Sweden,SWE,Europe,1976,1970,-0.102,88.241,10.732,8222392.0,,E
Sweden,SWE,Europe,1977,1970,-0.461,85.74,10.391,8251699.0,,E
Sweden,SWE,Europe,1978,1970,-0.07,79.477,9.603,8275793.0,,E
Sweden,SWE,Europe,1979,1970,-1.088,84.869,10.233,8293749.0,,E
Sweden,SWE,Europe,1980,1980,-0.567,71.714,8.629,8310470.0,,E
Sweden,SWE,Europe,1981,1980,-0.226,69.389,8.34,8320460.0,,E
Sweden,SWE,Europe,1982,1980,-0.131,62.257,7.478,8325179.0,,E
Sweden,SWE,Europe,1983,1980,0.917,58.268,6.996,8328915.0,,E
Sweden,SWE,Europe,1984,1980,0.589,57.308,6.874,8336482.0,,E
Sweden,SWE,Europe,1985,1980,-1.029,62.364,7.469,8350249.0,,E
Sweden,SWE,Europe,1986,1980,-0.488,62.01,7.409,8369681.0,,E
Sweden,SWE,Europe,1987,1980,-1.2,59.695,7.109,8397651.0,,E
Sweden,SWE,Europe,1988,1980,0.729,57.425,6.807,8436358.0,,E
Sweden,SWE,Europe,1989,1980,2.002,55.521,6.537,8492821.0,,E
Sweden,SWE,Europe,1990,1990,1.694,57.417,6.709,8558571.0,34.06,E
Sweden,SWE,Europe,1991,1990,1.03,57.664,6.692,8616955.0,32.46,E
Sweden,SWE,Europe,1992,1990,1.379,57.51,6.635,8667576.0,33.23,E
Sweden,SWE,Europe,1993,1990,0.811,57.517,6.597,8718038.0,34.39,E
Sweden,SWE,Europe,1994,1990,0.199,59.997,6.833,8780190.0,31.36,E
Sweden,SWE,Europe,1995,1990,1.267,59.487,6.74,8826298.0,33.92,E
Sweden,SWE,Europe,1996,1990,-0.158,63.349,7.166,8840330.0,31.36,E
Sweden,SWE,Europe,1997,1990,0.986,58.355,6.597,8845525.0,35.51,E
Sweden,SWE,Europe,1998,1990,0.561,58.767,6.64,8850606.0,35.53,E
Sweden,SWE,Europe,1999,1990,1.364,55.937,6.315,8857691.0,34.63,E
Sweden,SWE,Europe,2000,2000,1.722,54.892,6.187,8872099.0,39.82,E
Sweden,SWE,Europe,2001,2000,1.071,55.782,6.27,8896018.0,37.38,E
Sweden,SWE,Europe,2002,2000,1.571,56.634,6.345,8925045.0,35.85,E
Sweden,SWE,Europe,2003,2000,0.913,57.221,6.387,8958434.0,34.56,E
Sweden,SWE,Europe,2004,2000,1.2,56.428,6.274,8993805.0,35.49,E
Sweden,SWE,Europe,2005,2000,1.825,53.787,5.957,9029771.0,39.3,E
Sweden,SWE,Europe,2006,2000,1.49,53.651,5.908,9080628.0,40.08,E
Sweden,SWE,Europe,2007,2000,1.94,52.879,5.78,9148280.0,41.75,E
Sweden,SWE,Europe,2008,2000,1.958,50.765,5.506,9219903.0,43.2,E
Sweden,SWE,Europe,2009,2000,1.437,47.143,5.07,9298738.0,45.71,E
Sweden,SWE,Europe,2010,2010,-0.276,53.029,5.654,9378234.0,44.7,E
Sweden,SWE,Europe,2011,2010,1.275,49.114,5.198,9449263.0,45.43,E
Sweden,SWE,Europe,2012,2010,1.323,46.607,4.896,9519477.0,48.29,E
Sweden,SWE,Europe,2013,2010,0.871,45.106,4.698,9600620.0,47.27,E
Sweden,SWE,Europe,2014,2010,2.71,43.385,4.474,9696438.0,48.61,E
Sweden,SWE,Europe,2015,2010,2.078,43.31,4.42,9799483.0,51.91,E
Sweden,SWE,Europe,2016,2010,1.849,43.308,4.364,9923281.0,50.97,E
Sweden,SWE,Europe,2017,2010,1.593,42.355,4.211,10057864.0,51.85,E
Sweden,SWE,Europe,2018,2010,1.853,41.856,4.113,10175400.0,51.51,E
Sweden,SWE,Europe,2019,2010,1.571,40.772,3.967,10279120.0,52.69,E
Sweden,SWE,Europe,2020,2020,2.949,36.622,3.537,10353682.0,57.63,E
Sweden,SWE,Europe,2021,2020,1.853,38.568,3.703,10416134.0,57.72,E
Sweden,SWE,Europe,2022,2020,2.133,36.342,3.465,10487335.0,59.75,E
Sweden,SWE,Europe,2023,2020,1.475,36.709,3.479,10551493.0,58.92,E
Sweden,SWE,Europe,2024,2020,2.027,38.097,3.592,10606993.0,,E
Eswatini,SWZ,Africa,1970,1970,0.567,0.366,0.83,441223.0,,E
Eswatini,SWZ,Africa,1971,1970,0.006,0.399,0.881,453192.0,,E
Eswatini,SWZ,Africa,1972,1970,-0.383,0.381,0.818,465791.0,,E
Eswatini,SWZ,Africa,1973,1970,0.17,0.37,0.773,479043.0,,E
Eswatini,SWZ,Africa,1974,1970,-0.144,0.311,0.632,493004.0,,E
Eswatini,SWZ,Africa,1975,1970,-0.281,0.337,0.664,507675.0,,E
Eswatini,SWZ,Africa,1976,1970,-0.312,0.333,0.637,523339.0,,E
Eswatini,SWZ,Africa,1977,1970,0.407,0.341,0.631,540353.0,,E
Eswatini,SWZ,Africa,1978,1970,0.313,0.44,0.787,558446.0,,E
Eswatini,SWZ,Africa,1979,1970,0.346,0.447,0.774,577208.0,,E
Eswatini,SWZ,Africa,1980,1980,-0.019,0.465,0.78,596657.0,,E
Eswatini,SWZ,Africa,1981,1980,-0.296,0.436,0.707,616816.0,,E
Eswatini,SWZ,Africa,1982,1980,0.297,0.436,0.684,637656.0,,E
Eswatini,SWZ,Africa,1983,1980,1.051,0.271,0.411,658958.0,,E
Eswatini,SWZ,Africa,1984,1980,0.077,0.333,0.49,680790.0,,E
Eswatini,SWZ,Africa,1985,1980,0.639,0.44,0.623,706204.0,,E
Eswatini,SWZ,Africa,1986,1980,0.389,0.458,0.623,734736.0,,E
Eswatini,SWZ,Africa,1987,1980,0.59,0.436,0.571,763812.0,,E
Eswatini,SWZ,Africa,1988,1980,0.648,0.436,0.545,799806.0,,E
Eswatini,SWZ,Africa,1989,1980,0.166,0.436,0.52,837810.0,,E
Eswatini,SWZ,Africa,1990,1990,0.307,0.96,1.1,872436.0,62.23,E
Eswatini,SWZ,Africa,1991,1990,0.551,0.872,0.96,908193.0,61.78,E
Eswatini,SWZ,Africa,1992,1990,1.169,0.832,0.882,943426.0,63.23,E
Eswatini,SWZ,Africa,1993,1990,0.758,0.707,0.728,971327.0,62.17,E
Eswatini,SWZ,Africa,1994,1990,0.022,1.077,1.109,971221.0,55.32,E
Eswatini,SWZ,Africa,1995,1990,0.599,1.059,1.091,970439.0,54.65,E
Eswatini,SWZ,Africa,1996,1990,-0.038,0.788,0.796,989847.0,63.0,E
Eswatini,SWZ,Africa,1997,1990,0.241,1.14,1.132,1006647.0,54.96,E
Eswatini,SWZ,Africa,1998,1990,0.95,1.161,1.139,1019657.0,56.79,E
Eswatini,SWZ,Africa,1999,1990,0.477,1.242,1.205,1030785.0,56.02,E
Eswatini,SWZ,Africa,2000,2000,-0.138,1.205,1.158,1041428.0,60.06,E
Eswatini,SWZ,Africa,2001,2000,0.422,1.099,1.046,1051066.0,60.86,E
Eswatini,SWZ,Africa,2002,2000,0.397,1.081,1.02,1059456.0,63.59,E
Eswatini,SWZ,Africa,2003,2000,0.534,1.004,0.941,1066706.0,66.49,E
Eswatini,SWZ,Africa,2004,2000,0.444,1.004,0.935,1073170.0,66.55,E
Eswatini,SWZ,Africa,2005,2000,0.95,1.015,0.941,1079022.0,67.03,E
Eswatini,SWZ,Africa,2006,2000,0.134,1.015,0.936,1084442.0,66.76,E
Eswatini,SWZ,Africa,2007,2000,0.872,1.044,0.957,1090713.0,66.91,E
Eswatini,SWZ,Africa,2008,2000,0.493,1.019,0.928,1098098.0,67.84,E
Eswatini,SWZ,Africa,2009,2000,0.29,1.055,0.955,1105158.0,66.66,E
Eswatini,SWZ,Africa,2010,2010,1.002,0.997,0.897,1111651.0,68.49,E
Eswatini,SWZ,Africa,2011,2010,,0.96,0.859,1117845.0,69.26,O
Eswatini,SWZ,Africa,2012,2010,0.495,1.11,0.988,1123870.0,68.78,E
Eswatini,SWZ,Africa,2013,2010,0.247,1.315,1.164,1130000.0,66.06,E
Eswatini,SWZ,Africa,2014,2010,0.543,0.762,0.671,1136305.0,68.35,E
Eswatini,SWZ,Africa,2015,2010,0.921,0.85,0.744,1142822.0,68.85,E
Eswatini,SWZ,Africa,2016,2010,0.858,1.022,0.889,1149516.0,64.3,E
Eswatini,SWZ,Africa,2017,2010,0.734,0.971,0.838,1158198.0,65.35,E
Eswatini,SWZ,Africa,2018,2010,0.743,1.015,0.868,1168933.0,66.73,E
Eswatini,SWZ,Africa,2019,2010,1.491,1.099,0.932,1179885.0,65.47,E
Eswatini,SWZ,Africa,2020,2020,0.252,0.989,0.829,1192734.0,68.38,E
Eswatini,SWZ,Africa,2021,2020,0.566,0.989,0.82,1206598.0,67.64,E
Eswatini,SWZ,Africa,2022,2020,1.022,1.028,0.844,1218921.0,66.24,E
Eswatini,SWZ,Africa,2023,2020,0.764,1.03,0.837,1230507.0,65.06,E
Eswatini,SWZ,Africa,2024,2020,0.935,1.045,0.841,1242829.0,64.68,E
Sint Maarten (Dutch part),SXM,North America,1970,1970,,1.548,240.455,6437.0,,
Sint Maarten (Dutch part),SXM,North America,1971,1970,,1.347,194.977,6909.0,,
Sint Maarten (Dutch part),SXM,North America,1972,1970,,1.306,176.466,7402.0,,
Sint Maarten (Dutch part),SXM,North America,1973,1970,,1.449,182.515,7939.0,,
Sint Maarten (Dutch part),SXM,North America,1974,1970,,1.313,154.259,8514.0,,
Sint Maarten (Dutch part),SXM,North America,1975,1970,,0.951,104.357,9114.0,,
Sint Maarten (Dutch part),SXM,North America,1976,1970,,2.032,208.617,9739.0,,
Sint Maarten (Dutch part),SXM,North America,1977,1970,,1.061,102.164,10387.0,,
Sint Maarten (Dutch part),SXM,North America,1978,1970,,0.904,81.72,11059.0,,
Sint Maarten (Dutch part),SXM,North America,1979,1970,,0.948,80.712,11746.0,,
Sint Maarten (Dutch part),SXM,North America,1980,1980,,0.976,78.479,12432.0,,
Sint Maarten (Dutch part),SXM,North America,1981,1980,,0.929,69.731,13327.0,,
Sint Maarten (Dutch part),SXM,North America,1982,1980,,1.039,71.059,14622.0,,
Sint Maarten (Dutch part),SXM,North America,1983,1980,,0.534,33.057,16154.0,,
Sint Maarten (Dutch part),SXM,North America,1984,1980,,1.333,75.273,17715.0,,
Sint Maarten (Dutch part),SXM,North America,1985,1980,,1.561,80.81,19314.0,,
Sint Maarten (Dutch part),SXM,North America,1986,1980,,0.299,14.282,20949.0,,
Sint Maarten (Dutch part),SXM,North America,1987,1980,,0.266,11.748,22642.0,,
Sint Maarten (Dutch part),SXM,North America,1988,1980,,0.262,10.747,24382.0,,
Sint Maarten (Dutch part),SXM,North America,1989,1980,,0.499,19.045,26190.0,,
Sint Maarten (Dutch part),SXM,North America,1990,1990,,0.534,19.024,28079.0,,
Sint Maarten (Dutch part),SXM,North America,1991,1990,,0.426,14.178,30063.0,,
Sint Maarten (Dutch part),SXM,North America,1992,1990,,0.351,11.117,31589.0,,
Sint Maarten (Dutch part),SXM,North America,1993,1990,,0.542,16.914,32050.0,,
Sint Maarten (Dutch part),SXM,North America,1994,1990,,0.52,16.271,31941.0,,
Sint Maarten (Dutch part),SXM,North America,1995,1990,,0.514,16.175,31796.0,,
Sint Maarten (Dutch part),SXM,North America,1996,1990,,0.481,15.214,31622.0,,
Sint Maarten (Dutch part),SXM,North America,1997,1990,,0.503,16.024,31421.0,,
Sint Maarten (Dutch part),SXM,North America,1998,1990,,0.028,0.89,31215.0,,
Sint Maarten (Dutch part),SXM,North America,1999,1990,,0.208,6.718,30998.0,,
Sint Maarten (Dutch part),SXM,North America,2000,2000,,0.553,17.943,30796.0,,
Sint Maarten (Dutch part),SXM,North America,2001,2000,,0.563,18.298,30751.0,,
Sint Maarten (Dutch part),SXM,North America,2002,2000,,0.542,17.507,30986.0,,
Sint Maarten (Dutch part),SXM,North America,2003,2000,,0.543,17.317,31346.0,,
Sint Maarten (Dutch part),SXM,North America,2004,2000,,0.57,17.958,31714.0,,
Sint Maarten (Dutch part),SXM,North America,2005,2000,,0.564,17.594,32083.0,,
Sint Maarten (Dutch part),SXM,North America,2006,2000,,0.588,18.131,32448.0,,
Sint Maarten (Dutch part),SXM,North America,2007,2000,,0.662,20.185,32811.0,,
Sint Maarten (Dutch part),SXM,North America,2008,2000,,0.637,19.208,33165.0,,
Sint Maarten (Dutch part),SXM,North America,2009,2000,,0.652,19.449,33514.0,,
Sint Maarten (Dutch part),SXM,North America,2010,2010,,0.449,13.278,33814.0,,
Sint Maarten (Dutch part),SXM,North America,2011,2010,,0.573,16.705,34288.0,,
Sint Maarten (Dutch part),SXM,North America,2012,2010,,0.7,19.972,35040.0,0.05,
Sint Maarten (Dutch part),SXM,North America,2013,2010,,0.714,19.918,35871.0,0.05,
Sint Maarten (Dutch part),SXM,North America,2014,2010,,0.725,19.77,36695.0,0.05,
Sint Maarten (Dutch part),SXM,North America,2015,2010,,0.744,19.84,37490.0,0.05,
Sint Maarten (Dutch part),SXM,North America,2016,2010,,0.747,19.529,38274.0,0.05,
Sint Maarten (Dutch part),SXM,North America,2017,2010,,0.703,18.033,39012.0,0.05,
Sint Maarten (Dutch part),SXM,North America,2018,2010,,0.685,17.243,39736.0,0.05,
Sint Maarten (Dutch part),SXM,North America,2019,2010,,0.689,17.046,40410.0,0.05,
Sint Maarten (Dutch part),SXM,North America,2020,2020,,0.652,15.897,41027.0,0.05,
Sint Maarten (Dutch part),SXM,North America,2021,2020,,0.682,16.385,41593.0,0.05,
Sint Maarten (Dutch part),SXM,North America,2022,2020,,0.692,16.424,42163.0,0.05,
Sint Maarten (Dutch part),SXM,North America,2023,2020,,0.691,16.157,42775.0,0.05,
Sint Maarten (Dutch part),SXM,North America,2024,2020,,0.718,16.546,43372.0,0.05,
Seychelles,SYC,Africa,1970,1970,0.292,0.029,0.54,54276.0,,E
Seychelles,SYC,Africa,1971,1970,-0.498,0.033,0.594,55534.0,,E
Seychelles,SYC,Africa,1972,1970,-0.059,0.044,0.773,56913.0,,E
Seychelles,SYC,Africa,1973,1970,0.406,0.048,0.817,58320.0,,E
Seychelles,SYC,Africa,1974,1970,-0.304,0.055,0.92,59765.0,,E
Seychelles,SYC,Africa,1975,1970,-0.124,0.059,0.957,61236.0,,E
Seychelles,SYC,Africa,1976,1970,-0.139,0.081,1.284,62762.0,,E
Seychelles,SYC,Africa,1977,1970,0.304,0.084,1.314,64117.0,,E
Seychelles,SYC,Africa,1978,1970,0.44,0.077,1.184,65008.0,,E
Seychelles,SYC,Africa,1979,1970,0.312,0.121,1.842,65625.0,,E
Seychelles,SYC,Africa,1980,1980,0.343,0.095,1.437,66281.0,,E
Seychelles,SYC,Africa,1981,1980,0.249,0.099,1.477,66974.0,,E
Seychelles,SYC,Africa,1982,1980,0.465,0.084,1.245,67666.0,,E
Seychelles,SYC,Africa,1983,1980,0.533,0.099,1.447,68379.0,,E
Seychelles,SYC,Africa,1984,1980,-0.292,0.099,1.432,69103.0,,E
Seychelles,SYC,Africa,1985,1980,-0.104,0.15,2.151,69837.0,,E
Seychelles,SYC,Africa,1986,1980,0.261,0.165,2.336,70582.0,,E
Seychelles,SYC,Africa,1987,1980,0.502,0.202,2.824,71358.0,,E
Seychelles,SYC,Africa,1988,1980,0.43,0.198,2.739,72229.0,,E
Seychelles,SYC,Africa,1989,1980,0.007,0.234,3.206,73142.0,,E
Seychelles,SYC,Africa,1990,1990,0.39,0.15,2.03,74000.0,4.25,E
Seychelles,SYC,Africa,1991,1990,0.565,0.172,2.301,74838.0,3.48,E
Seychelles,SYC,Africa,1992,1990,0.056,0.172,2.277,75630.0,3.34,E
Seychelles,SYC,Africa,1993,1990,0.091,0.183,2.397,76420.0,3.11,E
Seychelles,SYC,Africa,1994,1990,0.374,0.202,2.608,77279.0,2.76,E
Seychelles,SYC,Africa,1995,1990,0.358,0.198,2.532,78144.0,2.96,E
Seychelles,SYC,Africa,1996,1990,0.037,0.234,2.972,78901.0,2.29,E
Seychelles,SYC,Africa,1997,1990,0.522,0.271,3.403,79670.0,2.06,E
Seychelles,SYC,Africa,1998,1990,0.903,0.289,3.585,80738.0,1.9,E
Seychelles,SYC,Africa,1999,1990,0.278,0.304,3.707,82033.0,1.82,E
Seychelles,SYC,Africa,2000,2000,0.384,0.319,3.825,83339.0,1.52,E
Seychelles,SYC,Africa,2001,2000,0.702,0.341,4.027,84621.0,1.26,E
Seychelles,SYC,Africa,2002,2000,0.496,0.348,4.053,85878.0,1.1,E
Seychelles,SYC,Africa,2003,2000,0.706,0.341,3.914,87056.0,1.12,E
Seychelles,SYC,Africa,2004,2000,0.246,0.377,4.28,88175.0,0.96,E
Seychelles,SYC,Africa,2005,2000,0.44,0.381,4.268,89288.0,0.94,E
Seychelles,SYC,Africa,2006,2000,0.47,0.385,4.256,90391.0,0.95,E
Seychelles,SYC,Africa,2007,2000,0.734,0.403,4.406,91483.0,1.01,E
Seychelles,SYC,Africa,2008,2000,0.344,0.414,4.473,92563.0,0.91,E
Seychelles,SYC,Africa,2009,2000,0.57,0.443,4.734,93644.0,0.83,E
Seychelles,SYC,Africa,2010,2010,0.735,0.44,4.629,94993.0,0.71,E
Seychelles,SYC,Africa,2011,2010,0.635,0.403,4.153,97041.0,0.85,E
Seychelles,SYC,Africa,2012,2010,0.668,0.418,4.195,99565.0,0.8,E
Seychelles,SYC,Africa,2013,2010,0.488,0.414,4.055,102108.0,1.48,E
Seychelles,SYC,Africa,2014,2010,0.615,0.458,4.376,104663.0,1.35,E
Seychelles,SYC,Africa,2015,2010,0.913,0.498,4.646,107247.0,1.36,E
Seychelles,SYC,Africa,2016,2010,0.86,0.553,5.037,109836.0,1.21,E
Seychelles,SYC,Africa,2017,2010,1.004,0.575,5.116,112443.0,1.24,E
Seychelles,SYC,Africa,2018,2010,0.738,0.597,5.191,115053.0,1.24,E
Seychelles,SYC,Africa,2019,2010,1.199,0.59,5.014,117662.0,1.2,E
Seychelles,SYC,Africa,2020,2020,1.256,0.597,4.965,120299.0,1.35,E
Seychelles,SYC,Africa,2021,2020,0.707,0.612,4.975,123000.0,1.72,E
Seychelles,SYC,Africa,2022,2020,0.547,0.629,5.01,125533.0,1.91,E
Seychelles,SYC,Africa,2023,2020,0.984,0.641,5.012,127961.0,1.91,E
Seychelles,SYC,Africa,2024,2020,1.585,0.653,5.003,130436.0,1.73,E
Syrian Arab Republic,SYR,Asia,1970,1970,0.653,6.65,1.042,6380612.0,,E
Syrian Arab Republic,SYR,Asia,1971,1970,-0.163,8.874,1.345,6598098.0,,E
Syrian Arab Republic,SYR,Asia,1972,1970,-0.906,7.756,1.136,6826032.0,,E
Syrian Arab Republic,SYR,Asia,1973,1970,-0.398,7.885,1.117,7060328.0,,E
Syrian Arab Republic,SYR,Asia,1974,1970,-0.168,9.654,1.322,7302158.0,,E
Syrian Arab Republic,SYR,Asia,1975,1970,-0.177,11.171,1.479,7554368.0,,E
Syrian Arab Republic,SYR,Asia,1976,1970,-0.849,13.742,1.758,7817317.0,,E
Syrian Arab Republic,SYR,Asia,1977,1970,0.184,14.644,1.81,8090507.0,,E
Syrian Arab Republic,SYR,Asia,1978,1970,0.161,15.199,1.815,8372761.0,,E
Syrian Arab Republic,SYR,Asia,1979,1970,0.899,22.515,2.599,8661911.0,,E
Syrian Arab Republic,SYR,Asia,1980,1980,-0.199,20.768,2.318,8957664.0,,E
Syrian Arab Republic,SYR,Asia,1981,1980,0.14,26.593,2.872,9260187.0,,E
Syrian Arab Republic,SYR,Asia,1982,1980,-0.541,24.44,2.553,9572513.0,,E
Syrian Arab Republic,SYR,Asia,1983,1980,-0.86,27.896,2.816,9904814.0,,E
Syrian Arab Republic,SYR,Asia,1984,1980,-0.009,33.01,3.218,10258406.0,,E
Syrian Arab Republic,SYR,Asia,1985,1980,-0.041,29.569,2.783,10625673.0,,E
Syrian Arab Republic,SYR,Asia,1986,1980,0.389,31.266,2.842,11002842.0,,E
Syrian Arab Republic,SYR,Asia,1987,1980,-0.194,36.137,3.173,11388916.0,,E
Syrian Arab Republic,SYR,Asia,1988,1980,-0.22,36.86,3.128,11782269.0,,E
Syrian Arab Republic,SYR,Asia,1989,1980,0.35,34.476,2.831,12179070.0,,E
Syrian Arab Republic,SYR,Asia,1990,1990,0.176,37.265,2.962,12579212.0,2.36,E
Syrian Arab Republic,SYR,Asia,1991,1990,0.499,42.425,3.268,12980824.0,2.08,E
Syrian Arab Republic,SYR,Asia,1992,1990,-1.105,42.803,3.198,13385570.0,2.2,E
Syrian Arab Republic,SYR,Asia,1993,1990,-0.553,45.522,3.3,13795687.0,2.2,E
Syrian Arab Republic,SYR,Asia,1994,1990,1.294,45.956,3.234,14208585.0,2.02,E
Syrian Arab Republic,SYR,Asia,1995,1990,0.174,46.392,3.174,14616804.0,1.77,E
Syrian Arab Republic,SYR,Asia,1996,1990,0.463,47.446,3.159,15018110.0,1.63,E
Syrian Arab Republic,SYR,Asia,1997,1990,-0.115,49.605,3.217,15417539.0,1.66,E
Syrian Arab Republic,SYR,Asia,1998,1990,1.154,53.496,3.381,15820409.0,1.61,E
Syrian Arab Republic,SYR,Asia,1999,1990,1.289,55.534,3.422,16228064.0,1.75,E
Syrian Arab Republic,SYR,Asia,2000,2000,0.674,54.527,3.277,16637884.0,2.0,E
Syrian Arab Republic,SYR,Asia,2001,2000,1.159,51.343,3.011,17051337.0,2.07,E
Syrian Arab Republic,SYR,Asia,2002,2000,0.863,40.727,2.331,17468335.0,1.6,E
Syrian Arab Republic,SYR,Asia,2003,2000,0.537,55.377,3.096,17889297.0,1.9,E
Syrian Arab Republic,SYR,Asia,2004,2000,0.641,51.692,2.819,18336879.0,2.59,E
Syrian Arab Republic,SYR,Asia,2005,2000,0.247,51.162,2.719,18814092.0,2.1,E
Syrian Arab Republic,SYR,Asia,2006,2000,1.02,54.04,2.752,19637016.0,1.82,E
Syrian Arab Republic,SYR,Asia,2007,2000,0.774,66.973,3.207,20884136.0,1.54,E
Syrian Arab Republic,SYR,Asia,2008,2000,1.015,68.084,3.147,21636566.0,1.25,E
Syrian Arab Republic,SYR,Asia,2009,2000,0.603,63.261,2.879,21976971.0,0.91,E
Syrian Arab Republic,SYR,Asia,2010,2010,2.427,62.057,2.76,22482417.0,1.35,E
Syrian Arab Republic,SYR,Asia,2011,2010,0.606,59.078,2.582,22878104.0,1.54,E
Syrian Arab Republic,SYR,Asia,2012,2010,0.97,46.339,2.036,22759763.0,1.86,E
Syrian Arab Republic,SYR,Asia,2013,2010,1.286,34.257,1.581,21666921.0,2.78,E
Syrian Arab Republic,SYR,Asia,2014,2010,1.097,34.869,1.72,20273661.0,2.46,E
Syrian Arab Republic,SYR,Asia,2015,2010,1.251,31.115,1.602,19424615.0,0.58,E
Syrian Arab Republic,SYR,Asia,2016,2010,1.736,29.162,1.519,19193835.0,1.37,E
Syrian Arab Republic,SYR,Asia,2017,2010,1.09,34.473,1.793,19224671.0,1.1,E
Syrian Arab Republic,SYR,Asia,2018,2010,2.343,31.771,1.623,19577849.0,0.88,E
Syrian Arab Republic,SYR,Asia,2019,2010,1.505,33.492,1.645,20353536.0,0.98,E
Syrian Arab Republic,SYR,Asia,2020,2020,1.815,32.344,1.537,21049431.0,1.07,E
Syrian Arab Republic,SYR,Asia,2021,2020,2.175,32.508,1.503,21628837.0,1.17,E
Syrian Arab Republic,SYR,Asia,2022,2020,1.448,31.423,1.399,22462170.0,1.26,E
Syrian Arab Republic,SYR,Asia,2023,2020,1.852,31.674,1.342,23594623.0,1.18,E
Syrian Arab Republic,SYR,Asia,2024,2020,2.289,31.778,1.288,24672758.0,,E
Turks and Caicos Islands,TCA,North America,1970,1970,,,,5686.0,,O
Turks and Caicos Islands,TCA,North America,1971,1970,-0.1,,,5773.0,,E
Turks and Caicos Islands,TCA,North America,1972,1970,-0.159,,,5936.0,,E
Turks and Caicos Islands,TCA,North America,1973,1970,0.111,,,6112.0,,E
Turks and Caicos Islands,TCA,North America,1974,1970,-0.055,,,6296.0,,E
Turks and Caicos Islands,TCA,North America,1975,1970,0.261,,,6486.0,,E
Turks and Caicos Islands,TCA,North America,1976,1970,-0.347,,,6677.0,,E
Turks and Caicos Islands,TCA,North America,1977,1970,0.19,,,6885.0,,E
Turks and Caicos Islands,TCA,North America,1978,1970,0.642,,,7105.0,,E
Turks and Caicos Islands,TCA,North America,1979,1970,-0.014,,,7327.0,,E
Turks and Caicos Islands,TCA,North America,1980,1980,0.194,,,7584.0,,E
Turks and Caicos Islands,TCA,North America,1981,1980,,,,7927.0,,O
Turks and Caicos Islands,TCA,North America,1982,1980,,,,8316.0,,O
Turks and Caicos Islands,TCA,North America,1983,1980,,,,8722.0,,O
Turks and Caicos Islands,TCA,North America,1984,1980,,,,9127.0,,O
Turks and Caicos Islands,TCA,North America,1985,1980,,,,9545.0,,O
Turks and Caicos Islands,TCA,North America,1986,1980,,,,9962.0,,O
Turks and Caicos Islands,TCA,North America,1987,1980,,,,10384.0,,O
Turks and Caicos Islands,TCA,North America,1988,1980,,,,10800.0,,O
Turks and Caicos Islands,TCA,North America,1989,1980,,,,11213.0,,O
Turks and Caicos Islands,TCA,North America,1990,1990,,0.059,5.007,11708.0,0.8,O
Turks and Caicos Islands,TCA,North America,1991,1990,,0.062,5.053,12328.0,0.53,O
Turks and Caicos Islands,TCA,North America,1992,1990,,0.062,4.794,12992.0,0.33,O
Turks and Caicos Islands,TCA,North America,1993,1990,,0.066,4.825,13670.0,0.52,O
Turks and Caicos Islands,TCA,North America,1994,1990,,0.07,4.845,14368.0,0.53,O
Turks and Caicos Islands,TCA,North America,1995,1990,,0.073,4.861,15074.0,0.52,O
Turks and Caicos Islands,TCA,North America,1996,1990,,0.073,4.642,15786.0,0.6,O
Turks and Caicos Islands,TCA,North America,1997,1990,,0.084,5.106,16505.0,0.51,O
Turks and Caicos Islands,TCA,North America,1998,1990,,0.088,5.102,17236.0,0.53,O
Turks and Caicos Islands,TCA,North America,1999,1990,,0.099,5.502,17981.0,0.52,O
Turks and Caicos Islands,TCA,North America,2000,2000,,0.106,5.666,18754.0,0.45,O
Turks and Caicos Islands,TCA,North America,2001,2000,,0.114,5.794,19603.0,0.43,O
Turks and Caicos Islands,TCA,North America,2002,2000,,0.15,7.286,20619.0,0.38,O
Turks and Caicos Islands,TCA,North America,2003,2000,,0.154,7.076,21749.0,0.39,O
Turks and Caicos Islands,TCA,North America,2004,2000,,0.161,7.046,22881.0,0.39,O
Turks and Caicos Islands,TCA,North America,2005,2000,,0.187,7.782,24011.0,0.36,O
Turks and Caicos Islands,TCA,North America,2006,2000,,0.216,8.597,25146.0,0.35,O
Turks and Caicos Islands,TCA,North America,2007,2000,,0.253,9.616,26290.0,0.33,O
Turks and Caicos Islands,TCA,North America,2008,2000,,0.264,9.61,27452.0,0.33,O
Turks and Caicos Islands,TCA,North America,2009,2000,,0.275,9.605,28610.0,0.34,O
Turks and Caicos Islands,TCA,North America,2010,2010,,0.282,9.479,29763.0,0.34,O
Turks and Caicos Islands,TCA,North America,2011,2010,,0.282,9.139,30870.0,0.37,O
Turks and Caicos Islands,TCA,North America,2012,2010,,0.282,8.775,32152.0,0.37,O
Turks and Caicos Islands,TCA,North America,2013,2010,,0.286,8.487,33675.0,0.37,O
Turks and Caicos Islands,TCA,North America,2014,2010,,0.308,8.774,35077.0,0.36,O
Turks and Caicos Islands,TCA,North America,2015,2010,,0.315,8.602,36632.0,0.38,O
Turks and Caicos Islands,TCA,North America,2016,2010,,0.326,8.505,38342.0,0.37,O
Turks and Caicos Islands,TCA,North America,2017,2010,,0.352,8.809,39931.0,0.37,O
Turks and Caicos Islands,TCA,North America,2018,2010,,0.359,8.636,41580.0,0.41,O
Turks and Caicos Islands,TCA,North America,2019,2010,,0.363,8.398,43191.0,0.49,O
Turks and Caicos Islands,TCA,North America,2020,2020,,0.359,8.086,44405.0,0.52,O
Turks and Caicos Islands,TCA,North America,2021,2020,,0.366,8.095,45262.0,0.74,O
Turks and Caicos Islands,TCA,North America,2022,2020,,0.366,7.97,45869.0,0.64,O
Turks and Caicos Islands,TCA,North America,2023,2020,,0.365,7.893,46221.0,0.63,O
Turks and Caicos Islands,TCA,North America,2024,2020,,0.379,8.136,46563.0,0.65,O
Chad,TCD,Africa,1970,1970,0.175,0.125,0.033,3727834.0,,E
Chad,TCD,Africa,1971,1970,-0.263,0.15,0.039,3807326.0,,E
Chad,TCD,Africa,1972,1970,0.162,0.121,0.031,3893253.0,,E
Chad,TCD,Africa,1973,1970,0.701,0.161,0.04,3985914.0,,E
Chad,TCD,Africa,1974,1970,-0.015,0.15,0.037,4078363.0,,E
Chad,TCD,Africa,1975,1970,-0.161,0.183,0.044,4167237.0,,E
Chad,TCD,Africa,1976,1970,0.247,0.183,0.043,4251299.0,,E
Chad,TCD,Africa,1977,1970,-0.034,0.198,0.046,4331668.0,,E
Chad,TCD,Africa,1978,1970,-0.126,0.194,0.044,4411370.0,,E
Chad,TCD,Africa,1979,1970,0.48,0.202,0.045,4505384.0,,E
Chad,TCD,Africa,1980,1980,0.37,0.209,0.046,4515461.0,,E
Chad,TCD,Africa,1981,1980,0.097,0.209,0.046,4520965.0,,E
Chad,TCD,Africa,1982,1980,0.387,0.205,0.043,4738486.0,,E
Chad,TCD,Africa,1983,1980,-0.051,0.205,0.041,4979137.0,,E
Chad,TCD,Africa,1984,1980,0.489,0.216,0.043,5045152.0,,E
Chad,TCD,Africa,1985,1980,0.214,0.18,0.035,5096274.0,,E
Chad,TCD,Africa,1986,1980,0.658,0.187,0.036,5251074.0,,E
Chad,TCD,Africa,1987,1980,0.358,0.198,0.036,5438311.0,,E
Chad,TCD,Africa,1988,1980,0.128,0.066,0.012,5625601.0,,E
Chad,TCD,Africa,1989,1980,-0.253,0.103,0.018,5819588.0,,E
Chad,TCD,Africa,1990,1990,0.461,0.377,0.063,5982838.0,89.49,E
Chad,TCD,Africa,1991,1990,0.562,0.388,0.063,6205688.0,89.32,E
Chad,TCD,Africa,1992,1990,-0.301,0.403,0.062,6474651.0,89.18,E
Chad,TCD,Africa,1993,1990,0.179,0.399,0.06,6629147.0,89.47,E
Chad,TCD,Africa,1994,1990,0.326,0.416,0.061,6783456.0,89.26,E
Chad,TCD,Africa,1995,1990,0.112,0.427,0.06,7089063.0,89.17,E
Chad,TCD,Africa,1996,1990,0.568,0.443,0.06,7410107.0,89.04,E
Chad,TCD,Africa,1997,1990,0.226,0.453,0.059,7670371.0,88.88,E
Chad,TCD,Africa,1998,1990,0.818,0.464,0.058,7938841.0,88.87,E
Chad,TCD,Africa,1999,1990,0.529,0.474,0.058,8222710.0,88.72,E
Chad,TCD,Africa,2000,2000,0.293,0.488,0.057,8512092.0,88.7,E
Chad,TCD,Africa,2001,2000,0.251,0.506,0.057,8804122.0,88.6,E
Chad,TCD,Africa,2002,2000,0.733,0.531,0.058,9116195.0,88.53,E
Chad,TCD,Africa,2003,2000,0.786,0.882,0.093,9487830.0,83.91,E
Chad,TCD,Africa,2004,2000,0.791,0.906,0.091,9920036.0,84.0,E
Chad,TCD,Africa,2005,2000,1.12,0.929,0.09,10328094.0,83.82,E
Chad,TCD,Africa,2006,2000,1.347,0.957,0.089,10706426.0,83.74,E
Chad,TCD,Africa,2007,2000,0.555,1.089,0.098,11081667.0,82.38,E
Chad,TCD,Africa,2008,2000,0.409,0.872,0.076,11476299.0,79.85,E
Chad,TCD,Africa,2009,2000,1.214,1.22,0.103,11893753.0,79.36,E
Chad,TCD,Africa,2010,2010,1.298,1.236,0.1,12312580.0,79.23,E
Chad,TCD,Africa,2011,2010,0.936,1.277,0.1,12755004.0,80.68,E
Chad,TCD,Africa,2012,2010,0.511,1.747,0.132,13211006.0,76.08,E
Chad,TCD,Africa,2013,2010,0.976,2.082,0.152,13691081.0,72.62,E
Chad,TCD,Africa,2014,2010,0.812,2.183,0.154,14188680.0,72.52,E
Chad,TCD,Africa,2015,2010,0.978,2.352,0.161,14647626.0,72.66,E
Chad,TCD,Africa,2016,2010,0.764,2.382,0.158,15114652.0,72.72,E
Chad,TCD,Africa,2017,2010,0.895,2.341,0.15,15622756.0,72.84,E
Chad,TCD,Africa,2018,2010,1.19,2.384,0.148,16156535.0,73.13,E
Chad,TCD,Africa,2019,2010,0.943,2.3,0.138,16685223.0,72.75,E
Chad,TCD,Africa,2020,2020,0.852,2.356,0.137,17224686.0,71.9,E
Chad,TCD,Africa,2021,2020,1.06,2.67,0.15,17828274.0,69.89,E
Chad,TCD,Africa,2022,2020,0.594,2.8,0.152,18455319.0,70.0,E
Chad,TCD,Africa,2023,2020,1.344,2.848,0.147,19319075.0,72.22,E
Chad,TCD,Africa,2024,2020,1.617,2.831,0.139,20299131.0,72.97,E
Togo,TGO,Africa,1970,1970,0.34,0.275,0.128,2149480.0,,E
Togo,TGO,Africa,1971,1970,-0.18,0.315,0.142,2219828.0,,E
Togo,TGO,Africa,1972,1970,0.112,0.405,0.177,2283857.0,,E
Togo,TGO,Africa,1973,1970,0.547,0.412,0.176,2344511.0,,E
Togo,TGO,Africa,1974,1970,-0.064,0.39,0.162,2404290.0,,E
Togo,TGO,Africa,1975,1970,-0.236,0.311,0.126,2463792.0,,E
Togo,TGO,Africa,1976,1970,-0.324,0.322,0.128,2523483.0,,E
Togo,TGO,Africa,1977,1970,0.358,0.462,0.179,2583984.0,,E
Togo,TGO,Africa,1978,1970,-0.027,0.355,0.134,2646505.0,,E
Togo,TGO,Africa,1979,1970,0.469,1.381,0.509,2714356.0,,E
Togo,TGO,Africa,1980,1980,0.481,0.794,0.285,2791409.0,,E
Togo,TGO,Africa,1981,1980,0.229,0.706,0.245,2879439.0,,E
Togo,TGO,Africa,1982,1980,0.213,0.818,0.276,2961651.0,,E
Togo,TGO,Africa,1983,1980,0.671,0.624,0.206,3033081.0,,E
Togo,TGO,Africa,1984,1980,0.571,0.695,0.224,3105744.0,,E
Togo,TGO,Africa,1985,1980,0.398,0.659,0.206,3194544.0,,E
Togo,TGO,Africa,1986,1980,0.256,0.848,0.257,3296341.0,,E
Togo,TGO,Africa,1987,1980,1.0,0.925,0.272,3397614.0,,E
Togo,TGO,Africa,1988,1980,0.628,0.963,0.275,3501544.0,,E
Togo,TGO,Africa,1989,1980,0.113,1.024,0.284,3606911.0,,E
Togo,TGO,Africa,1990,1990,0.63,0.978,0.263,3714023.0,78.7,E
Togo,TGO,Africa,1991,1990,0.28,1.05,0.275,3822637.0,82.09,E
Togo,TGO,Africa,1992,1990,0.075,1.03,0.262,3932581.0,85.79,E
Togo,TGO,Africa,1993,1990,0.472,1.069,0.275,3887976.0,91.5,E
Togo,TGO,Africa,1994,1990,0.469,1.007,0.258,3904183.0,81.55,E
Togo,TGO,Africa,1995,1990,0.552,1.175,0.286,4110452.0,81.52,E
Togo,TGO,Africa,1996,1990,0.673,1.265,0.295,4291129.0,73.1,E
Togo,TGO,Africa,1997,1990,0.568,0.879,0.198,4438798.0,79.56,E
Togo,TGO,Africa,1998,1990,1.133,1.29,0.283,4551633.0,77.75,E
Togo,TGO,Africa,1999,1990,0.649,1.85,0.397,4665757.0,73.12,E
Togo,TGO,Africa,2000,2000,0.599,1.331,0.278,4783721.0,77.11,E
Togo,TGO,Africa,2001,2000,0.733,1.159,0.236,4904135.0,82.05,E
Togo,TGO,Africa,2002,2000,0.813,1.322,0.263,5027128.0,78.66,E
Togo,TGO,Africa,2003,2000,1.052,1.805,0.35,5154113.0,74.79,E
Togo,TGO,Africa,2004,2000,0.785,1.744,0.33,5281320.0,76.14,E
Togo,TGO,Africa,2005,2000,1.002,1.722,0.318,5413151.0,77.22,E
Togo,TGO,Africa,2006,2000,1.045,1.501,0.269,5569659.0,79.65,E
Togo,TGO,Africa,2007,2000,0.899,1.517,0.264,5748437.0,79.9,E
Togo,TGO,Africa,2008,2000,0.784,1.523,0.257,5936140.0,76.51,E
Togo,TGO,Africa,2009,2000,0.919,2.536,0.414,6130944.0,63.38,E
Togo,TGO,Africa,2010,2010,1.294,2.596,0.41,6325791.0,65.81,E
Togo,TGO,Africa,2011,2010,0.908,2.504,0.385,6500577.0,69.1,E
Togo,TGO,Africa,2012,2010,0.613,2.216,0.333,6653719.0,71.29,E
Togo,TGO,Africa,2013,2010,0.821,1.635,0.241,6798851.0,75.63,E
Togo,TGO,Africa,2014,2010,1.014,1.491,0.215,6937647.0,81.44,E
Togo,TGO,Africa,2015,2010,1.206,1.798,0.254,7071500.0,81.23,E
Togo,TGO,Africa,2016,2010,1.181,2.293,0.318,7200883.0,80.64,E
Togo,TGO,Africa,2017,2010,1.282,1.912,0.261,7324379.0,80.92,E
Togo,TGO,Africa,2018,2010,1.101,2.034,0.273,7458205.0,76.57,E
Togo,TGO,Africa,2019,2010,1.242,2.364,0.31,7619916.0,76.6,E
Togo,TGO,Africa,2020,2020,1.137,2.751,0.353,7788058.0,72.72,E
Togo,TGO,Africa,2021,2020,1.534,2.62,0.33,7936185.0,73.25,E
Togo,TGO,Africa,2022,2020,0.951,2.739,0.339,8068616.0,73.06,E
Togo,TGO,Africa,2023,2020,1.359,2.671,0.325,8223853.0,71.69,E
Togo,TGO,Africa,2024,2020,1.624,2.754,0.328,8406554.0,,E
Thailand,THA,Asia,1970,1970,-0.004,15.362,0.427,35954411.0,,E
Thailand,THA,Asia,1971,1970,-0.489,19.213,0.52,36937392.0,,E
Thailand,THA,Asia,1972,1970,0.028,21.771,0.574,37933932.0,,E
Thailand,THA,Asia,1973,1970,0.354,24.357,0.625,38947791.0,,E
Thailand,THA,Asia,1974,1970,-0.483,24.116,0.604,39952896.0,,E
Thailand,THA,Asia,1975,1970,0.059,24.254,0.592,40939999.0,,E
Thailand,THA,Asia,1976,1970,-0.544,28.564,0.682,41896511.0,,E
Thailand,THA,Asia,1977,1970,0.056,31.878,0.744,42843973.0,,E
Thailand,THA,Asia,1978,1970,0.235,34.76,0.794,43788976.0,,E
Thailand,THA,Asia,1979,1970,0.532,36.396,0.814,44718436.0,,E
Thailand,THA,Asia,1980,1980,0.452,39.751,0.871,45650031.0,,E
Thailand,THA,Asia,1981,1980,0.267,37.541,0.806,46575851.0,,E
Thailand,THA,Asia,1982,1980,0.1,37.357,0.787,47494577.0,,E
Thailand,THA,Asia,1983,1980,0.4,41.785,0.863,48423309.0,,E
Thailand,THA,Asia,1984,1980,0.068,45.155,0.915,49351711.0,,E
Thailand,THA,Asia,1985,1980,0.259,47.865,0.952,50270754.0,,E
Thailand,THA,Asia,1986,1980,0.047,48.97,0.957,51177832.0,,E
Thailand,THA,Asia,1987,1980,0.738,53.814,1.033,52074109.0,,E
Thailand,THA,Asia,1988,1980,0.255,60.732,1.147,52969595.0,,E
Thailand,THA,Asia,1989,1980,0.289,71.696,1.331,53848955.0,,E
Thailand,THA,Asia,1990,1990,0.508,86.563,1.581,54738329.0,33.48,E
Thailand,THA,Asia,1991,1990,0.639,95.045,1.708,55637436.0,32.96,E
Thailand,THA,Asia,1992,1990,0.337,105.513,1.867,56528832.0,31.74,E
Thailand,THA,Asia,1993,1990,0.281,121.855,2.123,57408198.0,26.37,E
Thailand,THA,Asia,1994,1990,0.333,136.87,2.349,58260855.0,23.8,E
Thailand,THA,Asia,1995,1990,0.646,153.65,2.6,59098231.0,22.55,E
Thailand,THA,Asia,1996,1990,0.199,173.566,2.897,59920059.0,21.53,E
Thailand,THA,Asia,1997,1990,0.35,181.203,2.984,60724588.0,21.11,E
Thailand,THA,Asia,1998,1990,1.397,159.704,2.596,61522632.0,21.51,E
Thailand,THA,Asia,1999,1990,0.368,167.235,2.684,62299039.0,21.56,E
Thailand,THA,Asia,2000,2000,-0.014,167.352,2.656,63007815.0,21.87,E
Thailand,THA,Asia,2001,2000,0.579,172.267,2.706,63651137.0,19.94,E
Thailand,THA,Asia,2002,2000,0.59,184.665,2.873,64266433.0,19.95,E
Thailand,THA,Asia,2003,2000,0.724,191.088,2.946,64868164.0,20.39,E
Thailand,THA,Asia,2004,2000,0.461,207.331,3.168,65452049.0,20.11,E
Thailand,THA,Asia,2005,2000,0.805,214.325,3.246,66017415.0,20.34,E
Thailand,THA,Asia,2006,2000,0.603,215.825,3.242,66567685.0,20.74,E
Thailand,THA,Asia,2007,2000,0.467,224.083,3.339,67102388.0,21.86,E
Thailand,THA,Asia,2008,2000,0.327,224.249,3.316,67619835.0,22.8,E
Thailand,THA,Asia,2009,2000,0.429,228.836,3.359,68121077.0,23.02,E
Thailand,THA,Asia,2010,2010,1.236,241.019,3.514,68579443.0,23.23,E
Thailand,THA,Asia,2011,2010,0.194,244.878,3.549,69007212.0,23.04,E
Thailand,THA,Asia,2012,2010,0.857,262.348,3.778,69436091.0,23.65,E
Thailand,THA,Asia,2013,2010,1.072,263.754,3.776,69845112.0,23.39,E
Thailand,THA,Asia,2014,2010,0.665,272.488,3.881,70216362.0,24.54,E
Thailand,THA,Asia,2015,2010,1.244,277.099,3.928,70540787.0,22.78,E
Thailand,THA,Asia,2016,2010,1.547,284.045,4.009,70859835.0,22.57,E
Thailand,THA,Asia,2017,2010,1.127,283.348,3.982,71160183.0,22.42,E
Thailand,THA,Asia,2018,2010,0.883,288.305,4.039,71376081.0,23.94,E
Thailand,THA,Asia,2019,2010,1.782,281.877,3.941,71522264.0,24.17,E
Thailand,THA,Asia,2020,2020,1.543,271.923,3.796,71641484.0,21.19,E
Thailand,THA,Asia,2021,2020,1.053,267.142,3.724,71727338.0,19.45,E
Thailand,THA,Asia,2022,2020,0.943,272.573,3.8,71735321.0,19.46,E
Thailand,THA,Asia,2023,2020,1.471,264.734,3.692,71702436.0,19.79,E
Thailand,THA,Asia,2024,2020,2.054,267.76,3.736,71668010.0,,E
Tajikistan,TJK,Asia,1970,1970,,7.704,2.623,2936784.0,,
Tajikistan,TJK,Asia,1971,1970,,8.19,2.704,3028841.0,,
Tajikistan,TJK,Asia,1972,1970,,8.633,2.764,3123696.0,,
Tajikistan,TJK,Asia,1973,1970,,9.014,2.797,3222299.0,,
Tajikistan,TJK,Asia,1974,1970,,9.376,2.82,3324503.0,,
Tajikistan,TJK,Asia,1975,1970,,9.873,2.878,3430428.0,,
Tajikistan,TJK,Asia,1976,1970,,10.262,2.899,3540077.0,,
Tajikistan,TJK,Asia,1977,1970,,10.621,2.907,3653264.0,,
Tajikistan,TJK,Asia,1978,1970,,10.997,2.918,3768514.0,,
Tajikistan,TJK,Asia,1979,1970,,11.093,2.857,3882697.0,,
Tajikistan,TJK,Asia,1980,1980,,11.535,2.887,3995258.0,,
Tajikistan,TJK,Asia,1981,1980,,11.339,2.76,4109026.0,,
Tajikistan,TJK,Asia,1982,1980,,11.558,2.734,4227177.0,,
Tajikistan,TJK,Asia,1983,1980,,11.739,2.698,4350877.0,,
Tajikistan,TJK,Asia,1984,1980,,11.856,2.647,4480027.0,,
Tajikistan,TJK,Asia,1985,1980,,12.779,2.767,4619006.0,,
Tajikistan,TJK,Asia,1986,1980,,12.35,2.588,4772150.0,,
Tajikistan,TJK,Asia,1987,1980,,12.018,2.433,4939063.0,,
Tajikistan,TJK,Asia,1988,1980,,12.968,2.535,5114988.0,,
Tajikistan,TJK,Asia,1989,1980,,12.856,2.441,5267255.0,,
Tajikistan,TJK,Asia,1990,1990,,12.307,2.28,5398773.0,29.63,
Tajikistan,TJK,Asia,1991,1990,,10.015,1.807,5541200.0,30.99,
Tajikistan,TJK,Asia,1992,1990,-0.29,7.333,1.298,5649397.0,37.37,E
Tajikistan,TJK,Asia,1993,1990,-0.193,5.153,0.9,5725001.0,43.95,E
Tajikistan,TJK,Asia,1994,1990,0.395,2.345,0.403,5825371.0,57.25,E
Tajikistan,TJK,Asia,1995,1990,0.281,2.435,0.409,5948588.0,60.58,E
Tajikistan,TJK,Asia,1996,1990,-0.443,2.824,0.465,6066524.0,62.66,E
Tajikistan,TJK,Asia,1997,1990,1.258,2.15,0.35,6139829.0,56.82,E
Tajikistan,TJK,Asia,1998,1990,0.731,2.497,0.404,6176403.0,55.8,E
Tajikistan,TJK,Asia,1999,1990,1.072,2.519,0.406,6208373.0,59.72,E
Tajikistan,TJK,Asia,2000,2000,0.891,2.236,0.356,6284737.0,62.41,E
Tajikistan,TJK,Asia,2001,2000,1.388,2.287,0.357,6407376.0,64.07,E
Tajikistan,TJK,Asia,2002,2000,1.255,1.872,0.287,6531674.0,64.15,E
Tajikistan,TJK,Asia,2003,2000,0.553,2.072,0.311,6658575.0,64.58,E
Tajikistan,TJK,Asia,2004,2000,1.412,2.562,0.377,6790555.0,61.41,E
Tajikistan,TJK,Asia,2005,2000,0.782,2.441,0.352,6924722.0,63.73,E
Tajikistan,TJK,Asia,2006,2000,1.657,2.656,0.376,7057566.0,61.57,E
Tajikistan,TJK,Asia,2007,2000,1.175,3.229,0.449,7194479.0,53.79,E
Tajikistan,TJK,Asia,2008,2000,0.864,2.897,0.395,7338402.0,54.61,E
Tajikistan,TJK,Asia,2009,2000,0.865,2.445,0.326,7490232.0,60.58,E
Tajikistan,TJK,Asia,2010,2010,1.416,2.535,0.331,7652144.0,61.83,E
Tajikistan,TJK,Asia,2011,2010,1.474,2.342,0.299,7824788.0,59.98,E
Tajikistan,TJK,Asia,2012,2010,-0.037,2.934,0.366,8014087.0,55.8,E
Tajikistan,TJK,Asia,2013,2010,1.24,2.908,0.354,8216733.0,55.12,E
Tajikistan,TJK,Asia,2014,2010,0.448,4.606,0.547,8425559.0,45.89,E
Tajikistan,TJK,Asia,2015,2010,1.336,5.307,0.614,8643839.0,48.11,E
Tajikistan,TJK,Asia,2016,2010,1.633,6.016,0.679,8865623.0,43.66,E
Tajikistan,TJK,Asia,2017,2010,1.357,6.879,0.757,9085942.0,44.23,E
Tajikistan,TJK,Asia,2018,2010,1.688,8.081,0.868,9307345.0,41.58,E
Tajikistan,TJK,Asia,2019,2010,1.414,8.714,0.914,9529970.0,40.07,E
Tajikistan,TJK,Asia,2020,2020,1.139,9.423,0.967,9749312.0,38.75,E
Tajikistan,TJK,Asia,2021,2020,1.09,9.384,0.942,9966912.0,34.89,E
Tajikistan,TJK,Asia,2022,2020,2.22,10.521,1.033,10182228.0,36.66,E
Tajikistan,TJK,Asia,2023,2020,1.887,10.264,0.988,10389807.0,36.54,E
Tajikistan,TJK,Asia,2024,2020,2.138,10.74,1.014,10590930.0,,E
Tokelau,TKL,Oceania,1970,1970,-0.474,,,,,E
Tokelau,TKL,Oceania,1971,1970,-0.383,,,,,E
Tokelau,TKL,Oceania,1972,1970,0.085,,,,,E
Tokelau,TKL,Oceania,1973,1970,0.081,,,,,E
Tokelau,TKL,Oceania,1974,1970,-0.329,,,,,E
Tokelau,TKL,Oceania,1975,1970,-0.351,,,,,E
Tokelau,TKL,Oceania,1976,1970,0.128,,,,,E
Tokelau,TKL,Oceania,1977,1970,0.203,,,,,E
Tokelau,TKL,Oceania,1978,1970,0.196,,,,,E
Tokelau,TKL,Oceania,1979,1970,0.566,,,,,E
Tokelau,TKL,Oceania,1980,1980,0.366,,,,,E
Tokelau,TKL,Oceania,1981,1980,0.304,,,,,E
Tokelau,TKL,Oceania,1982,1980,0.345,,,,,E
Tokelau,TKL,Oceania,1983,1980,0.209,,,,,E
Tokelau,TKL,Oceania,1984,1980,0.122,,,,,E
Tokelau,TKL,Oceania,1985,1980,0.26,,,,,E
Tokelau,TKL,Oceania,1986,1980,0.327,,,,,E
Tokelau,TKL,Oceania,1987,1980,0.438,,,,,E
Tokelau,TKL,Oceania,1988,1980,0.07,,,,,E
Tokelau,TKL,Oceania,1989,1980,-0.05,,,,,E
Tokelau,TKL,Oceania,1990,1990,0.392,,,,,E
Tokelau,TKL,Oceania,1991,1990,0.817,,,,,E
Tokelau,TKL,Oceania,1992,1990,,,,,,O
Tokelau,TKL,Oceania,1993,1990,,,,,,O
Tokelau,TKL,Oceania,1994,1990,,,,,,O
Tokelau,TKL,Oceania,1995,1990,,,,,,O
Tokelau,TKL,Oceania,1996,1990,,,,,,O
Tokelau,TKL,Oceania,1997,1990,,,,,,O
Tokelau,TKL,Oceania,1998,1990,,,,,,O
Tokelau,TKL,Oceania,1999,1990,,,,,,O
Tokelau,TKL,Oceania,2000,2000,,,,,,O
Tokelau,TKL,Oceania,2001,2000,-1.761,,,,,E
Tokelau,TKL,Oceania,2002,2000,-1.859,,,,,E
Tokelau,TKL,Oceania,2003,2000,,,,,,O
Tokelau,TKL,Oceania,2004,2000,-0.586,,,,,E
Tokelau,TKL,Oceania,2005,2000,,,,,,O
Tokelau,TKL,Oceania,2006,2000,0.176,,,,,E
Tokelau,TKL,Oceania,2007,2000,0.045,,,,,E
Tokelau,TKL,Oceania,2008,2000,-0.946,,,,,E
Tokelau,TKL,Oceania,2009,2000,,,,,,O
Tokelau,TKL,Oceania,2010,2010,-0.572,,,,,E
Tokelau,TKL,Oceania,2011,2010,,,,,,O
Tokelau,TKL,Oceania,2012,2010,,,,,,O
Tokelau,TKL,Oceania,2013,2010,,,,,,O
Tokelau,TKL,Oceania,2014,2010,,,,,,O
Tokelau,TKL,Oceania,2015,2010,,,,,,O
Tokelau,TKL,Oceania,2016,2010,,,,,,O
Tokelau,TKL,Oceania,2017,2010,,,,,,O
Tokelau,TKL,Oceania,2018,2010,,,,,,O
Tokelau,TKL,Oceania,2019,2010,,,,,,O
Tokelau,TKL,Oceania,2020,2020,,,,,,O
Tokelau,TKL,Oceania,2021,2020,,,,,,O
Tokelau,TKL,Oceania,2022,2020,,,,,,O
Tokelau,TKL,Oceania,2023,2020,,,,,,O
Tokelau,TKL,Oceania,2024,2020,,,,,,O
Turkmenistan,TKM,Asia,1970,1970,,19.884,9.056,2195617.0,,
Turkmenistan,TKM,Asia,1971,1970,,21.129,9.378,2253123.0,,
Turkmenistan,TKM,Asia,1972,1970,,22.248,9.625,2311431.0,,
Turkmenistan,TKM,Asia,1973,1970,,23.21,9.789,2370918.0,,
Turkmenistan,TKM,Asia,1974,1970,,24.117,9.917,2432032.0,,
Turkmenistan,TKM,Asia,1975,1970,,25.369,10.17,2494573.0,,
Turkmenistan,TKM,Asia,1976,1970,,26.343,10.296,2558525.0,,
Turkmenistan,TKM,Asia,1977,1970,,27.237,10.38,2623946.0,,
Turkmenistan,TKM,Asia,1978,1970,,28.179,10.471,2691095.0,,
Turkmenistan,TKM,Asia,1979,1970,,28.408,10.291,2760361.0,,
Turkmenistan,TKM,Asia,1980,1980,,29.51,10.42,2832201.0,,
Turkmenistan,TKM,Asia,1981,1980,,28.976,9.967,2907193.0,,
Turkmenistan,TKM,Asia,1982,1980,,29.521,9.888,2985566.0,,
Turkmenistan,TKM,Asia,1983,1980,,29.945,9.762,3067535.0,,
Turkmenistan,TKM,Asia,1984,1980,,30.215,9.58,3154080.0,,
Turkmenistan,TKM,Asia,1985,1980,,32.564,10.027,3247541.0,,
Turkmenistan,TKM,Asia,1986,1980,,35.821,10.7,3347813.0,,
Turkmenistan,TKM,Asia,1987,1980,,36.389,10.539,3452736.0,,
Turkmenistan,TKM,Asia,1988,1980,,37.2,10.451,3559364.0,,
Turkmenistan,TKM,Asia,1989,1980,,37.649,10.28,3662464.0,,
Turkmenistan,TKM,Asia,1990,1990,,33.361,8.871,3760561.0,0.0,
Turkmenistan,TKM,Asia,1991,1990,,30.439,7.894,3855902.0,0.0,
Turkmenistan,TKM,Asia,1992,1990,-0.046,31.994,8.111,3944689.0,0.0,E
Turkmenistan,TKM,Asia,1993,1990,-0.129,27.516,6.824,4032415.0,0.0,E
Turkmenistan,TKM,Asia,1994,1990,0.301,34.216,8.312,4116662.0,0.0,E
Turkmenistan,TKM,Asia,1995,1990,1.423,34.569,8.248,4191207.0,0.0,E
Turkmenistan,TKM,Asia,1996,1990,-0.017,31.654,7.424,4263818.0,0.0,E
Turkmenistan,TKM,Asia,1997,1990,1.41,31.196,7.193,4336732.0,0.0,E
Turkmenistan,TKM,Asia,1998,1990,0.993,33.446,7.583,4410511.0,0.09,E
Turkmenistan,TKM,Asia,1999,1990,1.328,39.797,8.859,4492174.0,0.09,E
Turkmenistan,TKM,Asia,2000,2000,1.34,39.361,8.589,4582675.0,0.09,E
Turkmenistan,TKM,Asia,2001,2000,1.564,34.034,7.279,4675416.0,0.09,E
Turkmenistan,TKM,Asia,2002,2000,1.83,30.131,6.317,4769473.0,0.09,E
Turkmenistan,TKM,Asia,2003,2000,0.089,40.568,8.341,4863871.0,0.08,E
Turkmenistan,TKM,Asia,2004,2000,1.685,49.355,9.954,4958091.0,0.07,E
Turkmenistan,TKM,Asia,2005,2000,1.326,47.929,9.487,5052260.0,0.07,E
Turkmenistan,TKM,Asia,2006,2000,1.729,49.5,9.617,5147103.0,0.08,E
Turkmenistan,TKM,Asia,2007,2000,1.139,49.183,9.379,5244047.0,0.07,E
Turkmenistan,TKM,Asia,2008,2000,0.755,59.438,11.12,5345033.0,0.07,E
Turkmenistan,TKM,Asia,2009,2000,1.128,52.462,9.623,5451597.0,0.08,E
Turkmenistan,TKM,Asia,2010,2010,1.957,59.184,10.636,5564356.0,0.07,E
Turkmenistan,TKM,Asia,2011,2010,1.151,65.155,11.464,5683413.0,0.06,E
Turkmenistan,TKM,Asia,2012,2010,0.845,66.939,11.524,5808548.0,0.05,E
Turkmenistan,TKM,Asia,2013,2010,1.689,64.34,10.833,5939348.0,0.06,E
Turkmenistan,TKM,Asia,2014,2010,0.75,62.799,10.337,6075286.0,0.06,E
Turkmenistan,TKM,Asia,2015,2010,1.438,63.092,10.15,6215773.0,0.05,E
Turkmenistan,TKM,Asia,2016,2010,2.025,62.091,9.763,6360041.0,0.06,E
Turkmenistan,TKM,Asia,2017,2010,1.71,62.957,9.675,6507065.0,0.06,E
Turkmenistan,TKM,Asia,2018,2010,1.563,61.302,9.211,6655523.0,0.05,E
Turkmenistan,TKM,Asia,2019,2010,1.827,62.254,9.15,6803943.0,0.05,E
Turkmenistan,TKM,Asia,2020,2020,1.54,62.905,9.051,6949915.0,0.05,E
Turkmenistan,TKM,Asia,2021,2020,1.682,91.694,12.929,7092042.0,0.04,E
Turkmenistan,TKM,Asia,2022,2020,2.554,102.063,14.116,7230197.0,0.04,E
Turkmenistan,TKM,Asia,2023,2020,2.429,95.421,12.957,7364437.0,0.04,E
Turkmenistan,TKM,Asia,2024,2020,2.391,81.006,10.809,7494494.0,,E
Timor-Leste,TLS,Asia,1970,1970,0.243,,,553079.0,,E
Timor-Leste,TLS,Asia,1971,1970,0.041,,,562974.0,,E
Timor-Leste,TLS,Asia,1972,1970,-0.261,,,572975.0,,E
Timor-Leste,TLS,Asia,1973,1970,0.592,,,582862.0,,E
Timor-Leste,TLS,Asia,1974,1970,-0.473,,,590831.0,,E
Timor-Leste,TLS,Asia,1975,1970,-0.446,,,598168.0,,E
Timor-Leste,TLS,Asia,1976,1970,-0.059,,,607632.0,,E
Timor-Leste,TLS,Asia,1977,1970,,,,618319.0,,O
Timor-Leste,TLS,Asia,1978,1970,0.74,,,628780.0,,E
Timor-Leste,TLS,Asia,1979,1970,0.212,,,638725.0,,E
Timor-Leste,TLS,Asia,1980,1980,0.274,,,649877.0,,E
Timor-Leste,TLS,Asia,1981,1980,0.625,,,660503.0,,E
Timor-Leste,TLS,Asia,1982,1980,-0.486,,,669156.0,,E
Timor-Leste,TLS,Asia,1983,1980,0.334,,,677704.0,,E
Timor-Leste,TLS,Asia,1984,1980,0.08,,,686786.0,,E
Timor-Leste,TLS,Asia,1985,1980,0.518,,,696671.0,,E
Timor-Leste,TLS,Asia,1986,1980,0.374,,,707191.0,,E
Timor-Leste,TLS,Asia,1987,1980,,,,718487.0,,O
Timor-Leste,TLS,Asia,1988,1980,,,,730753.0,,O
Timor-Leste,TLS,Asia,1989,1980,,,,744860.0,,O
Timor-Leste,TLS,Asia,1990,1990,-0.863,,,760348.0,,E
Timor-Leste,TLS,Asia,1991,1990,,,,778286.0,,O
Timor-Leste,TLS,Asia,1992,1990,,,,799323.0,,O
Timor-Leste,TLS,Asia,1993,1990,0.71,,,821445.0,,E
Timor-Leste,TLS,Asia,1994,1990,,0.0,0.0,844501.0,,O
Timor-Leste,TLS,Asia,1995,1990,0.502,0.0,0.0,868152.0,,E
Timor-Leste,TLS,Asia,1996,1990,0.556,0.0,0.0,892289.0,,E
Timor-Leste,TLS,Asia,1997,1990,0.366,0.0,0.0,917189.0,,E
Timor-Leste,TLS,Asia,1998,1990,1.279,0.061,0.064,942537.0,,E
Timor-Leste,TLS,Asia,1999,1990,0.336,0.153,0.183,834699.0,,E
Timor-Leste,TLS,Asia,2000,2000,,0.22,0.295,745095.0,,O
Timor-Leste,TLS,Asia,2001,2000,,0.119,0.146,812253.0,,O
Timor-Leste,TLS,Asia,2002,2000,,0.262,0.298,879170.0,48.25,O
Timor-Leste,TLS,Asia,2003,2000,0.687,0.249,0.271,916876.0,47.85,E
Timor-Leste,TLS,Asia,2004,2000,0.745,0.497,0.535,929081.0,44.04,E
Timor-Leste,TLS,Asia,2005,2000,1.308,0.321,0.339,948310.0,43.61,E
Timor-Leste,TLS,Asia,2006,2000,0.464,0.317,0.324,976610.0,41.9,E
Timor-Leste,TLS,Asia,2007,2000,0.691,0.288,0.287,1004898.0,41.88,E
Timor-Leste,TLS,Asia,2008,2000,0.37,0.285,0.276,1032431.0,39.72,E
Timor-Leste,TLS,Asia,2009,2000,0.826,0.322,0.304,1058783.0,36.91,E
Timor-Leste,TLS,Asia,2010,2010,1.021,0.313,0.289,1084688.0,34.82,E
Timor-Leste,TLS,Asia,2011,2010,-0.03,0.434,0.391,1110212.0,32.84,E
Timor-Leste,TLS,Asia,2012,2010,0.358,0.591,0.521,1134891.0,25.61,E
Timor-Leste,TLS,Asia,2013,2010,0.77,0.62,0.535,1158697.0,22.57,E
Timor-Leste,TLS,Asia,2014,2010,0.711,0.627,0.531,1181913.0,18.08,E
Timor-Leste,TLS,Asia,2015,2010,0.902,0.59,0.49,1205133.0,18.0,E
Timor-Leste,TLS,Asia,2016,2010,2.028,0.643,0.523,1228314.0,12.67,E
Timor-Leste,TLS,Asia,2017,2010,1.292,0.693,0.554,1251711.0,13.24,E
Timor-Leste,TLS,Asia,2018,2010,0.921,0.617,0.484,1275962.0,12.72,E
Timor-Leste,TLS,Asia,2019,2010,1.022,0.675,0.519,1300946.0,11.67,E
Timor-Leste,TLS,Asia,2020,2020,1.857,0.646,0.487,1326051.0,11.4,E
Timor-Leste,TLS,Asia,2021,2020,1.268,0.62,0.459,1350142.0,12.08,E
Timor-Leste,TLS,Asia,2022,2020,1.122,0.67,0.489,1369299.0,10.94,E
Timor-Leste,TLS,Asia,2023,2020,0.796,0.637,0.46,1384292.0,9.78,E
Timor-Leste,TLS,Asia,2024,2020,1.603,0.668,0.477,1400638.0,8.52,E
Tonga,TON,Oceania,1970,1970,0.323,0.026,0.304,84416.0,,E
Tonga,TON,Oceania,1971,1970,0.096,0.018,0.213,85914.0,,E
Tonga,TON,Oceania,1972,1970,-0.09,0.022,0.252,87369.0,,E
Tonga,TON,Oceania,1973,1970,0.351,0.026,0.289,88818.0,,E
Tonga,TON,Oceania,1974,1970,0.014,0.022,0.242,90699.0,,E
Tonga,TON,Oceania,1975,1970,-0.007,0.033,0.354,93032.0,,E
Tonga,TON,Oceania,1976,1970,-0.25,0.029,0.307,95343.0,,E
Tonga,TON,Oceania,1977,1970,-0.093,0.029,0.303,96740.0,,E
Tonga,TON,Oceania,1978,1970,0.056,0.037,0.377,97222.0,,E
Tonga,TON,Oceania,1979,1970,0.122,0.04,0.413,97564.0,,E
Tonga,TON,Oceania,1980,1980,0.101,0.04,0.412,97785.0,,E
Tonga,TON,Oceania,1981,1980,0.045,0.048,0.486,97930.0,,E
Tonga,TON,Oceania,1982,1980,0.087,0.044,0.449,98000.0,,E
Tonga,TON,Oceania,1983,1980,-0.003,0.048,0.486,98016.0,,E
Tonga,TON,Oceania,1984,1980,0.24,0.048,0.486,98008.0,,E
Tonga,TON,Oceania,1985,1980,0.158,0.048,0.486,98000.0,,E
Tonga,TON,Oceania,1986,1980,-0.023,0.048,0.486,98025.0,,E
Tonga,TON,Oceania,1987,1980,-0.052,0.055,0.559,98394.0,,E
Tonga,TON,Oceania,1988,1980,0.749,0.07,0.703,98985.0,,E
Tonga,TON,Oceania,1989,1980,0.403,0.07,0.7,99419.0,,E
Tonga,TON,Oceania,1990,1990,0.336,0.081,0.808,99717.0,1.41,E
Tonga,TON,Oceania,1991,1990,0.311,0.088,0.88,99911.0,1.29,E
Tonga,TON,Oceania,1992,1990,0.194,0.073,0.732,100045.0,1.57,E
Tonga,TON,Oceania,1993,1990,-0.091,0.084,0.842,100120.0,1.43,E
Tonga,TON,Oceania,1994,1990,0.193,0.088,0.878,100187.0,1.23,E
Tonga,TON,Oceania,1995,1990,0.435,0.095,0.95,100240.0,1.16,E
Tonga,TON,Oceania,1996,1990,0.252,0.077,0.767,100294.0,1.46,E
Tonga,TON,Oceania,1997,1990,0.132,0.095,0.946,100691.0,1.26,E
Tonga,TON,Oceania,1998,1990,0.154,0.092,0.903,101406.0,1.24,E
Tonga,TON,Oceania,1999,1990,0.071,0.11,1.077,102058.0,1.03,E
Tonga,TON,Oceania,2000,2000,0.224,0.099,0.963,102695.0,2.48,E
Tonga,TON,Oceania,2001,2000,0.522,0.092,0.887,103305.0,2.7,E
Tonga,TON,Oceania,2002,2000,0.636,0.095,0.917,103888.0,2.48,E
Tonga,TON,Oceania,2003,2000,0.233,0.117,1.122,104481.0,2.01,E
Tonga,TON,Oceania,2004,2000,0.374,0.114,1.081,105088.0,2.15,E
Tonga,TON,Oceania,2005,2000,0.566,0.114,1.075,105684.0,2.15,E
Tonga,TON,Oceania,2006,2000,0.348,0.128,1.207,106266.0,1.86,E
Tonga,TON,Oceania,2007,2000,0.707,0.114,1.064,106744.0,2.16,E
Tonga,TON,Oceania,2008,2000,0.224,0.106,0.993,107036.0,2.37,E
Tonga,TON,Oceania,2009,2000,0.289,0.121,1.128,107219.0,2.05,E
Tonga,TON,Oceania,2010,2010,0.79,0.117,1.092,107415.0,0.96,E
Tonga,TON,Oceania,2011,2010,0.486,0.106,0.988,107584.0,1.1,E
Tonga,TON,Oceania,2012,2010,0.568,0.106,0.989,107476.0,1.1,E
Tonga,TON,Oceania,2013,2010,0.815,0.11,1.026,107093.0,1.54,E
Tonga,TON,Oceania,2014,2010,0.509,0.106,0.997,106627.0,1.68,E
Tonga,TON,Oceania,2015,2010,0.555,0.106,1.001,106110.0,2.0,E
Tonga,TON,Oceania,2016,2010,1.08,0.139,1.319,105536.0,1.7,E
Tonga,TON,Oceania,2017,2010,0.873,0.143,1.356,105373.0,1.74,E
Tonga,TON,Oceania,2018,2010,0.827,0.132,1.249,105590.0,1.69,E
Tonga,TON,Oceania,2019,2010,1.396,0.161,1.525,105688.0,1.68,E
Tonga,TON,Oceania,2020,2020,1.206,0.139,1.317,105721.0,2.55,E
Tonga,TON,Oceania,2021,2020,0.985,0.139,1.32,105504.0,2.4,E
Tonga,TON,Oceania,2022,2020,0.666,0.147,1.395,105053.0,2.25,E
Tonga,TON,Oceania,2023,2020,1.003,0.146,1.394,104613.0,3.36,E
Tonga,TON,Oceania,2024,2020,1.378,0.153,1.464,104192.0,3.34,E
Trinidad and Tobago,TTO,North America,1970,1970,0.322,8.99,9.068,991480.0,,E
Trinidad and Tobago,TTO,North America,1971,1970,-0.399,8.096,8.076,1002588.0,,E
Trinidad and Tobago,TTO,North America,1972,1970,-0.168,8.236,8.114,1014927.0,,E
Trinidad and Tobago,TTO,North America,1973,1970,0.107,9.39,9.135,1027860.0,,E
Trinidad and Tobago,TTO,North America,1974,1970,-0.331,10.042,9.649,1040768.0,,E
Trinidad and Tobago,TTO,North America,1975,1970,-0.302,9.613,9.125,1053468.0,,E
Trinidad and Tobago,TTO,North America,1976,1970,-0.005,15.911,14.921,1066314.0,,E
Trinidad and Tobago,TTO,North America,1977,1970,0.153,16.159,14.968,1079560.0,,E
Trinidad and Tobago,TTO,North America,1978,1970,0.273,15.312,14.004,1093393.0,,E
Trinidad and Tobago,TTO,North America,1979,1970,0.426,16.707,15.083,1107652.0,,E
Trinidad and Tobago,TTO,North America,1980,1980,0.454,16.919,15.083,1121750.0,,E
Trinidad and Tobago,TTO,North America,1981,1980,0.506,17.242,15.189,1135140.0,,E
Trinidad and Tobago,TTO,North America,1982,1980,0.294,18.405,16.033,1147932.0,,E
Trinidad and Tobago,TTO,North America,1983,1980,0.543,16.274,14.023,1160537.0,,E
Trinidad and Tobago,TTO,North America,1984,1980,0.174,17.503,14.922,1172985.0,,E
Trinidad and Tobago,TTO,North America,1985,1980,-0.3,20.722,17.452,1187370.0,,E
Trinidad and Tobago,TTO,North America,1986,1980,-0.025,17.353,14.423,1203132.0,,E
Trinidad and Tobago,TTO,North America,1987,1980,0.765,17.487,14.365,1217367.0,,E
Trinidad and Tobago,TTO,North America,1988,1980,0.622,15.831,12.87,1230071.0,,E
Trinidad and Tobago,TTO,North America,1989,1980,0.056,16.103,12.969,1241606.0,,E
Trinidad and Tobago,TTO,North America,1990,1990,0.419,16.978,13.559,1252215.0,1.19,E
Trinidad and Tobago,TTO,North America,1991,1990,0.593,16.964,13.441,1262174.0,1.3,E
Trinidad and Tobago,TTO,North America,1992,1990,0.653,19.098,15.018,1271681.0,1.28,E
Trinidad and Tobago,TTO,North America,1993,1990,0.958,17.405,13.593,1280474.0,1.34,E
Trinidad and Tobago,TTO,North America,1994,1990,0.836,15.342,11.908,1288353.0,1.26,E
Trinidad and Tobago,TTO,North America,1995,1990,1.206,14.725,11.369,1295167.0,1.18,E
Trinidad and Tobago,TTO,North America,1996,1990,0.895,18.449,14.181,1300937.0,0.99,E
Trinidad and Tobago,TTO,North America,1997,1990,1.214,18.9,14.473,1305838.0,0.93,E
Trinidad and Tobago,TTO,North America,1998,1990,1.751,19.892,15.182,1310226.0,0.9,E
Trinidad and Tobago,TTO,North America,1999,1990,1.235,22.58,17.175,1314711.0,0.86,E
Trinidad and Tobago,TTO,North America,2000,2000,1.052,24.35,18.45,1319781.0,0.76,E
Trinidad and Tobago,TTO,North America,2001,2000,1.182,26.74,20.172,1325573.0,0.71,E
Trinidad and Tobago,TTO,North America,2002,2000,0.971,28.683,21.533,1332017.0,0.69,E
Trinidad and Tobago,TTO,North America,2003,2000,1.228,32.37,24.18,1338718.0,0.6,E
Trinidad and Tobago,TTO,North America,2004,2000,0.807,32.688,24.297,1345386.0,0.6,E
Trinidad and Tobago,TTO,North America,2005,2000,1.483,38.205,28.257,1352040.0,0.54,E
Trinidad and Tobago,TTO,North America,2006,2000,1.073,42.708,31.433,1358706.0,0.55,E
Trinidad and Tobago,TTO,North America,2007,2000,0.981,45.564,33.371,1365381.0,0.45,E
Trinidad and Tobago,TTO,North America,2008,2000,0.887,44.443,32.39,1372090.0,0.46,E
Trinidad and Tobago,TTO,North America,2009,2000,1.054,44.417,32.209,1379056.0,0.49,E
Trinidad and Tobago,TTO,North America,2010,2010,1.685,47.092,33.961,1386657.0,0.38,E
Trinidad and Tobago,TTO,North America,2011,2010,1.069,47.043,33.723,1394990.0,0.38,E
Trinidad and Tobago,TTO,North America,2012,2010,1.145,46.159,32.881,1403814.0,0.37,E
Trinidad and Tobago,TTO,North America,2013,2010,1.311,45.799,32.421,1412658.0,0.37,E
Trinidad and Tobago,TTO,North America,2014,2010,1.224,46.866,32.978,1421135.0,0.35,E
Trinidad and Tobago,TTO,North America,2015,2010,1.428,45.534,31.86,1429190.0,0.37,E
Trinidad and Tobago,TTO,North America,2016,2010,1.516,39.867,27.743,1437031.0,0.43,E
Trinidad and Tobago,TTO,North America,2017,2010,1.695,40.297,27.882,1445265.0,0.42,E
Trinidad and Tobago,TTO,North America,2018,2010,1.121,40.307,27.41,1470522.0,0.46,E
Trinidad and Tobago,TTO,North America,2019,2010,1.631,40.755,27.446,1484898.0,0.43,E
Trinidad and Tobago,TTO,North America,2020,2020,1.823,35.043,23.661,1481026.0,0.48,E
Trinidad and Tobago,TTO,North America,2021,2020,1.369,36.389,24.46,1487715.0,0.46,E
Trinidad and Tobago,TTO,North America,2022,2020,1.099,37.493,25.063,1495923.0,0.44,E
Trinidad and Tobago,TTO,North America,2023,2020,1.724,35.536,23.644,1502938.0,0.43,E
Trinidad and Tobago,TTO,North America,2024,2020,2.397,34.576,22.932,1507778.0,,E
Tunisia,TUN,Africa,1970,1970,-0.26,3.739,0.729,5131394.0,,E
Tunisia,TUN,Africa,1971,1970,-0.363,4.218,0.802,5261660.0,,E
Tunisia,TUN,Africa,1972,1970,-0.51,4.753,0.881,5396564.0,,E
Tunisia,TUN,Africa,1973,1970,-0.213,4.85,0.876,5537244.0,,E
Tunisia,TUN,Africa,1974,1970,-0.431,5.428,0.955,5684686.0,,E
Tunisia,TUN,Africa,1975,1970,-0.456,5.594,0.958,5839266.0,,E
Tunisia,TUN,Africa,1976,1970,-0.842,5.891,0.982,5996993.0,,E
Tunisia,TUN,Africa,1977,1970,0.494,6.819,1.108,6155927.0,,E
Tunisia,TUN,Africa,1978,1970,-0.495,7.603,1.205,6309393.0,,E
Tunisia,TUN,Africa,1979,1970,0.292,8.972,1.39,6456418.0,,E
Tunisia,TUN,Africa,1980,1980,-0.323,9.784,1.481,6606194.0,,E
Tunisia,TUN,Africa,1981,1980,-0.043,10.2,1.509,6758291.0,,E
Tunisia,TUN,Africa,1982,1980,0.686,9.878,1.43,6908649.0,,E
Tunisia,TUN,Africa,1983,1980,0.084,11.92,1.69,7053797.0,,E
Tunisia,TUN,Africa,1984,1980,-0.257,12.193,1.689,7220050.0,,E
Tunisia,TUN,Africa,1985,1980,0.26,12.704,1.714,7409907.0,,E
Tunisia,TUN,Africa,1986,1980,0.3,12.861,1.692,7600300.0,,E
Tunisia,TUN,Africa,1987,1980,0.46,12.717,1.633,7789990.0,,E
Tunisia,TUN,Africa,1988,1980,1.185,13.436,1.685,7974447.0,,E
Tunisia,TUN,Africa,1989,1980,0.333,14.273,1.751,8151665.0,,E
Tunisia,TUN,Africa,1990,1990,1.275,14.622,1.757,8324509.0,14.48,E
Tunisia,TUN,Africa,1991,1990,-0.185,16.755,1.971,8501826.0,14.79,E
Tunisia,TUN,Africa,1992,1990,-0.143,15.843,1.825,8682509.0,14.2,E
Tunisia,TUN,Africa,1993,1990,0.488,17.18,1.939,8857916.0,13.87,E
Tunisia,TUN,Africa,1994,1990,1.18,16.761,1.858,9018447.0,14.2,E
Tunisia,TUN,Africa,1995,1990,0.507,16.623,1.815,9161263.0,14.37,E
Tunisia,TUN,Africa,1996,1990,0.48,17.211,1.852,9294433.0,14.38,E
Tunisia,TUN,Africa,1997,1990,1.105,17.81,1.89,9421273.0,14.44,E
Tunisia,TUN,Africa,1998,1990,0.849,18.292,1.917,9541669.0,14.5,E
Tunisia,TUN,Africa,1999,1990,1.612,18.709,1.938,9655966.0,14.49,E
Tunisia,TUN,Africa,2000,2000,0.874,19.436,1.99,9764940.0,14.24,E
Tunisia,TUN,Africa,2001,2000,1.848,20.261,2.053,9869679.0,14.22,E
Tunisia,TUN,Africa,2002,2000,1.111,20.38,2.044,9971521.0,14.55,E
Tunisia,TUN,Africa,2003,2000,1.557,21.042,2.089,10071638.0,14.13,E
Tunisia,TUN,Africa,2004,2000,0.776,22.144,2.178,10166170.0,13.92,E
Tunisia,TUN,Africa,2005,2000,0.892,22.516,2.196,10255474.0,14.18,E
Tunisia,TUN,Africa,2006,2000,1.111,22.915,2.215,10346408.0,14.32,E
Tunisia,TUN,Africa,2007,2000,1.221,24.725,2.368,10441705.0,14.32,E
Tunisia,TUN,Africa,2008,2000,1.215,25.453,2.414,10542637.0,14.61,E
Tunisia,TUN,Africa,2009,2000,0.687,25.353,2.38,10650682.0,16.07,E
Tunisia,TUN,Africa,2010,2010,1.589,27.9,2.591,10765984.0,12.61,E
Tunisia,TUN,Africa,2011,2010,0.86,26.429,2.428,10886041.0,13.24,E
Tunisia,TUN,Africa,2012,2010,1.414,28.194,2.561,11009649.0,13.01,E
Tunisia,TUN,Africa,2013,2010,1.24,28.773,2.583,11141365.0,13.16,E
Tunisia,TUN,Africa,2014,2010,1.671,29.875,2.65,11274295.0,12.84,E
Tunisia,TUN,Africa,2015,2010,1.047,31.381,2.752,11402270.0,12.47,E
Tunisia,TUN,Africa,2016,2010,1.716,30.971,2.686,11528676.0,12.34,E
Tunisia,TUN,Africa,2017,2010,1.227,31.677,2.719,11650504.0,11.77,E
Tunisia,TUN,Africa,2018,2010,1.362,31.122,2.645,11765515.0,11.85,E
Tunisia,TUN,Africa,2019,2010,1.172,30.579,2.575,11875084.0,12.1,E
Tunisia,TUN,Africa,2020,2020,1.831,28.845,2.409,11974058.0,12.74,E
Tunisia,TUN,Africa,2021,2020,2.372,31.527,2.617,12048625.0,11.79,E
Tunisia,TUN,Africa,2022,2020,1.971,30.785,2.54,12119338.0,11.52,E
Tunisia,TUN,Africa,2023,2020,2.255,31.738,2.601,12200434.0,12.11,E
Tunisia,TUN,Africa,2024,2020,2.69,32.664,2.661,12277103.0,,E
Türkiye,TUR,Asia,1970,1970,0.862,42.579,1.162,36638458.0,,E
Türkiye,TUR,Asia,1971,1970,0.05,47.644,1.27,37518610.0,,E
Türkiye,TUR,Asia,1972,1970,-0.722,53.736,1.398,38430215.0,,E
Türkiye,TUR,Asia,1973,1970,-0.474,59.332,1.509,39329533.0,,E
Türkiye,TUR,Asia,1974,1970,-0.321,60.961,1.516,40210234.0,,E
Türkiye,TUR,Asia,1975,1970,-0.115,65.463,1.595,41053123.0,,E
Türkiye,TUR,Asia,1976,1970,-1.144,73.42,1.752,41899990.0,,E
Türkiye,TUR,Asia,1977,1970,0.2,81.2,1.898,42773301.0,,E
Türkiye,TUR,Asia,1978,1970,-0.046,76.814,1.76,43645306.0,,E
Türkiye,TUR,Asia,1979,1970,0.911,75.139,1.688,44510430.0,,E
Türkiye,TUR,Asia,1980,1980,-0.094,75.318,1.659,45408818.0,,E
Türkiye,TUR,Asia,1981,1980,0.401,79.321,1.712,46321190.0,,E
Türkiye,TUR,Asia,1982,1980,-0.222,86.361,1.825,47322104.0,,E
Türkiye,TUR,Asia,1983,1980,-0.449,89.956,1.857,48447413.0,,E
Türkiye,TUR,Asia,1984,1980,0.339,95.093,1.918,49574065.0,,E
Türkiye,TUR,Asia,1985,1980,-0.066,105.878,2.089,50687118.0,,E
Türkiye,TUR,Asia,1986,1980,0.434,115.872,2.238,51777768.0,,E
Türkiye,TUR,Asia,1987,1980,-0.383,128.748,2.436,52843671.0,,E
Türkiye,TUR,Asia,1988,1980,-0.292,125.065,2.32,53909628.0,,E
Türkiye,TUR,Asia,1989,1980,0.357,137.933,2.509,54976719.0,,E
Türkiye,TUR,Asia,1990,1990,-0.05,154.572,2.759,56015627.0,24.37,E
Türkiye,TUR,Asia,1991,1990,0.23,161.126,2.826,57009892.0,23.98,E
Türkiye,TUR,Asia,1992,1990,-1.235,167.234,2.884,57990121.0,23.98,E
Türkiye,TUR,Asia,1993,1990,-0.811,174.291,2.954,58999164.0,23.55,E
Türkiye,TUR,Asia,1994,1990,1.213,170.592,2.842,60033832.0,24.05,E
Türkiye,TUR,Asia,1995,1990,0.166,184.675,3.026,61024501.0,21.9,E
Türkiye,TUR,Asia,1996,1990,0.293,203.098,3.278,61951134.0,21.04,E
Türkiye,TUR,Asia,1997,1990,0.027,215.512,3.429,62852968.0,20.69,E
Türkiye,TUR,Asia,1998,1990,1.031,215.586,3.383,63734385.0,21.53,E
Türkiye,TUR,Asia,1999,1990,1.265,211.238,3.27,64591916.0,20.47,E
Türkiye,TUR,Asia,2000,2000,0.543,232.934,3.56,65425957.0,17.29,E
Türkiye,TUR,Asia,2001,2000,1.542,216.872,3.274,66245125.0,18.12,E
Türkiye,TUR,Asia,2002,2000,0.814,224.32,3.346,67048792.0,17.49,E
Türkiye,TUR,Asia,2003,2000,0.323,239.849,3.536,67831735.0,16.29,E
Türkiye,TUR,Asia,2004,2000,0.613,247.843,3.613,68592621.0,16.78,E
Türkiye,TUR,Asia,2005,2000,0.453,267.711,3.861,69329557.0,15.34,E
Türkiye,TUR,Asia,2006,2000,0.902,285.429,4.075,70045351.0,14.23,E
Türkiye,TUR,Asia,2007,2000,0.997,316.497,4.473,70750593.0,12.48,E
Türkiye,TUR,Asia,2008,2000,0.874,312.628,4.369,71562343.0,12.53,E
Türkiye,TUR,Asia,2009,2000,0.697,318.568,4.396,72464846.0,13.12,E
Türkiye,TUR,Asia,2010,2010,2.395,318.71,4.345,73346766.0,14.21,E
Türkiye,TUR,Asia,2011,2010,0.416,344.215,4.638,74215203.0,12.68,E
Türkiye,TUR,Asia,2012,2010,0.996,358.645,4.769,75197196.0,13.03,E
Türkiye,TUR,Asia,2013,2010,1.372,350.634,4.589,76403032.0,13.8,E
Türkiye,TUR,Asia,2014,2010,1.333,367.272,4.706,78036154.0,11.51,E
Türkiye,TUR,Asia,2015,2010,0.808,387.704,4.845,80014222.0,13.34,E
Türkiye,TUR,Asia,2016,2010,1.585,405.552,4.967,81652087.0,13.23,E
Türkiye,TUR,Asia,2017,2010,0.761,430.622,5.183,83083667.0,11.4,E
Türkiye,TUR,Asia,2018,2010,2.617,423.818,5.021,84415966.0,11.83,E
Türkiye,TUR,Asia,2019,2010,1.656,406.568,4.763,85357670.0,14.12,E
Türkiye,TUR,Asia,2020,2020,1.821,416.328,4.836,86091691.0,13.72,E
Türkiye,TUR,Asia,2021,2020,1.866,457.377,5.276,86686254.0,12.02,E
Türkiye,TUR,Asia,2022,2020,1.253,443.603,5.095,87058469.0,13.81,E
Türkiye,TUR,Asia,2023,2020,1.987,486.945,5.58,87270502.0,14.64,E
Türkiye,TUR,Asia,2024,2020,2.676,513.035,5.865,87473800.0,,E
Tuvalu,TUV,Oceania,1970,1970,-0.001,,,5684.0,,E
Tuvalu,TUV,Oceania,1971,1970,-0.366,,,5704.0,,E
Tuvalu,TUV,Oceania,1972,1970,-0.019,,,5712.0,,E
Tuvalu,TUV,Oceania,1973,1970,0.341,,,5704.0,,E
Tuvalu,TUV,Oceania,1974,1970,0.011,,,5844.0,,E
Tuvalu,TUV,Oceania,1975,1970,,,,6133.0,,O
Tuvalu,TUV,Oceania,1976,1970,-0.125,,,6427.0,,E
Tuvalu,TUV,Oceania,1977,1970,0.107,,,6708.0,,E
Tuvalu,TUV,Oceania,1978,1970,0.225,,,6980.0,,E
Tuvalu,TUV,Oceania,1979,1970,0.403,,,7207.0,,E
Tuvalu,TUV,Oceania,1980,1980,0.446,,,7387.0,,E
Tuvalu,TUV,Oceania,1981,1980,0.302,,,7545.0,,E
Tuvalu,TUV,Oceania,1982,1980,0.188,,,7686.0,,E
Tuvalu,TUV,Oceania,1983,1980,0.055,,,7809.0,,E
Tuvalu,TUV,Oceania,1984,1980,0.247,,,7926.0,,E
Tuvalu,TUV,Oceania,1985,1980,0.267,,,8068.0,,E
Tuvalu,TUV,Oceania,1986,1980,0.537,,,8238.0,,E
Tuvalu,TUV,Oceania,1987,1980,0.184,,,8393.0,,E
Tuvalu,TUV,Oceania,1988,1980,0.273,,,8539.0,,E
Tuvalu,TUV,Oceania,1989,1980,0.057,,,8685.0,,E
Tuvalu,TUV,Oceania,1990,1990,0.401,0.004,0.415,8821.0,0.0,E
Tuvalu,TUV,Oceania,1991,1990,0.714,0.004,0.409,8953.0,0.0,E
Tuvalu,TUV,Oceania,1992,1990,0.411,0.004,0.404,9060.0,0.0,E
Tuvalu,TUV,Oceania,1993,1990,0.037,0.007,0.801,9146.0,0.0,E
Tuvalu,TUV,Oceania,1994,1990,,0.004,0.397,9231.0,0.0,O
Tuvalu,TUV,Oceania,1995,1990,0.392,0.004,0.394,9299.0,0.0,E
Tuvalu,TUV,Oceania,1996,1990,0.36,0.004,0.391,9363.0,0.0,E
Tuvalu,TUV,Oceania,1997,1990,0.41,0.007,0.778,9425.0,0.0,E
Tuvalu,TUV,Oceania,1998,1990,0.193,0.007,0.774,9469.0,0.0,E
Tuvalu,TUV,Oceania,1999,1990,0.389,0.007,0.77,9518.0,0.0,E
Tuvalu,TUV,Oceania,2000,2000,0.498,0.007,0.766,9566.0,0.04,E
Tuvalu,TUV,Oceania,2001,2000,0.764,0.007,0.763,9608.0,0.03,E
Tuvalu,TUV,Oceania,2002,2000,0.783,0.011,1.14,9645.0,0.02,E
Tuvalu,TUV,Oceania,2003,2000,0.588,0.011,1.131,9715.0,0.03,E
Tuvalu,TUV,Oceania,2004,2000,0.65,0.011,1.117,9839.0,0.02,E
Tuvalu,TUV,Oceania,2005,2000,0.921,0.011,1.103,9964.0,0.02,E
Tuvalu,TUV,Oceania,2006,2000,0.741,0.011,1.091,10078.0,0.02,E
Tuvalu,TUV,Oceania,2007,2000,0.84,0.011,1.077,10204.0,0.02,E
Tuvalu,TUV,Oceania,2008,2000,0.524,0.007,0.708,10344.0,0.2,E
Tuvalu,TUV,Oceania,2009,2000,0.671,0.011,1.049,10479.0,0.25,E
Tuvalu,TUV,Oceania,2010,2010,0.895,0.011,1.034,10635.0,0.45,E
Tuvalu,TUV,Oceania,2011,2010,0.76,0.011,1.017,10804.0,0.21,E
Tuvalu,TUV,Oceania,2012,2010,0.567,0.011,1.003,10960.0,0.27,E
Tuvalu,TUV,Oceania,2013,2010,0.638,0.007,0.664,11028.0,0.7,E
Tuvalu,TUV,Oceania,2014,2010,0.601,0.007,0.666,11007.0,0.65,E
Tuvalu,TUV,Oceania,2015,2010,0.753,0.007,0.667,10985.0,3.27,E
Tuvalu,TUV,Oceania,2016,2010,0.877,0.007,0.669,10951.0,6.49,E
Tuvalu,TUV,Oceania,2017,2010,0.968,0.007,0.673,10892.0,6.13,E
Tuvalu,TUV,Oceania,2018,2010,0.93,0.011,1.02,10775.0,5.04,E
Tuvalu,TUV,Oceania,2019,2010,1.033,0.011,1.037,10603.0,4.91,E
Tuvalu,TUV,Oceania,2020,2020,1.151,0.011,1.055,10423.0,5.01,E
Tuvalu,TUV,Oceania,2021,2020,0.644,0.011,1.076,10214.0,4.87,E
Tuvalu,TUV,Oceania,2022,2020,0.618,0.011,1.098,10012.0,4.87,E
Tuvalu,TUV,Oceania,2023,2020,1.149,0.011,1.112,9837.0,4.91,E
Tuvalu,TUV,Oceania,2024,2020,1.335,0.011,1.183,9669.0,4.91,E
"China, Taiwan Province of",TWN,Asia,1970,1970,-0.384,28.734,1.939,14815755.0,,E
"China, Taiwan Province of",TWN,Asia,1971,1970,-0.287,31.475,2.082,15121137.0,,E
"China, Taiwan Province of",TWN,Asia,1972,1970,-0.221,35.872,2.322,15450618.0,,E
"China, Taiwan Province of",TWN,Asia,1973,1970,0.425,40.245,2.552,15772691.0,,E
"China, Taiwan Province of",TWN,Asia,1974,1970,-0.452,39.31,2.444,16082315.0,,E
"China, Taiwan Province of",TWN,Asia,1975,1970,0.137,43.454,2.655,16365267.0,,E
"China, Taiwan Province of",TWN,Asia,1976,1970,-0.646,56.1,3.365,16671501.0,,E
"China, Taiwan Province of",TWN,Asia,1977,1970,0.112,61.13,3.592,17020095.0,,E
"China, Taiwan Province of",TWN,Asia,1978,1970,-0.09,71.028,4.088,17373729.0,,E
"China, Taiwan Province of",TWN,Asia,1979,1970,-0.056,75.766,4.272,17735789.0,,E
"China, Taiwan Province of",TWN,Asia,1980,1980,0.197,83.515,4.618,18086521.0,,E
"China, Taiwan Province of",TWN,Asia,1981,1980,0.101,75.052,4.076,18412829.0,,E
"China, Taiwan Province of",TWN,Asia,1982,1980,-0.138,70.035,3.74,18723986.0,,E
"China, Taiwan Province of",TWN,Asia,1983,1980,0.249,76.553,4.024,19022629.0,,E
"China, Taiwan Province of",TWN,Asia,1984,1980,-0.569,77.606,4.02,19306762.0,,E
"China, Taiwan Province of",TWN,Asia,1985,1980,-0.077,76.449,3.906,19571695.0,,E
"China, Taiwan Province of",TWN,Asia,1986,1980,-0.239,86.162,4.35,19805981.0,,E
"China, Taiwan Province of",TWN,Asia,1987,1980,0.343,90.519,4.522,20015820.0,,E
"China, Taiwan Province of",TWN,Asia,1988,1980,0.283,106.38,5.26,20223658.0,,E
"China, Taiwan Province of",TWN,Asia,1989,1980,0.039,115.01,5.633,20418913.0,,E
"China, Taiwan Province of",TWN,Asia,1990,1990,0.34,124.258,6.033,20594907.0,,E
"China, Taiwan Province of",TWN,Asia,1991,1990,0.538,133.631,6.43,20781752.0,,E
"China, Taiwan Province of",TWN,Asia,1992,1990,-0.217,142.432,6.788,20982088.0,,E
"China, Taiwan Province of",TWN,Asia,1993,1990,0.205,154.046,7.275,21174678.0,,E
"China, Taiwan Province of",TWN,Asia,1994,1990,0.238,161.564,7.565,21357145.0,,E
"China, Taiwan Province of",TWN,Asia,1995,1990,0.094,170.064,7.897,21534497.0,,E
"China, Taiwan Province of",TWN,Asia,1996,1990,-0.083,178.059,8.202,21709270.0,,E
"China, Taiwan Province of",TWN,Asia,1997,1990,0.041,190.782,8.717,21885332.0,,E
"China, Taiwan Province of",TWN,Asia,1998,1990,1.099,200.546,9.095,22049226.0,,E
"China, Taiwan Province of",TWN,Asia,1999,1990,0.637,208.023,9.369,22203788.0,,E
"China, Taiwan Province of",TWN,Asia,2000,2000,0.321,226.934,10.161,22332873.0,,E
"China, Taiwan Province of",TWN,Asia,2001,2000,0.732,231.431,10.31,22446254.0,,E
"China, Taiwan Province of",TWN,Asia,2002,2000,0.888,238.567,10.572,22566898.0,,E
"China, Taiwan Province of",TWN,Asia,2003,2000,0.879,249.129,10.992,22664130.0,,E
"China, Taiwan Province of",TWN,Asia,2004,2000,0.491,259.367,11.403,22745432.0,,E
"China, Taiwan Province of",TWN,Asia,2005,2000,0.718,266.888,11.693,22824932.0,,E
"China, Taiwan Province of",TWN,Asia,2006,2000,0.764,276.552,12.069,22914644.0,,E
"China, Taiwan Province of",TWN,Asia,2007,2000,0.832,280.08,12.174,23006921.0,,E
"China, Taiwan Province of",TWN,Asia,2008,2000,0.612,266.975,11.564,23086238.0,,E
"China, Taiwan Province of",TWN,Asia,2009,2000,0.782,253.028,10.923,23164353.0,,E
"China, Taiwan Province of",TWN,Asia,2010,2010,0.543,270.718,11.657,23224049.0,,E
"China, Taiwan Province of",TWN,Asia,2011,2010,0.104,276.771,11.892,23273078.0,,E
"China, Taiwan Province of",TWN,Asia,2012,2010,0.39,273.282,11.706,23345963.0,,E
"China, Taiwan Province of",TWN,Asia,2013,2010,0.696,274.576,11.726,23416870.0,,E
"China, Taiwan Province of",TWN,Asia,2014,2010,0.509,276.959,11.799,23472811.0,,E
"China, Taiwan Province of",TWN,Asia,2015,2010,0.497,276.264,11.741,23529260.0,,E
"China, Taiwan Province of",TWN,Asia,2016,2010,0.78,280.197,11.88,23586140.0,,E
"China, Taiwan Province of",TWN,Asia,2017,2010,1.11,285.736,12.091,23632950.0,,E
"China, Taiwan Province of",TWN,Asia,2018,2010,0.877,284.151,12.01,23659308.0,,E
"China, Taiwan Province of",TWN,Asia,2019,2010,1.084,274.704,11.604,23674137.0,,E
"China, Taiwan Province of",TWN,Asia,2020,2020,1.522,272.464,11.514,23663461.0,,E
"China, Taiwan Province of",TWN,Asia,2021,2020,1.699,283.821,12.048,23558330.0,,E
"China, Taiwan Province of",TWN,Asia,2022,2020,1.215,273.989,11.699,23420107.0,,E
"China, Taiwan Province of",TWN,Asia,2023,2020,1.309,267.127,11.456,23317145.0,,E
"China, Taiwan Province of",TWN,Asia,2024,2020,1.618,262.345,11.301,23213964.0,,E
United Republic of Tanzania,TZA,Africa,1970,1970,0.225,1.765,0.131,13492674.0,,E
United Republic of Tanzania,TZA,Africa,1971,1970,-0.245,2.461,0.176,13971453.0,,E
United Republic of Tanzania,TZA,Africa,1972,1970,0.055,2.164,0.149,14479311.0,,E
United Republic of Tanzania,TZA,Africa,1973,1970,0.351,3.183,0.212,15010099.0,,E
United Republic of Tanzania,TZA,Africa,1974,1970,-0.144,2.303,0.148,15561633.0,,E
United Republic of Tanzania,TZA,Africa,1975,1970,-0.049,2.282,0.141,16138364.0,,E
United Republic of Tanzania,TZA,Africa,1976,1970,0.004,2.786,0.166,16736216.0,,E
United Republic of Tanzania,TZA,Africa,1977,1970,0.317,2.008,0.116,17352936.0,,E
United Republic of Tanzania,TZA,Africa,1978,1970,0.074,2.197,0.122,17976569.0,,E
United Republic of Tanzania,TZA,Africa,1979,1970,-0.152,2.063,0.111,18592045.0,,E
United Republic of Tanzania,TZA,Africa,1980,1980,0.39,1.874,0.098,19189769.0,,E
United Republic of Tanzania,TZA,Africa,1981,1980,0.332,2.107,0.106,19784713.0,,E
United Republic of Tanzania,TZA,Africa,1982,1980,0.383,2.148,0.105,20398574.0,,E
United Republic of Tanzania,TZA,Africa,1983,1980,0.667,2.196,0.104,21079877.0,,E
United Republic of Tanzania,TZA,Africa,1984,1980,0.069,2.347,0.108,21779064.0,,E
United Republic of Tanzania,TZA,Africa,1985,1980,0.022,2.338,0.104,22501696.0,,E
United Republic of Tanzania,TZA,Africa,1986,1980,0.145,2.278,0.098,23258959.0,,E
United Republic of Tanzania,TZA,Africa,1987,1980,0.585,2.368,0.099,24030376.0,,E
United Republic of Tanzania,TZA,Africa,1988,1980,0.681,2.272,0.092,24769690.0,,E
United Republic of Tanzania,TZA,Africa,1989,1980,-0.082,2.162,0.085,25438759.0,,E
United Republic of Tanzania,TZA,Africa,1990,1990,0.151,2.112,0.081,26110210.0,93.31,E
United Republic of Tanzania,TZA,Africa,1991,1990,0.291,2.255,0.084,26780440.0,93.58,E
United Republic of Tanzania,TZA,Africa,1992,1990,0.298,2.178,0.079,27457599.0,93.72,E
United Republic of Tanzania,TZA,Africa,1993,1990,-0.033,2.426,0.086,28332691.0,94.13,E
United Republic of Tanzania,TZA,Africa,1994,1990,0.358,2.063,0.07,29442357.0,95.19,E
United Republic of Tanzania,TZA,Africa,1995,1990,0.347,2.434,0.08,30383496.0,93.35,E
United Republic of Tanzania,TZA,Africa,1996,1990,0.23,2.527,0.082,30945761.0,92.11,E
United Republic of Tanzania,TZA,Africa,1997,1990,0.614,2.824,0.089,31578093.0,92.67,E
United Republic of Tanzania,TZA,Africa,1998,1990,0.494,2.481,0.077,32420461.0,93.12,E
United Republic of Tanzania,TZA,Africa,1999,1990,-0.222,2.459,0.074,33300335.0,94.21,E
United Republic of Tanzania,TZA,Africa,2000,2000,0.572,2.572,0.075,34260142.0,93.65,E
United Republic of Tanzania,TZA,Africa,2001,2000,0.442,3.041,0.086,35198303.0,93.11,E
United Republic of Tanzania,TZA,Africa,2002,2000,0.664,3.486,0.096,36121301.0,92.41,E
United Republic of Tanzania,TZA,Africa,2003,2000,1.015,3.687,0.099,37089555.0,92.37,E
United Republic of Tanzania,TZA,Africa,2004,2000,0.867,4.221,0.111,38109666.0,91.3,E
United Republic of Tanzania,TZA,Africa,2005,2000,1.117,5.356,0.137,39182083.0,90.34,E
United Republic of Tanzania,TZA,Africa,2006,2000,0.957,5.876,0.146,40294900.0,89.9,E
United Republic of Tanzania,TZA,Africa,2007,2000,0.856,5.706,0.138,41435508.0,90.57,E
United Republic of Tanzania,TZA,Africa,2008,2000,0.54,5.989,0.141,42570728.0,90.31,E
United Republic of Tanzania,TZA,Africa,2009,2000,0.99,5.807,0.133,43633975.0,90.96,E
United Republic of Tanzania,TZA,Africa,2010,2010,1.125,7.194,0.161,44758491.0,89.41,E
United Republic of Tanzania,TZA,Africa,2011,2010,0.82,8.44,0.183,46029371.0,87.63,E
United Republic of Tanzania,TZA,Africa,2012,2010,0.903,10.367,0.219,47374261.0,85.25,E
United Republic of Tanzania,TZA,Africa,2013,2010,0.938,11.251,0.23,48824134.0,84.47,E
United Republic of Tanzania,TZA,Africa,2014,2010,0.938,10.997,0.218,50351506.0,84.72,E
United Republic of Tanzania,TZA,Africa,2015,2010,1.185,12.783,0.246,52020958.0,83.04,E
United Republic of Tanzania,TZA,Africa,2016,2010,1.022,13.529,0.251,53824012.0,81.76,E
United Republic of Tanzania,TZA,Africa,2017,2010,1.461,13.513,0.243,55652888.0,82.0,E
United Republic of Tanzania,TZA,Africa,2018,2010,1.062,14.233,0.248,57437134.0,81.36,E
United Republic of Tanzania,TZA,Africa,2019,2010,1.395,16.191,0.274,59174889.0,80.84,E
United Republic of Tanzania,TZA,Africa,2020,2020,1.078,15.952,0.262,60972803.0,81.89,E
United Republic of Tanzania,TZA,Africa,2021,2020,1.153,17.678,0.281,62830410.0,79.61,E
United Republic of Tanzania,TZA,Africa,2022,2020,1.0,19.702,0.304,64711822.0,78.05,E
United Republic of Tanzania,TZA,Africa,2023,2020,1.374,20.31,0.305,66617607.0,78.06,E
United Republic of Tanzania,TZA,Africa,2024,2020,1.376,20.018,0.292,68560162.0,,E
Uganda,UGA,Africa,1970,1970,0.038,1.443,0.14,10321608.0,,E
Uganda,UGA,Africa,1971,1970,-0.151,1.438,0.135,10618207.0,,E
Uganda,UGA,Africa,1972,1970,0.129,1.378,0.127,10885795.0,,E
Uganda,UGA,Africa,1973,1970,0.398,1.176,0.106,11144237.0,,E
Uganda,UGA,Africa,1974,1970,-0.082,1.19,0.104,11424845.0,,E
Uganda,UGA,Africa,1975,1970,0.0,1.129,0.096,11725240.0,,E
Uganda,UGA,Africa,1976,1970,0.059,0.985,0.082,12037302.0,,E
Uganda,UGA,Africa,1977,1970,0.188,0.802,0.065,12359671.0,,E
Uganda,UGA,Africa,1978,1970,0.131,0.695,0.055,12692122.0,,E
Uganda,UGA,Africa,1979,1970,0.387,0.671,0.052,13002167.0,,E
Uganda,UGA,Africa,1980,1980,0.778,0.63,0.047,13275751.0,,E
Uganda,UGA,Africa,1981,1980,0.629,0.531,0.039,13556457.0,,E
Uganda,UGA,Africa,1982,1980,0.598,0.545,0.039,13873637.0,,E
Uganda,UGA,Africa,1983,1980,0.873,0.617,0.043,14221891.0,,E
Uganda,UGA,Africa,1984,1980,0.488,0.58,0.04,14607679.0,,E
Uganda,UGA,Africa,1985,1980,0.341,0.617,0.041,15023679.0,,E
Uganda,UGA,Africa,1986,1980,0.481,0.702,0.045,15467581.0,,E
Uganda,UGA,Africa,1987,1980,0.825,0.772,0.048,15954165.0,,E
Uganda,UGA,Africa,1988,1980,0.671,0.863,0.052,16470485.0,,E
Uganda,UGA,Africa,1989,1980,0.135,0.804,0.047,17010704.0,,E
Uganda,UGA,Africa,1990,1990,0.469,0.761,0.043,17569895.0,96.58,E
Uganda,UGA,Africa,1991,1990,0.387,0.783,0.043,18155901.0,96.59,E
Uganda,UGA,Africa,1992,1990,0.443,0.801,0.043,18785037.0,96.67,E
Uganda,UGA,Africa,1993,1990,0.344,0.797,0.041,19445161.0,96.76,E
Uganda,UGA,Africa,1994,1990,0.386,0.712,0.035,20108804.0,97.29,E
Uganda,UGA,Africa,1995,1990,0.611,0.925,0.045,20665673.0,96.53,E
Uganda,UGA,Africa,1996,1990,0.456,1.018,0.048,21231553.0,96.26,E
Uganda,UGA,Africa,1997,1990,0.827,1.062,0.049,21856044.0,95.9,E
Uganda,UGA,Africa,1998,1990,0.691,1.209,0.054,22515809.0,95.45,E
Uganda,UGA,Africa,1999,1990,0.413,1.255,0.054,23257279.0,95.48,E
Uganda,UGA,Africa,2000,2000,0.477,1.361,0.057,24000158.0,95.29,E
Uganda,UGA,Africa,2001,2000,0.31,1.417,0.057,24745678.0,95.49,E
Uganda,UGA,Africa,2002,2000,0.866,1.443,0.056,25532872.0,95.62,E
Uganda,UGA,Africa,2003,2000,1.029,1.513,0.057,26352124.0,95.55,E
Uganda,UGA,Africa,2004,2000,0.839,1.607,0.059,27154513.0,95.32,E
Uganda,UGA,Africa,2005,2000,1.409,2.018,0.072,27963287.0,94.47,E
Uganda,UGA,Africa,2006,2000,1.201,2.387,0.083,28794005.0,94.21,E
Uganda,UGA,Africa,2007,2000,0.592,2.706,0.091,29653437.0,94.14,E
Uganda,UGA,Africa,2008,2000,0.774,2.78,0.091,30539547.0,94.13,E
Uganda,UGA,Africa,2009,2000,1.381,2.996,0.095,31451147.0,94.26,E
Uganda,UGA,Africa,2010,2010,1.502,3.57,0.11,32390801.0,93.63,E
Uganda,UGA,Africa,2011,2010,1.097,3.828,0.115,33354541.0,93.3,E
Uganda,UGA,Africa,2012,2010,1.138,3.627,0.106,34337436.0,93.45,E
Uganda,UGA,Africa,2013,2010,1.094,3.755,0.106,35337050.0,93.07,E
Uganda,UGA,Africa,2014,2010,1.147,4.09,0.112,36395542.0,92.4,E
Uganda,UGA,Africa,2015,2010,1.202,4.529,0.121,37531444.0,91.71,E
Uganda,UGA,Africa,2016,2010,1.298,4.817,0.124,38799153.0,91.43,E
Uganda,UGA,Africa,2017,2010,1.75,5.406,0.135,40177384.0,91.33,E
Uganda,UGA,Africa,2018,2010,1.087,5.549,0.133,41565839.0,90.53,E
Uganda,UGA,Africa,2019,2010,1.616,5.761,0.134,42999636.0,90.56,E
Uganda,UGA,Africa,2020,2020,1.21,5.571,0.125,44457148.0,90.92,E
Uganda,UGA,Africa,2021,2020,1.493,6.232,0.136,45910931.0,90.1,E
Uganda,UGA,Africa,2022,2020,1.423,6.128,0.13,47312718.0,88.95,E
Uganda,UGA,Africa,2023,2020,1.558,6.236,0.128,48656606.0,88.18,E
Uganda,UGA,Africa,2024,2020,1.606,6.334,0.127,50015091.0,88.16,E
Ukraine,UKR,Europe,1970,1970,,456.476,9.659,47261309.0,,
Ukraine,UKR,Europe,1971,1970,,484.372,10.182,47573291.0,,
Ukraine,UKR,Europe,1972,1970,,509.616,10.629,47946893.0,,
Ukraine,UKR,Europe,1973,1970,,531.097,11.001,48277120.0,,
Ukraine,UKR,Europe,1974,1970,,551.258,11.348,48576573.0,,
Ukraine,UKR,Europe,1975,1970,,579.427,11.858,48865230.0,,
Ukraine,UKR,Europe,1976,1970,,601.716,12.25,49120842.0,,
Ukraine,UKR,Europe,1977,1970,,622.134,12.61,49336485.0,,
Ukraine,UKR,Europe,1978,1970,,643.431,12.993,49521243.0,,
Ukraine,UKR,Europe,1979,1970,,648.771,13.048,49721384.0,,
Ukraine,UKR,Europe,1980,1980,,674.349,13.499,49955147.0,,
Ukraine,UKR,Europe,1981,1980,,661.273,13.176,50189280.0,,
Ukraine,UKR,Europe,1982,1980,,673.809,13.369,50402724.0,,
Ukraine,UKR,Europe,1983,1980,,683.29,13.494,50637026.0,,
Ukraine,UKR,Europe,1984,1980,,689.314,13.546,50887600.0,,
Ukraine,UKR,Europe,1985,1980,,743.673,14.551,51108771.0,,
Ukraine,UKR,Europe,1986,1980,,740.756,14.434,51318738.0,,
Ukraine,UKR,Europe,1987,1980,,734.119,14.25,51515727.0,,
Ukraine,UKR,Europe,1988,1980,,727.528,14.065,51724854.0,,
Ukraine,UKR,Europe,1989,1980,,683.856,13.172,51917825.0,,
Ukraine,UKR,Europe,1990,1990,,706.526,13.573,52054096.0,0.65,
Ukraine,UKR,Europe,1991,1990,,633.194,12.137,52170967.0,0.7,
Ukraine,UKR,Europe,1992,1990,0.467,589.505,11.267,52323675.0,0.6,E
Ukraine,UKR,Europe,1993,1990,-0.736,510.495,9.752,52350122.0,0.89,E
Ukraine,UKR,Europe,1994,1990,1.149,419.63,8.058,52076000.0,1.1,E
Ukraine,UKR,Europe,1995,1990,0.943,390.173,7.552,51665535.0,0.98,E
Ukraine,UKR,Europe,1996,1990,-0.418,351.834,6.868,51226111.0,0.9,E
Ukraine,UKR,Europe,1997,1990,-0.34,340.586,6.706,50786881.0,1.02,E
Ukraine,UKR,Europe,1998,1990,0.725,328.878,6.528,50379728.0,1.58,E
Ukraine,UKR,Europe,1999,1990,1.151,298.636,5.976,49976445.0,1.45,E
Ukraine,UKR,Europe,2000,2000,1.42,285.663,5.764,49556654.0,1.25,E
Ukraine,UKR,Europe,2001,2000,1.79,303.876,6.188,49106854.0,1.23,E
Ukraine,UKR,Europe,2002,2000,1.534,295.901,6.079,48677280.0,1.03,E
Ukraine,UKR,Europe,2003,2000,-0.271,307.245,6.359,48315133.0,0.99,E
Ukraine,UKR,Europe,2004,2000,0.903,310.626,6.474,47979502.0,1.21,E
Ukraine,UKR,Europe,2005,2000,1.001,313.513,6.588,47585558.0,1.27,E
Ukraine,UKR,Europe,2006,2000,0.245,333.054,7.044,47278691.0,1.75,E
Ukraine,UKR,Europe,2007,2000,2.36,336.829,7.157,47062802.0,2.39,E
Ukraine,UKR,Europe,2008,2000,1.608,325.983,6.963,46819168.0,2.72,E
Ukraine,UKR,Europe,2009,2000,1.585,277.593,5.954,46623731.0,2.96,E
Ukraine,UKR,Europe,2010,2010,1.623,294.366,6.336,46455997.0,2.88,E
Ukraine,UKR,Europe,2011,2010,0.553,308.376,6.659,46307854.0,2.74,E
Ukraine,UKR,Europe,2012,2010,1.929,304.43,6.588,46210051.0,2.86,E
Ukraine,UKR,Europe,2013,2010,1.481,297.54,6.45,46126760.0,3.49,E
Ukraine,UKR,Europe,2014,2010,1.671,257.703,5.606,45972379.0,3.5,E
Ukraine,UKR,Europe,2015,2010,2.025,223.85,4.889,45784904.0,4.15,E
Ukraine,UKR,Europe,2016,2010,2.059,234.106,5.132,45616831.0,5.48,E
Ukraine,UKR,Europe,2017,2010,1.363,223.288,4.914,45436037.0,6.48,E
Ukraine,UKR,Europe,2018,2010,2.178,231.9,5.13,45208903.0,6.92,E
Ukraine,UKR,Europe,2019,2010,2.308,222.188,4.942,44957451.0,7.44,E
Ukraine,UKR,Europe,2020,2020,3.051,207.101,4.635,44680008.0,8.72,E
Ukraine,UKR,Europe,2021,2020,1.369,210.636,4.755,44298642.0,9.0,E
Ukraine,UKR,Europe,2022,2020,1.83,143.04,3.485,41048768.0,11.46,E
Ukraine,UKR,Europe,2023,2020,2.685,139.325,3.692,37732833.0,11.98,E
Ukraine,UKR,Europe,2024,2020,3.418,142.498,3.764,37860221.0,,E
Uruguay,URY,South America,1970,1970,0.414,5.736,2.055,2790811.0,,E
Uruguay,URY,South America,1971,1970,-0.306,5.802,2.067,2806462.0,,E
Uruguay,URY,South America,1972,1970,0.258,6.069,2.151,2821648.0,,E
Uruguay,URY,South America,1973,1970,-0.109,5.769,2.033,2837143.0,,E
Uruguay,URY,South America,1974,1970,-0.04,5.677,1.989,2853947.0,,E
Uruguay,URY,South America,1975,1970,0.039,5.962,2.076,2872328.0,,E
Uruguay,URY,South America,1976,1970,-0.324,5.888,2.036,2891395.0,,E
Uruguay,URY,South America,1977,1970,0.487,5.641,1.939,2909469.0,,E
Uruguay,URY,South America,1978,1970,0.087,5.732,1.959,2925714.0,,E
Uruguay,URY,South America,1979,1970,0.121,6.266,2.131,2939906.0,,E
Uruguay,URY,South America,1980,1980,0.551,5.824,1.973,2951956.0,,E
Uruguay,URY,South America,1981,1980,0.499,5.362,1.809,2963250.0,,E
Uruguay,URY,South America,1982,1980,0.573,4.86,1.633,2975490.0,,E
Uruguay,URY,South America,1983,1980,-0.036,3.808,1.274,2988779.0,,E
Uruguay,URY,South America,1984,1980,0.129,3.442,1.146,3002495.0,,E
Uruguay,URY,South America,1985,1980,0.447,3.288,1.09,3017044.0,,E
Uruguay,URY,South America,1986,1980,0.767,3.17,1.045,3032846.0,,E
Uruguay,URY,South America,1987,1980,0.341,3.549,1.164,3049896.0,,E
Uruguay,URY,South America,1988,1980,-0.5,4.793,1.562,3067957.0,,E
Uruguay,URY,South America,1989,1980,0.731,4.863,1.576,3086254.0,,E
Uruguay,URY,South America,1990,1990,0.587,3.977,1.281,3104404.0,44.79,E
Uruguay,URY,South America,1991,1990,0.351,4.537,1.453,3122357.0,43.74,E
Uruguay,URY,South America,1992,1990,0.19,5.151,1.641,3139704.0,43.29,E
Uruguay,URY,South America,1993,1990,0.319,4.447,1.409,3156351.0,42.68,E
Uruguay,URY,South America,1994,1990,0.485,4.041,1.274,3172839.0,42.2,E
Uruguay,URY,South America,1995,1990,0.316,4.565,1.431,3189438.0,41.04,E
Uruguay,URY,South America,1996,1990,0.513,5.414,1.688,3206329.0,37.53,E
Uruguay,URY,South America,1997,1990,1.169,5.522,1.713,3223349.0,37.7,E
Uruguay,URY,South America,1998,1990,0.18,5.651,1.745,3239286.0,36.87,E
Uruguay,URY,South America,1999,1990,0.138,6.689,2.056,3254020.0,33.26,E
Uruguay,URY,South America,2000,2000,0.403,5.277,1.616,3266212.0,38.73,E
Uruguay,URY,South America,2001,2000,1.301,5.041,1.539,3274257.0,41.63,E
Uruguay,URY,South America,2002,2000,0.681,4.569,1.394,3278868.0,43.25,E
Uruguay,URY,South America,2003,2000,0.373,4.537,1.383,3281188.0,43.83,E
Uruguay,URY,South America,2004,2000,0.536,5.574,1.698,3283157.0,39.31,E
Uruguay,URY,South America,2005,2000,0.877,5.737,1.746,3285776.0,41.32,E
Uruguay,URY,South America,2006,2000,0.645,6.611,2.01,3289508.0,37.6,E
Uruguay,URY,South America,2007,2000,0.231,5.96,1.809,3295155.0,43.2,E
Uruguay,URY,South America,2008,2000,0.785,8.218,2.489,3302184.0,44.09,E
Uruguay,URY,South America,2009,2000,0.577,7.99,2.414,3310093.0,44.64,E
Uruguay,URY,South America,2010,2010,0.333,6.322,1.905,3318581.0,53.29,E
Uruguay,URY,South America,2011,2010,0.526,7.686,2.31,3326829.0,49.67,E
Uruguay,URY,South America,2012,2010,0.938,8.605,2.58,3335406.0,47.85,E
Uruguay,URY,South America,2013,2010,0.252,7.491,2.239,3345335.0,51.87,E
Uruguay,URY,South America,2014,2010,1.255,6.684,1.991,3356343.0,56.7,E
Uruguay,URY,South America,2015,2010,1.16,6.738,2.001,3368022.0,59.4,E
Uruguay,URY,South America,2016,2010,0.411,6.52,1.93,3379279.0,60.32,E
Uruguay,URY,South America,2017,2010,1.664,6.151,1.815,3388444.0,60.82,E
Uruguay,URY,South America,2018,2010,1.344,6.57,1.936,3394538.0,60.83,E
Uruguay,URY,South America,2019,2010,0.982,6.408,1.886,3397206.0,59.34,E
Uruguay,URY,South America,2020,2020,1.004,6.477,1.906,3398966.0,61.21,E
Uruguay,URY,South America,2021,2020,0.962,7.829,2.305,3396693.0,57.84,E
Uruguay,URY,South America,2022,2020,0.577,7.501,2.212,3390913.0,57.45,E
Uruguay,URY,South America,2023,2020,1.7,7.627,2.251,3388083.0,60.47,E
Uruguay,URY,South America,2024,2020,1.084,7.973,2.354,3386583.0,,E
United States of America,USA,North America,1970,1970,-0.021,4339.704,20.884,207796338.0,,E
United States of America,USA,North America,1971,1970,-0.414,4365.483,20.746,210426423.0,,E
United States of America,USA,North America,1972,1970,-0.261,4573.034,21.486,212842571.0,,E
United States of America,USA,North America,1973,1970,-0.029,4777.725,22.221,215006548.0,,E
United States of America,USA,North America,1974,1970,0.089,4608.462,21.23,217076475.0,,E
United States of America,USA,North America,1975,1970,-0.372,4414.455,20.145,219129299.0,,E
United States of America,USA,North America,1976,1970,-0.12,4621.539,20.896,221168755.0,,E
United States of America,USA,North America,1977,1970,0.396,4749.501,21.273,223259417.0,,E
United States of America,USA,North America,1978,1970,0.038,4897.339,21.728,225396097.0,,E
United States of America,USA,North America,1979,1970,-0.313,4908.766,21.57,227575082.0,,E
United States of America,USA,North America,1980,1980,0.422,4730.218,20.579,229858656.0,,E
United States of America,USA,North America,1981,1980,0.877,4543.633,19.568,232201613.0,,E
United States of America,USA,North America,1982,1980,-0.337,4311.918,18.381,234583155.0,,E
United States of America,USA,North America,1983,1980,0.542,4346.381,18.34,236986362.0,,E
United States of America,USA,North America,1984,1980,-0.235,4479.379,18.714,239353967.0,,E
United States of America,USA,North America,1985,1980,-0.025,4495.378,18.6,241690438.0,,E
United States of America,USA,North America,1986,1980,0.585,4498.136,18.438,243953807.0,,E
United States of America,USA,North America,1987,1980,0.917,4691.93,19.06,246161292.0,,E
United States of America,USA,North America,1988,1980,0.482,4897.776,19.718,248393236.0,,E
United States of America,USA,North America,1989,1980,0.315,4960.238,19.788,250675047.0,,E
United States of America,USA,North America,1990,1990,0.675,5131.761,20.254,253373387.0,4.18,E
United States of America,USA,North America,1991,1990,0.531,5076.413,19.793,256471424.0,4.51,E
United States of America,USA,North America,1992,1990,0.398,5178.77,19.949,259606021.0,4.76,E
United States of America,USA,North America,1993,1990,0.01,5279.52,20.102,262633229.0,4.28,E
United States of America,USA,North America,1994,1990,0.47,5361.863,20.197,265474811.0,4.09,E
United States of America,USA,North America,1995,1990,0.641,5425.837,20.23,268205796.0,4.73,E
United States of America,USA,North America,1996,1990,-0.005,5601.094,20.679,270860695.0,4.76,E
United States of America,USA,North America,1997,1990,0.389,5673.144,20.745,273468014.0,4.51,E
United States of America,USA,North America,1998,1990,1.276,5736.36,20.775,276119323.0,4.53,E
United States of America,USA,North America,1999,1990,0.758,5800.281,20.806,278785482.0,5.71,E
United States of America,USA,North America,2000,2000,1.004,6023.158,21.398,281484126.0,5.43,E
United States of America,USA,North America,2001,2000,0.789,5903.562,20.767,284279634.0,4.68,E
United States of America,USA,North America,2002,2000,0.955,5947.819,20.718,287084335.0,4.84,E
United States of America,USA,North America,2003,2000,0.99,6006.44,20.718,289908091.0,5.33,E
United States of America,USA,North America,2004,2000,0.863,6111.545,20.874,292786248.0,5.48,E
United States of America,USA,North America,2005,2000,1.155,6126.903,20.719,295716666.0,5.84,E
United States of America,USA,North America,2006,2000,1.03,6045.326,20.237,298730208.0,6.4,E
United States of America,USA,North America,2007,2000,1.15,6121.542,20.28,301844223.0,6.3,E
United States of America,USA,North America,2008,2000,0.215,5919.221,19.409,304970325.0,6.85,E
United States of America,USA,North America,2009,2000,0.405,5486.104,17.811,308023452.0,7.35,E
United States of America,USA,North America,2010,2010,0.707,5669.25,18.225,311062785.0,7.44,E
United States of America,USA,North America,2011,2010,0.541,5538.973,17.634,314105075.0,8.36,E
United States of America,USA,North America,2012,2010,1.46,5331.467,16.812,317115349.0,8.53,E
United States of America,USA,North America,2013,2010,0.618,5473.436,17.099,320110752.0,8.88,E
United States of America,USA,North America,2014,2010,0.514,5531.385,17.119,323115377.0,9.02,E
United States of America,USA,North America,2015,2010,1.535,5368.497,16.461,326126496.0,8.91,E
United States of America,USA,North America,2016,2010,2.206,5245.362,15.935,329179423.0,9.33,E
United States of America,USA,North America,2017,2010,1.415,5195.417,15.639,332204657.0,9.74,E
United States of America,USA,North America,2018,2010,1.254,5361.236,16.001,335056492.0,9.95,E
United States of America,USA,North America,2019,2010,1.009,5235.912,15.5,337790069.0,10.26,E
United States of America,USA,North America,2020,2020,1.307,4689.954,13.817,339436156.0,11.03,E
United States of America,USA,North America,2021,2020,1.149,5020.111,14.758,340161438.0,10.97,E
United States of America,USA,North America,2022,2020,1.199,5055.403,14.802,341534041.0,11.36,E
United States of America,USA,North America,2023,2020,1.194,4918.407,14.319,343477330.0,12.25,E
United States of America,USA,North America,2024,2020,1.947,4904.12,14.197,345426566.0,,E
Uzbekistan,UZB,Asia,1970,1970,,60.628,5.154,11762643.0,,
Uzbekistan,UZB,Asia,1971,1970,,64.492,5.325,12111512.0,,
Uzbekistan,UZB,Asia,1972,1970,,67.864,5.444,12465108.0,,
Uzbekistan,UZB,Asia,1973,1970,,70.769,5.515,12831046.0,,
Uzbekistan,UZB,Asia,1974,1970,,73.506,5.565,13209013.0,,
Uzbekistan,UZB,Asia,1975,1970,,77.3,5.684,13598521.0,,
Uzbekistan,UZB,Asia,1976,1970,,80.283,5.735,13998620.0,,
Uzbekistan,UZB,Asia,1977,1970,,83.003,5.761,14408815.0,,
Uzbekistan,UZB,Asia,1978,1970,,85.864,5.795,14816350.0,,
Uzbekistan,UZB,Asia,1979,1970,,86.553,5.688,15215588.0,,
Uzbekistan,UZB,Asia,1980,1980,,89.878,5.754,15619935.0,,
Uzbekistan,UZB,Asia,1981,1980,,88.283,5.506,16035031.0,,
Uzbekistan,UZB,Asia,1982,1980,,89.966,5.465,16462742.0,,
Uzbekistan,UZB,Asia,1983,1980,,91.261,5.397,16908402.0,,
Uzbekistan,UZB,Asia,1984,1980,,92.106,5.3,17378855.0,,
Uzbekistan,UZB,Asia,1985,1980,,99.282,5.554,17875337.0,,
Uzbekistan,UZB,Asia,1986,1980,,95.238,5.177,18395621.0,,
Uzbekistan,UZB,Asia,1987,1980,,97.685,5.16,18930068.0,,
Uzbekistan,UZB,Asia,1988,1980,,101.107,5.195,19460634.0,,
Uzbekistan,UZB,Asia,1989,1980,,104.127,5.212,19977192.0,,
Uzbekistan,UZB,Asia,1990,1990,,103.123,5.039,20464963.0,1.3,
Uzbekistan,UZB,Asia,1991,1990,,102.324,4.881,20962908.0,1.22,
Uzbekistan,UZB,Asia,1992,1990,0.154,110.991,5.166,21485095.0,1.41,E
Uzbekistan,UZB,Asia,1993,1990,-0.179,115.619,5.258,21987960.0,1.62,E
Uzbekistan,UZB,Asia,1994,1990,-0.003,109.787,4.887,22463295.0,1.59,E
Uzbekistan,UZB,Asia,1995,1990,1.419,104.804,4.573,22917588.0,1.47,E
Uzbekistan,UZB,Asia,1996,1990,-0.42,108.189,4.633,23351981.0,1.66,E
Uzbekistan,UZB,Asia,1997,1990,1.57,109.029,4.589,23758961.0,1.45,E
Uzbekistan,UZB,Asia,1998,1990,0.512,120.976,5.012,24134930.0,1.23,E
Uzbekistan,UZB,Asia,1999,1990,1.323,123.588,5.049,24476013.0,1.47,E
Uzbekistan,UZB,Asia,2000,2000,1.408,123.478,4.982,24787052.0,0.71,E
Uzbekistan,UZB,Asia,2001,2000,1.578,126.223,5.031,25090289.0,0.78,E
Uzbekistan,UZB,Asia,2002,2000,1.853,132.577,5.22,25399987.0,1.01,E
Uzbekistan,UZB,Asia,2003,2000,0.164,130.296,5.068,25711261.0,1.42,E
Uzbekistan,UZB,Asia,2004,2000,1.948,129.099,4.96,26029350.0,1.04,E
Uzbekistan,UZB,Asia,2005,2000,1.389,121.602,4.614,26356977.0,1.62,E
Uzbekistan,UZB,Asia,2006,2000,1.6,124.899,4.678,26699046.0,0.85,E
Uzbekistan,UZB,Asia,2007,2000,1.397,123.823,4.573,27076013.0,0.89,E
Uzbekistan,UZB,Asia,2008,2000,0.722,128.387,4.669,27494780.0,0.79,E
Uzbekistan,UZB,Asia,2009,2000,1.086,109.23,3.91,27939333.0,1.25,E
Uzbekistan,UZB,Asia,2010,2010,1.809,107.668,3.793,28385509.0,1.34,E
Uzbekistan,UZB,Asia,2011,2010,1.072,116.755,4.051,28823194.0,0.95,E
Uzbekistan,UZB,Asia,2012,2010,0.7,118.86,4.062,29261908.0,1.33,E
Uzbekistan,UZB,Asia,2013,2010,1.552,112.395,3.781,29724065.0,1.18,E
Uzbekistan,UZB,Asia,2014,2010,0.193,107.496,3.557,30222994.0,1.39,E
Uzbekistan,UZB,Asia,2015,2010,1.423,103.374,3.362,30749349.0,1.7,E
Uzbekistan,UZB,Asia,2016,2010,2.306,109.837,3.511,31284565.0,1.6,E
Uzbekistan,UZB,Asia,2017,2010,1.807,108.883,3.422,31819172.0,1.74,E
Uzbekistan,UZB,Asia,2018,2010,1.063,102.33,3.161,32373489.0,1.5,E
Uzbekistan,UZB,Asia,2019,2010,1.941,107.947,3.275,32964700.0,1.59,E
Uzbekistan,UZB,Asia,2020,2020,1.719,108.139,3.22,33586373.0,1.03,E
Uzbekistan,UZB,Asia,2021,2020,1.548,123.162,3.597,34243696.0,1.0,E
Uzbekistan,UZB,Asia,2022,2020,2.627,119.105,3.409,34938953.0,1.39,E
Uzbekistan,UZB,Asia,2023,2020,2.433,122.872,3.446,35652311.0,1.44,E
Uzbekistan,UZB,Asia,2024,2020,2.138,139.234,3.829,36361859.0,,E
Holy See,VAT,Europe,1970,1970,-0.118,,,758.0,,E
Holy See,VAT,Europe,1971,1970,-0.209,,,750.0,,E
Holy See,VAT,Europe,1972,1970,-0.136,,,746.0,,E
Holy See,VAT,Europe,1973,1970,0.052,,,745.0,,E
Holy See,VAT,Europe,1974,1970,-0.22,,,743.0,,E
Holy See,VAT,Europe,1975,1970,-0.167,,,742.0,,E
Holy See,VAT,Europe,1976,1970,-0.432,,,746.0,,E
Holy See,VAT,Europe,1977,1970,0.288,,,749.0,,E
Holy See,VAT,Europe,1978,1970,-0.64,,,752.0,,E
Holy See,VAT,Europe,1979,1970,0.047,,,755.0,,E
Holy See,VAT,Europe,1980,1980,-0.598,,,754.0,,E
Holy See,VAT,Europe,1981,1980,-0.509,,,753.0,,E
Holy See,VAT,Europe,1982,1980,0.526,,,750.0,,E
Holy See,VAT,Europe,1983,1980,0.194,,,747.0,,E
Holy See,VAT,Europe,1984,1980,-0.58,,,744.0,,E
Holy See,VAT,Europe,1985,1980,0.28,,,741.0,,E
Holy See,VAT,Europe,1986,1980,0.61,,,740.0,,E
Holy See,VAT,Europe,1987,1980,0.203,,,740.0,,E
Holy See,VAT,Europe,1988,1980,0.719,,,737.0,,E
Holy See,VAT,Europe,1989,1980,0.114,,,737.0,,E
Holy See,VAT,Europe,1990,1990,1.09,,,736.0,,E
Holy See,VAT,Europe,1991,1990,-0.071,,,737.0,,E
Holy See,VAT,Europe,1992,1990,0.45,,,736.0,,E
Holy See,VAT,Europe,1993,1990,0.402,,,729.0,,E
Holy See,VAT,Europe,1994,1990,1.394,,,720.0,,E
Holy See,VAT,Europe,1995,1990,0.107,,,714.0,,E
Holy See,VAT,Europe,1996,1990,0.273,,,709.0,,E
Holy See,VAT,Europe,1997,1990,0.767,,,706.0,,E
Holy See,VAT,Europe,1998,1990,0.847,,,707.0,,E
Holy See,VAT,Europe,1999,1990,0.701,,,706.0,,E
Holy See,VAT,Europe,2000,2000,1.107,,,701.0,,E
Holy See,VAT,Europe,2001,2000,1.476,,,691.0,,E
Holy See,VAT,Europe,2002,2000,0.731,,,684.0,,E
Holy See,VAT,Europe,2003,2000,1.503,,,674.0,,E
Holy See,VAT,Europe,2004,2000,0.503,,,667.0,,E
Holy See,VAT,Europe,2005,2000,0.432,,,667.0,,E
Holy See,VAT,Europe,2006,2000,0.615,,,664.0,,E
Holy See,VAT,Europe,2007,2000,1.324,,,657.0,,E
Holy See,VAT,Europe,2008,2000,0.965,,,648.0,,E
Holy See,VAT,Europe,2009,2000,0.998,,,637.0,,E
Holy See,VAT,Europe,2010,2010,0.708,,,629.0,,E
Holy See,VAT,Europe,2011,2010,0.958,,,624.0,,E
Holy See,VAT,Europe,2012,2010,1.447,,,612.0,,E
Holy See,VAT,Europe,2013,2010,0.835,,,598.0,,E
Holy See,VAT,Europe,2014,2010,1.295,,,587.0,,E
Holy See,VAT,Europe,2015,2010,1.415,,,579.0,,E
Holy See,VAT,Europe,2016,2010,1.499,,,571.0,,E
Holy See,VAT,Europe,2017,2010,1.23,,,563.0,,E
Holy See,VAT,Europe,2018,2010,1.797,,,552.0,,E
Holy See,VAT,Europe,2019,2010,1.427,,,543.0,,E
Holy See,VAT,Europe,2020,2020,1.524,,,536.0,,E
Holy See,VAT,Europe,2021,2020,1.327,,,527.0,,E
Holy See,VAT,Europe,2022,2020,1.805,,,513.0,,E
Holy See,VAT,Europe,2023,2020,1.966,,,501.0,,E
Holy See,VAT,Europe,2024,2020,2.488,,,507.0,,E
Saint Vincent and the Grenadines,VCT,North America,1970,1970,0.19,0.029,0.305,95977.0,,E
Saint Vincent and the Grenadines,VCT,North America,1971,1970,-0.473,0.029,0.303,96892.0,,E
Saint Vincent and the Grenadines,VCT,North America,1972,1970,-0.255,0.037,0.375,97805.0,,E
Saint Vincent and the Grenadines,VCT,North America,1973,1970,0.03,0.04,0.408,98704.0,,E
Saint Vincent and the Grenadines,VCT,North America,1974,1970,-0.481,0.033,0.331,99577.0,,E
Saint Vincent and the Grenadines,VCT,North America,1975,1970,-0.402,0.033,0.328,100404.0,,E
Saint Vincent and the Grenadines,VCT,North America,1976,1970,-0.094,0.033,0.326,101218.0,,E
Saint Vincent and the Grenadines,VCT,North America,1977,1970,0.007,0.033,0.323,102013.0,,E
Saint Vincent and the Grenadines,VCT,North America,1978,1970,0.175,0.037,0.356,102785.0,,E
Saint Vincent and the Grenadines,VCT,North America,1979,1970,0.405,0.029,0.283,103496.0,,E
Saint Vincent and the Grenadines,VCT,North America,1980,1980,0.332,0.037,0.352,104229.0,,E
Saint Vincent and the Grenadines,VCT,North America,1981,1980,0.438,0.037,0.349,105092.0,,E
Saint Vincent and the Grenadines,VCT,North America,1982,1980,0.206,0.04,0.38,105986.0,,E
Saint Vincent and the Grenadines,VCT,North America,1983,1980,0.5,0.048,0.446,106858.0,,E
Saint Vincent and the Grenadines,VCT,North America,1984,1980,0.127,0.066,0.612,107706.0,,E
Saint Vincent and the Grenadines,VCT,North America,1985,1980,-0.255,0.066,0.608,108526.0,,E
Saint Vincent and the Grenadines,VCT,North America,1986,1980,0.026,0.066,0.603,109302.0,,E
Saint Vincent and the Grenadines,VCT,North America,1987,1980,0.669,0.077,0.699,110018.0,,E
Saint Vincent and the Grenadines,VCT,North America,1988,1980,0.692,0.066,0.596,110678.0,,E
Saint Vincent and the Grenadines,VCT,North America,1989,1980,0.083,0.077,0.691,111290.0,,E
Saint Vincent and the Grenadines,VCT,North America,1990,1990,0.518,0.081,0.721,111825.0,15.44,E
Saint Vincent and the Grenadines,VCT,North America,1991,1990,0.554,0.084,0.751,112236.0,11.6,E
Saint Vincent and the Grenadines,VCT,North America,1992,1990,0.6,0.084,0.749,112524.0,13.17,E
Saint Vincent and the Grenadines,VCT,North America,1993,1990,0.673,0.103,0.91,112753.0,12.28,E
Saint Vincent and the Grenadines,VCT,North America,1994,1990,0.767,0.121,1.071,112933.0,10.47,E
Saint Vincent and the Grenadines,VCT,North America,1995,1990,1.037,0.128,1.134,113064.0,9.1,E
Saint Vincent and the Grenadines,VCT,North America,1996,1990,0.785,0.132,1.166,113136.0,8.99,E
Saint Vincent and the Grenadines,VCT,North America,1997,1990,0.957,0.132,1.166,113158.0,8.78,E
Saint Vincent and the Grenadines,VCT,North America,1998,1990,1.532,0.161,1.424,113195.0,7.15,E
Saint Vincent and the Grenadines,VCT,North America,1999,1990,0.973,0.165,1.454,113384.0,6.54,E
Saint Vincent and the Grenadines,VCT,North America,2000,2000,0.819,0.143,1.258,113561.0,8.49,E
Saint Vincent and the Grenadines,VCT,North America,2001,2000,1.022,0.176,1.549,113506.0,6.19,E
Saint Vincent and the Grenadines,VCT,North America,2002,2000,0.952,0.187,1.648,113365.0,6.07,E
Saint Vincent and the Grenadines,VCT,North America,2003,2000,1.203,0.202,1.781,113149.0,5.63,E
Saint Vincent and the Grenadines,VCT,North America,2004,2000,0.725,0.22,1.948,112856.0,5.86,E
Saint Vincent and the Grenadines,VCT,North America,2005,2000,1.189,0.22,1.955,112465.0,5.81,E
Saint Vincent and the Grenadines,VCT,North America,2006,2000,0.967,0.22,1.962,112027.0,5.29,E
Saint Vincent and the Grenadines,VCT,North America,2007,2000,0.929,0.238,2.135,111544.0,4.71,E
Saint Vincent and the Grenadines,VCT,North America,2008,2000,0.776,0.22,1.98,111047.0,5.33,E
Saint Vincent and the Grenadines,VCT,North America,2009,2000,0.795,0.278,2.52,110521.0,4.1,E
Saint Vincent and the Grenadines,VCT,North America,2010,2010,1.481,0.224,2.032,109974.0,5.13,E
Saint Vincent and the Grenadines,VCT,North America,2011,2010,0.974,0.216,1.977,109367.0,6.09,E
Saint Vincent and the Grenadines,VCT,North America,2012,2010,0.911,0.231,2.123,108753.0,5.02,E
Saint Vincent and the Grenadines,VCT,North America,2013,2010,1.087,0.216,1.999,108156.0,5.37,E
Saint Vincent and the Grenadines,VCT,North America,2014,2010,0.947,0.256,2.385,107555.0,3.31,E
Saint Vincent and the Grenadines,VCT,North America,2015,2010,1.105,0.234,2.192,106975.0,4.3,E
Saint Vincent and the Grenadines,VCT,North America,2016,2010,1.196,0.242,2.274,106365.0,4.1,E
Saint Vincent and the Grenadines,VCT,North America,2017,2010,1.158,0.213,2.011,105674.0,5.28,E
Saint Vincent and the Grenadines,VCT,North America,2018,2010,0.849,0.242,2.304,104939.0,4.93,E
Saint Vincent and the Grenadines,VCT,North America,2019,2010,1.069,0.22,2.11,104183.0,5.38,E
Saint Vincent and the Grenadines,VCT,North America,2020,2020,1.328,0.238,2.3,103540.0,5.23,E
Saint Vincent and the Grenadines,VCT,North America,2021,2020,1.01,0.234,2.28,102848.0,5.03,E
Saint Vincent and the Grenadines,VCT,North America,2022,2020,0.939,0.247,2.417,102063.0,4.76,E
Saint Vincent and the Grenadines,VCT,North America,2023,2020,1.199,0.246,2.43,101331.0,4.82,E
Saint Vincent and the Grenadines,VCT,North America,2024,2020,1.988,0.256,2.541,100630.0,4.94,E
Venezuela (Bolivarian Republic of),VEN,South America,1970,1970,0.232,74.489,6.541,11387795.0,,E
Venezuela (Bolivarian Republic of),VEN,South America,1971,1970,-0.382,62.5,5.323,11741013.0,,E
Venezuela (Bolivarian Republic of),VEN,South America,1972,1970,-0.08,62.514,5.167,12099184.0,,E
Venezuela (Bolivarian Republic of),VEN,South America,1973,1970,0.364,66.433,5.33,12463539.0,,E
Venezuela (Bolivarian Republic of),VEN,South America,1974,1970,-0.326,75.058,5.848,12835356.0,,E
Venezuela (Bolivarian Republic of),VEN,South America,1975,1970,-0.209,63.754,4.824,13215889.0,,E
Venezuela (Bolivarian Republic of),VEN,South America,1976,1970,-0.33,57.278,4.21,13606286.0,,E
Venezuela (Bolivarian Republic of),VEN,South America,1977,1970,0.316,63.658,4.545,14006819.0,,E
Venezuela (Bolivarian Republic of),VEN,South America,1978,1970,0.312,68.605,4.759,14416680.0,,E
Venezuela (Bolivarian Republic of),VEN,South America,1979,1970,0.379,76.468,5.155,14834551.0,,E
Venezuela (Bolivarian Republic of),VEN,South America,1980,1980,0.538,90.671,5.942,15258225.0,,E
Venezuela (Bolivarian Republic of),VEN,South America,1981,1980,0.342,91.829,5.854,15687305.0,,E
Venezuela (Bolivarian Republic of),VEN,South America,1982,1980,0.31,93.249,5.784,16121876.0,,E
Venezuela (Bolivarian Republic of),VEN,South America,1983,1980,0.72,92.953,5.612,16562202.0,,E
Venezuela (Bolivarian Republic of),VEN,South America,1984,1980,0.127,93.058,5.471,17008838.0,,E
Venezuela (Bolivarian Republic of),VEN,South America,1985,1980,-0.156,101.094,5.79,17461433.0,,E
Venezuela (Bolivarian Republic of),VEN,South America,1986,1980,0.022,109.32,6.099,17923542.0,,E
Venezuela (Bolivarian Republic of),VEN,South America,1987,1980,0.625,110.754,6.021,18394970.0,,E
Venezuela (Bolivarian Republic of),VEN,South America,1988,1980,0.428,115.854,6.139,18871021.0,,E
Venezuela (Bolivarian Republic of),VEN,South America,1989,1980,-0.002,108.651,5.615,19348925.0,,E
Venezuela (Bolivarian Republic of),VEN,South America,1990,1990,0.481,120.864,6.096,19827005.0,12.02,E
Venezuela (Bolivarian Republic of),VEN,South America,1991,1990,0.619,114.221,5.625,20304898.0,13.23,E
Venezuela (Bolivarian Republic of),VEN,South America,1992,1990,0.653,104.739,5.04,20780946.0,14.15,E
Venezuela (Bolivarian Republic of),VEN,South America,1993,1990,0.663,123.052,5.789,21254525.0,13.22,E
Venezuela (Bolivarian Republic of),VEN,South America,1994,1990,0.512,119.06,5.48,21725186.0,13.83,E
Venezuela (Bolivarian Republic of),VEN,South America,1995,1990,0.948,124.83,5.625,22193822.0,13.15,E
Venezuela (Bolivarian Republic of),VEN,South America,1996,1990,0.765,118.347,5.222,22662117.0,12.89,E
Venezuela (Bolivarian Republic of),VEN,South America,1997,1990,0.874,129.755,5.609,23131691.0,13.88,E
Venezuela (Bolivarian Republic of),VEN,South America,1998,1990,1.311,134.993,5.72,23601341.0,13.68,E
Venezuela (Bolivarian Republic of),VEN,South America,1999,1990,0.54,143.126,5.947,24066595.0,15.04,E
Venezuela (Bolivarian Republic of),VEN,South America,2000,2000,0.46,142.902,5.826,24526707.0,15.29,E
Venezuela (Bolivarian Republic of),VEN,South America,2001,2000,0.778,130.618,5.229,24979934.0,14.03,E
Venezuela (Bolivarian Republic of),VEN,South America,2002,2000,1.09,164.233,6.457,25435674.0,12.84,E
Venezuela (Bolivarian Republic of),VEN,South America,2003,2000,1.076,154.364,5.962,25892710.0,13.41,E
Venezuela (Bolivarian Republic of),VEN,South America,2004,2000,0.948,142.842,5.423,26340843.0,14.61,E
Venezuela (Bolivarian Republic of),VEN,South America,2005,2000,1.198,148.408,5.541,26785797.0,14.68,E
Venezuela (Bolivarian Republic of),VEN,South America,2006,2000,0.968,155.841,5.724,27224691.0,15.83,E
Venezuela (Bolivarian Republic of),VEN,South America,2007,2000,1.029,154.167,5.576,27649369.0,16.66,E
Venezuela (Bolivarian Republic of),VEN,South America,2008,2000,0.855,155.758,5.552,28053694.0,16.42,E
Venezuela (Bolivarian Republic of),VEN,South America,2009,2000,1.131,152.176,5.351,28438296.0,16.13,E
Venezuela (Bolivarian Republic of),VEN,South America,2010,2010,1.439,189.582,6.58,28813101.0,13.53,E
Venezuela (Bolivarian Republic of),VEN,South America,2011,2010,0.937,168.713,5.781,29185220.0,14.4,E
Venezuela (Bolivarian Republic of),VEN,South America,2012,2010,0.926,175.845,5.95,29553829.0,13.37,E
Venezuela (Bolivarian Republic of),VEN,South America,2013,2010,1.265,198.452,6.634,29912195.0,14.14,E
Venezuela (Bolivarian Republic of),VEN,South America,2014,2010,1.215,175.992,5.817,30254080.0,12.96,E
Venezuela (Bolivarian Republic of),VEN,South America,2015,2010,1.562,166.328,5.44,30573968.0,15.63,E
Venezuela (Bolivarian Republic of),VEN,South America,2016,2010,1.572,152.733,4.964,30765719.0,14.05,E
Venezuela (Bolivarian Republic of),VEN,South America,2017,2010,1.224,139.093,4.551,30565331.0,13.95,E
Venezuela (Bolivarian Republic of),VEN,South America,2018,2010,1.144,111.24,3.732,29807591.0,19.1,E
Venezuela (Bolivarian Republic of),VEN,South America,2019,2010,1.54,105.43,3.643,28938096.0,20.29,E
Venezuela (Bolivarian Republic of),VEN,South America,2020,2020,1.676,80.901,2.844,28444080.0,31.54,E
Venezuela (Bolivarian Republic of),VEN,South America,2021,2020,1.078,94.902,3.361,28237830.0,29.84,E
Venezuela (Bolivarian Republic of),VEN,South America,2022,2020,1.057,108.424,3.843,28213015.0,28.12,E
Venezuela (Bolivarian Republic of),VEN,South America,2023,2020,1.752,119.588,4.226,28300861.0,27.18,E
Venezuela (Bolivarian Republic of),VEN,South America,2024,2020,2.25,116.042,4.085,28405544.0,,E
British Virgin Islands,VGB,North America,1970,1970,0.022,0.018,1.838,9967.0,,E
British Virgin Islands,VGB,North America,1971,1970,-0.28,0.022,2.173,10117.0,,E
British Virgin Islands,VGB,North America,1972,1970,-0.139,0.022,2.144,10256.0,,E
British Virgin Islands,VGB,North America,1973,1970,0.164,0.026,2.469,10388.0,,E
British Virgin Islands,VGB,North America,1974,1970,-0.348,0.026,2.438,10521.0,,E
British Virgin Islands,VGB,North America,1975,1970,-0.238,0.026,2.413,10627.0,,E
British Virgin Islands,VGB,North America,1976,1970,-0.374,0.026,2.39,10733.0,,E
British Virgin Islands,VGB,North America,1977,1970,0.206,0.029,2.708,10823.0,,E
British Virgin Islands,VGB,North America,1978,1970,0.14,0.029,2.688,10904.0,,E
British Virgin Islands,VGB,North America,1979,1970,0.031,0.029,2.668,10986.0,,E
British Virgin Islands,VGB,North America,1980,1980,0.762,0.029,2.629,11148.0,,E
British Virgin Islands,VGB,North America,1981,1980,0.536,0.044,3.824,11499.0,,E
British Virgin Islands,VGB,North America,1982,1980,0.198,0.037,3.068,11944.0,,E
British Virgin Islands,VGB,North America,1983,1980,0.558,0.04,3.253,12388.0,,E
British Virgin Islands,VGB,North America,1984,1980,0.199,0.04,3.138,12844.0,,E
British Virgin Islands,VGB,North America,1985,1980,0.051,0.048,3.584,13291.0,,E
British Virgin Islands,VGB,North America,1986,1980,0.101,0.055,3.997,13749.0,,E
British Virgin Islands,VGB,North America,1987,1980,0.577,0.062,4.382,14213.0,,E
British Virgin Islands,VGB,North America,1988,1980,0.513,0.066,4.485,14704.0,,E
British Virgin Islands,VGB,North America,1989,1980,0.057,0.066,4.339,15201.0,,E
British Virgin Islands,VGB,North America,1990,1990,0.463,0.066,4.194,15727.0,1.3,E
British Virgin Islands,VGB,North America,1991,1990,0.49,0.073,4.521,16208.0,1.38,E
British Virgin Islands,VGB,North America,1992,1990,0.285,0.081,4.852,16615.0,1.1,E
British Virgin Islands,VGB,North America,1993,1990,0.51,0.084,4.955,17008.0,1.22,E
British Virgin Islands,VGB,North America,1994,1990,0.609,0.088,5.045,17430.0,1.1,E
British Virgin Islands,VGB,North America,1995,1990,0.561,0.088,4.923,17863.0,1.14,E
British Virgin Islands,VGB,North America,1996,1990,0.327,0.099,5.404,18308.0,0.95,E
British Virgin Islands,VGB,North America,1997,1990,0.443,0.103,5.462,18783.0,0.98,E
British Virgin Islands,VGB,North America,1998,1990,1.094,0.103,5.326,19262.0,0.96,E
British Virgin Islands,VGB,North America,1999,1990,0.529,0.114,5.75,19755.0,0.91,E
British Virgin Islands,VGB,North America,2000,2000,0.181,0.117,5.785,20266.0,0.94,E
British Virgin Islands,VGB,North America,2001,2000,0.576,0.128,6.158,20825.0,0.93,E
British Virgin Islands,VGB,North America,2002,2000,0.749,0.139,6.49,21454.0,0.9,E
British Virgin Islands,VGB,North America,2003,2000,0.831,0.147,6.615,22155.0,0.86,E
British Virgin Islands,VGB,North America,2004,2000,0.53,0.154,6.719,22905.0,0.83,E
British Virgin Islands,VGB,North America,2005,2000,0.781,0.165,6.959,23693.0,0.82,E
British Virgin Islands,VGB,North America,2006,2000,0.659,0.18,7.322,24519.0,0.78,E
British Virgin Islands,VGB,North America,2007,2000,0.849,0.183,7.215,25391.0,0.77,E
British Virgin Islands,VGB,North America,2008,2000,0.34,0.191,7.242,26308.0,0.77,E
British Virgin Islands,VGB,North America,2009,2000,0.491,0.194,7.129,27240.0,0.79,E
British Virgin Islands,VGB,North America,2010,2010,0.936,0.213,7.672,27698.0,1.01,E
British Virgin Islands,VGB,North America,2011,2010,0.258,0.209,7.269,28733.0,1.07,E
British Virgin Islands,VGB,North America,2012,2010,0.468,0.209,6.877,30369.0,1.09,E
British Virgin Islands,VGB,North America,2013,2010,0.65,0.213,6.698,31727.0,0.98,E
British Virgin Islands,VGB,North America,2014,2010,0.714,0.216,6.553,32988.0,0.96,E
British Virgin Islands,VGB,North America,2015,2010,0.959,0.224,6.474,34523.0,0.98,E
British Virgin Islands,VGB,North America,2016,2010,1.007,0.227,6.7,33904.0,1.21,E
British Virgin Islands,VGB,North America,2017,2010,0.678,0.18,5.486,32724.0,1.54,E
British Virgin Islands,VGB,North America,2018,2010,0.556,0.158,4.543,34682.0,1.7,E
British Virgin Islands,VGB,North America,2019,2010,0.772,0.183,5.03,36423.0,1.78,E
British Virgin Islands,VGB,North America,2020,2020,1.179,0.18,4.831,37161.0,2.01,E
British Virgin Islands,VGB,North America,2021,2020,0.806,0.183,4.842,37833.0,2.05,E
British Virgin Islands,VGB,North America,2022,2020,0.875,0.186,4.844,38346.0,2.27,E
British Virgin Islands,VGB,North America,2023,2020,1.261,0.185,4.752,39009.0,2.14,E
British Virgin Islands,VGB,North America,2024,2020,1.505,0.193,4.874,39498.0,2.19,E
United States Virgin Islands,VIR,North America,1970,1970,0.01,,,,,E
United States Virgin Islands,VIR,North America,1971,1970,-0.291,,,,,E
United States Virgin Islands,VIR,North America,1972,1970,-0.126,,,,,E
United States Virgin Islands,VIR,North America,1973,1970,0.135,,,,,E
United States Virgin Islands,VIR,North America,1974,1970,-0.359,,,,,E
United States Virgin Islands,VIR,North America,1975,1970,-0.251,,,,,E
United States Virgin Islands,VIR,North America,1976,1970,-0.396,,,,,E
United States Virgin Islands,VIR,North America,1977,1970,0.196,,,,,E
United States Virgin Islands,VIR,North America,1978,1970,0.169,,,,,E
United States Virgin Islands,VIR,North America,1979,1970,0.014,,,,,E
United States Virgin Islands,VIR,North America,1980,1980,0.735,,,,,E
United States Virgin Islands,VIR,North America,1981,1980,0.535,,,,,E
United States Virgin Islands,VIR,North America,1982,1980,0.169,,,,,E
United States Virgin Islands,VIR,North America,1983,1980,0.544,,,,,E
United States Virgin Islands,VIR,North America,1984,1980,0.182,,,,,E
United States Virgin Islands,VIR,North America,1985,1980,0.015,,,,,E
United States Virgin Islands,VIR,North America,1986,1980,0.111,,,,,E
United States Virgin Islands,VIR,North America,1987,1980,0.564,,,,,E
United States Virgin Islands,VIR,North America,1988,1980,0.525,,,,,E
United States Virgin Islands,VIR,North America,1989,1980,0.066,,,,,E
United States Virgin Islands,VIR,North America,1990,1990,0.458,,,,0.49,E
United States Virgin Islands,VIR,North America,1991,1990,0.455,,,,0.52,E
United States Virgin Islands,VIR,North America,1992,1990,0.278,,,,0.47,E
United States Virgin Islands,VIR,North America,1993,1990,0.495,,,,0.51,E
United States Virgin Islands,VIR,North America,1994,1990,0.582,,,,0.46,E
United States Virgin Islands,VIR,North America,1995,1990,0.564,,,,0.48,E
United States Virgin Islands,VIR,North America,1996,1990,0.317,,,,0.46,E
United States Virgin Islands,VIR,North America,1997,1990,0.464,,,,0.49,E
United States Virgin Islands,VIR,North America,1998,1990,1.093,,,,0.5,E
United States Virgin Islands,VIR,North America,1999,1990,0.534,,,,0.5,E
United States Virgin Islands,VIR,North America,2000,2000,0.175,,,,0.5,E
United States Virgin Islands,VIR,North America,2001,2000,0.609,,,,0.55,E
United States Virgin Islands,VIR,North America,2002,2000,0.781,,,,0.57,E
United States Virgin Islands,VIR,North America,2003,2000,0.862,,,,0.58,E
United States Virgin Islands,VIR,North America,2004,2000,0.522,,,,0.59,E
United States Virgin Islands,VIR,North America,2005,2000,0.785,,,,0.67,E
United States Virgin Islands,VIR,North America,2006,2000,0.654,,,,0.69,E
United States Virgin Islands,VIR,North America,2007,2000,0.872,,,,0.69,E
United States Virgin Islands,VIR,North America,2008,2000,0.37,,,,0.72,E
United States Virgin Islands,VIR,North America,2009,2000,0.504,,,,0.76,E
United States Virgin Islands,VIR,North America,2010,2010,0.943,,,,0.76,E
United States Virgin Islands,VIR,North America,2011,2010,0.289,,,,1.24,E
United States Virgin Islands,VIR,North America,2012,2010,0.493,,,,2.02,E
United States Virgin Islands,VIR,North America,2013,2010,0.631,,,,2.73,E
United States Virgin Islands,VIR,North America,2014,2010,0.72,,,,3.99,E
United States Virgin Islands,VIR,North America,2015,2010,0.954,,,,4.94,E
United States Virgin Islands,VIR,North America,2016,2010,0.987,,,,5.22,E
United States Virgin Islands,VIR,North America,2017,2010,0.833,,,,6.15,E
United States Virgin Islands,VIR,North America,2018,2010,0.575,,,,7.18,E
United States Virgin Islands,VIR,North America,2019,2010,0.77,,,,6.89,E
United States Virgin Islands,VIR,North America,2020,2020,1.204,,,,7.05,E
United States Virgin Islands,VIR,North America,2021,2020,0.778,,,,7.34,E
United States Virgin Islands,VIR,North America,2022,2020,0.856,,,,7.7,E
United States Virgin Islands,VIR,North America,2023,2020,1.246,,,,8.18,E
United States Virgin Islands,VIR,North America,2024,2020,1.543,,,,8.4,E
Viet Nam,VNM,Asia,1970,1970,-0.066,28.173,0.679,41475227.0,,E
Viet Nam,VNM,Asia,1971,1970,-0.5,24.504,0.577,42449281.0,,E
Viet Nam,VNM,Asia,1972,1970,0.001,23.035,0.53,43429169.0,,E
Viet Nam,VNM,Asia,1973,1970,0.455,25.068,0.564,44409864.0,,E
Viet Nam,VNM,Asia,1974,1970,-0.382,19.058,0.42,45413538.0,,E
Viet Nam,VNM,Asia,1975,1970,0.172,21.771,0.468,46482905.0,,E
Viet Nam,VNM,Asia,1976,1970,-0.555,13.899,0.291,47684927.0,,E
Viet Nam,VNM,Asia,1977,1970,-0.069,15.247,0.311,48954875.0,,E
Viet Nam,VNM,Asia,1978,1970,0.091,15.388,0.306,50249551.0,,E
Viet Nam,VNM,Asia,1979,1970,0.352,16.25,0.316,51378214.0,,E
Viet Nam,VNM,Asia,1980,1980,0.308,16.789,0.32,52490098.0,,E
Viet Nam,VNM,Asia,1981,1980,0.444,17.695,0.329,53738141.0,,E
Viet Nam,VNM,Asia,1982,1980,0.127,18.342,0.333,55011292.0,,E
Viet Nam,VNM,Asia,1983,1980,-0.013,19.27,0.342,56337918.0,,E
Viet Nam,VNM,Asia,1984,1980,-0.205,17.495,0.303,57706071.0,,E
Viet Nam,VNM,Asia,1985,1980,-0.095,21.097,0.357,59060622.0,,E
Viet Nam,VNM,Asia,1986,1980,0.009,20.585,0.341,60347044.0,,E
Viet Nam,VNM,Asia,1987,1980,0.995,23.297,0.378,61584645.0,,E
Viet Nam,VNM,Asia,1988,1980,0.103,23.073,0.367,62843234.0,,E
Viet Nam,VNM,Asia,1989,1980,-0.053,17.398,0.271,64147354.0,,E
Viet Nam,VNM,Asia,1990,1990,0.316,21.299,0.325,65504551.0,75.91,E
Viet Nam,VNM,Asia,1991,1990,0.525,21.376,0.32,66891778.0,75.46,E
Viet Nam,VNM,Asia,1992,1990,-0.002,21.466,0.314,68260336.0,74.52,E
Viet Nam,VNM,Asia,1993,1990,0.256,22.853,0.328,69586394.0,70.62,E
Viet Nam,VNM,Asia,1994,1990,0.299,27.362,0.386,70854393.0,67.77,E
Viet Nam,VNM,Asia,1995,1990,0.386,30.088,0.418,72049945.0,64.82,E
Viet Nam,VNM,Asia,1996,1990,0.009,35.482,0.485,73156456.0,62.61,E
Viet Nam,VNM,Asia,1997,1990,0.277,45.502,0.613,74226890.0,60.53,E
Viet Nam,VNM,Asia,1998,1990,1.28,47.866,0.636,75299665.0,59.23,E
Viet Nam,VNM,Asia,1999,1990,0.718,48.548,0.636,76287454.0,59.32,E
Viet Nam,VNM,Asia,2000,2000,0.112,53.935,0.699,77154016.0,57.73,E
Viet Nam,VNM,Asia,2001,2000,0.655,60.983,0.782,77969357.0,56.14,E
Viet Nam,VNM,Asia,2002,2000,0.704,69.531,0.883,78772227.0,52.2,E
Viet Nam,VNM,Asia,2003,2000,1.022,77.261,0.971,79563778.0,50.83,E
Viet Nam,VNM,Asia,2004,2000,0.386,88.939,1.107,80338977.0,45.77,E
Viet Nam,VNM,Asia,2005,2000,0.839,95.842,1.182,81088309.0,44.15,E
Viet Nam,VNM,Asia,2006,2000,0.862,99.656,1.213,82167901.0,44.25,E
Viet Nam,VNM,Asia,2007,2000,0.501,101.433,1.213,83633374.0,41.9,E
Viet Nam,VNM,Asia,2008,2000,0.201,114.3,1.342,85175789.0,39.26,E
Viet Nam,VNM,Asia,2009,2000,0.689,124.493,1.44,86460023.0,36.97,E
Viet Nam,VNM,Asia,2010,2010,1.101,139.564,1.596,87455148.0,34.58,E
Viet Nam,VNM,Asia,2011,2010,0.124,152.564,1.725,88468315.0,36.37,E
Viet Nam,VNM,Asia,2012,2010,0.759,144.288,1.612,89510355.0,37.96,E
Viet Nam,VNM,Asia,2013,2010,0.911,151.459,1.672,90573103.0,37.52,E
Viet Nam,VNM,Asia,2014,2010,0.577,180.048,1.964,91679582.0,36.86,E
Viet Nam,VNM,Asia,2015,2010,1.234,213.391,2.299,92823254.0,27.91,E
Viet Nam,VNM,Asia,2016,2010,1.202,221.027,2.351,94000115.0,26.96,E
Viet Nam,VNM,Asia,2017,2010,1.156,227.694,2.392,95176978.0,28.57,E
Viet Nam,VNM,Asia,2018,2010,0.849,255.468,2.655,96237319.0,25.02,E
Viet Nam,VNM,Asia,2019,2010,1.819,339.312,3.492,97173778.0,21.35,E
Viet Nam,VNM,Asia,2020,2020,1.498,362.599,3.697,98079196.0,19.91,E
Viet Nam,VNM,Asia,2021,2020,1.12,314.197,3.176,98935101.0,25.87,E
Viet Nam,VNM,Asia,2022,2020,1.036,322.653,3.237,99680656.0,26.19,E
Viet Nam,VNM,Asia,2023,2020,1.443,347.399,3.462,100352189.0,24.49,E
Viet Nam,VNM,Asia,2024,2020,1.914,370.931,3.673,100987685.0,,E
Vanuatu,VUT,Oceania,1970,1970,0.319,0.04,0.467,86283.0,,E
Vanuatu,VUT,Oceania,1971,1970,0.036,0.059,0.66,88881.0,,E
Vanuatu,VUT,Oceania,1972,1970,-0.3,0.062,0.68,91578.0,,E
Vanuatu,VUT,Oceania,1973,1970,0.627,0.055,0.582,94379.0,,E
Vanuatu,VUT,Oceania,1974,1970,0.227,0.062,0.64,97273.0,,E
Vanuatu,VUT,Oceania,1975,1970,0.079,0.055,0.548,100288.0,,E
Vanuatu,VUT,Oceania,1976,1970,-0.008,0.044,0.425,103402.0,,E
Vanuatu,VUT,Oceania,1977,1970,-0.057,0.051,0.481,106634.0,,E
Vanuatu,VUT,Oceania,1978,1970,0.067,0.059,0.533,109980.0,,E
Vanuatu,VUT,Oceania,1979,1970,-0.015,0.062,0.551,113061.0,,E
Vanuatu,VUT,Oceania,1980,1980,-0.038,0.062,0.538,115683.0,,E
Vanuatu,VUT,Oceania,1981,1980,-0.026,0.051,0.434,118268.0,,E
Vanuatu,VUT,Oceania,1982,1980,-0.102,0.051,0.424,121051.0,,E
Vanuatu,VUT,Oceania,1983,1980,0.12,0.055,0.443,124013.0,,E
Vanuatu,VUT,Oceania,1984,1980,-0.113,0.055,0.432,127125.0,,E
Vanuatu,VUT,Oceania,1985,1980,0.328,0.121,0.927,130375.0,,E
Vanuatu,VUT,Oceania,1986,1980,-0.187,0.059,0.438,133737.0,,E
Vanuatu,VUT,Oceania,1987,1980,-0.257,0.048,0.347,137206.0,,E
Vanuatu,VUT,Oceania,1988,1980,0.599,0.066,0.469,140769.0,,E
Vanuatu,VUT,Oceania,1989,1980,0.034,0.062,0.431,144410.0,,E
Vanuatu,VUT,Oceania,1990,1990,0.257,0.066,0.445,148073.0,25.28,E
Vanuatu,VUT,Oceania,1991,1990,-0.082,0.066,0.434,151807.0,29.13,E
Vanuatu,VUT,Oceania,1992,1990,-0.104,0.062,0.4,155619.0,33.97,E
Vanuatu,VUT,Oceania,1993,1990,-0.424,0.062,0.391,159475.0,36.8,E
Vanuatu,VUT,Oceania,1994,1990,-0.141,0.062,0.381,163328.0,39.51,E
Vanuatu,VUT,Oceania,1995,1990,0.276,0.066,0.395,167155.0,41.47,E
Vanuatu,VUT,Oceania,1996,1990,0.379,0.073,0.429,170926.0,40.78,E
Vanuatu,VUT,Oceania,1997,1990,0.102,0.077,0.441,174638.0,43.13,E
Vanuatu,VUT,Oceania,1998,1990,0.776,0.077,0.431,178322.0,45.8,E
Vanuatu,VUT,Oceania,1999,1990,0.925,0.081,0.443,182056.0,47.21,E
Vanuatu,VUT,Oceania,2000,2000,0.656,0.084,0.452,186290.0,46.13,E
Vanuatu,VUT,Oceania,2001,2000,0.563,0.081,0.422,191047.0,47.78,E
Vanuatu,VUT,Oceania,2002,2000,0.596,0.077,0.393,195871.0,49.76,E
Vanuatu,VUT,Oceania,2003,2000,0.313,0.077,0.383,200760.0,49.11,E
Vanuatu,VUT,Oceania,2004,2000,0.448,0.073,0.356,205720.0,51.23,E
Vanuatu,VUT,Oceania,2005,2000,0.552,0.073,0.348,210772.0,50.64,E
Vanuatu,VUT,Oceania,2006,2000,0.399,0.073,0.339,215939.0,50.63,E
Vanuatu,VUT,Oceania,2007,2000,0.716,0.077,0.348,221291.0,47.43,E
Vanuatu,VUT,Oceania,2008,2000,0.682,0.088,0.388,226908.0,47.74,E
Vanuatu,VUT,Oceania,2009,2000,0.405,0.121,0.52,232740.0,36.16,E
Vanuatu,VUT,Oceania,2010,2010,0.863,0.125,0.523,238256.0,35.63,E
Vanuatu,VUT,Oceania,2011,2010,0.657,0.132,0.542,243483.0,33.5,E
Vanuatu,VUT,Oceania,2012,2010,0.365,0.117,0.471,248894.0,36.34,E
Vanuatu,VUT,Oceania,2013,2010,0.706,0.11,0.432,254495.0,38.1,E
Vanuatu,VUT,Oceania,2014,2010,0.647,0.158,0.605,260247.0,29.48,E
Vanuatu,VUT,Oceania,2015,2010,0.631,0.132,0.496,266115.0,33.13,E
Vanuatu,VUT,Oceania,2016,2010,1.234,0.15,0.552,272097.0,30.82,E
Vanuatu,VUT,Oceania,2017,2010,1.133,0.139,0.5,278518.0,32.61,E
Vanuatu,VUT,Oceania,2018,2010,0.452,0.176,0.617,285273.0,27.7,E
Vanuatu,VUT,Oceania,2019,2010,0.77,0.165,0.565,291995.0,29.54,E
Vanuatu,VUT,Oceania,2020,2020,1.054,0.205,0.687,298867.0,24.72,E
Vanuatu,VUT,Oceania,2021,2020,0.928,0.216,0.707,305882.0,23.18,E
Vanuatu,VUT,Oceania,2022,2020,1.248,0.189,0.605,313061.0,28.96,E
Vanuatu,VUT,Oceania,2023,2020,0.807,0.188,0.588,320422.0,20.73,E
Vanuatu,VUT,Oceania,2024,2020,1.127,0.197,0.601,327786.0,21.01,E
Wallis and Futuna Islands,WLF,Oceania,1970,1970,0.082,,,8857.0,,E
Wallis and Futuna Islands,WLF,Oceania,1971,1970,-0.026,,,9014.0,,E
Wallis and Futuna Islands,WLF,Oceania,1972,1970,-0.101,,,9160.0,,E
Wallis and Futuna Islands,WLF,Oceania,1973,1970,0.381,,,9285.0,,E
Wallis and Futuna Islands,WLF,Oceania,1974,1970,0.144,,,9383.0,,E
Wallis and Futuna Islands,WLF,Oceania,1975,1970,-0.005,,,9357.0,,E
Wallis and Futuna Islands,WLF,Oceania,1976,1970,-0.101,,,9426.0,,E
Wallis and Futuna Islands,WLF,Oceania,1977,1970,-0.123,,,9770.0,,E
Wallis and Futuna Islands,WLF,Oceania,1978,1970,-0.009,,,10201.0,,E
Wallis and Futuna Islands,WLF,Oceania,1979,1970,0.173,,,10660.0,,E
Wallis and Futuna Islands,WLF,Oceania,1980,1980,0.213,,,11139.0,,E
Wallis and Futuna Islands,WLF,Oceania,1981,1980,0.158,,,11642.0,,E
Wallis and Futuna Islands,WLF,Oceania,1982,1980,0.128,,,12163.0,,E
Wallis and Futuna Islands,WLF,Oceania,1983,1980,0.094,,,12525.0,,E
Wallis and Futuna Islands,WLF,Oceania,1984,1980,0.042,,,12688.0,,E
Wallis and Futuna Islands,WLF,Oceania,1985,1980,0.133,,,12822.0,,E
Wallis and Futuna Islands,WLF,Oceania,1986,1980,-0.03,,,12956.0,,E
Wallis and Futuna Islands,WLF,Oceania,1987,1980,0.082,,,13085.0,,E
Wallis and Futuna Islands,WLF,Oceania,1988,1980,0.449,,,13224.0,,E
Wallis and Futuna Islands,WLF,Oceania,1989,1980,0.229,,,13364.0,,E
Wallis and Futuna Islands,WLF,Oceania,1990,1990,0.32,0.018,1.357,13503.0,4.85,E
Wallis and Futuna Islands,WLF,Oceania,1991,1990,0.184,0.018,1.342,13654.0,4.72,E
Wallis and Futuna Islands,WLF,Oceania,1992,1990,0.014,0.018,1.328,13799.0,4.6,E
Wallis and Futuna Islands,WLF,Oceania,1993,1990,-0.12,0.022,1.576,13949.0,4.48,E
Wallis and Futuna Islands,WLF,Oceania,1994,1990,0.023,0.022,1.561,14084.0,4.38,E
Wallis and Futuna Islands,WLF,Oceania,1995,1990,0.48,0.022,1.546,14222.0,4.29,E
Wallis and Futuna Islands,WLF,Oceania,1996,1990,0.377,0.022,1.533,14340.0,4.19,E
Wallis and Futuna Islands,WLF,Oceania,1997,1990,0.185,0.022,1.523,14438.0,4.1,E
Wallis and Futuna Islands,WLF,Oceania,1998,1990,0.463,0.022,1.511,14553.0,4.03,E
Wallis and Futuna Islands,WLF,Oceania,1999,1990,0.305,0.022,1.498,14675.0,3.95,E
Wallis and Futuna Islands,WLF,Oceania,2000,2000,0.469,0.022,1.485,14804.0,3.89,E
Wallis and Futuna Islands,WLF,Oceania,2001,2000,0.727,0.026,1.718,14931.0,4.44,E
Wallis and Futuna Islands,WLF,Oceania,2002,2000,0.735,0.026,1.704,15048.0,4.5,E
Wallis and Futuna Islands,WLF,Oceania,2003,2000,0.395,0.026,1.702,15071.0,4.67,E
Wallis and Futuna Islands,WLF,Oceania,2004,2000,0.525,0.026,1.719,14916.0,3.81,E
Wallis and Futuna Islands,WLF,Oceania,2005,2000,0.678,0.026,1.753,14635.0,3.74,E
Wallis and Futuna Islands,WLF,Oceania,2006,2000,0.541,0.026,1.789,14333.0,3.69,E
Wallis and Futuna Islands,WLF,Oceania,2007,2000,0.866,0.026,1.829,14020.0,3.55,E
Wallis and Futuna Islands,WLF,Oceania,2008,2000,0.395,0.026,1.871,13706.0,3.66,E
Wallis and Futuna Islands,WLF,Oceania,2009,2000,0.431,0.026,1.909,13436.0,3.63,E
Wallis and Futuna Islands,WLF,Oceania,2010,2010,0.939,0.026,1.945,13189.0,3.67,E
Wallis and Futuna Islands,WLF,Oceania,2011,2010,0.721,0.026,1.982,12942.0,3.62,E
Wallis and Futuna Islands,WLF,Oceania,2012,2010,0.707,0.026,2.018,12709.0,3.78,E
Wallis and Futuna Islands,WLF,Oceania,2013,2010,0.886,0.026,2.052,12500.0,3.96,E
Wallis and Futuna Islands,WLF,Oceania,2014,2010,0.7,0.026,2.08,12328.0,4.01,E
Wallis and Futuna Islands,WLF,Oceania,2015,2010,0.747,0.026,2.105,12185.0,3.99,E
Wallis and Futuna Islands,WLF,Oceania,2016,2010,1.269,0.026,2.127,12057.0,3.81,E
Wallis and Futuna Islands,WLF,Oceania,2017,2010,1.044,0.026,2.147,11945.0,3.85,E
Wallis and Futuna Islands,WLF,Oceania,2018,2010,0.934,0.026,2.169,11827.0,3.72,E
Wallis and Futuna Islands,WLF,Oceania,2019,2010,1.425,0.026,2.19,11711.0,3.61,E
Wallis and Futuna Islands,WLF,Oceania,2020,2020,1.28,0.029,2.518,11640.0,3.51,E
Wallis and Futuna Islands,WLF,Oceania,2021,2020,1.059,0.029,2.529,11590.0,3.54,E
Wallis and Futuna Islands,WLF,Oceania,2022,2020,0.837,0.029,2.549,11501.0,3.38,E
Wallis and Futuna Islands,WLF,Oceania,2023,2020,1.042,0.029,2.56,11394.0,6.18,E
Wallis and Futuna Islands,WLF,Oceania,2024,2020,1.444,0.031,2.699,11303.0,6.77,E
Samoa,WSM,Oceania,1970,1970,0.189,0.029,0.209,140420.0,,E
Samoa,WSM,Oceania,1971,1970,-0.454,0.037,0.257,142514.0,,E
Samoa,WSM,Oceania,1972,1970,-0.113,0.037,0.253,144551.0,,E
Samoa,WSM,Oceania,1973,1970,0.182,0.037,0.25,146527.0,,E
Samoa,WSM,Oceania,1974,1970,-0.425,0.044,0.294,149440.0,,E
Samoa,WSM,Oceania,1975,1970,-0.241,0.059,0.382,153353.0,,E
Samoa,WSM,Oceania,1976,1970,-0.363,0.044,0.28,157123.0,,E
Samoa,WSM,Oceania,1977,1970,0.005,0.073,0.459,159766.0,,E
Samoa,WSM,Oceania,1978,1970,0.023,0.099,0.613,161385.0,,E
Samoa,WSM,Oceania,1979,1970,0.179,0.084,0.517,162892.0,,E
Samoa,WSM,Oceania,1980,1980,0.239,0.077,0.468,164335.0,,E
Samoa,WSM,Oceania,1981,1980,0.051,0.073,0.442,165684.0,,E
Samoa,WSM,Oceania,1982,1980,0.224,0.066,0.396,166496.0,,E
Samoa,WSM,Oceania,1983,1980,0.293,0.066,0.396,166724.0,,E
Samoa,WSM,Oceania,1984,1980,0.137,0.07,0.417,166805.0,,E
Samoa,WSM,Oceania,1985,1980,0.116,0.077,0.461,166862.0,,E
Samoa,WSM,Oceania,1986,1980,0.267,0.081,0.482,167071.0,,E
Samoa,WSM,Oceania,1987,1980,0.2,0.077,0.459,167671.0,,E
Samoa,WSM,Oceania,1988,1980,0.512,0.084,0.501,168360.0,,E
Samoa,WSM,Oceania,1989,1980,0.072,0.084,0.499,168779.0,,E
Samoa,WSM,Oceania,1990,1990,0.498,0.092,0.542,169061.0,63.96,E
Samoa,WSM,Oceania,1991,1990,0.556,0.095,0.562,169378.0,61.75,E
Samoa,WSM,Oceania,1992,1990,0.363,0.099,0.581,170340.0,60.61,E
Samoa,WSM,Oceania,1993,1990,-0.038,0.106,0.619,171786.0,59.25,E
Samoa,WSM,Oceania,1994,1990,0.347,0.099,0.571,173167.0,60.05,E
Samoa,WSM,Oceania,1995,1990,0.705,0.11,0.63,174585.0,58.56,E
Samoa,WSM,Oceania,1996,1990,0.637,0.125,0.707,176086.0,58.16,E
Samoa,WSM,Oceania,1997,1990,,0.125,0.702,177561.0,59.09,O
Samoa,WSM,Oceania,1998,1990,,0.139,0.778,178921.0,58.0,O
Samoa,WSM,Oceania,1999,1990,0.115,0.139,0.772,180279.0,57.89,E
Samoa,WSM,Oceania,2000,2000,0.577,0.143,0.786,181695.0,59.69,E
Samoa,WSM,Oceania,2001,2000,0.855,0.154,0.84,183174.0,52.41,E
Samoa,WSM,Oceania,2002,2000,1.103,0.161,0.874,184482.0,49.58,E
Samoa,WSM,Oceania,2003,2000,0.789,0.161,0.869,185447.0,52.41,E
Samoa,WSM,Oceania,2004,2000,0.36,0.169,0.905,186265.0,48.82,E
Samoa,WSM,Oceania,2005,2000,0.994,0.172,0.921,186993.0,48.89,E
Samoa,WSM,Oceania,2006,2000,0.584,0.169,0.898,187724.0,45.96,E
Samoa,WSM,Oceania,2007,2000,0.968,0.18,0.951,188766.0,43.18,E
Samoa,WSM,Oceania,2008,2000,0.523,0.161,0.848,190117.0,45.0,E
Samoa,WSM,Oceania,2009,2000,0.866,0.169,0.88,191530.0,43.17,E
Samoa,WSM,Oceania,2010,2010,1.026,0.187,0.968,193035.0,41.93,E
Samoa,WSM,Oceania,2011,2010,0.686,0.191,0.978,194726.0,40.64,E
Samoa,WSM,Oceania,2012,2010,0.781,0.191,0.97,196518.0,40.21,E
Samoa,WSM,Oceania,2013,2010,1.073,0.191,0.961,198284.0,42.7,E
Samoa,WSM,Oceania,2014,2010,0.886,0.202,1.007,200051.0,41.43,E
Samoa,WSM,Oceania,2015,2010,0.725,0.227,1.126,201794.0,37.06,E
Samoa,WSM,Oceania,2016,2010,1.255,0.238,1.17,203509.0,36.78,E
Samoa,WSM,Oceania,2017,2010,1.151,0.234,1.142,205423.0,35.23,E
Samoa,WSM,Oceania,2018,2010,0.905,0.234,1.13,207595.0,35.58,E
Samoa,WSM,Oceania,2019,2010,1.255,0.26,1.24,209794.0,33.75,E
Samoa,WSM,Oceania,2020,2020,1.147,0.234,1.106,211957.0,33.84,E
Samoa,WSM,Oceania,2021,2020,0.984,0.267,1.251,213792.0,30.54,E
Samoa,WSM,Oceania,2022,2020,0.971,0.236,1.096,215270.0,31.75,E
Samoa,WSM,Oceania,2023,2020,0.996,0.235,1.084,216673.0,31.5,E
Samoa,WSM,Oceania,2024,2020,1.573,0.246,1.126,218031.0,29.67,E
Yemen,YEM,Asia,1970,1970,0.41,2.51,0.355,7065279.0,,E
Yemen,YEM,Asia,1971,1970,-0.149,1.971,0.272,7257468.0,,E
Yemen,YEM,Asia,1972,1970,0.103,1.495,0.2,7460068.0,,E
Yemen,YEM,Asia,1973,1970,0.275,2.73,0.356,7672798.0,,E
Yemen,YEM,Asia,1974,1970,-0.193,2.246,0.284,7896789.0,,E
Yemen,YEM,Asia,1975,1970,-0.061,2.169,0.267,8133602.0,,E
Yemen,YEM,Asia,1976,1970,-0.161,2.565,0.306,8384119.0,,E
Yemen,YEM,Asia,1977,1970,0.286,2.978,0.344,8648223.0,,E
Yemen,YEM,Asia,1978,1970,0.223,3.103,0.348,8926592.0,,E
Yemen,YEM,Asia,1979,1970,0.413,3.22,0.349,9224198.0,,E
Yemen,YEM,Asia,1980,1980,0.641,3.315,0.347,9543358.0,,E
Yemen,YEM,Asia,1981,1980,-0.15,4.227,0.428,9882368.0,,E
Yemen,YEM,Asia,1982,1980,-0.174,5.94,0.58,10241006.0,,E
Yemen,YEM,Asia,1983,1980,-0.033,6.314,0.594,10621498.0,,E
Yemen,YEM,Asia,1984,1980,0.165,7.149,0.648,11025596.0,,E
Yemen,YEM,Asia,1985,1980,0.407,8.632,0.754,11453825.0,,E
Yemen,YEM,Asia,1986,1980,-0.229,8.245,0.693,11901045.0,,E
Yemen,YEM,Asia,1987,1980,-0.075,8.665,0.7,12369914.0,,E
Yemen,YEM,Asia,1988,1980,0.844,9.585,0.745,12859720.0,,E
Yemen,YEM,Asia,1989,1980,0.221,9.976,0.746,13364180.0,,E
Yemen,YEM,Asia,1990,1990,0.283,9.572,0.689,13887863.0,1.78,E
Yemen,YEM,Asia,1991,1990,,9.182,0.636,14430205.0,1.41,O
Yemen,YEM,Asia,1992,1990,,9.926,0.662,14989497.0,1.31,O
Yemen,YEM,Asia,1993,1990,,8.679,0.558,15563919.0,1.48,O
Yemen,YEM,Asia,1994,1990,,9.964,0.617,16149147.0,1.44,O
Yemen,YEM,Asia,1995,1990,,11.138,0.665,16740057.0,1.24,O
Yemen,YEM,Asia,1996,1990,,11.375,0.657,17313181.0,1.22,O
Yemen,YEM,Asia,1997,1990,-0.023,12.26,0.686,17873943.0,1.15,E
Yemen,YEM,Asia,1998,1990,,12.931,0.701,18446015.0,1.07,O
Yemen,YEM,Asia,1999,1990,,14.796,0.778,19029421.0,1.0,O
Yemen,YEM,Asia,2000,2000,,15.832,0.807,19624139.0,0.95,O
Yemen,YEM,Asia,2001,2000,,17.194,0.85,20226146.0,0.89,O
Yemen,YEM,Asia,2002,2000,,16.707,0.802,20835092.0,0.88,O
Yemen,YEM,Asia,2003,2000,,18.609,0.867,21456379.0,0.78,O
Yemen,YEM,Asia,2004,2000,,20.109,0.91,22095161.0,0.75,O
Yemen,YEM,Asia,2005,2000,,21.797,0.956,22790082.0,0.73,O
Yemen,YEM,Asia,2006,2000,,23.906,1.015,23543090.0,0.76,O
Yemen,YEM,Asia,2007,2000,,23.676,0.974,24318090.0,0.76,O
Yemen,YEM,Asia,2008,2000,,24.537,0.977,25111941.0,0.74,O
Yemen,YEM,Asia,2009,2000,,26.897,1.037,25927723.0,0.7,O
Yemen,YEM,Asia,2010,2010,,25.818,0.965,26754383.0,0.78,O
Yemen,YEM,Asia,2011,2010,,22.625,0.82,27582902.0,0.93,O
Yemen,YEM,Asia,2012,2010,,20.467,0.72,28433655.0,1.08,O
Yemen,YEM,Asia,2013,2010,,27.281,0.931,29312955.0,0.76,O
Yemen,YEM,Asia,2014,2010,,26.592,0.88,30226311.0,0.78,O
Yemen,YEM,Asia,2015,2010,,14.123,0.453,31159378.0,1.96,O
Yemen,YEM,Asia,2016,2010,,10.044,0.313,32109023.0,2.39,O
Yemen,YEM,Asia,2017,2010,,9.214,0.278,33090923.0,1.83,O
Yemen,YEM,Asia,2018,2010,,11.504,0.338,34085181.0,1.89,O
Yemen,YEM,Asia,2019,2010,,11.788,0.336,35111416.0,1.83,O
Yemen,YEM,Asia,2020,2020,,10.757,0.298,36134867.0,1.98,O
Yemen,YEM,Asia,2021,2020,,10.608,0.286,37140234.0,2.06,O
Yemen,YEM,Asia,2022,2020,,10.404,0.272,38222878.0,2.06,O
Yemen,YEM,Asia,2023,2020,,10.141,0.257,39390800.0,2.21,O
Yemen,YEM,Asia,2024,2020,,10.123,0.249,40583173.0,,O
South Africa,ZAF,Africa,1970,1970,0.338,149.622,6.716,22279990.0,,E
South Africa,ZAF,Africa,1971,1970,-0.18,168.407,7.341,22942145.0,,E
South Africa,ZAF,Africa,1972,1970,0.084,171.557,7.266,23609457.0,,E
South Africa,ZAF,Africa,1973,1970,0.325,173.352,7.136,24294264.0,,E
South Africa,ZAF,Africa,1974,1970,-0.27,176.548,7.065,24989109.0,,E
South Africa,ZAF,Africa,1975,1970,-0.159,185.005,7.201,25690943.0,,E
South Africa,ZAF,Africa,1976,1970,-0.519,192.909,7.308,26395451.0,,E
South Africa,ZAF,Africa,1977,1970,0.161,199.738,7.365,27118951.0,,E
South Africa,ZAF,Africa,1978,1970,0.052,201.88,7.244,27869506.0,,E
South Africa,ZAF,Africa,1979,1970,0.313,218.671,7.637,28634161.0,,E
South Africa,ZAF,Africa,1980,1980,0.229,228.201,7.731,29518857.0,,E
South Africa,ZAF,Africa,1981,1980,-0.355,257.079,8.417,30541046.0,,E
South Africa,ZAF,Africa,1982,1980,0.189,280.437,8.87,31615339.0,,E
South Africa,ZAF,Africa,1983,1980,0.674,291.906,8.916,32739308.0,,E
South Africa,ZAF,Africa,1984,1980,0.504,315.597,9.312,33892793.0,,E
South Africa,ZAF,Africa,1985,1980,0.627,323.865,9.242,35042097.0,,E
South Africa,ZAF,Africa,1986,1980,0.425,330.501,9.135,36180519.0,,E
South Africa,ZAF,Africa,1987,1980,0.707,328.672,8.805,37326192.0,,E
South Africa,ZAF,Africa,1988,1980,0.325,342.662,8.905,38480647.0,,E
South Africa,ZAF,Africa,1989,1980,-0.038,340.715,8.598,39628574.0,,E
South Africa,ZAF,Africa,1990,1990,0.313,312.934,7.68,40746274.0,19.22,E
South Africa,ZAF,Africa,1991,1990,0.344,326.03,7.821,41687903.0,20.08,E
South Africa,ZAF,Africa,1992,1990,0.78,301.329,7.1,42443510.0,21.0,E
South Africa,ZAF,Africa,1993,1990,0.812,320.353,7.399,43297155.0,21.21,E
South Africa,ZAF,Africa,1994,1990,0.199,338.701,7.697,44004140.0,20.51,E
South Africa,ZAF,Africa,1995,1990,0.623,361.712,8.121,44541557.0,20.63,E
South Africa,ZAF,Africa,1996,1990,-0.158,363.732,8.061,45123023.0,19.83,E
South Africa,ZAF,Africa,1997,1990,0.225,385.215,8.435,45666835.0,19.85,E
South Africa,ZAF,Africa,1998,1990,0.824,377.273,8.162,46223888.0,20.03,E
South Africa,ZAF,Africa,1999,1990,1.081,374.869,8.022,46730331.0,20.37,E
South Africa,ZAF,Africa,2000,2000,0.248,378.333,8.022,47159715.0,12.42,E
South Africa,ZAF,Africa,2001,2000,0.497,371.602,7.812,47566805.0,11.99,E
South Africa,ZAF,Africa,2002,2000,0.487,356.501,7.424,48019414.0,11.62,E
South Africa,ZAF,Africa,2003,2000,0.921,404.406,8.338,48500351.0,10.24,E
South Africa,ZAF,Africa,2004,2000,0.961,449.322,9.171,48991420.0,9.24,E
South Africa,ZAF,Africa,2005,2000,1.163,416.205,8.41,49490041.0,8.92,E
South Africa,ZAF,Africa,2006,2000,0.452,446.744,8.935,49998271.0,8.87,E
South Africa,ZAF,Africa,2007,2000,0.878,465.034,9.203,50528575.0,8.24,E
South Africa,ZAF,Africa,2008,2000,0.787,494.673,9.678,51114595.0,8.31,E
South Africa,ZAF,Africa,2009,2000,0.801,474.512,9.173,51728518.0,7.3,E
South Africa,ZAF,Africa,2010,2010,1.237,467.353,8.928,52344047.0,7.91,E
South Africa,ZAF,Africa,2011,2010,0.547,474.273,8.949,52995212.0,7.8,E
South Africa,ZAF,Africa,2012,2010,0.722,461.438,8.58,53782570.0,7.39,E
South Africa,ZAF,Africa,2013,2010,0.821,456.188,8.343,54678789.0,7.2,E
South Africa,ZAF,Africa,2014,2010,0.916,481.638,8.663,55594840.0,6.97,E
South Africa,ZAF,Africa,2015,2010,1.389,457.473,8.065,56723536.0,6.9,E
South Africa,ZAF,Africa,2016,2010,1.647,457.05,7.982,57259550.0,7.12,E
South Africa,ZAF,Africa,2017,2010,1.191,440.01,7.634,57635158.0,7.04,E
South Africa,ZAF,Africa,2018,2010,1.071,453.766,7.742,58613001.0,7.36,E
South Africa,ZAF,Africa,2019,2010,1.978,470.727,7.9,59587880.0,7.75,E
South Africa,ZAF,Africa,2020,2020,0.985,435.298,7.188,60562374.0,8.17,E
South Africa,ZAF,Africa,2021,2020,0.867,439.464,7.145,61502602.0,8.24,E
South Africa,ZAF,Africa,2022,2020,1.014,428.782,6.874,62378417.0,8.77,E
South Africa,ZAF,Africa,2023,2020,1.053,436.604,6.907,63212386.0,9.0,E
South Africa,ZAF,Africa,2024,2020,1.553,439.831,6.872,64007187.0,,E
Zambia,ZMB,Africa,1970,1970,0.32,3.766,0.871,4321726.0,,E
Zambia,ZMB,Africa,1971,1970,-0.246,3.79,0.853,4442528.0,,E
Zambia,ZMB,Africa,1972,1970,-0.136,4.061,0.889,4569311.0,,E
Zambia,ZMB,Africa,1973,1970,0.396,4.586,0.975,4702694.0,,E
Zambia,ZMB,Africa,1974,1970,-0.39,4.197,0.867,4842750.0,,E
Zambia,ZMB,Africa,1975,1970,-0.115,4.076,0.817,4990087.0,,E
Zambia,ZMB,Africa,1976,1970,-0.296,4.019,0.781,5143847.0,,E
Zambia,ZMB,Africa,1977,1970,0.536,3.735,0.704,5302477.0,,E
Zambia,ZMB,Africa,1978,1970,0.106,3.471,0.635,5465379.0,,E
Zambia,ZMB,Africa,1979,1970,0.26,3.596,0.639,5631734.0,,E
Zambia,ZMB,Africa,1980,1980,0.14,3.523,0.607,5802841.0,,E
Zambia,ZMB,Africa,1981,1980,-0.148,3.358,0.561,5983299.0,,E
Zambia,ZMB,Africa,1982,1980,0.323,3.511,0.568,6178638.0,,E
Zambia,ZMB,Africa,1983,1980,1.029,3.261,0.511,6381045.0,,E
Zambia,ZMB,Africa,1984,1980,0.567,2.804,0.426,6580497.0,,E
Zambia,ZMB,Africa,1985,1980,0.215,2.733,0.403,6780953.0,,E
Zambia,ZMB,Africa,1986,1980,0.073,2.866,0.41,6986475.0,,E
Zambia,ZMB,Africa,1987,1980,0.976,2.674,0.372,7191285.0,,E
Zambia,ZMB,Africa,1988,1980,0.663,3.109,0.421,7391450.0,,E
Zambia,ZMB,Africa,1989,1980,0.173,2.57,0.339,7589226.0,,E
Zambia,ZMB,Africa,1990,1990,0.814,2.407,0.309,7786163.0,83.05,E
Zambia,ZMB,Africa,1991,1990,0.099,2.382,0.298,7981653.0,82.3,E
Zambia,ZMB,Africa,1992,1990,0.714,2.425,0.297,8176677.0,82.74,E
Zambia,ZMB,Africa,1993,1990,0.014,2.466,0.294,8373920.0,85.15,E
Zambia,ZMB,Africa,1994,1990,0.361,2.393,0.279,8576270.0,86.86,E
Zambia,ZMB,Africa,1995,1990,0.674,2.142,0.244,8785768.0,87.11,E
Zambia,ZMB,Africa,1996,1990,0.652,1.838,0.204,9004059.0,89.64,E
Zambia,ZMB,Africa,1997,1990,0.513,2.354,0.255,9237064.0,87.0,E
Zambia,ZMB,Africa,1998,1990,1.057,2.278,0.24,9482414.0,87.75,E
Zambia,ZMB,Africa,1999,1990,0.259,1.778,0.183,9740013.0,89.82,E
Zambia,ZMB,Africa,2000,2000,0.152,1.784,0.178,10017633.0,89.23,E
Zambia,ZMB,Africa,2001,2000,0.386,1.886,0.183,10325186.0,89.06,E
Zambia,ZMB,Africa,2002,2000,0.788,1.961,0.184,10647955.0,89.01,E
Zambia,ZMB,Africa,2003,2000,0.963,2.074,0.189,10983604.0,88.79,E
Zambia,ZMB,Africa,2004,2000,0.444,2.104,0.186,11338201.0,88.94,E
Zambia,ZMB,Africa,2005,2000,1.174,2.243,0.191,11718819.0,88.24,E
Zambia,ZMB,Africa,2006,2000,0.606,2.231,0.184,12129560.0,89.12,E
Zambia,ZMB,Africa,2007,2000,0.871,2.298,0.183,12565093.0,90.21,E
Zambia,ZMB,Africa,2008,2000,0.31,2.553,0.196,13021327.0,88.38,E
Zambia,ZMB,Africa,2009,2000,0.37,2.94,0.218,13490395.0,87.99,E
Zambia,ZMB,Africa,2010,2010,1.349,3.121,0.223,13965592.0,87.85,E
Zambia,ZMB,Africa,2011,2010,0.899,3.379,0.234,14437796.0,87.15,E
Zambia,ZMB,Africa,2012,2010,0.952,4.177,0.28,14913631.0,85.35,E
Zambia,ZMB,Africa,2013,2010,0.856,4.427,0.287,15399000.0,84.96,E
Zambia,ZMB,Africa,2014,2010,0.628,5.283,0.332,15895320.0,83.38,E
Zambia,ZMB,Africa,2015,2010,1.557,5.522,0.337,16399092.0,82.82,E
Zambia,ZMB,Africa,2016,2010,1.286,5.978,0.353,16914428.0,83.24,E
Zambia,ZMB,Africa,2017,2010,0.381,7.459,0.428,17441328.0,82.56,E
Zambia,ZMB,Africa,2018,2010,0.738,8.658,0.482,17973574.0,83.46,E
Zambia,ZMB,Africa,2019,2010,1.216,8.846,0.478,18513839.0,82.74,E
Zambia,ZMB,Africa,2020,2020,1.106,9.991,0.524,19059394.0,82.62,E
Zambia,ZMB,Africa,2021,2020,1.215,9.35,0.477,19603610.0,81.19,E
Zambia,ZMB,Africa,2022,2020,0.826,10.939,0.543,20152935.0,81.25,E
Zambia,ZMB,Africa,2023,2020,1.291,11.831,0.571,20723967.0,80.43,E
Zambia,ZMB,Africa,2024,2020,1.663,12.043,0.565,21314962.0,,E
Zimbabwe,ZWE,Africa,1970,1970,0.428,8.154,1.563,5215919.0,,E
Zimbabwe,ZWE,Africa,1971,1970,-0.031,8.733,1.625,5374719.0,,E
Zimbabwe,ZWE,Africa,1972,1970,-0.361,8.216,1.482,5542444.0,,E
Zimbabwe,ZWE,Africa,1973,1970,0.635,9.271,1.621,5720413.0,,E
Zimbabwe,ZWE,Africa,1974,1970,-0.47,9.047,1.531,5908337.0,,E
Zimbabwe,ZWE,Africa,1975,1970,-0.248,8.311,1.363,6098653.0,,E
Zimbabwe,ZWE,Africa,1976,1970,-0.417,10.855,1.727,6287107.0,,E
Zimbabwe,ZWE,Africa,1977,1970,0.458,9.284,1.44,6449517.0,,E
Zimbabwe,ZWE,Africa,1978,1970,0.01,9.28,1.418,6543573.0,,E
Zimbabwe,ZWE,Africa,1979,1970,0.216,9.432,1.419,6647557.0,,E
Zimbabwe,ZWE,Africa,1980,1980,-0.012,9.614,1.365,7041304.0,,E
Zimbabwe,ZWE,Africa,1981,1980,-0.372,9.405,1.254,7498641.0,,E
Zimbabwe,ZWE,Africa,1982,1980,0.134,8.78,1.126,7796503.0,,E
Zimbabwe,ZWE,Africa,1983,1980,1.147,10.425,1.287,8098408.0,,E
Zimbabwe,ZWE,Africa,1984,1980,0.463,9.88,1.177,8391494.0,,E
Zimbabwe,ZWE,Africa,1985,1980,0.032,10.214,1.176,8686815.0,,E
Zimbabwe,ZWE,Africa,1986,1980,0.011,13.068,1.455,8982579.0,,E
Zimbabwe,ZWE,Africa,1987,1980,1.031,15.17,1.634,9284649.0,,E
Zimbabwe,ZWE,Africa,1988,1980,0.423,16.029,1.673,9583099.0,,E
Zimbabwe,ZWE,Africa,1989,1980,0.18,16.114,1.633,9864797.0,,E
Zimbabwe,ZWE,Africa,1990,1990,0.586,15.537,1.533,10137287.0,64.02,E
Zimbabwe,ZWE,Africa,1991,1990,0.317,15.491,1.489,10404820.0,63.78,E
Zimbabwe,ZWE,Africa,1992,1990,1.102,16.702,1.561,10702697.0,64.41,E
Zimbabwe,ZWE,Africa,1993,1990,0.435,16.032,1.476,10860285.0,64.46,E
Zimbabwe,ZWE,Africa,1994,1990,0.12,17.383,1.599,10873146.0,68.57,E
Zimbabwe,ZWE,Africa,1995,1990,0.841,15.017,1.368,10974607.0,67.1,E
Zimbabwe,ZWE,Africa,1996,1990,-0.132,14.894,1.335,11158364.0,66.78,E
Zimbabwe,ZWE,Africa,1997,1990,0.229,13.901,1.223,11369833.0,67.43,E
Zimbabwe,ZWE,Africa,1998,1990,1.066,14.127,1.218,11594299.0,67.88,E
Zimbabwe,ZWE,Africa,1999,1990,0.285,15.724,1.334,11783454.0,64.45,E
Zimbabwe,ZWE,Africa,2000,2000,-0.152,13.815,1.162,11892055.0,50.01,E
Zimbabwe,ZWE,Africa,2001,2000,0.221,12.509,1.045,11971904.0,52.99,E
Zimbabwe,ZWE,Africa,2002,2000,0.671,11.896,0.984,12087661.0,56.29,E
Zimbabwe,ZWE,Africa,2003,2000,0.649,10.61,0.867,12232324.0,61.4,E
Zimbabwe,ZWE,Africa,2004,2000,0.195,9.429,0.762,12365901.0,66.62,E
Zimbabwe,ZWE,Africa,2005,2000,1.333,10.698,0.857,12483433.0,64.17,E
Zimbabwe,ZWE,Africa,2006,2000,-0.034,10.365,0.82,12636442.0,62.59,E
Zimbabwe,ZWE,Africa,2007,2000,0.355,9.835,0.768,12804062.0,61.49,E
Zimbabwe,ZWE,Africa,2008,2000,0.235,7.72,0.596,12959154.0,66.21,E
Zimbabwe,ZWE,Africa,2009,2000,-0.161,8.25,0.628,13142791.0,67.49,E
Zimbabwe,ZWE,Africa,2010,2010,1.12,8.754,0.655,13356551.0,65.21,E
Zimbabwe,ZWE,Africa,2011,2010,0.56,10.363,0.762,13595421.0,59.28,E
Zimbabwe,ZWE,Africa,2012,2010,0.617,11.257,0.815,13817887.0,58.88,E
Zimbabwe,ZWE,Africa,2013,2010,0.366,11.671,0.833,14013811.0,61.97,E
Zimbabwe,ZWE,Africa,2014,2010,0.287,11.946,0.841,14207367.0,64.04,E
Zimbabwe,ZWE,Africa,2015,2010,1.053,12.017,0.835,14399008.0,63.69,E
Zimbabwe,ZWE,Africa,2016,2010,1.336,10.588,0.725,14600297.0,64.58,E
Zimbabwe,ZWE,Africa,2017,2010,0.29,9.831,0.664,14812484.0,66.02,E
Zimbabwe,ZWE,Africa,2018,2010,0.562,11.209,0.746,15034457.0,62.56,E
Zimbabwe,ZWE,Africa,2019,2010,1.133,10.267,0.672,15271377.0,59.88,E
Zimbabwe,ZWE,Africa,2020,2020,0.527,8.491,0.547,15526887.0,64.2,E
Zimbabwe,ZWE,Africa,2021,2020,0.111,10.223,0.647,15797220.0,62.03,E
Zimbabwe,ZWE,Africa,2022,2020,0.382,12.232,0.761,16069061.0,58.01,E
Zimbabwe,ZWE,Africa,2023,2020,0.928,13.443,0.823,16340829.0,54.64,E
Zimbabwe,ZWE,Africa,2024,2020,1.479,13.701,0.824,16634366.0,,E
