country,iso_alpha,continent,year,decade,temperature_anomaly,months_available,source_flag
Aruba,ABW,North America,1961,1960,-0.22758333333333333,12,E
Aruba,ABW,North America,1962,1960,0.02758333333333333,12,E
Aruba,ABW,North America,1963,1960,-0.09891666666666665,12,E
Aruba,ABW,North America,1964,1960,-0.08475,12,E
Aruba,ABW,North America,1965,1960,,11,
Aruba,ABW,North America,1966,1960,-0.10641666666666666,12,E
Aruba,ABW,North America,1967,1960,-0.3358333333333334,12,E
Aruba,ABW,North America,1968,1960,-0.10049999999999999,12,E
Aruba,ABW,North America,1969,1960,0.44449999999999995,12,E
Aruba,ABW,North America,1970,1970,0.16483333333333333,12,E
Aruba,ABW,North America,1971,1970,-0.34074999999999994,12,E
Aruba,ABW,North America,1972,1970,0.08858333333333333,12,E
Aruba,ABW,North America,1973,1970,0.09491666666666665,12,E
Aruba,ABW,North America,1974,1970,-0.4748333333333334,12,E
Aruba,ABW,North America,1975,1970,-0.29591666666666666,12,E
Aruba,ABW,North America,1976,1970,-0.21916666666666665,12,E
Aruba,ABW,North America,1977,1970,0.38058333333333333,12,E
Aruba,ABW,North America,1978,1970,,8,
Aruba,ABW,North America,1979,1970,,3,
Aruba,ABW,North America,1980,1980,0.7140833333333334,12,E
Aruba,ABW,North America,1981,1980,0.5326666666666666,12,E
Aruba,ABW,North America,1982,1980,0.4839166666666667,12,E
Aruba,ABW,North America,1983,1980,0.8340000000000001,12,E
Aruba,ABW,North America,1984,1980,0.2668333333333333,12,E
Aruba,ABW,North America,1985,1980,-0.10716666666666667,12,E
Aruba,ABW,North America,1986,1980,0.0001666666666666645,12,E
Aruba,ABW,North America,1987,1980,0.8995833333333333,12,E
Aruba,ABW,North America,1988,1980,0.332,12,E
Aruba,ABW,North America,1989,1980,0.026333333333333337,12,E
Aruba,ABW,North America,1990,1990,0.3005,12,E
Aruba,ABW,North America,1991,1990,0.4285833333333333,12,E
Aruba,ABW,North America,1992,1990,,8,
Aruba,ABW,North America,1993,1990,,8,
Aruba,ABW,North America,1994,1990,0.4360833333333333,12,E
Aruba,ABW,North America,1995,1990,0.7291666666666666,12,E
Aruba,ABW,North America,1996,1990,0.7776666666666667,12,E
Aruba,ABW,North America,1997,1990,0.7016666666666667,12,E
Aruba,ABW,North America,1998,1990,1.1675,12,E
Aruba,ABW,North America,1999,1990,0.4400833333333333,12,E
Aruba,ABW,North America,2000,2000,0.0884166666666667,12,E
Aruba,ABW,North America,2001,2000,,11,
Aruba,ABW,North America,2002,2000,0.7879166666666667,12,E
Aruba,ABW,North America,2003,2000,0.96225,12,E
Aruba,ABW,North America,2004,2000,0.47608333333333336,12,E
Aruba,ABW,North America,2005,2000,0.6961666666666666,12,E
Aruba,ABW,North America,2006,2000,0.90525,12,E
Aruba,ABW,North America,2007,2000,0.9950833333333334,12,E
Aruba,ABW,North America,2008,2000,0.49491666666666667,12,E
Aruba,ABW,North America,2009,2000,1.0074166666666666,12,E
Aruba,ABW,North America,2010,2010,1.1378333333333333,12,E
Aruba,ABW,North America,2011,2010,0.39425,12,E
Aruba,ABW,North America,2012,2010,0.6540833333333333,12,E
Aruba,ABW,North America,2013,2010,1.0294166666666666,12,E
Aruba,ABW,North America,2014,2010,1.058,12,E
Aruba,ABW,North America,2015,2010,1.78475,12,E
Aruba,ABW,North America,2016,2010,1.2930833333333334,12,E
Aruba,ABW,North America,2017,2010,1.185,12,E
Aruba,ABW,North America,2018,2010,0.91825,12,E
Aruba,ABW,North America,2019,2010,,11,
Aruba,ABW,North America,2020,2020,,8,
Aruba,ABW,North America,2021,2020,,0,
Aruba,ABW,North America,2022,2020,,0,
Aruba,ABW,North America,2023,2020,,0,
Aruba,ABW,North America,2024,2020,,0,
Aruba,ABW,North America,2025,2020,,0,
Afghanistan,AFG,Asia,1961,1960,0.05158333333333332,12,E
Afghanistan,AFG,Asia,1962,1960,-0.25858333333333333,12,E
Afghanistan,AFG,Asia,1963,1960,0.8721666666666666,12,E
Afghanistan,AFG,Asia,1964,1960,-1.0105,12,E
Afghanistan,AFG,Asia,1965,1960,0.001916666666666696,12,E
Afghanistan,AFG,Asia,1966,1960,0.30275,12,E
Afghanistan,AFG,Asia,1967,1960,-0.34625,12,E
Afghanistan,AFG,Asia,1968,1960,-0.3598333333333333,12,E
Afghanistan,AFG,Asia,1969,1960,-0.37433333333333335,12,E
Afghanistan,AFG,Asia,1970,1970,0.6348333333333334,12,E
Afghanistan,AFG,Asia,1971,1970,0.8336666666666667,12,E
Afghanistan,AFG,Asia,1972,1970,-1.5061666666666664,12,E
Afghanistan,AFG,Asia,1973,1970,0.3203333333333333,12,E
Afghanistan,AFG,Asia,1974,1970,-0.5674166666666667,12,E
Afghanistan,AFG,Asia,1975,1970,-0.38558333333333333,12,E
Afghanistan,AFG,Asia,1976,1970,-0.32150000000000006,12,E
Afghanistan,AFG,Asia,1977,1970,0.6884166666666666,12,E
Afghanistan,AFG,Asia,1978,1970,0.1615833333333333,12,E
Afghanistan,AFG,Asia,1979,1970,0.2305,12,E
Afghanistan,AFG,Asia,1980,1980,0.6110833333333333,12,E
Afghanistan,AFG,Asia,1981,1980,0.53475,12,E
Afghanistan,AFG,Asia,1982,1980,-0.6186666666666667,12,E
Afghanistan,AFG,Asia,1983,1980,0.24916666666666668,12,E
Afghanistan,AFG,Asia,1984,1980,-0.06474999999999997,12,E
Afghanistan,AFG,Asia,1985,1980,0.5323333333333333,12,E
Afghanistan,AFG,Asia,1986,1980,-0.20541666666666666,12,E
Afghanistan,AFG,Asia,1987,1980,0.6060833333333333,12,E
Afghanistan,AFG,Asia,1988,1980,1.0054999999999998,12,E
Afghanistan,AFG,Asia,1989,1980,-0.17141666666666666,12,E
Afghanistan,AFG,Asia,1990,1990,0.5706666666666668,12,E
Afghanistan,AFG,Asia,1991,1990,0.011583333333333334,12,E
Afghanistan,AFG,Asia,1992,1990,-0.28450000000000003,12,E
Afghanistan,AFG,Asia,1993,1990,0.07541666666666667,12,E
Afghanistan,AFG,Asia,1994,1990,0.3870833333333333,12,E
Afghanistan,AFG,Asia,1995,1990,0.2916666666666667,12,E
Afghanistan,AFG,Asia,1996,1990,0.048749999999999995,12,E
Afghanistan,AFG,Asia,1997,1990,0.41183333333333333,12,E
Afghanistan,AFG,Asia,1998,1990,0.8781666666666667,12,E
Afghanistan,AFG,Asia,1999,1990,1.0659166666666666,12,E
Afghanistan,AFG,Asia,2000,2000,0.9783333333333334,12,E
Afghanistan,AFG,Asia,2001,2000,1.3930833333333332,12,E
Afghanistan,AFG,Asia,2002,2000,1.11775,12,E
Afghanistan,AFG,Asia,2003,2000,0.6840833333333333,12,E
Afghanistan,AFG,Asia,2004,2000,1.4654999999999998,12,E
Afghanistan,AFG,Asia,2005,2000,0.5109166666666667,12,E
Afghanistan,AFG,Asia,2006,2000,1.5525833333333334,12,E
Afghanistan,AFG,Asia,2007,2000,0.7796666666666666,12,E
Afghanistan,AFG,Asia,2008,2000,0.8399166666666665,12,E
Afghanistan,AFG,Asia,2009,2000,0.9205,12,E
Afghanistan,AFG,Asia,2010,2010,1.57325,12,E
Afghanistan,AFG,Asia,2011,2010,1.2628333333333333,12,E
Afghanistan,AFG,Asia,2012,2010,0.30316666666666664,12,E
Afghanistan,AFG,Asia,2013,2010,1.2761666666666667,12,E
Afghanistan,AFG,Asia,2014,2010,0.4263333333333333,12,E
Afghanistan,AFG,Asia,2015,2010,1.08825,12,E
Afghanistan,AFG,Asia,2016,2010,1.8049166666666665,12,E
Afghanistan,AFG,Asia,2017,2010,1.3081666666666667,12,E
Afghanistan,AFG,Asia,2018,2010,1.6204166666666666,12,E
Afghanistan,AFG,Asia,2019,2010,0.9030833333333333,12,E
Afghanistan,AFG,Asia,2020,2020,0.19358333333333336,12,E
Afghanistan,AFG,Asia,2021,2020,1.5803333333333331,12,E
Afghanistan,AFG,Asia,2022,2020,1.7924166666666668,12,E
Afghanistan,AFG,Asia,2023,2020,1.8719999999999999,12,E
Afghanistan,AFG,Asia,2024,2020,1.7930000000000001,12,E
Afghanistan,AFG,Asia,2025,2020,2.227,12,E
Angola,AGO,Africa,1961,1960,-0.012916666666666675,12,E
Angola,AGO,Africa,1962,1960,-0.1495,12,E
Angola,AGO,Africa,1963,1960,-0.1709166666666667,12,E
Angola,AGO,Africa,1964,1960,-0.29116666666666663,12,E
Angola,AGO,Africa,1965,1960,-0.16025000000000003,12,E
Angola,AGO,Africa,1966,1960,0.1935,12,E
Angola,AGO,Africa,1967,1960,-0.13033333333333333,12,E
Angola,AGO,Africa,1968,1960,-0.17041666666666666,12,E
Angola,AGO,Africa,1969,1960,0.20300000000000004,12,E
Angola,AGO,Africa,1970,1970,0.22916666666666666,12,E
Angola,AGO,Africa,1971,1970,-0.15658333333333332,12,E
Angola,AGO,Africa,1972,1970,0.05633333333333334,12,E
Angola,AGO,Africa,1973,1970,0.40208333333333335,12,E
Angola,AGO,Africa,1974,1970,-0.18058333333333332,12,E
Angola,AGO,Africa,1975,1970,-0.03816666666666666,12,E
Angola,AGO,Africa,1976,1970,-0.3283333333333333,12,E
Angola,AGO,Africa,1977,1970,0.2510833333333333,12,E
Angola,AGO,Africa,1978,1970,0.108,12,E
Angola,AGO,Africa,1979,1970,0.33008333333333334,12,E
Angola,AGO,Africa,1980,1980,0.31125,12,E
Angola,AGO,Africa,1981,1980,0.053416666666666675,12,E
Angola,AGO,Africa,1982,1980,0.18658333333333335,12,E
Angola,AGO,Africa,1983,1980,0.48700000000000004,12,E
Angola,AGO,Africa,1984,1980,0.6903333333333334,12,E
Angola,AGO,Africa,1985,1980,0.7245833333333334,12,E
Angola,AGO,Africa,1986,1980,0.19141666666666668,12,E
Angola,AGO,Africa,1987,1980,0.7645,12,E
Angola,AGO,Africa,1988,1980,0.40975,12,E
Angola,AGO,Africa,1989,1980,0.02416666666666668,12,E
Angola,AGO,Africa,1990,1990,0.5654166666666667,12,E
Angola,AGO,Africa,1991,1990,0.10833333333333334,12,E
Angola,AGO,Africa,1992,1990,0.1723333333333333,12,E
Angola,AGO,Africa,1993,1990,0.2035833333333333,12,E
Angola,AGO,Africa,1994,1990,0.33625,12,E
Angola,AGO,Africa,1995,1990,0.56325,12,E
Angola,AGO,Africa,1996,1990,0.29341666666666666,12,E
Angola,AGO,Africa,1997,1990,0.13533333333333333,12,E
Angola,AGO,Africa,1998,1990,0.9191666666666666,12,E
Angola,AGO,Africa,1999,1990,0.34591666666666665,12,E
Angola,AGO,Africa,2000,2000,0.0004999999999999888,12,E
Angola,AGO,Africa,2001,2000,0.20083333333333334,12,E
Angola,AGO,Africa,2002,2000,0.5615833333333333,12,E
Angola,AGO,Africa,2003,2000,0.7675833333333334,12,E
Angola,AGO,Africa,2004,2000,0.2970833333333333,12,E
Angola,AGO,Africa,2005,2000,0.8546666666666667,12,E
Angola,AGO,Africa,2006,2000,0.39399999999999996,12,E
Angola,AGO,Africa,2007,2000,0.6561666666666667,12,E
Angola,AGO,Africa,2008,2000,0.23775000000000002,12,E
Angola,AGO,Africa,2009,2000,0.4088333333333333,12,E
Angola,AGO,Africa,2010,2010,0.9465,12,E
Angola,AGO,Africa,2011,2010,0.5481666666666667,12,E
Angola,AGO,Africa,2012,2010,0.35333333333333333,12,E
Angola,AGO,Africa,2013,2010,0.7755833333333334,12,E
Angola,AGO,Africa,2014,2010,0.5984166666666667,12,E
Angola,AGO,Africa,2015,2010,1.1290833333333332,12,E
Angola,AGO,Africa,2016,2010,1.3179166666666666,12,E
Angola,AGO,Africa,2017,2010,0.6221666666666666,12,E
Angola,AGO,Africa,2018,2010,1.2059166666666667,12,E
Angola,AGO,Africa,2019,2010,1.4725000000000001,12,E
Angola,AGO,Africa,2020,2020,0.88375,12,E
Angola,AGO,Africa,2021,2020,1.4668333333333334,12,E
Angola,AGO,Africa,2022,2020,0.8403333333333333,12,E
Angola,AGO,Africa,2023,2020,1.401,12,E
Angola,AGO,Africa,2024,2020,1.40975,12,E
Angola,AGO,Africa,2025,2020,1.0415833333333333,12,E
Anguilla,AIA,North America,1961,1960,0.0023333333333333353,12,E
Anguilla,AIA,North America,1962,1960,-0.08183333333333333,12,E
Anguilla,AIA,North America,1963,1960,0.18433333333333335,12,E
Anguilla,AIA,North America,1964,1960,-0.040666666666666657,12,E
Anguilla,AIA,North America,1965,1960,-0.3,12,E
Anguilla,AIA,North America,1966,1960,-0.07758333333333334,12,E
Anguilla,AIA,North America,1967,1960,-0.34308333333333335,12,E
Anguilla,AIA,North America,1968,1960,-0.18033333333333332,12,E
Anguilla,AIA,North America,1969,1960,0.30116666666666664,12,E
Anguilla,AIA,North America,1970,1970,0.052083333333333336,12,E
Anguilla,AIA,North America,1971,1970,-0.3233333333333333,12,E
Anguilla,AIA,North America,1972,1970,-0.12816666666666668,12,E
Anguilla,AIA,North America,1973,1970,0.08749999999999998,12,E
Anguilla,AIA,North America,1974,1970,-0.3475833333333333,12,E
Anguilla,AIA,North America,1975,1970,-0.36525,12,E
Anguilla,AIA,North America,1976,1970,-0.3348333333333333,12,E
Anguilla,AIA,North America,1977,1970,0.21225000000000002,12,E
Anguilla,AIA,North America,1978,1970,0.16133333333333333,12,E
Anguilla,AIA,North America,1979,1970,0.06608333333333334,12,E
Anguilla,AIA,North America,1980,1980,0.7216666666666667,12,E
Anguilla,AIA,North America,1981,1980,0.5751666666666667,12,E
Anguilla,AIA,North America,1982,1980,0.09175,12,E
Anguilla,AIA,North America,1983,1980,0.597,12,E
Anguilla,AIA,North America,1984,1980,0.05458333333333334,12,E
Anguilla,AIA,North America,1985,1980,0.03183333333333333,12,E
Anguilla,AIA,North America,1986,1980,0.042833333333333334,12,E
Anguilla,AIA,North America,1987,1980,0.67575,12,E
Anguilla,AIA,North America,1988,1980,0.3471666666666667,12,E
Anguilla,AIA,North America,1989,1980,0.06383333333333334,12,E
Anguilla,AIA,North America,1990,1990,0.39991666666666664,12,E
Anguilla,AIA,North America,1991,1990,0.43474999999999997,12,E
Anguilla,AIA,North America,1992,1990,0.42175,12,E
Anguilla,AIA,North America,1993,1990,0.5455833333333333,12,E
Anguilla,AIA,North America,1994,1990,0.5246666666666667,12,E
Anguilla,AIA,North America,1995,1990,0.6328333333333334,12,E
Anguilla,AIA,North America,1996,1990,0.2589166666666667,12,E
Anguilla,AIA,North America,1997,1990,0.6560833333333334,12,E
Anguilla,AIA,North America,1998,1990,1.055,12,E
Anguilla,AIA,North America,1999,1990,0.48641666666666666,12,E
Anguilla,AIA,North America,2000,2000,0.28683333333333333,12,E
Anguilla,AIA,North America,2001,2000,0.6224999999999999,12,E
Anguilla,AIA,North America,2002,2000,0.7105833333333332,12,E
Anguilla,AIA,North America,2003,2000,0.8313333333333333,12,E
Anguilla,AIA,North America,2004,2000,0.537,12,E
Anguilla,AIA,North America,2005,2000,0.8154166666666667,12,E
Anguilla,AIA,North America,2006,2000,0.6675,12,E
Anguilla,AIA,North America,2007,2000,0.7890833333333332,12,E
Anguilla,AIA,North America,2008,2000,0.24650000000000002,12,E
Anguilla,AIA,North America,2009,2000,0.5415833333333334,12,E
Anguilla,AIA,North America,2010,2010,0.9121666666666667,12,E
Anguilla,AIA,North America,2011,2010,0.39491666666666664,12,E
Anguilla,AIA,North America,2012,2010,0.5395,12,E
Anguilla,AIA,North America,2013,2010,0.64875,12,E
Anguilla,AIA,North America,2014,2010,0.6395833333333333,12,E
Anguilla,AIA,North America,2015,2010,0.9785,12,E
Anguilla,AIA,North America,2016,2010,0.9345833333333333,12,E
Anguilla,AIA,North America,2017,2010,0.78925,12,E
Anguilla,AIA,North America,2018,2010,0.518,12,E
Anguilla,AIA,North America,2019,2010,0.86775,12,E
Anguilla,AIA,North America,2020,2020,1.0830833333333334,12,E
Anguilla,AIA,North America,2021,2020,0.8762500000000001,12,E
Anguilla,AIA,North America,2022,2020,0.7561666666666667,12,E
Anguilla,AIA,North America,2023,2020,1.2269166666666667,12,E
Anguilla,AIA,North America,2024,2020,1.5705833333333334,12,E
Anguilla,AIA,North America,2025,2020,1.0921666666666667,12,E
Albania,ALB,Europe,1961,1960,0.40441666666666665,12,E
Albania,ALB,Europe,1962,1960,0.19916666666666663,12,E
Albania,ALB,Europe,1963,1960,0.33,12,E
Albania,ALB,Europe,1964,1960,-0.2018333333333333,12,E
Albania,ALB,Europe,1965,1960,-0.3425833333333334,12,E
Albania,ALB,Europe,1966,1960,0.42883333333333334,12,E
Albania,ALB,Europe,1967,1960,-0.069,12,E
Albania,ALB,Europe,1968,1960,0.06675000000000002,12,E
Albania,ALB,Europe,1969,1960,-0.03158333333333332,12,E
Albania,ALB,Europe,1970,1970,-0.03266666666666667,12,E
Albania,ALB,Europe,1971,1970,-0.24133333333333337,12,E
Albania,ALB,Europe,1972,1970,-0.12591666666666665,12,E
Albania,ALB,Europe,1973,1970,-0.24291666666666667,12,E
Albania,ALB,Europe,1974,1970,-0.1815,12,E
Albania,ALB,Europe,1975,1970,-0.14616666666666664,12,E
Albania,ALB,Europe,1976,1970,-0.6794166666666667,12,E
Albania,ALB,Europe,1977,1970,0.42858333333333337,12,E
Albania,ALB,Europe,1978,1970,-0.55825,12,E
Albania,ALB,Europe,1979,1970,0.20733333333333334,12,E
Albania,ALB,Europe,1980,1980,-0.6125833333333334,12,E
Albania,ALB,Europe,1981,1980,-0.1389166666666666,12,E
Albania,ALB,Europe,1982,1980,0.29125,12,E
Albania,ALB,Europe,1983,1980,-0.21541666666666667,12,E
Albania,ALB,Europe,1984,1980,-0.20924999999999996,12,E
Albania,ALB,Europe,1985,1980,0.13249999999999998,12,E
Albania,ALB,Europe,1986,1980,0.3159166666666667,12,E
Albania,ALB,Europe,1987,1980,0.18916666666666668,12,E
Albania,ALB,Europe,1988,1980,0.2563333333333333,12,E
Albania,ALB,Europe,1989,1980,0.09783333333333337,12,E
Albania,ALB,Europe,1990,1990,0.79725,12,E
Albania,ALB,Europe,1991,1990,-0.4343333333333333,12,E
Albania,ALB,Europe,1992,1990,0.33125,12,E
Albania,ALB,Europe,1993,1990,0.32325,12,E
Albania,ALB,Europe,1994,1990,1.2751666666666666,12,E
Albania,ALB,Europe,1995,1990,0.034499999999999996,12,E
Albania,ALB,Europe,1996,1990,-0.10633333333333335,12,E
Albania,ALB,Europe,1997,1990,0.16433333333333333,12,E
Albania,ALB,Europe,1998,1990,0.6411666666666667,12,E
Albania,ALB,Europe,1999,1990,0.9993333333333333,12,E
Albania,ALB,Europe,2000,2000,1.1675,12,E
Albania,ALB,Europe,2001,2000,1.09225,12,E
Albania,ALB,Europe,2002,2000,0.9311666666666666,12,E
Albania,ALB,Europe,2003,2000,1.03,12,E
Albania,ALB,Europe,2004,2000,0.6426666666666666,12,E
Albania,ALB,Europe,2005,2000,0.10874999999999997,12,E
Albania,ALB,Europe,2006,2000,0.44849999999999995,12,E
Albania,ALB,Europe,2007,2000,1.2878333333333332,12,E
Albania,ALB,Europe,2008,2000,1.2090833333333333,12,E
Albania,ALB,Europe,2009,2000,1.0208333333333333,12,E
Albania,ALB,Europe,2010,2010,1.0620833333333335,12,E
Albania,ALB,Europe,2011,2010,1.0564166666666666,12,E
Albania,ALB,Europe,2012,2010,1.3955833333333334,12,E
Albania,ALB,Europe,2013,2010,1.455,12,E
Albania,ALB,Europe,2014,2010,1.4180000000000001,12,E
Albania,ALB,Europe,2015,2010,1.6475,12,E
Albania,ALB,Europe,2016,2010,1.4513333333333334,12,E
Albania,ALB,Europe,2017,2010,1.3262500000000002,12,E
Albania,ALB,Europe,2018,2010,2.119333333333333,12,E
Albania,ALB,Europe,2019,2010,1.9630833333333333,12,E
Albania,ALB,Europe,2020,2020,1.6598333333333333,12,E
Albania,ALB,Europe,2021,2020,1.5166666666666666,12,E
Albania,ALB,Europe,2022,2020,1.8729166666666668,12,E
Albania,ALB,Europe,2023,2020,2.1580833333333334,12,E
Albania,ALB,Europe,2024,2020,2.778166666666667,12,E
Albania,ALB,Europe,2025,2020,2.1944166666666667,12,E
Andorra,AND,Europe,1961,1960,1.0396666666666665,12,E
Andorra,AND,Europe,1962,1960,-0.18316666666666662,12,E
Andorra,AND,Europe,1963,1960,-0.7120833333333333,12,E
Andorra,AND,Europe,1964,1960,0.3480833333333333,12,E
Andorra,AND,Europe,1965,1960,-0.2608333333333333,12,E
Andorra,AND,Europe,1966,1960,0.36441666666666667,12,E
Andorra,AND,Europe,1967,1960,0.37233333333333335,12,E
Andorra,AND,Europe,1968,1960,0.18925,12,E
Andorra,AND,Europe,1969,1960,-0.37283333333333335,12,E
Andorra,AND,Europe,1970,1970,0.11241666666666668,12,E
Andorra,AND,Europe,1971,1970,-0.13266666666666668,12,E
Andorra,AND,Europe,1972,1970,-0.5005000000000001,12,E
Andorra,AND,Europe,1973,1970,-0.13683333333333328,12,E
Andorra,AND,Europe,1974,1970,-0.2124166666666667,12,E
Andorra,AND,Europe,1975,1970,-0.04349999999999998,12,E
Andorra,AND,Europe,1976,1970,0.03341666666666664,12,E
Andorra,AND,Europe,1977,1970,0.008416666666666664,12,E
Andorra,AND,Europe,1978,1970,-0.20224999999999996,12,E
Andorra,AND,Europe,1979,1970,-0.013749999999999993,12,E
Andorra,AND,Europe,1980,1980,-0.4741666666666666,12,E
Andorra,AND,Europe,1981,1980,0.37766666666666665,12,E
Andorra,AND,Europe,1982,1980,0.9378333333333333,12,E
Andorra,AND,Europe,1983,1980,0.7915,12,E
Andorra,AND,Europe,1984,1980,-0.2623333333333333,12,E
Andorra,AND,Europe,1985,1980,0.02108333333333332,12,E
Andorra,AND,Europe,1986,1980,0.41966666666666663,12,E
Andorra,AND,Europe,1987,1980,0.48825,12,E
Andorra,AND,Europe,1988,1980,0.7345833333333333,12,E
Andorra,AND,Europe,1989,1980,1.4064166666666666,12,E
Andorra,AND,Europe,1990,1990,1.264,12,E
Andorra,AND,Europe,1991,1990,0.38725000000000004,12,E
Andorra,AND,Europe,1992,1990,0.47266666666666673,12,E
Andorra,AND,Europe,1993,1990,0.225,12,E
Andorra,AND,Europe,1994,1990,1.492,12,E
Andorra,AND,Europe,1995,1990,1.25275,12,E
Andorra,AND,Europe,1996,1990,0.5383333333333333,12,E
Andorra,AND,Europe,1997,1990,1.8166666666666667,12,E
Andorra,AND,Europe,1998,1990,0.9083333333333333,12,E
Andorra,AND,Europe,1999,1990,1.0454166666666667,12,E
Andorra,AND,Europe,2000,2000,1.2690833333333333,12,E
Andorra,AND,Europe,2001,2000,1.03475,12,E
Andorra,AND,Europe,2002,2000,1.2225833333333334,12,E
Andorra,AND,Europe,2003,2000,1.8175,12,E
Andorra,AND,Europe,2004,2000,0.9003333333333333,12,E
Andorra,AND,Europe,2005,2000,0.56425,12,E
Andorra,AND,Europe,2006,2000,1.6758333333333333,12,E
Andorra,AND,Europe,2007,2000,0.9729166666666665,12,E
Andorra,AND,Europe,2008,2000,0.8425833333333332,12,E
Andorra,AND,Europe,2009,2000,1.4125833333333333,12,E
Andorra,AND,Europe,2010,2010,0.27691666666666664,12,E
Andorra,AND,Europe,2011,2010,1.8669166666666666,12,E
Andorra,AND,Europe,2012,2010,1.1526666666666667,12,E
Andorra,AND,Europe,2013,2010,0.7009166666666666,12,E
Andorra,AND,Europe,2014,2010,1.9065833333333335,12,E
Andorra,AND,Europe,2015,2010,1.89175,12,E
Andorra,AND,Europe,2016,2010,1.7437500000000001,12,E
Andorra,AND,Europe,2017,2010,1.7220833333333332,12,E
Andorra,AND,Europe,2018,2010,2.0935833333333336,12,E
Andorra,AND,Europe,2019,2010,1.92975,12,E
Andorra,AND,Europe,2020,2020,2.3055,12,E
Andorra,AND,Europe,2021,2020,1.5527499999999999,12,E
Andorra,AND,Europe,2022,2020,3.188833333333333,12,E
Andorra,AND,Europe,2023,2020,2.719416666666667,12,E
Andorra,AND,Europe,2024,2020,2.36025,12,E
Andorra,AND,Europe,2025,2020,2.6550833333333332,12,E
United Arab Emirates,ARE,Asia,1961,1960,-0.15516666666666667,12,E
United Arab Emirates,ARE,Asia,1962,1960,0.337,12,E
United Arab Emirates,ARE,Asia,1963,1960,0.16683333333333336,12,E
United Arab Emirates,ARE,Asia,1964,1960,-0.47858333333333336,12,E
United Arab Emirates,ARE,Asia,1965,1960,0.26,12,E
United Arab Emirates,ARE,Asia,1966,1960,0.15583333333333332,12,E
United Arab Emirates,ARE,Asia,1967,1960,-0.3025,12,E
United Arab Emirates,ARE,Asia,1968,1960,-0.5584166666666667,12,E
United Arab Emirates,ARE,Asia,1969,1960,0.31766666666666665,12,E
United Arab Emirates,ARE,Asia,1970,1970,0.16041666666666668,12,E
United Arab Emirates,ARE,Asia,1971,1970,-0.32783333333333337,12,E
United Arab Emirates,ARE,Asia,1972,1970,-0.5681666666666667,12,E
United Arab Emirates,ARE,Asia,1973,1970,0.12333333333333334,12,E
United Arab Emirates,ARE,Asia,1974,1970,-0.07583333333333332,12,E
United Arab Emirates,ARE,Asia,1975,1970,-0.312,12,E
United Arab Emirates,ARE,Asia,1976,1970,-0.46141666666666664,12,E
United Arab Emirates,ARE,Asia,1977,1970,0.4945833333333334,12,E
United Arab Emirates,ARE,Asia,1978,1970,0.055333333333333325,12,E
United Arab Emirates,ARE,Asia,1979,1970,0.48150000000000004,12,E
United Arab Emirates,ARE,Asia,1980,1980,0.5076666666666666,12,E
United Arab Emirates,ARE,Asia,1981,1980,0.39458333333333334,12,E
United Arab Emirates,ARE,Asia,1982,1980,-0.5633333333333334,12,E
United Arab Emirates,ARE,Asia,1983,1980,-0.5875833333333332,12,E
United Arab Emirates,ARE,Asia,1984,1980,-0.24158333333333334,12,E
United Arab Emirates,ARE,Asia,1985,1980,0.12825,12,E
United Arab Emirates,ARE,Asia,1986,1980,0.03750000000000001,12,E
United Arab Emirates,ARE,Asia,1987,1980,0.19525,12,E
United Arab Emirates,ARE,Asia,1988,1980,0.24166666666666667,12,E
United Arab Emirates,ARE,Asia,1989,1980,-0.40425,12,E
United Arab Emirates,ARE,Asia,1990,1990,0.33349999999999996,12,E
United Arab Emirates,ARE,Asia,1991,1990,-0.293,12,E
United Arab Emirates,ARE,Asia,1992,1990,-0.7102499999999999,12,E
United Arab Emirates,ARE,Asia,1993,1990,-0.027249999999999993,12,E
United Arab Emirates,ARE,Asia,1994,1990,0.2875833333333333,12,E
United Arab Emirates,ARE,Asia,1995,1990,-0.1386666666666667,12,E
United Arab Emirates,ARE,Asia,1996,1990,0.28341666666666665,12,E
United Arab Emirates,ARE,Asia,1997,1990,-0.24441666666666664,12,E
United Arab Emirates,ARE,Asia,1998,1990,1.17475,12,E
United Arab Emirates,ARE,Asia,1999,1990,1.1779166666666667,12,E
United Arab Emirates,ARE,Asia,2000,2000,0.6808333333333333,12,E
United Arab Emirates,ARE,Asia,2001,2000,0.8398333333333333,12,E
United Arab Emirates,ARE,Asia,2002,2000,0.9868333333333332,12,E
United Arab Emirates,ARE,Asia,2003,2000,1.0095,12,E
United Arab Emirates,ARE,Asia,2004,2000,0.9380000000000001,12,E
United Arab Emirates,ARE,Asia,2005,2000,0.8183333333333334,12,E
United Arab Emirates,ARE,Asia,2006,2000,0.91025,12,E
United Arab Emirates,ARE,Asia,2007,2000,0.9680833333333333,12,E
United Arab Emirates,ARE,Asia,2008,2000,0.5896666666666667,12,E
United Arab Emirates,ARE,Asia,2009,2000,1.0341666666666667,12,E
United Arab Emirates,ARE,Asia,2010,2010,1.4835833333333335,12,E
United Arab Emirates,ARE,Asia,2011,2010,1.0840833333333333,12,E
United Arab Emirates,ARE,Asia,2012,2010,1.31975,12,E
United Arab Emirates,ARE,Asia,2013,2010,0.78375,12,E
United Arab Emirates,ARE,Asia,2014,2010,1.0311666666666668,12,E
United Arab Emirates,ARE,Asia,2015,2010,1.6312499999999999,12,E
United Arab Emirates,ARE,Asia,2016,2010,1.2843333333333333,12,E
United Arab Emirates,ARE,Asia,2017,2010,1.59425,12,E
United Arab Emirates,ARE,Asia,2018,2010,1.67,12,E
United Arab Emirates,ARE,Asia,2019,2010,1.26975,12,E
United Arab Emirates,ARE,Asia,2020,2020,1.2423333333333333,12,E
United Arab Emirates,ARE,Asia,2021,2020,1.8060833333333333,12,E
United Arab Emirates,ARE,Asia,2022,2020,1.56375,12,E
United Arab Emirates,ARE,Asia,2023,2020,1.6571666666666667,12,E
United Arab Emirates,ARE,Asia,2024,2020,1.6618333333333333,12,E
United Arab Emirates,ARE,Asia,2025,2020,1.5270000000000001,12,E
Argentina,ARG,South America,1961,1960,0.12233333333333334,12,E
Argentina,ARG,South America,1962,1960,0.031083333333333362,12,E
Argentina,ARG,South America,1963,1960,0.07825000000000001,12,E
Argentina,ARG,South America,1964,1960,-0.40425,12,E
Argentina,ARG,South America,1965,1960,0.052666666666666695,12,E
Argentina,ARG,South America,1966,1960,-0.1436666666666667,12,E
Argentina,ARG,South America,1967,1960,0.2020833333333333,12,E
Argentina,ARG,South America,1968,1960,0.3625833333333333,12,E
Argentina,ARG,South America,1969,1960,0.3881666666666666,12,E
Argentina,ARG,South America,1970,1970,0.34441666666666665,12,E
Argentina,ARG,South America,1971,1970,-0.2281666666666667,12,E
Argentina,ARG,South America,1972,1970,-0.03958333333333334,12,E
Argentina,ARG,South America,1973,1970,-0.23016666666666666,12,E
Argentina,ARG,South America,1974,1970,-0.18500000000000003,12,E
Argentina,ARG,South America,1975,1970,0.06691666666666665,12,E
Argentina,ARG,South America,1976,1970,-0.4498333333333333,12,E
Argentina,ARG,South America,1977,1970,0.45858333333333334,12,E
Argentina,ARG,South America,1978,1970,0.33791666666666664,12,E
Argentina,ARG,South America,1979,1970,0.14616666666666667,12,E
Argentina,ARG,South America,1980,1980,0.38199999999999995,12,E
Argentina,ARG,South America,1981,1980,0.32433333333333336,12,E
Argentina,ARG,South America,1982,1980,0.3924166666666667,12,E
Argentina,ARG,South America,1983,1980,0.11466666666666668,12,E
Argentina,ARG,South America,1984,1980,-0.39058333333333334,12,E
Argentina,ARG,South America,1985,1980,0.4835,12,E
Argentina,ARG,South America,1986,1980,0.4434166666666666,12,E
Argentina,ARG,South America,1987,1980,0.32608333333333334,12,E
Argentina,ARG,South America,1988,1980,-0.04883333333333334,12,E
Argentina,ARG,South America,1989,1980,0.6126666666666667,12,E
Argentina,ARG,South America,1990,1990,0.33441666666666664,12,E
Argentina,ARG,South America,1991,1990,0.18841666666666668,12,E
Argentina,ARG,South America,1992,1990,-0.213,12,E
Argentina,ARG,South America,1993,1990,0.106,12,E
Argentina,ARG,South America,1994,1990,0.6198333333333333,12,E
Argentina,ARG,South America,1995,1990,0.23550000000000001,12,E
Argentina,ARG,South America,1996,1990,0.3255833333333333,12,E
Argentina,ARG,South America,1997,1990,0.7136666666666667,12,E
Argentina,ARG,South America,1998,1990,0.36433333333333334,12,E
Argentina,ARG,South America,1999,1990,0.11266666666666668,12,E
Argentina,ARG,South America,2000,2000,-0.24316666666666664,12,E
Argentina,ARG,South America,2001,2000,0.43741666666666673,12,E
Argentina,ARG,South America,2002,2000,0.20133333333333334,12,E
Argentina,ARG,South America,2003,2000,0.5241666666666667,12,E
Argentina,ARG,South America,2004,2000,0.5095833333333334,12,E
Argentina,ARG,South America,2005,2000,0.14375,12,E
Argentina,ARG,South America,2006,2000,0.5725833333333333,12,E
Argentina,ARG,South America,2007,2000,-0.2990833333333333,12,E
Argentina,ARG,South America,2008,2000,0.5363333333333333,12,E
Argentina,ARG,South America,2009,2000,0.621,12,E
Argentina,ARG,South America,2010,2010,0.08775000000000001,12,E
Argentina,ARG,South America,2011,2010,0.2580833333333333,12,E
Argentina,ARG,South America,2012,2010,0.6579166666666666,12,E
Argentina,ARG,South America,2013,2010,0.49924999999999997,12,E
Argentina,ARG,South America,2014,2010,0.6864166666666667,12,E
Argentina,ARG,South America,2015,2010,0.9045,12,E
Argentina,ARG,South America,2016,2010,0.42716666666666664,12,E
Argentina,ARG,South America,2017,2010,1.0005833333333334,12,E
Argentina,ARG,South America,2018,2010,0.7059166666666666,12,E
Argentina,ARG,South America,2019,2010,0.67475,12,E
Argentina,ARG,South America,2020,2020,1.0138333333333334,12,E
Argentina,ARG,South America,2021,2020,0.9940833333333333,12,E
Argentina,ARG,South America,2022,2020,0.5613333333333334,12,E
Argentina,ARG,South America,2023,2020,1.3330833333333334,12,E
Argentina,ARG,South America,2024,2020,0.9430000000000001,12,E
Argentina,ARG,South America,2025,2020,1.1558333333333335,12,E
Armenia,ARM,Asia,1992,1990,-1.2958333333333334,12,E
Armenia,ARM,Asia,1993,1990,-0.8984166666666668,12,E
Armenia,ARM,Asia,1994,1990,0.2211666666666667,12,E
Armenia,ARM,Asia,1995,1990,1.0093333333333334,12,E
Armenia,ARM,Asia,1996,1990,0.9458333333333334,12,E
Armenia,ARM,Asia,1997,1990,0.49133333333333334,12,E
Armenia,ARM,Asia,1998,1990,1.6049166666666668,12,E
Armenia,ARM,Asia,1999,1990,1.5230833333333333,12,E
Armenia,ARM,Asia,2000,2000,0.98025,12,E
Armenia,ARM,Asia,2001,2000,1.4730833333333333,12,E
Armenia,ARM,Asia,2002,2000,0.6861666666666667,12,E
Armenia,ARM,Asia,2003,2000,0.5515,12,E
Armenia,ARM,Asia,2004,2000,0.87125,12,E
Armenia,ARM,Asia,2005,2000,0.8599166666666668,12,E
Armenia,ARM,Asia,2006,2000,1.2966666666666666,12,E
Armenia,ARM,Asia,2007,2000,0.7654166666666667,12,E
Armenia,ARM,Asia,2008,2000,0.85875,12,E
Armenia,ARM,Asia,2009,2000,0.9788333333333332,12,E
Armenia,ARM,Asia,2010,2010,2.8166666666666664,12,E
Armenia,ARM,Asia,2011,2010,0.2944166666666666,12,E
Armenia,ARM,Asia,2012,2010,1.4844166666666665,12,E
Armenia,ARM,Asia,2013,2010,1.0124166666666665,12,E
Armenia,ARM,Asia,2014,2010,1.6982499999999998,12,E
Armenia,ARM,Asia,2015,2010,1.6066666666666667,12,E
Armenia,ARM,Asia,2016,2010,1.1121666666666667,12,E
Armenia,ARM,Asia,2017,2010,1.2845833333333334,12,E
Armenia,ARM,Asia,2018,2010,2.7062500000000003,12,E
Armenia,ARM,Asia,2019,2010,1.8043333333333333,12,E
Armenia,ARM,Asia,2020,2020,1.6258333333333332,12,E
Armenia,ARM,Asia,2021,2020,2.20375,12,E
Armenia,ARM,Asia,2022,2020,1.8666666666666665,12,E
Armenia,ARM,Asia,2023,2020,2.335,12,E
Armenia,ARM,Asia,2024,2020,2.1213333333333333,12,E
Armenia,ARM,Asia,2025,2020,1.7751666666666666,12,E
American Samoa,ASM,Oceania,1961,1960,0.02391666666666666,12,E
American Samoa,ASM,Oceania,1962,1960,-0.06291666666666666,12,E
American Samoa,ASM,Oceania,1963,1960,0.3265,12,E
American Samoa,ASM,Oceania,1964,1960,-0.16383333333333333,12,E
American Samoa,ASM,Oceania,1965,1960,-0.44083333333333335,12,E
American Samoa,ASM,Oceania,1966,1960,0.15891666666666668,12,E
American Samoa,ASM,Oceania,1967,1960,-0.39083333333333337,12,E
American Samoa,ASM,Oceania,1968,1960,-0.17049999999999998,12,E
American Samoa,ASM,Oceania,1969,1960,0.025249999999999995,12,E
American Samoa,ASM,Oceania,1970,1970,-0.18133333333333335,12,E
American Samoa,ASM,Oceania,1971,1970,-0.45416666666666666,12,E
American Samoa,ASM,Oceania,1972,1970,0.06616666666666667,12,E
American Samoa,ASM,Oceania,1973,1970,0.27025,12,E
American Samoa,ASM,Oceania,1974,1970,-0.2611666666666667,12,E
American Samoa,ASM,Oceania,1975,1970,-0.09358333333333334,12,E
American Samoa,ASM,Oceania,1976,1970,-0.10408333333333332,12,E
American Samoa,ASM,Oceania,1977,1970,0.26899999999999996,12,E
American Samoa,ASM,Oceania,1978,1970,0.09491666666666666,12,E
American Samoa,ASM,Oceania,1979,1970,0.37925000000000003,12,E
American Samoa,ASM,Oceania,1980,1980,0.4083333333333334,12,E
American Samoa,ASM,Oceania,1981,1980,0.15683333333333335,12,E
American Samoa,ASM,Oceania,1982,1980,0.3176666666666667,12,E
American Samoa,ASM,Oceania,1983,1980,0.3165,12,E
American Samoa,ASM,Oceania,1984,1980,0.251,12,E
American Samoa,ASM,Oceania,1985,1980,0.3085,12,E
American Samoa,ASM,Oceania,1986,1980,0.39925000000000005,12,E
American Samoa,ASM,Oceania,1987,1980,0.3958333333333333,12,E
American Samoa,ASM,Oceania,1988,1980,0.43783333333333335,12,E
American Samoa,ASM,Oceania,1989,1980,0.21383333333333332,12,E
American Samoa,ASM,Oceania,1990,1990,0.6165833333333334,12,E
American Samoa,ASM,Oceania,1991,1990,0.669,12,E
American Samoa,ASM,Oceania,1992,1990,0.4696666666666667,12,E
American Samoa,ASM,Oceania,1993,1990,0.09083333333333334,12,E
American Samoa,ASM,Oceania,1994,1990,0.2885,12,E
American Samoa,ASM,Oceania,1995,1990,0.7125833333333333,12,E
American Samoa,ASM,Oceania,1996,1990,0.7326666666666667,12,E
American Samoa,ASM,Oceania,1997,1990,,4,
American Samoa,ASM,Oceania,1998,1990,,4,
American Samoa,ASM,Oceania,1999,1990,0.015833333333333335,12,E
American Samoa,ASM,Oceania,2000,2000,0.38316666666666666,12,E
American Samoa,ASM,Oceania,2001,2000,0.5856666666666667,12,E
American Samoa,ASM,Oceania,2002,2000,0.7345833333333333,12,E
American Samoa,ASM,Oceania,2003,2000,0.4705,12,E
American Samoa,ASM,Oceania,2004,2000,0.40408333333333335,12,E
American Samoa,ASM,Oceania,2005,2000,0.6565833333333333,12,E
American Samoa,ASM,Oceania,2006,2000,0.5590833333333333,12,E
American Samoa,ASM,Oceania,2007,2000,0.8448333333333333,12,E
American Samoa,ASM,Oceania,2008,2000,0.33499999999999996,12,E
American Samoa,ASM,Oceania,2009,2000,,9,
American Samoa,ASM,Oceania,2010,2010,0.70325,12,E
American Samoa,ASM,Oceania,2011,2010,0.8148333333333334,12,E
American Samoa,ASM,Oceania,2012,2010,0.8715833333333333,12,E
American Samoa,ASM,Oceania,2013,2010,1.1764166666666667,12,E
American Samoa,ASM,Oceania,2014,2010,0.9475000000000001,12,E
American Samoa,ASM,Oceania,2015,2010,0.8075,12,E
American Samoa,ASM,Oceania,2016,2010,1.3733333333333333,12,E
American Samoa,ASM,Oceania,2017,2010,1.2066666666666668,12,E
American Samoa,ASM,Oceania,2018,2010,1.0191666666666668,12,E
American Samoa,ASM,Oceania,2019,2010,1.315,12,E
American Samoa,ASM,Oceania,2020,2020,1.2108333333333334,12,E
American Samoa,ASM,Oceania,2021,2020,1.0858333333333332,12,E
American Samoa,ASM,Oceania,2022,2020,1.0566666666666666,12,E
American Samoa,ASM,Oceania,2023,2020,1.115,12,E
American Samoa,ASM,Oceania,2024,2020,1.6516666666666666,12,E
American Samoa,ASM,Oceania,2025,2020,0.9925,12,E
Antarctica,ATA,Antarctica,1961,1960,0.16874999999999996,12,E
Antarctica,ATA,Antarctica,1962,1960,-0.285,12,E
Antarctica,ATA,Antarctica,1963,1960,0.30199999999999994,12,E
Antarctica,ATA,Antarctica,1964,1960,-0.38925000000000004,12,E
Antarctica,ATA,Antarctica,1965,1960,-0.08408333333333338,12,E
Antarctica,ATA,Antarctica,1966,1960,-0.15874999999999997,12,E
Antarctica,ATA,Antarctica,1967,1960,0.08083333333333338,12,E
Antarctica,ATA,Antarctica,1968,1960,-0.2107499999999999,12,E
Antarctica,ATA,Antarctica,1969,1960,-0.18099999999999997,12,E
Antarctica,ATA,Antarctica,1970,1970,-0.07575000000000003,12,E
Antarctica,ATA,Antarctica,1971,1970,0.3634166666666667,12,E
Antarctica,ATA,Antarctica,1972,1970,0.4516666666666667,12,E
Antarctica,ATA,Antarctica,1973,1970,-0.035750000000000025,12,E
Antarctica,ATA,Antarctica,1974,1970,0.48608333333333337,12,E
Antarctica,ATA,Antarctica,1975,1970,-0.005083333333333361,12,E
Antarctica,ATA,Antarctica,1976,1970,-0.5026666666666667,12,E
Antarctica,ATA,Antarctica,1977,1970,0.016499999999999976,12,E
Antarctica,ATA,Antarctica,1978,1970,-0.10875000000000003,12,E
Antarctica,ATA,Antarctica,1979,1970,-0.1423333333333333,12,E
Antarctica,ATA,Antarctica,1980,1980,0.6734166666666667,12,E
Antarctica,ATA,Antarctica,1981,1980,0.5315833333333334,12,E
Antarctica,ATA,Antarctica,1982,1980,0.07408333333333332,12,E
Antarctica,ATA,Antarctica,1983,1980,-0.9076666666666666,12,E
Antarctica,ATA,Antarctica,1984,1980,0.43074999999999997,12,E
Antarctica,ATA,Antarctica,1985,1980,-0.1681666666666667,12,E
Antarctica,ATA,Antarctica,1986,1980,-0.1785833333333334,12,E
Antarctica,ATA,Antarctica,1987,1980,-0.66325,12,E
Antarctica,ATA,Antarctica,1988,1980,0.9040833333333333,12,E
Antarctica,ATA,Antarctica,1989,1980,-0.17591666666666664,12,E
Antarctica,ATA,Antarctica,1990,1990,0.29275,12,E
Antarctica,ATA,Antarctica,1991,1990,0.6195,12,E
Antarctica,ATA,Antarctica,1992,1990,0.20925000000000002,12,E
Antarctica,ATA,Antarctica,1993,1990,-0.8208333333333334,12,E
Antarctica,ATA,Antarctica,1994,1990,-0.0706666666666667,12,E
Antarctica,ATA,Antarctica,1995,1990,-0.1305,12,E
Antarctica,ATA,Antarctica,1996,1990,0.8495833333333334,12,E
Antarctica,ATA,Antarctica,1997,1990,-0.5631666666666667,12,E
Antarctica,ATA,Antarctica,1998,1990,-0.4690833333333333,12,E
Antarctica,ATA,Antarctica,1999,1990,-0.7404166666666666,12,E
Antarctica,ATA,Antarctica,2000,2000,-0.5535,12,E
Antarctica,ATA,Antarctica,2001,2000,-0.03249999999999998,12,E
Antarctica,ATA,Antarctica,2002,2000,1.1064166666666668,12,E
Antarctica,ATA,Antarctica,2003,2000,-0.15550000000000003,12,E
Antarctica,ATA,Antarctica,2004,2000,0.165,12,E
Antarctica,ATA,Antarctica,2005,2000,0.9633333333333334,12,E
Antarctica,ATA,Antarctica,2006,2000,-0.3289166666666667,12,E
Antarctica,ATA,Antarctica,2007,2000,0.7384166666666667,12,E
Antarctica,ATA,Antarctica,2008,2000,0.6188333333333332,12,E
Antarctica,ATA,Antarctica,2009,2000,1.3535000000000001,12,E
Antarctica,ATA,Antarctica,2010,2010,0.8229166666666666,12,E
Antarctica,ATA,Antarctica,2011,2010,0.755,12,E
Antarctica,ATA,Antarctica,2012,2010,-0.07091666666666667,12,E
Antarctica,ATA,Antarctica,2013,2010,1.6825833333333333,12,E
Antarctica,ATA,Antarctica,2014,2010,0.4695833333333333,12,E
Antarctica,ATA,Antarctica,2015,2010,-0.10833333333333335,12,E
Antarctica,ATA,Antarctica,2016,2010,0.35566666666666663,12,E
Antarctica,ATA,Antarctica,2017,2010,0.6535,12,E
Antarctica,ATA,Antarctica,2018,2010,1.64675,12,E
Antarctica,ATA,Antarctica,2019,2010,0.5308333333333333,12,E
Antarctica,ATA,Antarctica,2020,2020,0.7613333333333333,12,E
Antarctica,ATA,Antarctica,2021,2020,-0.5895833333333333,12,E
Antarctica,ATA,Antarctica,2022,2020,0.3170833333333334,12,E
Antarctica,ATA,Antarctica,2023,2020,0.5328333333333333,12,E
Antarctica,ATA,Antarctica,2024,2020,0.49174999999999996,12,E
Antarctica,ATA,Antarctica,2025,2020,1.406,12,E
French Southern Territories,ATF,Africa,1961,1960,-0.36050000000000004,12,E
French Southern Territories,ATF,Africa,1962,1960,-0.14675000000000002,12,E
French Southern Territories,ATF,Africa,1963,1960,-0.5870833333333333,12,E
French Southern Territories,ATF,Africa,1964,1960,-0.7682500000000001,12,E
French Southern Territories,ATF,Africa,1965,1960,-0.19508333333333336,12,E
French Southern Territories,ATF,Africa,1966,1960,-0.35441666666666666,12,E
French Southern Territories,ATF,Africa,1967,1960,-0.5681666666666666,12,E
French Southern Territories,ATF,Africa,1968,1960,0.8137500000000001,12,E
French Southern Territories,ATF,Africa,1969,1960,-0.21233333333333335,12,E
French Southern Territories,ATF,Africa,1970,1970,0.1416666666666667,12,E
French Southern Territories,ATF,Africa,1971,1970,0.4788333333333334,12,E
French Southern Territories,ATF,Africa,1972,1970,-0.10366666666666667,12,E
French Southern Territories,ATF,Africa,1973,1970,0.14091666666666666,12,E
French Southern Territories,ATF,Africa,1974,1970,0.03941666666666666,12,E
French Southern Territories,ATF,Africa,1975,1970,0.20258333333333334,12,E
French Southern Territories,ATF,Africa,1976,1970,0.05966666666666668,12,E
French Southern Territories,ATF,Africa,1977,1970,0.11883333333333335,12,E
French Southern Territories,ATF,Africa,1978,1970,0.6225833333333334,12,E
French Southern Territories,ATF,Africa,1979,1970,0.6558333333333334,12,E
French Southern Territories,ATF,Africa,1980,1980,0.5913333333333334,12,E
French Southern Territories,ATF,Africa,1981,1980,0.61775,12,E
French Southern Territories,ATF,Africa,1982,1980,0.8865833333333333,12,E
French Southern Territories,ATF,Africa,1983,1980,,11,
French Southern Territories,ATF,Africa,1984,1980,0.09975,12,E
French Southern Territories,ATF,Africa,1985,1980,,10,
French Southern Territories,ATF,Africa,1986,1980,,5,
French Southern Territories,ATF,Africa,1987,1980,0.6819166666666666,12,E
French Southern Territories,ATF,Africa,1988,1980,-0.3154166666666667,12,E
French Southern Territories,ATF,Africa,1989,1980,,10,
French Southern Territories,ATF,Africa,1990,1990,,6,
French Southern Territories,ATF,Africa,1991,1990,,11,
French Southern Territories,ATF,Africa,1992,1990,0.48016666666666663,12,E
French Southern Territories,ATF,Africa,1993,1990,0.8174166666666668,12,E
French Southern Territories,ATF,Africa,1994,1990,,11,
French Southern Territories,ATF,Africa,1995,1990,0.13416666666666668,12,E
French Southern Territories,ATF,Africa,1996,1990,0.17658333333333331,12,E
French Southern Territories,ATF,Africa,1997,1990,0.8678333333333333,12,E
French Southern Territories,ATF,Africa,1998,1990,0.6306666666666666,12,E
French Southern Territories,ATF,Africa,1999,1990,,11,
French Southern Territories,ATF,Africa,2000,2000,0.5465,12,E
French Southern Territories,ATF,Africa,2001,2000,0.6128333333333333,12,E
French Southern Territories,ATF,Africa,2002,2000,0.41958333333333336,12,E
French Southern Territories,ATF,Africa,2003,2000,0.44516666666666665,12,E
French Southern Territories,ATF,Africa,2004,2000,0.47425,12,E
French Southern Territories,ATF,Africa,2005,2000,0.06216666666666667,12,E
French Southern Territories,ATF,Africa,2006,2000,0.32,12,E
French Southern Territories,ATF,Africa,2007,2000,0.03391666666666667,12,E
French Southern Territories,ATF,Africa,2008,2000,0.21391666666666667,12,E
French Southern Territories,ATF,Africa,2009,2000,0.14575000000000002,12,E
French Southern Territories,ATF,Africa,2010,2010,0.32158333333333333,12,E
French Southern Territories,ATF,Africa,2011,2010,0.36525,12,E
French Southern Territories,ATF,Africa,2012,2010,0.6703333333333333,12,E
French Southern Territories,ATF,Africa,2013,2010,0.2175,12,E
French Southern Territories,ATF,Africa,2014,2010,-0.16316666666666665,12,E
French Southern Territories,ATF,Africa,2015,2010,0.5218333333333334,12,E
French Southern Territories,ATF,Africa,2016,2010,0.8845833333333334,12,E
French Southern Territories,ATF,Africa,2017,2010,0.9009166666666667,12,E
French Southern Territories,ATF,Africa,2018,2010,0.7954166666666667,12,E
French Southern Territories,ATF,Africa,2019,2010,0.5448333333333334,12,E
French Southern Territories,ATF,Africa,2020,2020,0.44016666666666665,12,E
French Southern Territories,ATF,Africa,2021,2020,0.5314166666666666,12,E
French Southern Territories,ATF,Africa,2022,2020,0.73375,12,E
French Southern Territories,ATF,Africa,2023,2020,1.2651666666666668,12,E
French Southern Territories,ATF,Africa,2024,2020,0.8744166666666667,12,E
French Southern Territories,ATF,Africa,2025,2020,0.8735833333333333,12,E
Antigua and Barbuda,ATG,North America,1961,1960,-0.012666666666666666,12,E
Antigua and Barbuda,ATG,North America,1962,1960,-0.12141666666666666,12,E
Antigua and Barbuda,ATG,North America,1963,1960,0.17141666666666666,12,E
Antigua and Barbuda,ATG,North America,1964,1960,-0.08141666666666668,12,E
Antigua and Barbuda,ATG,North America,1965,1960,-0.33341666666666664,12,E
Antigua and Barbuda,ATG,North America,1966,1960,-0.0057500000000000025,12,E
Antigua and Barbuda,ATG,North America,1967,1960,-0.27308333333333334,12,E
Antigua and Barbuda,ATG,North America,1968,1960,-0.19458333333333333,12,E
Antigua and Barbuda,ATG,North America,1969,1960,0.2791666666666667,12,E
Antigua and Barbuda,ATG,North America,1970,1970,0.11091666666666666,12,E
Antigua and Barbuda,ATG,North America,1971,1970,-0.32208333333333333,12,E
Antigua and Barbuda,ATG,North America,1972,1970,-0.15766666666666668,12,E
Antigua and Barbuda,ATG,North America,1973,1970,0.09316666666666666,12,E
Antigua and Barbuda,ATG,North America,1974,1970,-0.3669166666666666,12,E
Antigua and Barbuda,ATG,North America,1975,1970,-0.429,12,E
Antigua and Barbuda,ATG,North America,1976,1970,-0.36833333333333335,12,E
Antigua and Barbuda,ATG,North America,1977,1970,0.20066666666666666,12,E
Antigua and Barbuda,ATG,North America,1978,1970,0.17066666666666666,12,E
Antigua and Barbuda,ATG,North America,1979,1970,0.15375,12,E
Antigua and Barbuda,ATG,North America,1980,1980,0.664,12,E
Antigua and Barbuda,ATG,North America,1981,1980,0.6148333333333333,12,E
Antigua and Barbuda,ATG,North America,1982,1980,0.09725,12,E
Antigua and Barbuda,ATG,North America,1983,1980,0.5593333333333333,12,E
Antigua and Barbuda,ATG,North America,1984,1980,-0.019916666666666673,12,E
Antigua and Barbuda,ATG,North America,1985,1980,-0.009833333333333333,12,E
Antigua and Barbuda,ATG,North America,1986,1980,-0.020416666666666666,12,E
Antigua and Barbuda,ATG,North America,1987,1980,0.719,12,E
Antigua and Barbuda,ATG,North America,1988,1980,0.26475,12,E
Antigua and Barbuda,ATG,North America,1989,1980,0.002583333333333345,12,E
Antigua and Barbuda,ATG,North America,1990,1990,0.3645,12,E
Antigua and Barbuda,ATG,North America,1991,1990,0.42533333333333334,12,E
Antigua and Barbuda,ATG,North America,1992,1990,0.5395,12,E
Antigua and Barbuda,ATG,North America,1993,1990,0.54425,12,E
Antigua and Barbuda,ATG,North America,1994,1990,0.45983333333333337,12,E
Antigua and Barbuda,ATG,North America,1995,1990,0.7026666666666667,12,E
Antigua and Barbuda,ATG,North America,1996,1990,0.311,12,E
Antigua and Barbuda,ATG,North America,1997,1990,0.6967500000000001,12,E
Antigua and Barbuda,ATG,North America,1998,1990,1.0666666666666667,12,E
Antigua and Barbuda,ATG,North America,1999,1990,0.5315,12,E
Antigua and Barbuda,ATG,North America,2000,2000,0.3319166666666667,12,E
Antigua and Barbuda,ATG,North America,2001,2000,,1,
Antigua and Barbuda,ATG,North America,2002,2000,0.6484166666666666,12,E
Antigua and Barbuda,ATG,North America,2003,2000,0.8529166666666667,12,E
Antigua and Barbuda,ATG,North America,2004,2000,0.5400833333333334,12,E
Antigua and Barbuda,ATG,North America,2005,2000,0.8889999999999999,12,E
Antigua and Barbuda,ATG,North America,2006,2000,0.6129166666666667,12,E
Antigua and Barbuda,ATG,North America,2007,2000,0.7759166666666667,12,E
Antigua and Barbuda,ATG,North America,2008,2000,0.18941666666666668,12,E
Antigua and Barbuda,ATG,North America,2009,2000,0.48124999999999996,12,E
Antigua and Barbuda,ATG,North America,2010,2010,1.0469166666666667,12,E
Antigua and Barbuda,ATG,North America,2011,2010,0.45366666666666666,12,E
Antigua and Barbuda,ATG,North America,2012,2010,0.5734166666666667,12,E
Antigua and Barbuda,ATG,North America,2013,2010,0.658,12,E
Antigua and Barbuda,ATG,North America,2014,2010,0.5663333333333334,12,E
Antigua and Barbuda,ATG,North America,2015,2010,0.9483333333333334,12,E
Antigua and Barbuda,ATG,North America,2016,2010,0.9173333333333332,12,E
Antigua and Barbuda,ATG,North America,2017,2010,0.7825000000000001,12,E
Antigua and Barbuda,ATG,North America,2018,2010,0.5045833333333333,12,E
Antigua and Barbuda,ATG,North America,2019,2010,0.9085833333333334,12,E
Antigua and Barbuda,ATG,North America,2020,2020,1.0455833333333333,12,E
Antigua and Barbuda,ATG,North America,2021,2020,0.8984166666666668,12,E
Antigua and Barbuda,ATG,North America,2022,2020,0.6974166666666667,12,E
Antigua and Barbuda,ATG,North America,2023,2020,1.1509166666666666,12,E
Antigua and Barbuda,ATG,North America,2024,2020,,11,
Antigua and Barbuda,ATG,North America,2025,2020,1.127,12,E
Australia,AUS,Oceania,1961,1960,0.221,12,E
Australia,AUS,Oceania,1962,1960,0.09058333333333334,12,E
Australia,AUS,Oceania,1963,1960,-0.05475,12,E
Australia,AUS,Oceania,1964,1960,-0.12649999999999997,12,E
Australia,AUS,Oceania,1965,1960,0.26775,12,E
Australia,AUS,Oceania,1966,1960,-0.35575,12,E
Australia,AUS,Oceania,1967,1960,-0.05449999999999999,12,E
Australia,AUS,Oceania,1968,1960,-0.24108333333333332,12,E
Australia,AUS,Oceania,1969,1960,0.13349999999999998,12,E
Australia,AUS,Oceania,1970,1970,0.037333333333333336,12,E
Australia,AUS,Oceania,1971,1970,-0.043500000000000004,12,E
Australia,AUS,Oceania,1972,1970,0.28725,12,E
Australia,AUS,Oceania,1973,1970,0.6849166666666666,12,E
Australia,AUS,Oceania,1974,1970,-0.4045,12,E
Australia,AUS,Oceania,1975,1970,0.026583333333333337,12,E
Australia,AUS,Oceania,1976,1970,-0.4643333333333333,12,E
Australia,AUS,Oceania,1977,1970,0.14666666666666664,12,E
Australia,AUS,Oceania,1978,1970,-0.059083333333333356,12,E
Australia,AUS,Oceania,1979,1970,0.48841666666666667,12,E
Australia,AUS,Oceania,1980,1980,0.7855,12,E
Australia,AUS,Oceania,1981,1980,0.4121666666666666,12,E
Australia,AUS,Oceania,1982,1980,0.15974999999999998,12,E
Australia,AUS,Oceania,1983,1980,0.5100833333333333,12,E
Australia,AUS,Oceania,1984,1980,-0.22125000000000003,12,E
Australia,AUS,Oceania,1985,1980,0.2798333333333333,12,E
Australia,AUS,Oceania,1986,1980,0.332,12,E
Australia,AUS,Oceania,1987,1980,0.32183333333333336,12,E
Australia,AUS,Oceania,1988,1980,0.8919166666666666,12,E
Australia,AUS,Oceania,1989,1980,0.14841666666666667,12,E
Australia,AUS,Oceania,1990,1990,0.5936666666666667,12,E
Australia,AUS,Oceania,1991,1990,0.6876666666666668,12,E
Australia,AUS,Oceania,1992,1990,0.22066666666666668,12,E
Australia,AUS,Oceania,1993,1990,0.44575000000000004,12,E
Australia,AUS,Oceania,1994,1990,0.30349999999999994,12,E
Australia,AUS,Oceania,1995,1990,0.2750833333333333,12,E
Australia,AUS,Oceania,1996,1990,0.611,12,E
Australia,AUS,Oceania,1997,1990,0.4215,12,E
Australia,AUS,Oceania,1998,1990,1.0115,12,E
Australia,AUS,Oceania,1999,1990,0.48625,12,E
Australia,AUS,Oceania,2000,2000,0.20125,12,E
Australia,AUS,Oceania,2001,2000,0.27233333333333337,12,E
Australia,AUS,Oceania,2002,2000,0.8368333333333333,12,E
Australia,AUS,Oceania,2003,2000,0.8149166666666666,12,E
Australia,AUS,Oceania,2004,2000,0.6575,12,E
Australia,AUS,Oceania,2005,2000,1.2169166666666666,12,E
Australia,AUS,Oceania,2006,2000,0.6385,12,E
Australia,AUS,Oceania,2007,2000,0.8909166666666666,12,E
Australia,AUS,Oceania,2008,2000,0.594,12,E
Australia,AUS,Oceania,2009,2000,1.0655,12,E
Australia,AUS,Oceania,2010,2010,0.5336666666666666,12,E
Australia,AUS,Oceania,2011,2010,0.19041666666666665,12,E
Australia,AUS,Oceania,2012,2010,0.4131666666666667,12,E
Australia,AUS,Oceania,2013,2010,1.4358333333333333,12,E
Australia,AUS,Oceania,2014,2010,1.1780833333333334,12,E
Australia,AUS,Oceania,2015,2010,1.0759166666666666,12,E
Australia,AUS,Oceania,2016,2010,1.1458333333333333,12,E
Australia,AUS,Oceania,2017,2010,1.1654166666666665,12,E
Australia,AUS,Oceania,2018,2010,1.1911666666666667,12,E
Australia,AUS,Oceania,2019,2010,1.5192500000000002,12,E
Australia,AUS,Oceania,2020,2020,1.20025,12,E
Australia,AUS,Oceania,2021,2020,0.6913333333333332,12,E
Australia,AUS,Oceania,2022,2020,0.6574166666666666,12,E
Australia,AUS,Oceania,2023,2020,1.0795833333333333,12,E
Australia,AUS,Oceania,2024,2020,1.5323333333333335,12,E
Australia,AUS,Oceania,2025,2020,1.3263333333333334,12,E
Austria,AUT,Europe,1961,1960,0.8415833333333333,12,E
Austria,AUT,Europe,1962,1960,-0.8645833333333334,12,E
Austria,AUT,Europe,1963,1960,-0.7010000000000001,12,E
Austria,AUT,Europe,1964,1960,-0.10166666666666668,12,E
Austria,AUT,Europe,1965,1960,-0.7178333333333334,12,E
Austria,AUT,Europe,1966,1960,0.53925,12,E
Austria,AUT,Europe,1967,1960,0.578,12,E
Austria,AUT,Europe,1968,1960,0.06608333333333334,12,E
Austria,AUT,Europe,1969,1960,-0.2535833333333333,12,E
Austria,AUT,Europe,1970,1970,-0.26275,12,E
Austria,AUT,Europe,1971,1970,0.1588333333333333,12,E
Austria,AUT,Europe,1972,1970,-0.09325000000000001,12,E
Austria,AUT,Europe,1973,1970,-0.056583333333333354,12,E
Austria,AUT,Europe,1974,1970,0.5895833333333332,12,E
Austria,AUT,Europe,1975,1970,0.6074166666666666,12,E
Austria,AUT,Europe,1976,1970,0.10308333333333335,12,E
Austria,AUT,Europe,1977,1970,0.6089166666666667,12,E
Austria,AUT,Europe,1978,1970,-0.45858333333333334,12,E
Austria,AUT,Europe,1979,1970,0.12091666666666667,12,E
Austria,AUT,Europe,1980,1980,-0.62325,12,E
Austria,AUT,Europe,1981,1980,0.26008333333333333,12,E
Austria,AUT,Europe,1982,1980,0.6507499999999999,12,E
Austria,AUT,Europe,1983,1980,0.8950833333333333,12,E
Austria,AUT,Europe,1984,1980,-0.2064166666666667,12,E
Austria,AUT,Europe,1985,1980,-0.3606666666666667,12,E
Austria,AUT,Europe,1986,1980,0.04891666666666664,12,E
Austria,AUT,Europe,1987,1980,-0.10149999999999999,12,E
Austria,AUT,Europe,1988,1980,0.81725,12,E
Austria,AUT,Europe,1989,1980,1.089,12,E
Austria,AUT,Europe,1990,1990,1.0709166666666665,12,E
Austria,AUT,Europe,1991,1990,0.08950000000000002,12,E
Austria,AUT,Europe,1992,1990,1.3710833333333332,12,E
Austria,AUT,Europe,1993,1990,0.6556666666666667,12,E
Austria,AUT,Europe,1994,1990,1.9791666666666667,12,E
Austria,AUT,Europe,1995,1990,0.7413333333333334,12,E
Austria,AUT,Europe,1996,1990,-0.32116666666666666,12,E
Austria,AUT,Europe,1997,1990,0.8344166666666667,12,E
Austria,AUT,Europe,1998,1990,1.1070833333333334,12,E
Austria,AUT,Europe,1999,1990,1.0845833333333335,12,E
Austria,AUT,Europe,2000,2000,1.954,12,E
Austria,AUT,Europe,2001,2000,1.09175,12,E
Austria,AUT,Europe,2002,2000,1.8041666666666665,12,E
Austria,AUT,Europe,2003,2000,1.4625000000000001,12,E
Austria,AUT,Europe,2004,2000,0.7983333333333333,12,E
Austria,AUT,Europe,2005,2000,0.5105833333333334,12,E
Austria,AUT,Europe,2006,2000,1.1949166666666666,12,E
Austria,AUT,Europe,2007,2000,1.9009166666666666,12,E
Austria,AUT,Europe,2008,2000,1.69325,12,E
Austria,AUT,Europe,2009,2000,1.4735833333333332,12,E
Austria,AUT,Europe,2010,2010,0.45150000000000007,12,E
Austria,AUT,Europe,2011,2010,1.75725,12,E
Austria,AUT,Europe,2012,2010,1.6005833333333335,12,E
Austria,AUT,Europe,2013,2010,1.2669166666666667,12,E
Austria,AUT,Europe,2014,2010,2.4069166666666666,12,E
Austria,AUT,Europe,2015,2010,2.30625,12,E
Austria,AUT,Europe,2016,2010,1.8444166666666666,12,E
Austria,AUT,Europe,2017,2010,1.7219166666666668,12,E
Austria,AUT,Europe,2018,2010,2.5825,12,E
Austria,AUT,Europe,2019,2010,2.461,12,E
Austria,AUT,Europe,2020,2020,2.231333333333333,12,E
Austria,AUT,Europe,2021,2020,1.3378333333333332,12,E
Austria,AUT,Europe,2022,2020,2.576166666666667,12,E
Austria,AUT,Europe,2023,2020,2.6884166666666665,12,E
Austria,AUT,Europe,2024,2020,3.1839999999999997,12,E
Austria,AUT,Europe,2025,2020,2.21975,12,E
Azerbaijan,AZE,Asia,1992,1990,-0.8495833333333334,12,E
Azerbaijan,AZE,Asia,1993,1990,-0.9958333333333332,12,E
Azerbaijan,AZE,Asia,1994,1990,-0.0345833333333333,12,E
Azerbaijan,AZE,Asia,1995,1990,1.1864999999999999,12,E
Azerbaijan,AZE,Asia,1996,1990,0.60375,12,E
Azerbaijan,AZE,Asia,1997,1990,0.36033333333333334,12,E
Azerbaijan,AZE,Asia,1998,1990,1.3804999999999998,12,E
Azerbaijan,AZE,Asia,1999,1990,1.2725833333333334,12,E
Azerbaijan,AZE,Asia,2000,2000,1.0049166666666667,12,E
Azerbaijan,AZE,Asia,2001,2000,1.4435,12,E
Azerbaijan,AZE,Asia,2002,2000,0.9428333333333333,12,E
Azerbaijan,AZE,Asia,2003,2000,0.409,12,E
Azerbaijan,AZE,Asia,2004,2000,1.1838333333333335,12,E
Azerbaijan,AZE,Asia,2005,2000,1.1794166666666668,12,E
Azerbaijan,AZE,Asia,2006,2000,1.20975,12,E
Azerbaijan,AZE,Asia,2007,2000,1.08775,12,E
Azerbaijan,AZE,Asia,2008,2000,0.8718333333333333,12,E
Azerbaijan,AZE,Asia,2009,2000,1.0965,12,E
Azerbaijan,AZE,Asia,2010,2010,2.5773333333333333,12,E
Azerbaijan,AZE,Asia,2011,2010,0.4191666666666667,12,E
Azerbaijan,AZE,Asia,2012,2010,1.546916666666667,12,E
Azerbaijan,AZE,Asia,2013,2010,1.37575,12,E
Azerbaijan,AZE,Asia,2014,2010,1.5639166666666666,12,E
Azerbaijan,AZE,Asia,2015,2010,1.5583333333333333,12,E
Azerbaijan,AZE,Asia,2016,2010,1.2455833333333333,12,E
Azerbaijan,AZE,Asia,2017,2010,1.609,12,E
Azerbaijan,AZE,Asia,2018,2010,2.2447500000000002,12,E
Azerbaijan,AZE,Asia,2019,2010,2.0544166666666666,12,E
Azerbaijan,AZE,Asia,2020,2020,1.7299166666666668,12,E
Azerbaijan,AZE,Asia,2021,2020,2.2712499999999998,12,E
Azerbaijan,AZE,Asia,2022,2020,2.0713333333333335,12,E
Azerbaijan,AZE,Asia,2023,2020,2.5018333333333334,12,E
Azerbaijan,AZE,Asia,2024,2020,1.9936666666666667,12,E
Azerbaijan,AZE,Asia,2025,2020,1.8640833333333333,12,E
Burundi,BDI,Africa,1961,1960,-0.05449999999999999,12,E
Burundi,BDI,Africa,1962,1960,-0.5521666666666667,12,E
Burundi,BDI,Africa,1963,1960,-0.18300000000000002,12,E
Burundi,BDI,Africa,1964,1960,-0.3060833333333333,12,E
Burundi,BDI,Africa,1965,1960,-0.22466666666666665,12,E
Burundi,BDI,Africa,1966,1960,-0.009,12,E
Burundi,BDI,Africa,1967,1960,-0.2693333333333333,12,E
Burundi,BDI,Africa,1968,1960,-0.29275,12,E
Burundi,BDI,Africa,1969,1960,0.18933333333333333,12,E
Burundi,BDI,Africa,1970,1970,0.19375,12,E
Burundi,BDI,Africa,1971,1970,-0.3625,12,E
Burundi,BDI,Africa,1972,1970,0.22416666666666665,12,E
Burundi,BDI,Africa,1973,1970,0.4351666666666667,12,E
Burundi,BDI,Africa,1974,1970,0.06791666666666667,12,E
Burundi,BDI,Africa,1975,1970,,2,
Burundi,BDI,Africa,1976,1970,,0,
Burundi,BDI,Africa,1977,1970,,0,
Burundi,BDI,Africa,1978,1970,,0,
Burundi,BDI,Africa,1979,1970,,5,
Burundi,BDI,Africa,1980,1980,,2,
Burundi,BDI,Africa,1981,1980,,6,
Burundi,BDI,Africa,1982,1980,,10,
Burundi,BDI,Africa,1983,1980,,11,
Burundi,BDI,Africa,1984,1980,,6,
Burundi,BDI,Africa,1985,1980,,1,
Burundi,BDI,Africa,1986,1980,,11,
Burundi,BDI,Africa,1987,1980,0.7971666666666667,12,E
Burundi,BDI,Africa,1988,1980,0.3015,12,E
Burundi,BDI,Africa,1989,1980,,11,
Burundi,BDI,Africa,1990,1990,,11,
Burundi,BDI,Africa,1991,1990,0.12,12,E
Burundi,BDI,Africa,1992,1990,,10,
Burundi,BDI,Africa,1993,1990,,2,
Burundi,BDI,Africa,1994,1990,,4,
Burundi,BDI,Africa,1995,1990,,6,
Burundi,BDI,Africa,1996,1990,,6,
Burundi,BDI,Africa,1997,1990,,5,
Burundi,BDI,Africa,1998,1990,,9,
Burundi,BDI,Africa,1999,1990,,5,
Burundi,BDI,Africa,2000,2000,,5,
Burundi,BDI,Africa,2001,2000,,10,
Burundi,BDI,Africa,2002,2000,,11,
Burundi,BDI,Africa,2003,2000,1.04375,12,E
Burundi,BDI,Africa,2004,2000,1.1973333333333334,12,E
Burundi,BDI,Africa,2005,2000,,0,
Burundi,BDI,Africa,2006,2000,,0,
Burundi,BDI,Africa,2007,2000,,9,
Burundi,BDI,Africa,2008,2000,,3,
Burundi,BDI,Africa,2009,2000,,7,
Burundi,BDI,Africa,2010,2010,,4,
Burundi,BDI,Africa,2011,2010,,2,
Burundi,BDI,Africa,2012,2010,,4,
Burundi,BDI,Africa,2013,2010,,6,
Burundi,BDI,Africa,2014,2010,,0,
Burundi,BDI,Africa,2015,2010,,0,
Burundi,BDI,Africa,2016,2010,,0,
Burundi,BDI,Africa,2017,2010,,0,
Burundi,BDI,Africa,2018,2010,,0,
Burundi,BDI,Africa,2019,2010,,0,
Burundi,BDI,Africa,2020,2020,,0,
Burundi,BDI,Africa,2021,2020,,0,
Burundi,BDI,Africa,2022,2020,,0,
Burundi,BDI,Africa,2023,2020,,0,
Burundi,BDI,Africa,2024,2020,,0,
Burundi,BDI,Africa,2025,2020,,0,
Belgium,BEL,Europe,2000,2000,1.5810833333333332,12,E
Belgium,BEL,Europe,2001,2000,1.0690833333333334,12,E
Belgium,BEL,Europe,2002,2000,1.561416666666667,12,E
Belgium,BEL,Europe,2003,2000,1.4958333333333333,12,E
Belgium,BEL,Europe,2004,2000,0.9758333333333334,12,E
Belgium,BEL,Europe,2005,2000,1.2196666666666667,12,E
Belgium,BEL,Europe,2006,2000,1.62275,12,E
Belgium,BEL,Europe,2007,2000,1.7051666666666667,12,E
Belgium,BEL,Europe,2008,2000,1.1533333333333333,12,E
Belgium,BEL,Europe,2009,2000,1.1614166666666665,12,E
Belgium,BEL,Europe,2010,2010,-0.08066666666666666,12,E
Belgium,BEL,Europe,2011,2010,1.8471666666666666,12,E
Belgium,BEL,Europe,2012,2010,1.0263333333333333,12,E
Belgium,BEL,Europe,2013,2010,0.5329166666666666,12,E
Belgium,BEL,Europe,2014,2010,2.324333333333333,12,E
Belgium,BEL,Europe,2015,2010,1.7349166666666667,12,E
Belgium,BEL,Europe,2016,2010,1.4771666666666665,12,E
Belgium,BEL,Europe,2017,2010,1.7516666666666667,12,E
Belgium,BEL,Europe,2018,2010,2.2899166666666666,12,E
Belgium,BEL,Europe,2019,2010,2.0589999999999997,12,E
Belgium,BEL,Europe,2020,2020,2.5184166666666665,12,E
Belgium,BEL,Europe,2021,2020,1.1973333333333331,12,E
Belgium,BEL,Europe,2022,2020,2.666166666666667,12,E
Belgium,BEL,Europe,2023,2020,2.633833333333333,12,E
Belgium,BEL,Europe,2024,2020,2.478833333333333,12,E
Belgium,BEL,Europe,2025,2020,2.2514166666666666,12,E
Benin,BEN,Africa,1961,1960,-0.2718333333333333,12,E
Benin,BEN,Africa,1962,1960,-0.17225000000000001,12,E
Benin,BEN,Africa,1963,1960,0.17108333333333334,12,E
Benin,BEN,Africa,1964,1960,-0.1880833333333333,12,E
Benin,BEN,Africa,1965,1960,-0.18566666666666665,12,E
Benin,BEN,Africa,1966,1960,0.05883333333333333,12,E
Benin,BEN,Africa,1967,1960,-0.19666666666666666,12,E
Benin,BEN,Africa,1968,1960,-0.05016666666666667,12,E
Benin,BEN,Africa,1969,1960,0.32375,12,E
Benin,BEN,Africa,1970,1970,0.2864166666666667,12,E
Benin,BEN,Africa,1971,1970,-0.16083333333333333,12,E
Benin,BEN,Africa,1972,1970,0.12208333333333334,12,E
Benin,BEN,Africa,1973,1970,0.6198333333333333,12,E
Benin,BEN,Africa,1974,1970,-0.07608333333333334,12,E
Benin,BEN,Africa,1975,1970,-0.2534166666666667,12,E
Benin,BEN,Africa,1976,1970,-0.22733333333333336,12,E
Benin,BEN,Africa,1977,1970,0.3123333333333333,12,E
Benin,BEN,Africa,1978,1970,0.042,12,E
Benin,BEN,Africa,1979,1970,0.4280833333333333,12,E
Benin,BEN,Africa,1980,1980,0.4058333333333333,12,E
Benin,BEN,Africa,1981,1980,0.36341666666666667,12,E
Benin,BEN,Africa,1982,1980,0.16866666666666666,12,E
Benin,BEN,Africa,1983,1980,0.62775,12,E
Benin,BEN,Africa,1984,1980,0.43966666666666665,12,E
Benin,BEN,Africa,1985,1980,0.4166666666666667,12,E
Benin,BEN,Africa,1986,1980,0.3408333333333333,12,E
Benin,BEN,Africa,1987,1980,1.1307500000000001,12,E
Benin,BEN,Africa,1988,1980,0.5911666666666667,12,E
Benin,BEN,Africa,1989,1980,0.033333333333333326,12,E
Benin,BEN,Africa,1990,1990,0.7265,12,E
Benin,BEN,Africa,1991,1990,0.20025,12,E
Benin,BEN,Africa,1992,1990,0.07316666666666669,12,E
Benin,BEN,Africa,1993,1990,0.5746666666666667,12,E
Benin,BEN,Africa,1994,1990,0.37766666666666665,12,E
Benin,BEN,Africa,1995,1990,0.60475,12,E
Benin,BEN,Africa,1996,1990,0.763,12,E
Benin,BEN,Africa,1997,1990,0.5953333333333334,12,E
Benin,BEN,Africa,1998,1990,1.0968333333333333,12,E
Benin,BEN,Africa,1999,1990,0.6075,12,E
Benin,BEN,Africa,2000,2000,0.5281666666666667,12,E
Benin,BEN,Africa,2001,2000,0.7061666666666667,12,E
Benin,BEN,Africa,2002,2000,0.7392500000000001,12,E
Benin,BEN,Africa,2003,2000,0.9915833333333334,12,E
Benin,BEN,Africa,2004,2000,0.8658333333333333,12,E
Benin,BEN,Africa,2005,2000,1.1626666666666667,12,E
Benin,BEN,Africa,2006,2000,0.9909166666666667,12,E
Benin,BEN,Africa,2007,2000,0.9444166666666667,12,E
Benin,BEN,Africa,2008,2000,0.7292500000000001,12,E
Benin,BEN,Africa,2009,2000,1.0134166666666666,12,E
Benin,BEN,Africa,2010,2010,1.2084166666666667,12,E
Benin,BEN,Africa,2011,2010,0.9800833333333333,12,E
Benin,BEN,Africa,2012,2010,0.7203333333333334,12,E
Benin,BEN,Africa,2013,2010,0.9040833333333333,12,E
Benin,BEN,Africa,2014,2010,1.0286666666666668,12,E
Benin,BEN,Africa,2015,2010,1.0939166666666666,12,E
Benin,BEN,Africa,2016,2010,1.2766666666666666,12,E
Benin,BEN,Africa,2017,2010,1.11225,12,E
Benin,BEN,Africa,2018,2010,1.0093333333333334,12,E
Benin,BEN,Africa,2019,2010,1.1785833333333333,12,E
Benin,BEN,Africa,2020,2020,1.1204166666666666,12,E
Benin,BEN,Africa,2021,2020,1.5214166666666669,12,E
Benin,BEN,Africa,2022,2020,0.8935833333333333,12,E
Benin,BEN,Africa,2023,2020,1.4440833333333334,12,E
Benin,BEN,Africa,2024,2020,1.40475,12,E
Benin,BEN,Africa,2025,2020,1.4430833333333333,12,E
Burkina Faso,BFA,Africa,1961,1960,-0.37633333333333335,12,E
Burkina Faso,BFA,Africa,1962,1960,-0.17566666666666667,12,E
Burkina Faso,BFA,Africa,1963,1960,0.15766666666666665,12,E
Burkina Faso,BFA,Africa,1964,1960,-0.16816666666666666,12,E
Burkina Faso,BFA,Africa,1965,1960,-0.31583333333333335,12,E
Burkina Faso,BFA,Africa,1966,1960,-0.00475,12,E
Burkina Faso,BFA,Africa,1967,1960,-0.23058333333333333,12,E
Burkina Faso,BFA,Africa,1968,1960,-0.07591666666666667,12,E
Burkina Faso,BFA,Africa,1969,1960,0.515,12,E
Burkina Faso,BFA,Africa,1970,1970,0.26425000000000004,12,E
Burkina Faso,BFA,Africa,1971,1970,0.04591666666666667,12,E
Burkina Faso,BFA,Africa,1972,1970,0.1805,12,E
Burkina Faso,BFA,Africa,1973,1970,0.6364166666666667,12,E
Burkina Faso,BFA,Africa,1974,1970,-0.13458333333333333,12,E
Burkina Faso,BFA,Africa,1975,1970,-0.2145,12,E
Burkina Faso,BFA,Africa,1976,1970,-0.35041666666666665,12,E
Burkina Faso,BFA,Africa,1977,1970,0.19041666666666668,12,E
Burkina Faso,BFA,Africa,1978,1970,0.31024999999999997,12,E
Burkina Faso,BFA,Africa,1979,1970,0.2990833333333333,12,E
Burkina Faso,BFA,Africa,1980,1980,0.7839999999999999,12,E
Burkina Faso,BFA,Africa,1981,1980,0.38199999999999995,12,E
Burkina Faso,BFA,Africa,1982,1980,0.11783333333333335,12,E
Burkina Faso,BFA,Africa,1983,1980,0.7861666666666668,12,E
Burkina Faso,BFA,Africa,1984,1980,0.6531666666666667,12,E
Burkina Faso,BFA,Africa,1985,1980,0.43724999999999997,12,E
Burkina Faso,BFA,Africa,1986,1980,0.3471666666666667,12,E
Burkina Faso,BFA,Africa,1987,1980,1.1625833333333333,12,E
Burkina Faso,BFA,Africa,1988,1980,0.45508333333333334,12,E
Burkina Faso,BFA,Africa,1989,1980,0.11549999999999998,12,E
Burkina Faso,BFA,Africa,1990,1990,0.7211666666666666,12,E
Burkina Faso,BFA,Africa,1991,1990,0.35766666666666663,12,E
Burkina Faso,BFA,Africa,1992,1990,0.051916666666666667,12,E
Burkina Faso,BFA,Africa,1993,1990,0.7179166666666666,12,E
Burkina Faso,BFA,Africa,1994,1990,0.19033333333333333,12,E
Burkina Faso,BFA,Africa,1995,1990,0.58375,12,E
Burkina Faso,BFA,Africa,1996,1990,0.8568333333333333,12,E
Burkina Faso,BFA,Africa,1997,1990,0.5968333333333333,12,E
Burkina Faso,BFA,Africa,1998,1990,1.0306666666666666,12,E
Burkina Faso,BFA,Africa,1999,1990,0.4497499999999999,12,E
Burkina Faso,BFA,Africa,2000,2000,0.5573333333333333,12,E
Burkina Faso,BFA,Africa,2001,2000,0.64675,12,E
Burkina Faso,BFA,Africa,2002,2000,0.9551666666666666,12,E
Burkina Faso,BFA,Africa,2003,2000,0.9358333333333334,12,E
Burkina Faso,BFA,Africa,2004,2000,1.0551666666666666,12,E
Burkina Faso,BFA,Africa,2005,2000,1.3605833333333333,12,E
Burkina Faso,BFA,Africa,2006,2000,0.9926666666666667,12,E
Burkina Faso,BFA,Africa,2007,2000,0.9128333333333334,12,E
Burkina Faso,BFA,Africa,2008,2000,0.32375000000000004,12,E
Burkina Faso,BFA,Africa,2009,2000,0.94925,12,E
Burkina Faso,BFA,Africa,2010,2010,1.1424166666666666,12,E
Burkina Faso,BFA,Africa,2011,2010,0.8889999999999999,12,E
Burkina Faso,BFA,Africa,2012,2010,0.56825,12,E
Burkina Faso,BFA,Africa,2013,2010,0.7681666666666667,12,E
Burkina Faso,BFA,Africa,2014,2010,0.8991666666666666,12,E
Burkina Faso,BFA,Africa,2015,2010,0.9664166666666666,12,E
Burkina Faso,BFA,Africa,2016,2010,1.2764166666666668,12,E
Burkina Faso,BFA,Africa,2017,2010,1.1035000000000001,12,E
Burkina Faso,BFA,Africa,2018,2010,1.08775,12,E
Burkina Faso,BFA,Africa,2019,2010,1.1025,12,E
Burkina Faso,BFA,Africa,2020,2020,1.1494166666666665,12,E
Burkina Faso,BFA,Africa,2021,2020,1.5250833333333331,12,E
Burkina Faso,BFA,Africa,2022,2020,0.7374999999999999,12,E
Burkina Faso,BFA,Africa,2023,2020,1.4065,12,E
Burkina Faso,BFA,Africa,2024,2020,1.4184166666666667,12,E
Burkina Faso,BFA,Africa,2025,2020,1.4304166666666667,12,E
Bangladesh,BGD,Asia,1961,1960,-0.05558333333333334,12,E
Bangladesh,BGD,Asia,1962,1960,-0.16008333333333333,12,E
Bangladesh,BGD,Asia,1963,1960,-0.06758333333333333,12,E
Bangladesh,BGD,Asia,1964,1960,0.09841666666666667,12,E
Bangladesh,BGD,Asia,1965,1960,-0.20450000000000002,12,E
Bangladesh,BGD,Asia,1966,1960,0.27466666666666667,12,E
Bangladesh,BGD,Asia,1967,1960,-0.1825,12,E
Bangladesh,BGD,Asia,1968,1960,-0.24941666666666665,12,E
Bangladesh,BGD,Asia,1969,1960,0.03208333333333333,12,E
Bangladesh,BGD,Asia,1970,1970,-0.03975,12,E
Bangladesh,BGD,Asia,1971,1970,-0.5211666666666667,12,E
Bangladesh,BGD,Asia,1972,1970,-0.007999999999999993,12,E
Bangladesh,BGD,Asia,1973,1970,0.1014166666666667,12,E
Bangladesh,BGD,Asia,1974,1970,-0.16574999999999998,12,E
Bangladesh,BGD,Asia,1975,1970,-0.05274999999999999,12,E
Bangladesh,BGD,Asia,1976,1970,-0.022166666666666668,12,E
Bangladesh,BGD,Asia,1977,1970,-0.18466666666666667,12,E
Bangladesh,BGD,Asia,1978,1970,-0.13549999999999998,12,E
Bangladesh,BGD,Asia,1979,1970,0.53875,12,E
Bangladesh,BGD,Asia,1980,1980,0.2038333333333333,12,E
Bangladesh,BGD,Asia,1981,1980,-0.1821666666666667,12,E
Bangladesh,BGD,Asia,1982,1980,0.014583333333333328,12,E
Bangladesh,BGD,Asia,1983,1980,-0.036749999999999984,12,E
Bangladesh,BGD,Asia,1984,1980,-0.14775000000000002,12,E
Bangladesh,BGD,Asia,1985,1980,0.20950000000000002,12,E
Bangladesh,BGD,Asia,1986,1980,0.11333333333333333,12,E
Bangladesh,BGD,Asia,1987,1980,0.4251666666666667,12,E
Bangladesh,BGD,Asia,1988,1980,0.50425,12,E
Bangladesh,BGD,Asia,1989,1980,0.036750000000000005,12,E
Bangladesh,BGD,Asia,1990,1990,0.0745,12,E
Bangladesh,BGD,Asia,1991,1990,0.06100000000000002,12,E
Bangladesh,BGD,Asia,1992,1990,0.006166666666666644,12,E
Bangladesh,BGD,Asia,1993,1990,-0.12575,12,E
Bangladesh,BGD,Asia,1994,1990,0.36050000000000004,12,E
Bangladesh,BGD,Asia,1995,1990,0.36125,12,E
Bangladesh,BGD,Asia,1996,1990,0.40599999999999997,12,E
Bangladesh,BGD,Asia,1997,1990,-0.030166666666666706,12,E
Bangladesh,BGD,Asia,1998,1990,0.70975,12,E
Bangladesh,BGD,Asia,1999,1990,0.9080833333333334,12,E
Bangladesh,BGD,Asia,2000,2000,0.2631666666666667,12,E
Bangladesh,BGD,Asia,2001,2000,0.47100000000000003,12,E
Bangladesh,BGD,Asia,2002,2000,0.5538333333333334,12,E
Bangladesh,BGD,Asia,2003,2000,0.35933333333333334,12,E
Bangladesh,BGD,Asia,2004,2000,0.45016666666666666,12,E
Bangladesh,BGD,Asia,2005,2000,0.7599166666666667,12,E
Bangladesh,BGD,Asia,2006,2000,1.0243333333333333,12,E
Bangladesh,BGD,Asia,2007,2000,0.49591666666666673,12,E
Bangladesh,BGD,Asia,2008,2000,0.5121666666666668,12,E
Bangladesh,BGD,Asia,2009,2000,1.0085,12,E
Bangladesh,BGD,Asia,2010,2010,1.1107500000000001,12,E
Bangladesh,BGD,Asia,2011,2010,0.42333333333333334,12,E
Bangladesh,BGD,Asia,2012,2010,0.5016666666666667,12,E
Bangladesh,BGD,Asia,2013,2010,0.6230833333333333,12,E
Bangladesh,BGD,Asia,2014,2010,0.7185,12,E
Bangladesh,BGD,Asia,2015,2010,1.0573333333333332,12,E
Bangladesh,BGD,Asia,2016,2010,1.7099166666666665,12,E
Bangladesh,BGD,Asia,2017,2010,1.3765,12,E
Bangladesh,BGD,Asia,2018,2010,1.0354166666666667,12,E
Bangladesh,BGD,Asia,2019,2010,1.3748333333333334,12,E
Bangladesh,BGD,Asia,2020,2020,1.2005833333333333,12,E
Bangladesh,BGD,Asia,2021,2020,1.6505,12,E
Bangladesh,BGD,Asia,2022,2020,1.4851666666666665,12,E
Bangladesh,BGD,Asia,2023,2020,1.8844166666666666,12,E
Bangladesh,BGD,Asia,2024,2020,1.5279166666666668,12,E
Bangladesh,BGD,Asia,2025,2020,1.6703333333333334,12,E
Bulgaria,BGR,Europe,1961,1960,0.43091666666666667,12,E
Bulgaria,BGR,Europe,1962,1960,0.27466666666666667,12,E
Bulgaria,BGR,Europe,1963,1960,-0.1185,12,E
Bulgaria,BGR,Europe,1964,1960,-0.36900000000000005,12,E
Bulgaria,BGR,Europe,1965,1960,-0.3916666666666668,12,E
Bulgaria,BGR,Europe,1966,1960,1.0130833333333333,12,E
Bulgaria,BGR,Europe,1967,1960,-0.004750000000000004,12,E
Bulgaria,BGR,Europe,1968,1960,0.3214166666666667,12,E
Bulgaria,BGR,Europe,1969,1960,-0.36391666666666667,12,E
Bulgaria,BGR,Europe,1970,1970,0.2538333333333333,12,E
Bulgaria,BGR,Europe,1971,1970,-0.10033333333333332,12,E
Bulgaria,BGR,Europe,1972,1970,0.020166666666666704,12,E
Bulgaria,BGR,Europe,1973,1970,-0.3968333333333333,12,E
Bulgaria,BGR,Europe,1974,1970,-0.08575,12,E
Bulgaria,BGR,Europe,1975,1970,0.32283333333333336,12,E
Bulgaria,BGR,Europe,1976,1970,-0.7901666666666668,12,E
Bulgaria,BGR,Europe,1977,1970,0.35400000000000004,12,E
Bulgaria,BGR,Europe,1978,1970,-0.3910833333333333,12,E
Bulgaria,BGR,Europe,1979,1970,0.28508333333333336,12,E
Bulgaria,BGR,Europe,1980,1980,-0.5870000000000001,12,E
Bulgaria,BGR,Europe,1981,1980,0.08791666666666663,12,E
Bulgaria,BGR,Europe,1982,1980,-0.027916666666666663,12,E
Bulgaria,BGR,Europe,1983,1980,0.17100000000000004,12,E
Bulgaria,BGR,Europe,1984,1980,-0.04508333333333331,12,E
Bulgaria,BGR,Europe,1985,1980,-0.30424999999999996,12,E
Bulgaria,BGR,Europe,1986,1980,0.052000000000000025,12,E
Bulgaria,BGR,Europe,1987,1980,-0.31116666666666665,12,E
Bulgaria,BGR,Europe,1988,1980,0.10941666666666659,12,E
Bulgaria,BGR,Europe,1989,1980,0.46208333333333335,12,E
Bulgaria,BGR,Europe,1990,1990,0.9020833333333335,12,E
Bulgaria,BGR,Europe,1991,1990,-0.48033333333333333,12,E
Bulgaria,BGR,Europe,1992,1990,0.33,12,E
Bulgaria,BGR,Europe,1993,1990,0.011333333333333343,12,E
Bulgaria,BGR,Europe,1994,1990,1.4677499999999999,12,E
Bulgaria,BGR,Europe,1995,1990,0.25666666666666665,12,E
Bulgaria,BGR,Europe,1996,1990,-0.25933333333333336,12,E
Bulgaria,BGR,Europe,1997,1990,-0.3343333333333333,12,E
Bulgaria,BGR,Europe,1998,1990,0.49924999999999997,12,E
Bulgaria,BGR,Europe,1999,1990,1.1789166666666666,12,E
Bulgaria,BGR,Europe,2000,2000,1.2320833333333334,12,E
Bulgaria,BGR,Europe,2001,2000,1.0895,12,E
Bulgaria,BGR,Europe,2002,2000,1.1056666666666668,12,E
Bulgaria,BGR,Europe,2003,2000,0.35999999999999993,12,E
Bulgaria,BGR,Europe,2004,2000,0.6945833333333334,12,E
Bulgaria,BGR,Europe,2005,2000,0.19541666666666668,12,E
Bulgaria,BGR,Europe,2006,2000,0.5918333333333333,12,E
Bulgaria,BGR,Europe,2007,2000,1.7175833333333335,12,E
Bulgaria,BGR,Europe,2008,2000,1.4316666666666666,12,E
Bulgaria,BGR,Europe,2009,2000,1.32125,12,E
Bulgaria,BGR,Europe,2010,2010,1.28525,12,E
Bulgaria,BGR,Europe,2011,2010,0.4939166666666667,12,E
Bulgaria,BGR,Europe,2012,2010,1.4865833333333331,12,E
Bulgaria,BGR,Europe,2013,2010,1.5465,12,E
Bulgaria,BGR,Europe,2014,2010,1.3720833333333333,12,E
Bulgaria,BGR,Europe,2015,2010,1.5145,12,E
Bulgaria,BGR,Europe,2016,2010,1.5793333333333333,12,E
Bulgaria,BGR,Europe,2017,2010,1.3444166666666666,12,E
Bulgaria,BGR,Europe,2018,2010,1.9040833333333333,12,E
Bulgaria,BGR,Europe,2019,2010,2.339916666666667,12,E
Bulgaria,BGR,Europe,2020,2020,2.0818333333333334,12,E
Bulgaria,BGR,Europe,2021,2020,1.469833333333333,12,E
Bulgaria,BGR,Europe,2022,2020,1.9460833333333334,12,E
Bulgaria,BGR,Europe,2023,2020,2.6891666666666665,12,E
Bulgaria,BGR,Europe,2024,2020,3.028,12,E
Bulgaria,BGR,Europe,2025,2020,2.14925,12,E
Bahrain,BHR,Asia,1961,1960,-0.47058333333333335,12,E
Bahrain,BHR,Asia,1962,1960,0.3985,12,E
Bahrain,BHR,Asia,1963,1960,0.42616666666666664,12,E
Bahrain,BHR,Asia,1964,1960,-0.6224166666666667,12,E
Bahrain,BHR,Asia,1965,1960,0.3759166666666667,12,E
Bahrain,BHR,Asia,1966,1960,0.6019166666666667,12,E
Bahrain,BHR,Asia,1967,1960,-0.6676666666666667,12,E
Bahrain,BHR,Asia,1968,1960,-0.16141666666666668,12,E
Bahrain,BHR,Asia,1969,1960,0.4710833333333333,12,E
Bahrain,BHR,Asia,1970,1970,0.09408333333333334,12,E
Bahrain,BHR,Asia,1971,1970,-0.31983333333333336,12,E
Bahrain,BHR,Asia,1972,1970,-0.665,12,E
Bahrain,BHR,Asia,1973,1970,-0.01708333333333335,12,E
Bahrain,BHR,Asia,1974,1970,-0.15425,12,E
Bahrain,BHR,Asia,1975,1970,-0.1735,12,E
Bahrain,BHR,Asia,1976,1970,-0.34641666666666665,12,E
Bahrain,BHR,Asia,1977,1970,0.4369166666666667,12,E
Bahrain,BHR,Asia,1978,1970,0.11266666666666665,12,E
Bahrain,BHR,Asia,1979,1970,0.7062499999999999,12,E
Bahrain,BHR,Asia,1980,1980,0.3764166666666667,12,E
Bahrain,BHR,Asia,1981,1980,0.6224999999999999,12,E
Bahrain,BHR,Asia,1982,1980,-0.43925,12,E
Bahrain,BHR,Asia,1983,1980,-0.63525,12,E
Bahrain,BHR,Asia,1984,1980,-0.06883333333333333,12,E
Bahrain,BHR,Asia,1985,1980,0.5563333333333333,12,E
Bahrain,BHR,Asia,1986,1980,0.57825,12,E
Bahrain,BHR,Asia,1987,1980,0.6754166666666667,12,E
Bahrain,BHR,Asia,1988,1980,0.5746666666666667,12,E
Bahrain,BHR,Asia,1989,1980,-0.12174999999999998,12,E
Bahrain,BHR,Asia,1990,1990,0.5606666666666666,12,E
Bahrain,BHR,Asia,1991,1990,-0.3489166666666666,12,E
Bahrain,BHR,Asia,1992,1990,-0.7816666666666667,12,E
Bahrain,BHR,Asia,1993,1990,0.13058333333333336,12,E
Bahrain,BHR,Asia,1994,1990,0.7069166666666667,12,E
Bahrain,BHR,Asia,1995,1990,0.16074999999999998,12,E
Bahrain,BHR,Asia,1996,1990,0.7260833333333333,12,E
Bahrain,BHR,Asia,1997,1990,0.17533333333333334,12,E
Bahrain,BHR,Asia,1998,1990,1.5409166666666667,12,E
Bahrain,BHR,Asia,1999,1990,1.70475,12,E
Bahrain,BHR,Asia,2000,2000,1.0581666666666667,12,E
Bahrain,BHR,Asia,2001,2000,1.4374166666666666,12,E
Bahrain,BHR,Asia,2002,2000,1.254,12,E
Bahrain,BHR,Asia,2003,2000,1.1923333333333332,12,E
Bahrain,BHR,Asia,2004,2000,1.1515,12,E
Bahrain,BHR,Asia,2005,2000,1.26475,12,E
Bahrain,BHR,Asia,2006,2000,1.3469166666666668,12,E
Bahrain,BHR,Asia,2007,2000,1.2308333333333332,12,E
Bahrain,BHR,Asia,2008,2000,1.10175,12,E
Bahrain,BHR,Asia,2009,2000,1.31125,12,E
Bahrain,BHR,Asia,2010,2010,2.170916666666667,12,E
Bahrain,BHR,Asia,2011,2010,1.0730833333333334,12,E
Bahrain,BHR,Asia,2012,2010,1.57,12,E
Bahrain,BHR,Asia,2013,2010,1.29725,12,E
Bahrain,BHR,Asia,2014,2010,1.9204999999999999,12,E
Bahrain,BHR,Asia,2015,2010,2.2643333333333335,12,E
Bahrain,BHR,Asia,2016,2010,1.7738333333333334,12,E
Bahrain,BHR,Asia,2017,2010,1.9788333333333332,12,E
Bahrain,BHR,Asia,2018,2010,2.3497500000000002,12,E
Bahrain,BHR,Asia,2019,2010,1.953,12,E
Bahrain,BHR,Asia,2020,2020,1.9936666666666667,12,E
Bahrain,BHR,Asia,2021,2020,2.44125,12,E
Bahrain,BHR,Asia,2022,2020,2.0677499999999998,12,E
Bahrain,BHR,Asia,2023,2020,2.349833333333333,12,E
Bahrain,BHR,Asia,2024,2020,2.236083333333333,12,E
Bahrain,BHR,Asia,2025,2020,1.9586666666666668,12,E
Bahamas,BHS,North America,1961,1960,0.17475,12,E
Bahamas,BHS,North America,1962,1960,-0.14258333333333337,12,E
Bahamas,BHS,North America,1963,1960,-0.11708333333333336,12,E
Bahamas,BHS,North America,1964,1960,0.35483333333333333,12,E
Bahamas,BHS,North America,1965,1960,0.027833333333333335,12,E
Bahamas,BHS,North America,1966,1960,-0.17858333333333332,12,E
Bahamas,BHS,North America,1967,1960,0.07125,12,E
Bahamas,BHS,North America,1968,1960,-0.36841666666666667,12,E
Bahamas,BHS,North America,1969,1960,-0.09841666666666667,12,E
Bahamas,BHS,North America,1970,1970,-0.3269166666666667,12,E
Bahamas,BHS,North America,1971,1970,0.07575,12,E
Bahamas,BHS,North America,1972,1970,0.31908333333333333,12,E
Bahamas,BHS,North America,1973,1970,0.01733333333333335,12,E
Bahamas,BHS,North America,1974,1970,0.029333333333333326,12,E
Bahamas,BHS,North America,1975,1970,0.37116666666666664,12,E
Bahamas,BHS,North America,1976,1970,-0.2185,12,E
Bahamas,BHS,North America,1977,1970,-0.014750000000000004,12,E
Bahamas,BHS,North America,1978,1970,0.14100000000000001,12,E
Bahamas,BHS,North America,1979,1970,0.05341666666666667,12,E
Bahamas,BHS,North America,1980,1980,0.23166666666666666,12,E
Bahamas,BHS,North America,1981,1980,-0.06766666666666667,12,E
Bahamas,BHS,North America,1982,1980,0.5619166666666666,12,E
Bahamas,BHS,North America,1983,1980,0.19441666666666668,12,E
Bahamas,BHS,North America,1984,1980,-0.040416666666666656,12,E
Bahamas,BHS,North America,1985,1980,0.24675,12,E
Bahamas,BHS,North America,1986,1980,0.37374999999999997,12,E
Bahamas,BHS,North America,1987,1980,0.30024999999999996,12,E
Bahamas,BHS,North America,1988,1980,0.309,12,E
Bahamas,BHS,North America,1989,1980,0.5921666666666666,12,E
Bahamas,BHS,North America,1990,1990,0.91175,12,E
Bahamas,BHS,North America,1991,1990,0.7686666666666667,12,E
Bahamas,BHS,North America,1992,1990,0.22391666666666668,12,E
Bahamas,BHS,North America,1993,1990,0.347,12,E
Bahamas,BHS,North America,1994,1990,0.8868333333333333,12,E
Bahamas,BHS,North America,1995,1990,0.6346666666666666,12,E
Bahamas,BHS,North America,1996,1990,0.15241666666666667,12,E
Bahamas,BHS,North America,1997,1990,0.9162499999999999,12,E
Bahamas,BHS,North America,1998,1990,1.141,12,E
Bahamas,BHS,North America,1999,1990,0.5545833333333333,12,E
Bahamas,BHS,North America,2000,2000,0.30075,12,E
Bahamas,BHS,North America,2001,2000,0.39408333333333334,12,E
Bahamas,BHS,North America,2002,2000,0.9526666666666667,12,E
Bahamas,BHS,North America,2003,2000,1.05125,12,E
Bahamas,BHS,North America,2004,2000,0.5281666666666667,12,E
Bahamas,BHS,North America,2005,2000,0.46849999999999997,12,E
Bahamas,BHS,North America,2006,2000,0.47208333333333335,12,E
Bahamas,BHS,North America,2007,2000,0.9143333333333334,12,E
Bahamas,BHS,North America,2008,2000,0.8875000000000001,12,E
Bahamas,BHS,North America,2009,2000,0.6676666666666667,12,E
Bahamas,BHS,North America,2010,2010,-0.04749999999999999,12,E
Bahamas,BHS,North America,2011,2010,0.9381666666666666,12,E
Bahamas,BHS,North America,2012,2010,0.5065833333333333,12,E
Bahamas,BHS,North America,2013,2010,0.8368333333333333,12,E
Bahamas,BHS,North America,2014,2010,0.8643333333333333,12,E
Bahamas,BHS,North America,2015,2010,1.7528333333333332,12,E
Bahamas,BHS,North America,2016,2010,1.33175,12,E
Bahamas,BHS,North America,2017,2010,1.3844166666666666,12,E
Bahamas,BHS,North America,2018,2010,1.1996666666666667,12,E
Bahamas,BHS,North America,2019,2010,1.5800833333333333,12,E
Bahamas,BHS,North America,2020,2020,1.545,12,E
Bahamas,BHS,North America,2021,2020,0.77325,12,E
Bahamas,BHS,North America,2022,2020,1.29575,12,E
Bahamas,BHS,North America,2023,2020,1.6518333333333333,12,E
Bahamas,BHS,North America,2024,2020,1.4175833333333332,12,E
Bahamas,BHS,North America,2025,2020,1.3379166666666666,12,E
Bosnia and Herzegovina,BIH,Europe,1992,1990,0.884,12,E
Bosnia and Herzegovina,BIH,Europe,1993,1990,0.4535833333333333,12,E
Bosnia and Herzegovina,BIH,Europe,1994,1990,1.6215,12,E
Bosnia and Herzegovina,BIH,Europe,1995,1990,0.3158333333333333,12,E
Bosnia and Herzegovina,BIH,Europe,1996,1990,-0.1785833333333334,12,E
Bosnia and Herzegovina,BIH,Europe,1997,1990,0.3015833333333333,12,E
Bosnia and Herzegovina,BIH,Europe,1998,1990,0.7127500000000001,12,E
Bosnia and Herzegovina,BIH,Europe,1999,1990,0.9170833333333334,12,E
Bosnia and Herzegovina,BIH,Europe,2000,2000,1.7325,12,E
Bosnia and Herzegovina,BIH,Europe,2001,2000,1.0115,12,E
Bosnia and Herzegovina,BIH,Europe,2002,2000,1.5236666666666665,12,E
Bosnia and Herzegovina,BIH,Europe,2003,2000,1.1165833333333335,12,E
Bosnia and Herzegovina,BIH,Europe,2004,2000,0.6895833333333333,12,E
Bosnia and Herzegovina,BIH,Europe,2005,2000,0.019833333333333352,12,E
Bosnia and Herzegovina,BIH,Europe,2006,2000,0.7651666666666667,12,E
Bosnia and Herzegovina,BIH,Europe,2007,2000,1.63975,12,E
Bosnia and Herzegovina,BIH,Europe,2008,2000,1.6034166666666667,12,E
Bosnia and Herzegovina,BIH,Europe,2009,2000,1.3960833333333333,12,E
Bosnia and Herzegovina,BIH,Europe,2010,2010,0.8264999999999999,12,E
Bosnia and Herzegovina,BIH,Europe,2011,2010,1.3045833333333332,12,E
Bosnia and Herzegovina,BIH,Europe,2012,2010,1.5738333333333336,12,E
Bosnia and Herzegovina,BIH,Europe,2013,2010,1.4835833333333335,12,E
Bosnia and Herzegovina,BIH,Europe,2014,2010,1.8815833333333334,12,E
Bosnia and Herzegovina,BIH,Europe,2015,2010,1.82725,12,E
Bosnia and Herzegovina,BIH,Europe,2016,2010,1.5429166666666667,12,E
Bosnia and Herzegovina,BIH,Europe,2017,2010,1.506,12,E
Bosnia and Herzegovina,BIH,Europe,2018,2010,2.2203333333333335,12,E
Bosnia and Herzegovina,BIH,Europe,2019,2010,2.1464166666666666,12,E
Bosnia and Herzegovina,BIH,Europe,2020,2020,1.8693333333333333,12,E
Bosnia and Herzegovina,BIH,Europe,2021,2020,1.4319166666666667,12,E
Bosnia and Herzegovina,BIH,Europe,2022,2020,2.27375,12,E
Bosnia and Herzegovina,BIH,Europe,2023,2020,2.4145,12,E
Bosnia and Herzegovina,BIH,Europe,2024,2020,3.1774166666666663,12,E
Bosnia and Herzegovina,BIH,Europe,2025,2020,2.128083333333333,12,E
Belarus,BLR,Europe,1992,1990,1.2660833333333332,12,E
Belarus,BLR,Europe,1993,1990,0.15049999999999997,12,E
Belarus,BLR,Europe,1994,1990,0.8628333333333332,12,E
Belarus,BLR,Europe,1995,1990,1.16375,12,E
Belarus,BLR,Europe,1996,1990,-0.226,12,E
Belarus,BLR,Europe,1997,1990,0.4673333333333332,12,E
Belarus,BLR,Europe,1998,1990,0.6744166666666667,12,E
Belarus,BLR,Europe,1999,1990,1.8336666666666668,12,E
Belarus,BLR,Europe,2000,2000,2.03225,12,E
Belarus,BLR,Europe,2001,2000,1.2374166666666666,12,E
Belarus,BLR,Europe,2002,2000,1.7730833333333333,12,E
Belarus,BLR,Europe,2003,2000,0.7761666666666667,12,E
Belarus,BLR,Europe,2004,2000,0.9641666666666667,12,E
Belarus,BLR,Europe,2005,2000,1.0640833333333333,12,E
Belarus,BLR,Europe,2006,2000,1.0454166666666667,12,E
Belarus,BLR,Europe,2007,2000,2.0485,12,E
Belarus,BLR,Europe,2008,2000,2.2429166666666664,12,E
Belarus,BLR,Europe,2009,2000,1.3246666666666667,12,E
Belarus,BLR,Europe,2010,2010,1.1780833333333334,12,E
Belarus,BLR,Europe,2011,2010,1.6509166666666666,12,E
Belarus,BLR,Europe,2012,2010,0.9166666666666666,12,E
Belarus,BLR,Europe,2013,2010,1.6356666666666666,12,E
Belarus,BLR,Europe,2014,2010,1.9123333333333334,12,E
Belarus,BLR,Europe,2015,2010,2.5261666666666667,12,E
Belarus,BLR,Europe,2016,2010,1.8569166666666668,12,E
Belarus,BLR,Europe,2017,2010,1.72225,12,E
Belarus,BLR,Europe,2018,2010,2.0540833333333333,12,E
Belarus,BLR,Europe,2019,2010,2.9328333333333334,12,E
Belarus,BLR,Europe,2020,2020,3.217916666666667,12,E
Belarus,BLR,Europe,2021,2020,1.38975,12,E
Belarus,BLR,Europe,2022,2020,1.90475,12,E
Belarus,BLR,Europe,2023,2020,2.8028333333333335,12,E
Belarus,BLR,Europe,2024,2020,3.5404166666666668,12,E
Belarus,BLR,Europe,2025,2020,2.5896666666666666,12,E
Belize,BLZ,North America,1961,1960,0.11425,12,E
Belize,BLZ,North America,1962,1960,-0.21233333333333335,12,E
Belize,BLZ,North America,1963,1960,-0.1205833333333333,12,E
Belize,BLZ,North America,1964,1960,-0.04783333333333333,12,E
Belize,BLZ,North America,1965,1960,-0.18433333333333335,12,E
Belize,BLZ,North America,1966,1960,-0.405,12,E
Belize,BLZ,North America,1967,1960,-0.18725,12,E
Belize,BLZ,North America,1968,1960,-0.38375000000000004,12,E
Belize,BLZ,North America,1969,1960,0.15766666666666665,12,E
Belize,BLZ,North America,1970,1970,-0.32708333333333334,12,E
Belize,BLZ,North America,1971,1970,-0.227,12,E
Belize,BLZ,North America,1972,1970,0.4705,12,E
Belize,BLZ,North America,1973,1970,0.3080833333333333,12,E
Belize,BLZ,North America,1974,1970,0.06616666666666665,12,E
Belize,BLZ,North America,1975,1970,0.09683333333333333,12,E
Belize,BLZ,North America,1976,1970,-0.3555,12,E
Belize,BLZ,North America,1977,1970,0.18299999999999997,12,E
Belize,BLZ,North America,1978,1970,0.05033333333333332,12,E
Belize,BLZ,North America,1979,1970,0.40975,12,E
Belize,BLZ,North America,1980,1980,0.45125,12,E
Belize,BLZ,North America,1981,1980,0.2815833333333333,12,E
Belize,BLZ,North America,1982,1980,0.7170833333333334,12,E
Belize,BLZ,North America,1983,1980,0.9761666666666665,12,E
Belize,BLZ,North America,1984,1980,0.31783333333333336,12,E
Belize,BLZ,North America,1985,1980,0.5199166666666667,12,E
Belize,BLZ,North America,1986,1980,0.2574166666666667,12,E
Belize,BLZ,North America,1987,1980,0.5356666666666666,12,E
Belize,BLZ,North America,1988,1980,0.536,12,E
Belize,BLZ,North America,1989,1980,0.21224999999999997,12,E
Belize,BLZ,North America,1990,1990,0.55825,12,E
Belize,BLZ,North America,1991,1990,0.6728333333333333,12,E
Belize,BLZ,North America,1992,1990,0.3689166666666666,12,E
Belize,BLZ,North America,1993,1990,0.31466666666666665,12,E
Belize,BLZ,North America,1994,1990,0.7493333333333334,12,E
Belize,BLZ,North America,1995,1990,0.7225833333333332,12,E
Belize,BLZ,North America,1996,1990,0.17141666666666666,12,E
Belize,BLZ,North America,1997,1990,0.8275833333333334,12,E
Belize,BLZ,North America,1998,1990,0.8649166666666667,12,E
Belize,BLZ,North America,1999,1990,0.31275000000000003,12,E
Belize,BLZ,North America,2000,2000,0.1465,12,E
Belize,BLZ,North America,2001,2000,0.5289166666666667,12,E
Belize,BLZ,North America,2002,2000,0.6730833333333334,12,E
Belize,BLZ,North America,2003,2000,0.8073333333333332,12,E
Belize,BLZ,North America,2004,2000,0.7996666666666666,12,E
Belize,BLZ,North America,2005,2000,0.8919166666666666,12,E
Belize,BLZ,North America,2006,2000,0.6449166666666667,12,E
Belize,BLZ,North America,2007,2000,0.8559166666666668,12,E
Belize,BLZ,North America,2008,2000,0.54575,12,E
Belize,BLZ,North America,2009,2000,1.0294999999999999,12,E
Belize,BLZ,North America,2010,2010,0.5754166666666667,12,E
Belize,BLZ,North America,2011,2010,0.8451666666666666,12,E
Belize,BLZ,North America,2012,2010,0.7171666666666666,12,E
Belize,BLZ,North America,2013,2010,0.7720833333333333,12,E
Belize,BLZ,North America,2014,2010,0.7370833333333334,12,E
Belize,BLZ,North America,2015,2010,1.4599166666666668,12,E
Belize,BLZ,North America,2016,2010,1.2925833333333332,12,E
Belize,BLZ,North America,2017,2010,1.1059166666666667,12,E
Belize,BLZ,North America,2018,2010,0.8021666666666668,12,E
Belize,BLZ,North America,2019,2010,1.4075833333333332,12,E
Belize,BLZ,North America,2020,2020,1.6178333333333335,12,E
Belize,BLZ,North America,2021,2020,1.2988333333333333,12,E
Belize,BLZ,North America,2022,2020,1.0153333333333334,12,E
Belize,BLZ,North America,2023,2020,1.8348333333333333,12,E
Belize,BLZ,North America,2024,2020,1.8186666666666669,12,E
Belize,BLZ,North America,2025,2020,1.4488333333333332,12,E
Bolivia,BOL,South America,1961,1960,0.20908333333333332,12,E
Bolivia,BOL,South America,1962,1960,-0.021416666666666657,12,E
Bolivia,BOL,South America,1963,1960,0.4908333333333334,12,E
Bolivia,BOL,South America,1964,1960,-0.2773333333333334,12,E
Bolivia,BOL,South America,1965,1960,0.2548333333333333,12,E
Bolivia,BOL,South America,1966,1960,-0.02558333333333333,12,E
Bolivia,BOL,South America,1967,1960,0.3489166666666667,12,E
Bolivia,BOL,South America,1968,1960,0.04341666666666669,12,E
Bolivia,BOL,South America,1969,1960,0.5160833333333333,12,E
Bolivia,BOL,South America,1970,1970,0.27858333333333335,12,E
Bolivia,BOL,South America,1971,1970,-0.51675,12,E
Bolivia,BOL,South America,1972,1970,0.18066666666666667,12,E
Bolivia,BOL,South America,1973,1970,0.14325000000000002,12,E
Bolivia,BOL,South America,1974,1970,-0.2066666666666667,12,E
Bolivia,BOL,South America,1975,1970,-0.05475,12,E
Bolivia,BOL,South America,1976,1970,-0.14300000000000002,12,E
Bolivia,BOL,South America,1977,1970,0.26558333333333334,12,E
Bolivia,BOL,South America,1978,1970,0.33725000000000005,12,E
Bolivia,BOL,South America,1979,1970,0.21999999999999997,12,E
Bolivia,BOL,South America,1980,1980,0.23991666666666667,12,E
Bolivia,BOL,South America,1981,1980,0.19275,12,E
Bolivia,BOL,South America,1982,1980,0.29858333333333337,12,E
Bolivia,BOL,South America,1983,1980,0.47308333333333336,12,E
Bolivia,BOL,South America,1984,1980,0.19825,12,E
Bolivia,BOL,South America,1985,1980,0.47891666666666666,12,E
Bolivia,BOL,South America,1986,1980,0.45566666666666666,12,E
Bolivia,BOL,South America,1987,1980,0.7354166666666666,12,E
Bolivia,BOL,South America,1988,1980,0.36466666666666664,12,E
Bolivia,BOL,South America,1989,1980,0.141,12,E
Bolivia,BOL,South America,1990,1990,0.2609166666666667,12,E
Bolivia,BOL,South America,1991,1990,0.6075,12,E
Bolivia,BOL,South America,1992,1990,-0.01758333333333332,12,E
Bolivia,BOL,South America,1993,1990,0.4298333333333333,12,E
Bolivia,BOL,South America,1994,1990,0.8805000000000001,12,E
Bolivia,BOL,South America,1995,1990,0.6871666666666667,12,E
Bolivia,BOL,South America,1996,1990,0.2661666666666666,12,E
Bolivia,BOL,South America,1997,1990,0.9861666666666666,12,E
Bolivia,BOL,South America,1998,1990,0.8324166666666667,12,E
Bolivia,BOL,South America,1999,1990,0.308,12,E
Bolivia,BOL,South America,2000,2000,0.3501666666666667,12,E
Bolivia,BOL,South America,2001,2000,0.6935833333333333,12,E
Bolivia,BOL,South America,2002,2000,1.05975,12,E
Bolivia,BOL,South America,2003,2000,0.6555,12,E
Bolivia,BOL,South America,2004,2000,0.8818333333333334,12,E
Bolivia,BOL,South America,2005,2000,0.8181666666666666,12,E
Bolivia,BOL,South America,2006,2000,0.9430833333333334,12,E
Bolivia,BOL,South America,2007,2000,0.47933333333333333,12,E
Bolivia,BOL,South America,2008,2000,0.458,12,E
Bolivia,BOL,South America,2009,2000,0.6953333333333335,12,E
Bolivia,BOL,South America,2010,2010,0.7470833333333333,12,E
Bolivia,BOL,South America,2011,2010,1.11775,12,E
Bolivia,BOL,South America,2012,2010,0.8801666666666668,12,E
Bolivia,BOL,South America,2013,2010,0.5744166666666667,12,E
Bolivia,BOL,South America,2014,2010,0.9870833333333334,12,E
Bolivia,BOL,South America,2015,2010,1.5235,12,E
Bolivia,BOL,South America,2016,2010,0.727,12,E
Bolivia,BOL,South America,2017,2010,0.95275,12,E
Bolivia,BOL,South America,2018,2010,0.55225,12,E
Bolivia,BOL,South America,2019,2010,0.9234166666666667,12,E
Bolivia,BOL,South America,2020,2020,1.29175,12,E
Bolivia,BOL,South America,2021,2020,0.7410833333333334,12,E
Bolivia,BOL,South America,2022,2020,0.7571666666666667,12,E
Bolivia,BOL,South America,2023,2020,2.1324166666666664,12,E
Bolivia,BOL,South America,2024,2020,1.96175,12,E
Bolivia,BOL,South America,2025,2020,0.5780833333333333,12,E
Brazil,BRA,South America,1961,1960,0.13899999999999998,12,E
Brazil,BRA,South America,1962,1960,-0.2035,12,E
Brazil,BRA,South America,1963,1960,0.15291666666666667,12,E
Brazil,BRA,South America,1964,1960,-0.2946666666666667,12,E
Brazil,BRA,South America,1965,1960,-0.025083333333333336,12,E
Brazil,BRA,South America,1966,1960,0.016916666666666663,12,E
Brazil,BRA,South America,1967,1960,0.049416666666666664,12,E
Brazil,BRA,South America,1968,1960,-0.395,12,E
Brazil,BRA,South America,1969,1960,0.32141666666666663,12,E
Brazil,BRA,South America,1970,1970,0.16791666666666663,12,E
Brazil,BRA,South America,1971,1970,-0.17566666666666667,12,E
Brazil,BRA,South America,1972,1970,0.13475,12,E
Brazil,BRA,South America,1973,1970,0.39425,12,E
Brazil,BRA,South America,1974,1970,-0.22258333333333336,12,E
Brazil,BRA,South America,1975,1970,-0.08933333333333333,12,E
Brazil,BRA,South America,1976,1970,-0.15191666666666667,12,E
Brazil,BRA,South America,1977,1970,0.25458333333333333,12,E
Brazil,BRA,South America,1978,1970,0.019083333333333338,12,E
Brazil,BRA,South America,1979,1970,0.04416666666666667,12,E
Brazil,BRA,South America,1980,1980,0.2801666666666667,12,E
Brazil,BRA,South America,1981,1980,0.17475,12,E
Brazil,BRA,South America,1982,1980,0.2791666666666667,12,E
Brazil,BRA,South America,1983,1980,0.464,12,E
Brazil,BRA,South America,1984,1980,0.3234166666666667,12,E
Brazil,BRA,South America,1985,1980,0.104,12,E
Brazil,BRA,South America,1986,1980,0.30024999999999996,12,E
Brazil,BRA,South America,1987,1980,0.7460833333333333,12,E
Brazil,BRA,South America,1988,1980,0.4379166666666667,12,E
Brazil,BRA,South America,1989,1980,0.14241666666666666,12,E
Brazil,BRA,South America,1990,1990,0.5385,12,E
Brazil,BRA,South America,1991,1990,0.5211666666666667,12,E
Brazil,BRA,South America,1992,1990,0.36308333333333337,12,E
Brazil,BRA,South America,1993,1990,0.5445833333333333,12,E
Brazil,BRA,South America,1994,1990,0.6951666666666667,12,E
Brazil,BRA,South America,1995,1990,0.8038333333333334,12,E
Brazil,BRA,South America,1996,1990,0.5710000000000001,12,E
Brazil,BRA,South America,1997,1990,0.7569166666666667,12,E
Brazil,BRA,South America,1998,1990,1.2355,12,E
Brazil,BRA,South America,1999,1990,0.57625,12,E
Brazil,BRA,South America,2000,2000,0.5274166666666666,12,E
Brazil,BRA,South America,2001,2000,0.7890833333333332,12,E
Brazil,BRA,South America,2002,2000,1.1050833333333332,12,E
Brazil,BRA,South America,2003,2000,0.9638333333333334,12,E
Brazil,BRA,South America,2004,2000,0.7879166666666667,12,E
Brazil,BRA,South America,2005,2000,1.11775,12,E
Brazil,BRA,South America,2006,2000,0.8911666666666666,12,E
Brazil,BRA,South America,2007,2000,0.98725,12,E
Brazil,BRA,South America,2008,2000,0.726,12,E
Brazil,BRA,South America,2009,2000,0.9999166666666667,12,E
Brazil,BRA,South America,2010,2010,1.1448333333333334,12,E
Brazil,BRA,South America,2011,2010,0.791,12,E
Brazil,BRA,South America,2012,2010,1.1261666666666665,12,E
Brazil,BRA,South America,2013,2010,0.9498333333333333,12,E
Brazil,BRA,South America,2014,2010,1.2006666666666665,12,E
Brazil,BRA,South America,2015,2010,1.6915000000000002,12,E
Brazil,BRA,South America,2016,2010,1.5175,12,E
Brazil,BRA,South America,2017,2010,1.4019166666666667,12,E
Brazil,BRA,South America,2018,2010,1.18425,12,E
Brazil,BRA,South America,2019,2010,1.5999999999999999,12,E
Brazil,BRA,South America,2020,2020,1.4052499999999999,12,E
Brazil,BRA,South America,2021,2020,1.12075,12,E
Brazil,BRA,South America,2022,2020,0.9490833333333333,12,E
Brazil,BRA,South America,2023,2020,1.7917500000000002,12,E
Brazil,BRA,South America,2024,2020,1.9518333333333333,12,E
Brazil,BRA,South America,2025,2020,1.3559999999999999,12,E
Barbados,BRB,North America,1961,1960,0.17841666666666667,12,E
Barbados,BRB,North America,1962,1960,0.023583333333333335,12,E
Barbados,BRB,North America,1963,1960,0.19375,12,E
Barbados,BRB,North America,1964,1960,-0.21941666666666668,12,E
Barbados,BRB,North America,1965,1960,-0.19075,12,E
Barbados,BRB,North America,1966,1960,-0.2454166666666667,12,E
Barbados,BRB,North America,1967,1960,-0.35025,12,E
Barbados,BRB,North America,1968,1960,-0.3466666666666667,12,E
Barbados,BRB,North America,1969,1960,0.24850000000000003,12,E
Barbados,BRB,North America,1970,1970,0.04866666666666667,12,E
Barbados,BRB,North America,1971,1970,-0.3139166666666667,12,E
Barbados,BRB,North America,1972,1970,0.00158333333333333,12,E
Barbados,BRB,North America,1973,1970,-0.13008333333333333,12,E
Barbados,BRB,North America,1974,1970,-0.31024999999999997,12,E
Barbados,BRB,North America,1975,1970,-0.5866666666666667,12,E
Barbados,BRB,North America,1976,1970,-0.35575,12,E
Barbados,BRB,North America,1977,1970,0.07258333333333333,12,E
Barbados,BRB,North America,1978,1970,0.32441666666666663,12,E
Barbados,BRB,North America,1979,1970,0.13908333333333334,12,E
Barbados,BRB,North America,1980,1980,0.5261666666666667,12,E
Barbados,BRB,North America,1981,1980,0.4285833333333333,12,E
Barbados,BRB,North America,1982,1980,0.24533333333333332,12,E
Barbados,BRB,North America,1983,1980,0.38966666666666666,12,E
Barbados,BRB,North America,1984,1980,-0.03491666666666667,12,E
Barbados,BRB,North America,1985,1980,-0.07583333333333334,12,E
Barbados,BRB,North America,1986,1980,,9,
Barbados,BRB,North America,1987,1980,0.7930833333333333,12,E
Barbados,BRB,North America,1988,1980,0.50225,12,E
Barbados,BRB,North America,1989,1980,,10,
Barbados,BRB,North America,1990,1990,,11,
Barbados,BRB,North America,1991,1990,0.6258333333333334,12,E
Barbados,BRB,North America,1992,1990,0.5738333333333333,12,E
Barbados,BRB,North America,1993,1990,0.677,12,E
Barbados,BRB,North America,1994,1990,0.6484166666666666,12,E
Barbados,BRB,North America,1995,1990,0.7719999999999999,12,E
Barbados,BRB,North America,1996,1990,0.5445833333333333,12,E
Barbados,BRB,North America,1997,1990,0.6155,12,E
Barbados,BRB,North America,1998,1990,1.3835,12,E
Barbados,BRB,North America,1999,1990,0.7569166666666667,12,E
Barbados,BRB,North America,2000,2000,0.6321666666666667,12,E
Barbados,BRB,North America,2001,2000,0.9507500000000001,12,E
Barbados,BRB,North America,2002,2000,,10,
Barbados,BRB,North America,2003,2000,1.1105,12,E
Barbados,BRB,North America,2004,2000,0.8348333333333334,12,E
Barbados,BRB,North America,2005,2000,1.277,12,E
Barbados,BRB,North America,2006,2000,1.0480833333333333,12,E
Barbados,BRB,North America,2007,2000,0.84875,12,E
Barbados,BRB,North America,2008,2000,0.4681666666666667,12,E
Barbados,BRB,North America,2009,2000,0.852,12,E
Barbados,BRB,North America,2010,2010,1.4196666666666669,12,E
Barbados,BRB,North America,2011,2010,0.9625,12,E
Barbados,BRB,North America,2012,2010,0.8355833333333332,12,E
Barbados,BRB,North America,2013,2010,1.038,12,E
Barbados,BRB,North America,2014,2010,0.876,12,E
Barbados,BRB,North America,2015,2010,,11,
Barbados,BRB,North America,2016,2010,1.592666666666667,12,E
Barbados,BRB,North America,2017,2010,,11,
Barbados,BRB,North America,2018,2010,1.0846666666666667,12,E
Barbados,BRB,North America,2019,2010,,11,
Barbados,BRB,North America,2020,2020,,10,
Barbados,BRB,North America,2021,2020,1.38875,12,E
Barbados,BRB,North America,2022,2020,1.0260833333333332,12,E
Barbados,BRB,North America,2023,2020,,1,
Barbados,BRB,North America,2024,2020,,0,
Barbados,BRB,North America,2025,2020,,0,
Brunei,BRN,Asia,1961,1960,0.06558333333333334,12,E
Brunei,BRN,Asia,1962,1960,-0.09799999999999999,12,E
Brunei,BRN,Asia,1963,1960,-0.23533333333333337,12,E
Brunei,BRN,Asia,1964,1960,-0.06291666666666668,12,E
Brunei,BRN,Asia,1965,1960,-0.2504166666666667,12,E
Brunei,BRN,Asia,1966,1960,0.13325,12,E
Brunei,BRN,Asia,1967,1960,-0.17958333333333334,12,E
Brunei,BRN,Asia,1968,1960,-0.1815,12,E
Brunei,BRN,Asia,1969,1960,0.1759166666666667,12,E
Brunei,BRN,Asia,1970,1970,0.10358333333333335,12,E
Brunei,BRN,Asia,1971,1970,-0.2598333333333333,12,E
Brunei,BRN,Asia,1972,1970,0.11691666666666667,12,E
Brunei,BRN,Asia,1973,1970,0.21175,12,E
Brunei,BRN,Asia,1974,1970,-0.29241666666666666,12,E
Brunei,BRN,Asia,1975,1970,0.06425,12,E
Brunei,BRN,Asia,1976,1970,-0.08549999999999998,12,E
Brunei,BRN,Asia,1977,1970,-0.05433333333333332,12,E
Brunei,BRN,Asia,1978,1970,0.17858333333333332,12,E
Brunei,BRN,Asia,1979,1970,0.29,12,E
Brunei,BRN,Asia,1980,1980,0.27808333333333335,12,E
Brunei,BRN,Asia,1981,1980,0.255,12,E
Brunei,BRN,Asia,1982,1980,0.31275,12,E
Brunei,BRN,Asia,1983,1980,0.6448333333333334,12,E
Brunei,BRN,Asia,1984,1980,0.016999999999999998,12,E
Brunei,BRN,Asia,1985,1980,0.24708333333333332,12,E
Brunei,BRN,Asia,1986,1980,0.22233333333333336,12,E
Brunei,BRN,Asia,1987,1980,0.474,12,E
Brunei,BRN,Asia,1988,1980,0.33425,12,E
Brunei,BRN,Asia,1989,1980,0.127,12,E
Brunei,BRN,Asia,1990,1990,0.4795833333333333,12,E
Brunei,BRN,Asia,1991,1990,0.5021666666666667,12,E
Brunei,BRN,Asia,1992,1990,0.42450000000000004,12,E
Brunei,BRN,Asia,1993,1990,0.28141666666666665,12,E
Brunei,BRN,Asia,1994,1990,0.47383333333333333,12,E
Brunei,BRN,Asia,1995,1990,0.4695,12,E
Brunei,BRN,Asia,1996,1990,0.4155,12,E
Brunei,BRN,Asia,1997,1990,0.7595833333333334,12,E
Brunei,BRN,Asia,1998,1990,1.2325833333333334,12,E
Brunei,BRN,Asia,1999,1990,0.5241666666666667,12,E
Brunei,BRN,Asia,2000,2000,0.4890833333333333,12,E
Brunei,BRN,Asia,2001,2000,0.5665,12,E
Brunei,BRN,Asia,2002,2000,0.8032499999999999,12,E
Brunei,BRN,Asia,2003,2000,0.7253333333333334,12,E
Brunei,BRN,Asia,2004,2000,0.67725,12,E
Brunei,BRN,Asia,2005,2000,0.9019166666666667,12,E
Brunei,BRN,Asia,2006,2000,0.7595000000000001,12,E
Brunei,BRN,Asia,2007,2000,0.6768333333333333,12,E
Brunei,BRN,Asia,2008,2000,0.49,12,E
Brunei,BRN,Asia,2009,2000,0.8532500000000001,12,E
Brunei,BRN,Asia,2010,2010,0.8815833333333334,12,E
Brunei,BRN,Asia,2011,2010,0.6349166666666667,12,E
Brunei,BRN,Asia,2012,2010,0.8072499999999999,12,E
Brunei,BRN,Asia,2013,2010,0.9655,12,E
Brunei,BRN,Asia,2014,2010,0.8865833333333333,12,E
Brunei,BRN,Asia,2015,2010,1.1852500000000001,12,E
Brunei,BRN,Asia,2016,2010,1.5341666666666667,12,E
Brunei,BRN,Asia,2017,2010,1.1865833333333333,12,E
Brunei,BRN,Asia,2018,2010,1.12975,12,E
Brunei,BRN,Asia,2019,2010,1.3415,12,E
Brunei,BRN,Asia,2020,2020,1.36675,12,E
Brunei,BRN,Asia,2021,2020,1.1101666666666665,12,E
Brunei,BRN,Asia,2022,2020,1.061,12,E
Brunei,BRN,Asia,2023,2020,1.4168333333333332,12,E
Brunei,BRN,Asia,2024,2020,1.6604999999999999,12,E
Brunei,BRN,Asia,2025,2020,1.2661666666666667,12,E
Bhutan,BTN,Asia,1961,1960,0.00708333333333333,12,E
Bhutan,BTN,Asia,1962,1960,-0.18674999999999997,12,E
Bhutan,BTN,Asia,1963,1960,-0.265,12,E
Bhutan,BTN,Asia,1964,1960,0.02983333333333334,12,E
Bhutan,BTN,Asia,1965,1960,-0.57725,12,E
Bhutan,BTN,Asia,1966,1960,0.12208333333333334,12,E
Bhutan,BTN,Asia,1967,1960,-0.4386666666666667,12,E
Bhutan,BTN,Asia,1968,1960,-0.496,12,E
Bhutan,BTN,Asia,1969,1960,0.18558333333333335,12,E
Bhutan,BTN,Asia,1970,1970,-0.029583333333333326,12,E
Bhutan,BTN,Asia,1971,1970,-0.21783333333333332,12,E
Bhutan,BTN,Asia,1972,1970,-0.006749999999999992,12,E
Bhutan,BTN,Asia,1973,1970,0.28541666666666665,12,E
Bhutan,BTN,Asia,1974,1970,0.09341666666666666,12,E
Bhutan,BTN,Asia,1975,1970,0.13408333333333333,12,E
Bhutan,BTN,Asia,1976,1970,0.048583333333333346,12,E
Bhutan,BTN,Asia,1977,1970,-0.06675000000000002,12,E
Bhutan,BTN,Asia,1978,1970,-0.1425,12,E
Bhutan,BTN,Asia,1979,1970,0.338,12,E
Bhutan,BTN,Asia,1980,1980,0.21458333333333335,12,E
Bhutan,BTN,Asia,1981,1980,0.03191666666666667,12,E
Bhutan,BTN,Asia,1982,1980,-0.021833333333333326,12,E
Bhutan,BTN,Asia,1983,1980,-0.27216666666666667,12,E
Bhutan,BTN,Asia,1984,1980,0.12625,12,E
Bhutan,BTN,Asia,1985,1980,0.26858333333333334,12,E
Bhutan,BTN,Asia,1986,1980,-0.05883333333333333,12,E
Bhutan,BTN,Asia,1987,1980,0.32325,12,E
Bhutan,BTN,Asia,1988,1980,0.6458333333333334,12,E
Bhutan,BTN,Asia,1989,1980,0.14408333333333334,12,E
Bhutan,BTN,Asia,1990,1990,0.1743333333333333,12,E
Bhutan,BTN,Asia,1991,1990,0.11925000000000001,12,E
Bhutan,BTN,Asia,1992,1990,-0.060166666666666674,12,E
Bhutan,BTN,Asia,1993,1990,0.009250000000000008,12,E
Bhutan,BTN,Asia,1994,1990,0.26858333333333334,12,E
Bhutan,BTN,Asia,1995,1990,0.6353333333333334,12,E
Bhutan,BTN,Asia,1996,1990,0.286,12,E
Bhutan,BTN,Asia,1997,1990,-0.35533333333333333,12,E
Bhutan,BTN,Asia,1998,1990,0.8446666666666668,12,E
Bhutan,BTN,Asia,1999,1990,0.9916666666666667,12,E
Bhutan,BTN,Asia,2000,2000,0.14033333333333334,12,E
Bhutan,BTN,Asia,2001,2000,0.66375,12,E
Bhutan,BTN,Asia,2002,2000,0.5015,12,E
Bhutan,BTN,Asia,2003,2000,0.49774999999999997,12,E
Bhutan,BTN,Asia,2004,2000,0.5445,12,E
Bhutan,BTN,Asia,2005,2000,0.7185833333333332,12,E
Bhutan,BTN,Asia,2006,2000,1.0996666666666666,12,E
Bhutan,BTN,Asia,2007,2000,0.9776666666666666,12,E
Bhutan,BTN,Asia,2008,2000,0.6765,12,E
Bhutan,BTN,Asia,2009,2000,1.32925,12,E
Bhutan,BTN,Asia,2010,2010,1.2700833333333332,12,E
Bhutan,BTN,Asia,2011,2010,0.6589999999999999,12,E
Bhutan,BTN,Asia,2012,2010,0.50925,12,E
Bhutan,BTN,Asia,2013,2010,0.7598333333333334,12,E
Bhutan,BTN,Asia,2014,2010,0.9467500000000001,12,E
Bhutan,BTN,Asia,2015,2010,1.0991666666666666,12,E
Bhutan,BTN,Asia,2016,2010,1.6994166666666668,12,E
Bhutan,BTN,Asia,2017,2010,1.532333333333333,12,E
Bhutan,BTN,Asia,2018,2010,1.2719166666666666,12,E
Bhutan,BTN,Asia,2019,2010,1.3320833333333333,12,E
Bhutan,BTN,Asia,2020,2020,1.368,12,E
Bhutan,BTN,Asia,2021,2020,1.8479166666666667,12,E
Bhutan,BTN,Asia,2022,2020,1.6568333333333334,12,E
Bhutan,BTN,Asia,2023,2020,1.9320833333333332,12,E
Bhutan,BTN,Asia,2024,2020,1.7765000000000002,12,E
Bhutan,BTN,Asia,2025,2020,2.0658333333333334,12,E
Botswana,BWA,Africa,1961,1960,0.05133333333333335,12,E
Botswana,BWA,Africa,1962,1960,0.18466666666666667,12,E
Botswana,BWA,Africa,1963,1960,-0.5670833333333333,12,E
Botswana,BWA,Africa,1964,1960,-0.08366666666666663,12,E
Botswana,BWA,Africa,1965,1960,0.26699999999999996,12,E
Botswana,BWA,Africa,1966,1960,0.36158333333333337,12,E
Botswana,BWA,Africa,1967,1960,-0.46925,12,E
Botswana,BWA,Africa,1968,1960,-0.09816666666666668,12,E
Botswana,BWA,Africa,1969,1960,0.13558333333333336,12,E
Botswana,BWA,Africa,1970,1970,0.7136666666666667,12,E
Botswana,BWA,Africa,1971,1970,-0.06649999999999996,12,E
Botswana,BWA,Africa,1972,1970,-0.20633333333333334,12,E
Botswana,BWA,Africa,1973,1970,0.31075,12,E
Botswana,BWA,Africa,1974,1970,-0.6477499999999999,12,E
Botswana,BWA,Africa,1975,1970,-0.1769166666666667,12,E
Botswana,BWA,Africa,1976,1970,-0.5921666666666666,12,E
Botswana,BWA,Africa,1977,1970,0.27591666666666664,12,E
Botswana,BWA,Africa,1978,1970,-0.0038333333333333435,12,E
Botswana,BWA,Africa,1979,1970,0.56275,12,E
Botswana,BWA,Africa,1980,1980,0.08141666666666668,12,E
Botswana,BWA,Africa,1981,1980,-0.34800000000000003,12,E
Botswana,BWA,Africa,1982,1980,0.36200000000000004,12,E
Botswana,BWA,Africa,1983,1980,0.9694166666666667,12,E
Botswana,BWA,Africa,1984,1980,0.5354166666666667,12,E
Botswana,BWA,Africa,1985,1980,0.3239166666666667,12,E
Botswana,BWA,Africa,1986,1980,0.37891666666666673,12,E
Botswana,BWA,Africa,1987,1980,1.1578333333333333,12,E
Botswana,BWA,Africa,1988,1980,0.17133333333333334,12,E
Botswana,BWA,Africa,1989,1980,-0.11658333333333336,12,E
Botswana,BWA,Africa,1990,1990,0.6817500000000001,12,E
Botswana,BWA,Africa,1991,1990,-0.03158333333333333,12,E
Botswana,BWA,Africa,1992,1990,1.0245833333333334,12,E
Botswana,BWA,Africa,1993,1990,0.58825,12,E
Botswana,BWA,Africa,1994,1990,0.07875,12,E
Botswana,BWA,Africa,1995,1990,0.9699166666666666,12,E
Botswana,BWA,Africa,1996,1990,-0.13849999999999998,12,E
Botswana,BWA,Africa,1997,1990,0.11591666666666667,12,E
Botswana,BWA,Africa,1998,1990,0.8233333333333334,12,E
Botswana,BWA,Africa,1999,1990,0.6561666666666667,12,E
Botswana,BWA,Africa,2000,2000,-0.5194166666666666,12,E
Botswana,BWA,Africa,2001,2000,-0.08358333333333334,12,E
Botswana,BWA,Africa,2002,2000,0.5616666666666666,12,E
Botswana,BWA,Africa,2003,2000,1.0828333333333333,12,E
Botswana,BWA,Africa,2004,2000,0.11225000000000003,12,E
Botswana,BWA,Africa,2005,2000,1.2671666666666666,12,E
Botswana,BWA,Africa,2006,2000,-0.24025,12,E
Botswana,BWA,Africa,2007,2000,0.15133333333333335,12,E
Botswana,BWA,Africa,2008,2000,0.5095833333333334,12,E
Botswana,BWA,Africa,2009,2000,-0.061083333333333344,12,E
Botswana,BWA,Africa,2010,2010,1.138,12,E
Botswana,BWA,Africa,2011,2010,-0.048499999999999995,12,E
Botswana,BWA,Africa,2012,2010,0.5095833333333334,12,E
Botswana,BWA,Africa,2013,2010,0.8021666666666666,12,E
Botswana,BWA,Africa,2014,2010,-0.032499999999999994,12,E
Botswana,BWA,Africa,2015,2010,1.707,12,E
Botswana,BWA,Africa,2016,2010,1.2369166666666667,12,E
Botswana,BWA,Africa,2017,2010,0.02158333333333337,12,E
Botswana,BWA,Africa,2018,2010,0.75725,12,E
Botswana,BWA,Africa,2019,2010,1.6013333333333335,12,E
Botswana,BWA,Africa,2020,2020,0.161,12,E
Botswana,BWA,Africa,2021,2020,-0.26225000000000004,12,E
Botswana,BWA,Africa,2022,2020,0.12899999999999998,12,E
Botswana,BWA,Africa,2023,2020,0.9670833333333334,12,E
Botswana,BWA,Africa,2024,2020,1.6894166666666666,12,E
Botswana,BWA,Africa,2025,2020,0.2085,12,E
Central African Republic,CAF,Africa,1961,1960,-0.2044166666666667,12,E
Central African Republic,CAF,Africa,1962,1960,-0.19908333333333336,12,E
Central African Republic,CAF,Africa,1963,1960,0.004666666666666667,12,E
Central African Republic,CAF,Africa,1964,1960,-0.15075000000000002,12,E
Central African Republic,CAF,Africa,1965,1960,-0.049999999999999996,12,E
Central African Republic,CAF,Africa,1966,1960,0.020166666666666666,12,E
Central African Republic,CAF,Africa,1967,1960,-0.1975,12,E
Central African Republic,CAF,Africa,1968,1960,-0.1678333333333333,12,E
Central African Republic,CAF,Africa,1969,1960,0.15116666666666664,12,E
Central African Republic,CAF,Africa,1970,1970,0.15016666666666667,12,E
Central African Republic,CAF,Africa,1971,1970,-0.17441666666666666,12,E
Central African Republic,CAF,Africa,1972,1970,0.161,12,E
Central African Republic,CAF,Africa,1973,1970,0.46399999999999997,12,E
Central African Republic,CAF,Africa,1974,1970,-0.15975,12,E
Central African Republic,CAF,Africa,1975,1970,-0.10816666666666667,12,E
Central African Republic,CAF,Africa,1976,1970,-0.06616666666666667,12,E
Central African Republic,CAF,Africa,1977,1970,0.16816666666666666,12,E
Central African Republic,CAF,Africa,1978,1970,0.08875,12,E
Central African Republic,CAF,Africa,1979,1970,0.3095,12,E
Central African Republic,CAF,Africa,1980,1980,0.41375,12,E
Central African Republic,CAF,Africa,1981,1980,-0.01391666666666667,12,E
Central African Republic,CAF,Africa,1982,1980,-0.09799999999999999,12,E
Central African Republic,CAF,Africa,1983,1980,0.19908333333333336,12,E
Central African Republic,CAF,Africa,1984,1980,-0.0605,12,E
Central African Republic,CAF,Africa,1985,1980,-0.003750000000000002,12,E
Central African Republic,CAF,Africa,1986,1980,0.15433333333333335,12,E
Central African Republic,CAF,Africa,1987,1980,0.3774166666666667,12,E
Central African Republic,CAF,Africa,1988,1980,0.018333333333333337,12,E
Central African Republic,CAF,Africa,1989,1980,-0.33641666666666675,12,E
Central African Republic,CAF,Africa,1990,1990,0.6211666666666666,12,E
Central African Republic,CAF,Africa,1991,1990,,11,
Central African Republic,CAF,Africa,1992,1990,-0.47241666666666665,12,E
Central African Republic,CAF,Africa,1993,1990,0.23766666666666666,12,E
Central African Republic,CAF,Africa,1994,1990,0.20725000000000002,12,E
Central African Republic,CAF,Africa,1995,1990,0.005666666666666663,12,E
Central African Republic,CAF,Africa,1996,1990,-0.06658333333333333,12,E
Central African Republic,CAF,Africa,1997,1990,,10,
Central African Republic,CAF,Africa,1998,1990,0.9735,12,E
Central African Republic,CAF,Africa,1999,1990,0.24291666666666667,12,E
Central African Republic,CAF,Africa,2000,2000,0.43966666666666665,12,E
Central African Republic,CAF,Africa,2001,2000,0.33808333333333335,12,E
Central African Republic,CAF,Africa,2002,2000,0.48533333333333334,12,E
Central African Republic,CAF,Africa,2003,2000,0.7600000000000001,12,E
Central African Republic,CAF,Africa,2004,2000,0.7578333333333332,12,E
Central African Republic,CAF,Africa,2005,2000,0.8951666666666668,12,E
Central African Republic,CAF,Africa,2006,2000,0.6521666666666667,12,E
Central African Republic,CAF,Africa,2007,2000,0.4350833333333333,12,E
Central African Republic,CAF,Africa,2008,2000,0.4205833333333333,12,E
Central African Republic,CAF,Africa,2009,2000,0.7584166666666666,12,E
Central African Republic,CAF,Africa,2010,2010,0.8842500000000001,12,E
Central African Republic,CAF,Africa,2011,2010,0.2530833333333333,12,E
Central African Republic,CAF,Africa,2012,2010,0.30675,12,E
Central African Republic,CAF,Africa,2013,2010,0.5765,12,E
Central African Republic,CAF,Africa,2014,2010,0.4365833333333333,12,E
Central African Republic,CAF,Africa,2015,2010,0.6294166666666666,12,E
Central African Republic,CAF,Africa,2016,2010,1.1088333333333333,12,E
Central African Republic,CAF,Africa,2017,2010,0.9426666666666668,12,E
Central African Republic,CAF,Africa,2018,2010,0.8628333333333332,12,E
Central African Republic,CAF,Africa,2019,2010,1.12125,12,E
Central African Republic,CAF,Africa,2020,2020,0.892,12,E
Central African Republic,CAF,Africa,2021,2020,0.9404166666666667,12,E
Central African Republic,CAF,Africa,2022,2020,0.6329166666666667,12,E
Central African Republic,CAF,Africa,2023,2020,0.9549166666666666,12,E
Central African Republic,CAF,Africa,2024,2020,1.2371666666666667,12,E
Central African Republic,CAF,Africa,2025,2020,1.4823333333333333,12,E
Canada,CAN,North America,1961,1960,-0.15125,12,E
Canada,CAN,North America,1962,1960,0.044416666666666695,12,E
Canada,CAN,North America,1963,1960,0.2605,12,E
Canada,CAN,North America,1964,1960,-0.5404166666666667,12,E
Canada,CAN,North America,1965,1960,-0.5790833333333333,12,E
Canada,CAN,North America,1966,1960,-0.18175,12,E
Canada,CAN,North America,1967,1960,-0.3439166666666667,12,E
Canada,CAN,North America,1968,1960,0.24250000000000002,12,E
Canada,CAN,North America,1969,1960,0.39175000000000004,12,E
Canada,CAN,North America,1970,1970,-0.16758333333333333,12,E
Canada,CAN,North America,1971,1970,-0.0003333333333332966,12,E
Canada,CAN,North America,1972,1970,-1.862,12,E
Canada,CAN,North America,1973,1970,0.7140833333333334,12,E
Canada,CAN,North America,1974,1970,-0.7150833333333333,12,E
Canada,CAN,North America,1975,1970,-0.06058333333333334,12,E
Canada,CAN,North America,1976,1970,0.07808333333333332,12,E
Canada,CAN,North America,1977,1970,1.0395,12,E
Canada,CAN,North America,1978,1970,-0.3918333333333333,12,E
Canada,CAN,North America,1979,1970,-0.07283333333333335,12,E
Canada,CAN,North America,1980,1980,0.5021666666666667,12,E
Canada,CAN,North America,1981,1980,2.0166666666666666,12,E
Canada,CAN,North America,1982,1980,-0.8984166666666668,12,E
Canada,CAN,North America,1983,1980,0.27258333333333334,12,E
Canada,CAN,North America,1984,1980,0.3481666666666667,12,E
Canada,CAN,North America,1985,1980,0.05974999999999999,12,E
Canada,CAN,North America,1986,1980,0.09683333333333333,12,E
Canada,CAN,North America,1987,1980,1.5049166666666667,12,E
Canada,CAN,North America,1988,1980,0.8375833333333333,12,E
Canada,CAN,North America,1989,1980,-0.1073333333333333,12,E
Canada,CAN,North America,1990,1990,-0.019583333333333324,12,E
Canada,CAN,North America,1991,1990,0.554,12,E
Canada,CAN,North America,1992,1990,0.02125,12,E
Canada,CAN,North America,1993,1990,0.51125,12,E
Canada,CAN,North America,1994,1990,0.5276666666666666,12,E
Canada,CAN,North America,1995,1990,0.6709166666666667,12,E
Canada,CAN,North America,1996,1990,0.029666666666666657,12,E
Canada,CAN,North America,1997,1990,0.706,12,E
Canada,CAN,North America,1998,1990,2.342916666666667,12,E
Canada,CAN,North America,1999,1990,1.7833333333333332,12,E
Canada,CAN,North America,2000,2000,0.9285,12,E
Canada,CAN,North America,2001,2000,1.8468333333333333,12,E
Canada,CAN,North America,2002,2000,0.5949166666666666,12,E
Canada,CAN,North America,2003,2000,1.1430833333333332,12,E
Canada,CAN,North America,2004,2000,0.09600000000000002,12,E
Canada,CAN,North America,2005,2000,1.6673333333333333,12,E
Canada,CAN,North America,2006,2000,2.478,12,E
Canada,CAN,North America,2007,2000,0.9122499999999999,12,E
Canada,CAN,North America,2008,2000,0.6951666666666667,12,E
Canada,CAN,North America,2009,2000,0.874,12,E
Canada,CAN,North America,2010,2010,3.1025833333333335,12,E
Canada,CAN,North America,2011,2010,1.4541666666666666,12,E
Canada,CAN,North America,2012,2010,1.9159166666666667,12,E
Canada,CAN,North America,2013,2010,0.8766666666666666,12,E
Canada,CAN,North America,2014,2010,0.7423333333333334,12,E
Canada,CAN,North America,2015,2010,1.3363333333333334,12,E
Canada,CAN,North America,2016,2010,2.1548333333333334,12,E
Canada,CAN,North America,2017,2010,1.6290000000000002,12,E
Canada,CAN,North America,2018,2010,0.6231666666666666,12,E
Canada,CAN,North America,2019,2010,1.2175833333333335,12,E
Canada,CAN,North America,2020,2020,1.3179999999999998,12,E
Canada,CAN,North America,2021,2020,2.1956666666666664,12,E
Canada,CAN,North America,2022,2020,1.3139166666666666,12,E
Canada,CAN,North America,2023,2020,2.875083333333333,12,E
Canada,CAN,North America,2024,2020,3.0877499999999998,12,E
Canada,CAN,North America,2025,2020,2.5745,12,E
Cocos Islands,CCK,Asia,1961,1960,0.003499999999999994,12,E
Cocos Islands,CCK,Asia,1962,1960,0.00683333333333333,12,E
Cocos Islands,CCK,Asia,1963,1960,-0.02316666666666667,12,E
Cocos Islands,CCK,Asia,1964,1960,0.017666666666666664,12,E
Cocos Islands,CCK,Asia,1965,1960,-0.1115,12,E
Cocos Islands,CCK,Asia,1966,1960,-0.17149999999999999,12,E
Cocos Islands,CCK,Asia,1967,1960,0.0535,12,E
Cocos Islands,CCK,Asia,1968,1960,-0.3965,12,E
Cocos Islands,CCK,Asia,1969,1960,0.3293333333333333,12,E
Cocos Islands,CCK,Asia,1970,1970,-0.044000000000000004,12,E
Cocos Islands,CCK,Asia,1971,1970,-0.3273333333333333,12,E
Cocos Islands,CCK,Asia,1972,1970,-0.13233333333333333,12,E
Cocos Islands,CCK,Asia,1973,1970,-0.0006666666666666673,12,E
Cocos Islands,CCK,Asia,1974,1970,,11,
Cocos Islands,CCK,Asia,1975,1970,-0.4073333333333333,12,E
Cocos Islands,CCK,Asia,1976,1970,-0.19899999999999998,12,E
Cocos Islands,CCK,Asia,1977,1970,0.04849999999999999,12,E
Cocos Islands,CCK,Asia,1978,1970,-0.33816666666666667,12,E
Cocos Islands,CCK,Asia,1979,1970,-0.020666666666666653,12,E
Cocos Islands,CCK,Asia,1980,1980,-0.016500000000000008,12,E
Cocos Islands,CCK,Asia,1981,1980,-0.24566666666666667,12,E
Cocos Islands,CCK,Asia,1982,1980,-0.2531666666666667,12,E
Cocos Islands,CCK,Asia,1983,1980,0.526,12,E
Cocos Islands,CCK,Asia,1984,1980,0.1285,12,E
Cocos Islands,CCK,Asia,1985,1980,0.061,12,E
Cocos Islands,CCK,Asia,1986,1980,-0.2956666666666667,12,E
Cocos Islands,CCK,Asia,1987,1980,0.4351666666666667,12,E
Cocos Islands,CCK,Asia,1988,1980,0.39516666666666667,12,E
Cocos Islands,CCK,Asia,1989,1980,0.29683333333333334,12,E
Cocos Islands,CCK,Asia,1990,1990,0.38516666666666666,12,E
Cocos Islands,CCK,Asia,1991,1990,0.39266666666666666,12,E
Cocos Islands,CCK,Asia,1992,1990,0.21599999999999997,12,E
Cocos Islands,CCK,Asia,1993,1990,0.251,12,E
Cocos Islands,CCK,Asia,1994,1990,0.02183333333333332,12,E
Cocos Islands,CCK,Asia,1995,1990,0.41100000000000003,12,E
Cocos Islands,CCK,Asia,1996,1990,0.6743333333333333,12,E
Cocos Islands,CCK,Asia,1997,1990,0.43850000000000006,12,E
Cocos Islands,CCK,Asia,1998,1990,1.2443333333333333,12,E
Cocos Islands,CCK,Asia,1999,1990,1.1626666666666667,12,E
Cocos Islands,CCK,Asia,2000,2000,0.32766666666666666,12,E
Cocos Islands,CCK,Asia,2001,2000,0.216,12,E
Cocos Islands,CCK,Asia,2002,2000,0.7601666666666667,12,E
Cocos Islands,CCK,Asia,2003,2000,0.49933333333333335,12,E
Cocos Islands,CCK,Asia,2004,2000,0.41183333333333333,12,E
Cocos Islands,CCK,Asia,2005,2000,0.6876666666666665,12,E
Cocos Islands,CCK,Asia,2006,2000,0.381,12,E
Cocos Islands,CCK,Asia,2007,2000,0.6126666666666667,12,E
Cocos Islands,CCK,Asia,2008,2000,0.5001666666666666,12,E
Cocos Islands,CCK,Asia,2009,2000,0.6485,12,E
Cocos Islands,CCK,Asia,2010,2010,0.9593333333333334,12,E
Cocos Islands,CCK,Asia,2011,2010,0.4618333333333333,12,E
Cocos Islands,CCK,Asia,2012,2010,0.6568333333333333,12,E
Cocos Islands,CCK,Asia,2013,2010,0.7476666666666666,12,E
Cocos Islands,CCK,Asia,2014,2010,0.7568333333333334,12,E
Cocos Islands,CCK,Asia,2015,2010,0.9193333333333333,12,E
Cocos Islands,CCK,Asia,2016,2010,1.3235,12,E
Cocos Islands,CCK,Asia,2017,2010,0.8026666666666666,12,E
Cocos Islands,CCK,Asia,2018,2010,0.8734999999999999,12,E
Cocos Islands,CCK,Asia,2019,2010,1.1443333333333332,12,E
Cocos Islands,CCK,Asia,2020,2020,1.4151666666666667,12,E
Cocos Islands,CCK,Asia,2021,2020,1.2068333333333332,12,E
Cocos Islands,CCK,Asia,2022,2020,1.161,12,E
Cocos Islands,CCK,Asia,2023,2020,0.8901666666666667,12,E
Cocos Islands,CCK,Asia,2024,2020,1.836,12,E
Cocos Islands,CCK,Asia,2025,2020,1.3443333333333334,12,E
Switzerland,CHE,Europe,1961,1960,1.0498333333333334,12,E
Switzerland,CHE,Europe,1962,1960,-0.6676666666666667,12,E
Switzerland,CHE,Europe,1963,1960,-0.78925,12,E
Switzerland,CHE,Europe,1964,1960,0.28908333333333336,12,E
Switzerland,CHE,Europe,1965,1960,-0.61075,12,E
Switzerland,CHE,Europe,1966,1960,0.37341666666666656,12,E
Switzerland,CHE,Europe,1967,1960,0.40324999999999994,12,E
Switzerland,CHE,Europe,1968,1960,-0.04599999999999999,12,E
Switzerland,CHE,Europe,1969,1960,-0.29841666666666666,12,E
Switzerland,CHE,Europe,1970,1970,-0.25066666666666665,12,E
Switzerland,CHE,Europe,1971,1970,0.13008333333333333,12,E
Switzerland,CHE,Europe,1972,1970,-0.17841666666666667,12,E
Switzerland,CHE,Europe,1973,1970,-0.11391666666666665,12,E
Switzerland,CHE,Europe,1974,1970,0.3423333333333334,12,E
Switzerland,CHE,Europe,1975,1970,0.37025,12,E
Switzerland,CHE,Europe,1976,1970,0.25816666666666666,12,E
Switzerland,CHE,Europe,1977,1970,0.3744166666666667,12,E
Switzerland,CHE,Europe,1978,1970,-0.3690833333333334,12,E
Switzerland,CHE,Europe,1979,1970,0.04783333333333332,12,E
Switzerland,CHE,Europe,1980,1980,-0.5054166666666666,12,E
Switzerland,CHE,Europe,1981,1980,0.03966666666666668,12,E
Switzerland,CHE,Europe,1982,1980,0.7689166666666667,12,E
Switzerland,CHE,Europe,1983,1980,0.7724166666666666,12,E
Switzerland,CHE,Europe,1984,1980,-0.2738333333333334,12,E
Switzerland,CHE,Europe,1985,1980,-0.20491666666666664,12,E
Switzerland,CHE,Europe,1986,1980,0.09666666666666664,12,E
Switzerland,CHE,Europe,1987,1980,0.10124999999999991,12,E
Switzerland,CHE,Europe,1988,1980,0.8991666666666666,12,E
Switzerland,CHE,Europe,1989,1980,1.1421666666666666,12,E
Switzerland,CHE,Europe,1990,1990,1.1784999999999999,12,E
Switzerland,CHE,Europe,1991,1990,0.3793333333333333,12,E
Switzerland,CHE,Europe,1992,1990,1.11125,12,E
Switzerland,CHE,Europe,1993,1990,0.6713333333333334,12,E
Switzerland,CHE,Europe,1994,1990,1.8875,12,E
Switzerland,CHE,Europe,1995,1990,0.7953333333333333,12,E
Switzerland,CHE,Europe,1996,1990,-0.0001666666666666992,12,E
Switzerland,CHE,Europe,1997,1990,1.2438333333333333,12,E
Switzerland,CHE,Europe,1998,1990,1.00525,12,E
Switzerland,CHE,Europe,1999,1990,1.0156666666666667,12,E
Switzerland,CHE,Europe,2000,2000,1.643,12,E
Switzerland,CHE,Europe,2001,2000,1.0889999999999997,12,E
Switzerland,CHE,Europe,2002,2000,1.60825,12,E
Switzerland,CHE,Europe,2003,2000,1.7402499999999999,12,E
Switzerland,CHE,Europe,2004,2000,0.9213333333333334,12,E
Switzerland,CHE,Europe,2005,2000,0.6456666666666666,12,E
Switzerland,CHE,Europe,2006,2000,1.4230833333333333,12,E
Switzerland,CHE,Europe,2007,2000,1.6392499999999999,12,E
Switzerland,CHE,Europe,2008,2000,1.1988333333333332,12,E
Switzerland,CHE,Europe,2009,2000,1.3815,12,E
Switzerland,CHE,Europe,2010,2010,0.28883333333333333,12,E
Switzerland,CHE,Europe,2011,2010,2.0211666666666663,12,E
Switzerland,CHE,Europe,2012,2010,1.3669166666666668,12,E
Switzerland,CHE,Europe,2013,2010,0.8564166666666666,12,E
Switzerland,CHE,Europe,2014,2010,2.1910000000000003,12,E
Switzerland,CHE,Europe,2015,2010,2.169166666666667,12,E
Switzerland,CHE,Europe,2016,2010,1.60525,12,E
Switzerland,CHE,Europe,2017,2010,1.7730833333333333,12,E
Switzerland,CHE,Europe,2018,2010,2.5161666666666664,12,E
Switzerland,CHE,Europe,2019,2010,2.1564166666666664,12,E
Switzerland,CHE,Europe,2020,2020,2.4105000000000003,12,E
Switzerland,CHE,Europe,2021,2020,1.2019166666666667,12,E
Switzerland,CHE,Europe,2022,2020,2.919916666666667,12,E
Switzerland,CHE,Europe,2023,2020,2.891083333333333,12,E
Switzerland,CHE,Europe,2024,2020,2.731833333333333,12,E
Switzerland,CHE,Europe,2025,2020,2.4239166666666665,12,E
Chile,CHL,South America,1961,1960,-0.3185,12,E
Chile,CHL,South America,1962,1960,0.3389166666666667,12,E
Chile,CHL,South America,1963,1960,0.018833333333333344,12,E
Chile,CHL,South America,1964,1960,-0.1855,12,E
Chile,CHL,South America,1965,1960,0.07249999999999998,12,E
Chile,CHL,South America,1966,1960,-0.11083333333333334,12,E
Chile,CHL,South America,1967,1960,-0.040083333333333325,12,E
Chile,CHL,South America,1968,1960,0.3456666666666666,12,E
Chile,CHL,South America,1969,1960,0.25266666666666665,12,E
Chile,CHL,South America,1970,1970,0.10383333333333333,12,E
Chile,CHL,South America,1971,1970,-0.3855,12,E
Chile,CHL,South America,1972,1970,-0.0003333333333333151,12,E
Chile,CHL,South America,1973,1970,-0.21491666666666667,12,E
Chile,CHL,South America,1974,1970,-0.18416666666666667,12,E
Chile,CHL,South America,1975,1970,-0.19216666666666668,12,E
Chile,CHL,South America,1976,1970,-0.2826666666666667,12,E
Chile,CHL,South America,1977,1970,0.29491666666666666,12,E
Chile,CHL,South America,1978,1970,0.2505833333333333,12,E
Chile,CHL,South America,1979,1970,0.21358333333333335,12,E
Chile,CHL,South America,1980,1980,0.24050000000000002,12,E
Chile,CHL,South America,1981,1980,0.28550000000000003,12,E
Chile,CHL,South America,1982,1980,0.35391666666666666,12,E
Chile,CHL,South America,1983,1980,0.5565,12,E
Chile,CHL,South America,1984,1980,-0.26,12,E
Chile,CHL,South America,1985,1980,0.28858333333333336,12,E
Chile,CHL,South America,1986,1980,0.04700000000000001,12,E
Chile,CHL,South America,1987,1980,0.5569166666666666,12,E
Chile,CHL,South America,1988,1980,0.020916666666666677,12,E
Chile,CHL,South America,1989,1980,0.3443333333333333,12,E
Chile,CHL,South America,1990,1990,0.12408333333333334,12,E
Chile,CHL,South America,1991,1990,-0.01050000000000001,12,E
Chile,CHL,South America,1992,1990,-0.02725,12,E
Chile,CHL,South America,1993,1990,0.142,12,E
Chile,CHL,South America,1994,1990,0.22808333333333333,12,E
Chile,CHL,South America,1995,1990,-0.07491666666666665,12,E
Chile,CHL,South America,1996,1990,0.12508333333333335,12,E
Chile,CHL,South America,1997,1990,0.66025,12,E
Chile,CHL,South America,1998,1990,0.6194166666666666,12,E
Chile,CHL,South America,1999,1990,0.13191666666666665,12,E
Chile,CHL,South America,2000,2000,-0.32008333333333333,12,E
Chile,CHL,South America,2001,2000,0.0017499999999999922,12,E
Chile,CHL,South America,2002,2000,-0.13299999999999998,12,E
Chile,CHL,South America,2003,2000,0.10425000000000001,12,E
Chile,CHL,South America,2004,2000,0.47750000000000004,12,E
Chile,CHL,South America,2005,2000,0.05208333333333334,12,E
Chile,CHL,South America,2006,2000,0.34874999999999995,12,E
Chile,CHL,South America,2007,2000,-0.4499166666666667,12,E
Chile,CHL,South America,2008,2000,0.38441666666666663,12,E
Chile,CHL,South America,2009,2000,0.145,12,E
Chile,CHL,South America,2010,2010,-0.2801666666666667,12,E
Chile,CHL,South America,2011,2010,0.11666666666666665,12,E
Chile,CHL,South America,2012,2010,0.30491666666666667,12,E
Chile,CHL,South America,2013,2010,0.32066666666666666,12,E
Chile,CHL,South America,2014,2010,0.19666666666666666,12,E
Chile,CHL,South America,2015,2010,0.6130833333333333,12,E
Chile,CHL,South America,2016,2010,0.7385833333333333,12,E
Chile,CHL,South America,2017,2010,0.5558333333333333,12,E
Chile,CHL,South America,2018,2010,0.25699999999999995,12,E
Chile,CHL,South America,2019,2010,0.3961666666666667,12,E
Chile,CHL,South America,2020,2020,0.6345833333333334,12,E
Chile,CHL,South America,2021,2020,0.6913333333333332,12,E
Chile,CHL,South America,2022,2020,0.21808333333333332,12,E
Chile,CHL,South America,2023,2020,0.8455,12,E
Chile,CHL,South America,2024,2020,0.45291666666666663,12,E
Chile,CHL,South America,2025,2020,0.8668333333333335,12,E
China,CHN,Asia,1961,1960,0.26325,12,E
China,CHN,Asia,1962,1960,-0.07708333333333335,12,E
China,CHN,Asia,1963,1960,0.2599166666666667,12,E
China,CHN,Asia,1964,1960,-0.058666666666666666,12,E
China,CHN,Asia,1965,1960,-0.010333333333333325,12,E
China,CHN,Asia,1966,1960,0.1574166666666667,12,E
China,CHN,Asia,1967,1960,-0.37125,12,E
China,CHN,Asia,1968,1960,-0.07158333333333332,12,E
China,CHN,Asia,1969,1960,-0.3921666666666667,12,E
China,CHN,Asia,1970,1970,-0.23950000000000002,12,E
China,CHN,Asia,1971,1970,0.05725,12,E
China,CHN,Asia,1972,1970,-0.017416666666666678,12,E
China,CHN,Asia,1973,1970,0.40700000000000003,12,E
China,CHN,Asia,1974,1970,-0.17983333333333337,12,E
China,CHN,Asia,1975,1970,0.30624999999999997,12,E
China,CHN,Asia,1976,1970,-0.32400000000000007,12,E
China,CHN,Asia,1977,1970,0.07724999999999999,12,E
China,CHN,Asia,1978,1970,0.28058333333333335,12,E
China,CHN,Asia,1979,1970,0.30450000000000005,12,E
China,CHN,Asia,1980,1980,0.15625,12,E
China,CHN,Asia,1981,1980,0.14858333333333332,12,E
China,CHN,Asia,1982,1980,0.38033333333333336,12,E
China,CHN,Asia,1983,1980,0.17333333333333334,12,E
China,CHN,Asia,1984,1980,-0.29083333333333333,12,E
China,CHN,Asia,1985,1980,-0.0655,12,E
China,CHN,Asia,1986,1980,0.08091666666666668,12,E
China,CHN,Asia,1987,1980,0.45050000000000007,12,E
China,CHN,Asia,1988,1980,0.45875,12,E
China,CHN,Asia,1989,1980,0.43124999999999997,12,E
China,CHN,Asia,1990,1990,0.8469166666666667,12,E
China,CHN,Asia,1991,1990,0.4394166666666666,12,E
China,CHN,Asia,1992,1990,0.18466666666666665,12,E
China,CHN,Asia,1993,1990,0.21533333333333335,12,E
China,CHN,Asia,1994,1990,0.8160833333333333,12,E
China,CHN,Asia,1995,1990,0.5403333333333333,12,E
China,CHN,Asia,1996,1990,0.25775,12,E
China,CHN,Asia,1997,1990,0.71975,12,E
China,CHN,Asia,1998,1990,1.3949999999999998,12,E
China,CHN,Asia,1999,1990,1.1764166666666667,12,E
China,CHN,Asia,2000,2000,0.57375,12,E
China,CHN,Asia,2001,2000,0.9545833333333333,12,E
China,CHN,Asia,2002,2000,1.1732500000000001,12,E
China,CHN,Asia,2003,2000,0.922,12,E
China,CHN,Asia,2004,2000,1.1670833333333333,12,E
China,CHN,Asia,2005,2000,0.9042499999999999,12,E
China,CHN,Asia,2006,2000,1.3964999999999999,12,E
China,CHN,Asia,2007,2000,1.63325,12,E
China,CHN,Asia,2008,2000,1.0655833333333333,12,E
China,CHN,Asia,2009,2000,1.2480833333333334,12,E
China,CHN,Asia,2010,2010,0.9989166666666667,12,E
China,CHN,Asia,2011,2010,0.7897500000000001,12,E
China,CHN,Asia,2012,2010,0.5605833333333333,12,E
China,CHN,Asia,2013,2010,1.2140833333333332,12,E
China,CHN,Asia,2014,2010,0.9860833333333333,12,E
China,CHN,Asia,2015,2010,1.4430833333333333,12,E
China,CHN,Asia,2016,2010,1.4569166666666666,12,E
China,CHN,Asia,2017,2010,1.4686666666666666,12,E
China,CHN,Asia,2018,2010,1.2713333333333334,12,E
China,CHN,Asia,2019,2010,1.5225833333333334,12,E
China,CHN,Asia,2020,2020,1.5800833333333333,12,E
China,CHN,Asia,2021,2020,1.8335,12,E
China,CHN,Asia,2022,2020,1.7505,12,E
China,CHN,Asia,2023,2020,2.0115833333333333,12,E
China,CHN,Asia,2024,2020,2.2585,12,E
China,CHN,Asia,2025,2020,2.051083333333333,12,E
Cote d'Ivoire,CIV,Africa,1961,1960,-0.10008333333333334,12,E
Cote d'Ivoire,CIV,Africa,1962,1960,-0.1386666666666667,12,E
Cote d'Ivoire,CIV,Africa,1963,1960,0.18683333333333332,12,E
Cote d'Ivoire,CIV,Africa,1964,1960,-0.247,12,E
Cote d'Ivoire,CIV,Africa,1965,1960,-0.2050833333333333,12,E
Cote d'Ivoire,CIV,Africa,1966,1960,0.16825,12,E
Cote d'Ivoire,CIV,Africa,1967,1960,-0.24016666666666667,12,E
Cote d'Ivoire,CIV,Africa,1968,1960,-0.01558333333333333,12,E
Cote d'Ivoire,CIV,Africa,1969,1960,0.3299166666666667,12,E
Cote d'Ivoire,CIV,Africa,1970,1970,0.21916666666666665,12,E
Cote d'Ivoire,CIV,Africa,1971,1970,-0.17208333333333334,12,E
Cote d'Ivoire,CIV,Africa,1972,1970,0.10083333333333333,12,E
Cote d'Ivoire,CIV,Africa,1973,1970,0.56225,12,E
Cote d'Ivoire,CIV,Africa,1974,1970,-0.05683333333333335,12,E
Cote d'Ivoire,CIV,Africa,1975,1970,-0.10116666666666667,12,E
Cote d'Ivoire,CIV,Africa,1976,1970,-0.32466666666666666,12,E
Cote d'Ivoire,CIV,Africa,1977,1970,0.33408333333333334,12,E
Cote d'Ivoire,CIV,Africa,1978,1970,0.17775,12,E
Cote d'Ivoire,CIV,Africa,1979,1970,0.48725,12,E
Cote d'Ivoire,CIV,Africa,1980,1980,0.41175,12,E
Cote d'Ivoire,CIV,Africa,1981,1980,0.409,12,E
Cote d'Ivoire,CIV,Africa,1982,1980,0.10658333333333332,12,E
Cote d'Ivoire,CIV,Africa,1983,1980,0.7290833333333332,12,E
Cote d'Ivoire,CIV,Africa,1984,1980,0.4518333333333333,12,E
Cote d'Ivoire,CIV,Africa,1985,1980,0.222,12,E
Cote d'Ivoire,CIV,Africa,1986,1980,0.24558333333333335,12,E
Cote d'Ivoire,CIV,Africa,1987,1980,1.0875000000000001,12,E
Cote d'Ivoire,CIV,Africa,1988,1980,0.5809166666666666,12,E
Cote d'Ivoire,CIV,Africa,1989,1980,0.4185833333333333,12,E
Cote d'Ivoire,CIV,Africa,1990,1990,0.6210833333333333,12,E
Cote d'Ivoire,CIV,Africa,1991,1990,0.4695833333333333,12,E
Cote d'Ivoire,CIV,Africa,1992,1990,0.3165,12,E
Cote d'Ivoire,CIV,Africa,1993,1990,0.5285833333333333,12,E
Cote d'Ivoire,CIV,Africa,1994,1990,0.49124999999999996,12,E
Cote d'Ivoire,CIV,Africa,1995,1990,0.702,12,E
Cote d'Ivoire,CIV,Africa,1996,1990,0.7514166666666666,12,E
Cote d'Ivoire,CIV,Africa,1997,1990,0.6745833333333334,12,E
Cote d'Ivoire,CIV,Africa,1998,1990,1.2860833333333332,12,E
Cote d'Ivoire,CIV,Africa,1999,1990,0.47675,12,E
Cote d'Ivoire,CIV,Africa,2000,2000,0.45999999999999996,12,E
Cote d'Ivoire,CIV,Africa,2001,2000,0.6125833333333334,12,E
Cote d'Ivoire,CIV,Africa,2002,2000,0.8264166666666667,12,E
Cote d'Ivoire,CIV,Africa,2003,2000,1.1601666666666668,12,E
Cote d'Ivoire,CIV,Africa,2004,2000,0.8975,12,E
Cote d'Ivoire,CIV,Africa,2005,2000,1.1034166666666667,12,E
Cote d'Ivoire,CIV,Africa,2006,2000,0.9009166666666667,12,E
Cote d'Ivoire,CIV,Africa,2007,2000,1.0086666666666666,12,E
Cote d'Ivoire,CIV,Africa,2008,2000,0.718,12,E
Cote d'Ivoire,CIV,Africa,2009,2000,0.9442499999999999,12,E
Cote d'Ivoire,CIV,Africa,2010,2010,1.2474166666666666,12,E
Cote d'Ivoire,CIV,Africa,2011,2010,0.9355833333333333,12,E
Cote d'Ivoire,CIV,Africa,2012,2010,0.65875,12,E
Cote d'Ivoire,CIV,Africa,2013,2010,0.8737500000000001,12,E
Cote d'Ivoire,CIV,Africa,2014,2010,0.8584166666666667,12,E
Cote d'Ivoire,CIV,Africa,2015,2010,1.1852500000000001,12,E
Cote d'Ivoire,CIV,Africa,2016,2010,1.5611666666666668,12,E
Cote d'Ivoire,CIV,Africa,2017,2010,1.47625,12,E
Cote d'Ivoire,CIV,Africa,2018,2010,1.2686666666666666,12,E
Cote d'Ivoire,CIV,Africa,2019,2010,1.3435833333333334,12,E
Cote d'Ivoire,CIV,Africa,2020,2020,1.3388333333333333,12,E
Cote d'Ivoire,CIV,Africa,2021,2020,1.4408333333333332,12,E
Cote d'Ivoire,CIV,Africa,2022,2020,1.0700833333333333,12,E
Cote d'Ivoire,CIV,Africa,2023,2020,1.6362500000000002,12,E
Cote d'Ivoire,CIV,Africa,2024,2020,1.7170833333333333,12,E
Cote d'Ivoire,CIV,Africa,2025,2020,1.5550833333333334,12,E
Cameroon,CMR,Africa,1961,1960,-0.21766666666666667,12,E
Cameroon,CMR,Africa,1962,1960,-0.08808333333333333,12,E
Cameroon,CMR,Africa,1963,1960,0.12016666666666666,12,E
Cameroon,CMR,Africa,1964,1960,-0.17341666666666666,12,E
Cameroon,CMR,Africa,1965,1960,-0.11774999999999998,12,E
Cameroon,CMR,Africa,1966,1960,0.025916666666666668,12,E
Cameroon,CMR,Africa,1967,1960,-0.09583333333333333,12,E
Cameroon,CMR,Africa,1968,1960,-0.12441666666666668,12,E
Cameroon,CMR,Africa,1969,1960,0.19499999999999998,12,E
Cameroon,CMR,Africa,1970,1970,0.10225000000000001,12,E
Cameroon,CMR,Africa,1971,1970,-0.19666666666666668,12,E
Cameroon,CMR,Africa,1972,1970,0.14033333333333334,12,E
Cameroon,CMR,Africa,1973,1970,0.5105000000000001,12,E
Cameroon,CMR,Africa,1974,1970,-0.18283333333333332,12,E
Cameroon,CMR,Africa,1975,1970,-0.19816666666666669,12,E
Cameroon,CMR,Africa,1976,1970,-0.13808333333333334,12,E
Cameroon,CMR,Africa,1977,1970,0.2718333333333333,12,E
Cameroon,CMR,Africa,1978,1970,0.08475,12,E
Cameroon,CMR,Africa,1979,1970,0.3336666666666666,12,E
Cameroon,CMR,Africa,1980,1980,0.3486666666666667,12,E
Cameroon,CMR,Africa,1981,1980,0.043250000000000004,12,E
Cameroon,CMR,Africa,1982,1980,-0.06649999999999999,12,E
Cameroon,CMR,Africa,1983,1980,0.08683333333333333,12,E
Cameroon,CMR,Africa,1984,1980,0.20491666666666666,12,E
Cameroon,CMR,Africa,1985,1980,-0.0025833333333333285,12,E
Cameroon,CMR,Africa,1986,1980,-0.022083333333333344,12,E
Cameroon,CMR,Africa,1987,1980,0.538,12,E
Cameroon,CMR,Africa,1988,1980,0.19699999999999998,12,E
Cameroon,CMR,Africa,1989,1980,-0.3080833333333333,12,E
Cameroon,CMR,Africa,1990,1990,0.8274166666666667,12,E
Cameroon,CMR,Africa,1991,1990,0.27083333333333337,12,E
Cameroon,CMR,Africa,1992,1990,-0.15883333333333333,12,E
Cameroon,CMR,Africa,1993,1990,0.27341666666666664,12,E
Cameroon,CMR,Africa,1994,1990,0.15116666666666667,12,E
Cameroon,CMR,Africa,1995,1990,0.31,12,E
Cameroon,CMR,Africa,1996,1990,0.32125,12,E
Cameroon,CMR,Africa,1997,1990,0.6270833333333333,12,E
Cameroon,CMR,Africa,1998,1990,1.0981666666666665,12,E
Cameroon,CMR,Africa,1999,1990,0.48433333333333334,12,E
Cameroon,CMR,Africa,2000,2000,0.32941666666666664,12,E
Cameroon,CMR,Africa,2001,2000,0.33158333333333334,12,E
Cameroon,CMR,Africa,2002,2000,0.6777500000000001,12,E
Cameroon,CMR,Africa,2003,2000,0.8415,12,E
Cameroon,CMR,Africa,2004,2000,0.7671666666666667,12,E
Cameroon,CMR,Africa,2005,2000,0.9411666666666667,12,E
Cameroon,CMR,Africa,2006,2000,0.8275,12,E
Cameroon,CMR,Africa,2007,2000,0.6660833333333334,12,E
Cameroon,CMR,Africa,2008,2000,0.5049166666666667,12,E
Cameroon,CMR,Africa,2009,2000,0.9548333333333333,12,E
Cameroon,CMR,Africa,2010,2010,1.0260833333333335,12,E
Cameroon,CMR,Africa,2011,2010,0.43850000000000006,12,E
Cameroon,CMR,Africa,2012,2010,0.3745833333333333,12,E
Cameroon,CMR,Africa,2013,2010,0.6859166666666666,12,E
Cameroon,CMR,Africa,2014,2010,0.7468333333333333,12,E
Cameroon,CMR,Africa,2015,2010,0.948,12,E
Cameroon,CMR,Africa,2016,2010,1.2141666666666666,12,E
Cameroon,CMR,Africa,2017,2010,1.05375,12,E
Cameroon,CMR,Africa,2018,2010,0.9865833333333334,12,E
Cameroon,CMR,Africa,2019,2010,1.4085,12,E
Cameroon,CMR,Africa,2020,2020,1.1329166666666666,12,E
Cameroon,CMR,Africa,2021,2020,1.1766666666666665,12,E
Cameroon,CMR,Africa,2022,2020,0.7545000000000001,12,E
Cameroon,CMR,Africa,2023,2020,1.1623333333333334,12,E
Cameroon,CMR,Africa,2024,2020,1.2745,12,E
Cameroon,CMR,Africa,2025,2020,1.3125,12,E
Democratic Republic of Congo,COD,Africa,1961,1960,-0.106,12,E
Democratic Republic of Congo,COD,Africa,1962,1960,-0.13566666666666666,12,E
Democratic Republic of Congo,COD,Africa,1963,1960,-0.05708333333333334,12,E
Democratic Republic of Congo,COD,Africa,1964,1960,-0.18499999999999997,12,E
Democratic Republic of Congo,COD,Africa,1965,1960,-0.15275,12,E
Democratic Republic of Congo,COD,Africa,1966,1960,0.10183333333333333,12,E
Democratic Republic of Congo,COD,Africa,1967,1960,-0.12866666666666668,12,E
Democratic Republic of Congo,COD,Africa,1968,1960,-0.168,12,E
Democratic Republic of Congo,COD,Africa,1969,1960,0.15716666666666668,12,E
Democratic Republic of Congo,COD,Africa,1970,1970,0.16725,12,E
Democratic Republic of Congo,COD,Africa,1971,1970,-0.18299999999999997,12,E
Democratic Republic of Congo,COD,Africa,1972,1970,0.18508333333333335,12,E
Democratic Republic of Congo,COD,Africa,1973,1970,0.38891666666666663,12,E
Democratic Republic of Congo,COD,Africa,1974,1970,-0.09308333333333334,12,E
Democratic Republic of Congo,COD,Africa,1975,1970,-0.1165,12,E
Democratic Republic of Congo,COD,Africa,1976,1970,-0.14808333333333334,12,E
Democratic Republic of Congo,COD,Africa,1977,1970,0.21533333333333335,12,E
Democratic Republic of Congo,COD,Africa,1978,1970,0.134,12,E
Democratic Republic of Congo,COD,Africa,1979,1970,0.36508333333333337,12,E
Democratic Republic of Congo,COD,Africa,1980,1980,0.29291666666666666,12,E
Democratic Republic of Congo,COD,Africa,1981,1980,0.19833333333333333,12,E
Democratic Republic of Congo,COD,Africa,1982,1980,0.044083333333333335,12,E
Democratic Republic of Congo,COD,Africa,1983,1980,0.41425,12,E
Democratic Republic of Congo,COD,Africa,1984,1980,0.12616666666666668,12,E
Democratic Republic of Congo,COD,Africa,1985,1980,0.05516666666666665,12,E
Democratic Republic of Congo,COD,Africa,1986,1980,0.18258333333333332,12,E
Democratic Republic of Congo,COD,Africa,1987,1980,0.5496666666666666,12,E
Democratic Republic of Congo,COD,Africa,1988,1980,0.28558333333333336,12,E
Democratic Republic of Congo,COD,Africa,1989,1980,-0.17433333333333334,12,E
Democratic Republic of Congo,COD,Africa,1990,1990,0.223,12,E
Democratic Republic of Congo,COD,Africa,1991,1990,0.18825,12,E
Democratic Republic of Congo,COD,Africa,1992,1990,-0.3445833333333333,12,E
Democratic Republic of Congo,COD,Africa,1993,1990,0.08224999999999999,12,E
Democratic Republic of Congo,COD,Africa,1994,1990,0.16291666666666668,12,E
Democratic Republic of Congo,COD,Africa,1995,1990,0.28008333333333335,12,E
Democratic Republic of Congo,COD,Africa,1996,1990,-0.11816666666666668,12,E
Democratic Republic of Congo,COD,Africa,1997,1990,0.6988333333333334,12,E
Democratic Republic of Congo,COD,Africa,1998,1990,0.8774166666666666,12,E
Democratic Republic of Congo,COD,Africa,1999,1990,0.2733333333333334,12,E
Democratic Republic of Congo,COD,Africa,2000,2000,0.43191666666666667,12,E
Democratic Republic of Congo,COD,Africa,2001,2000,0.3635833333333333,12,E
Democratic Republic of Congo,COD,Africa,2002,2000,0.7864166666666667,12,E
Democratic Republic of Congo,COD,Africa,2003,2000,0.8514166666666667,12,E
Democratic Republic of Congo,COD,Africa,2004,2000,0.8635,12,E
Democratic Republic of Congo,COD,Africa,2005,2000,0.9461666666666666,12,E
Democratic Republic of Congo,COD,Africa,2006,2000,0.6885833333333333,12,E
Democratic Republic of Congo,COD,Africa,2007,2000,0.6725833333333333,12,E
Democratic Republic of Congo,COD,Africa,2008,2000,0.5219166666666667,12,E
Democratic Republic of Congo,COD,Africa,2009,2000,0.75325,12,E
Democratic Republic of Congo,COD,Africa,2010,2010,1.1469166666666666,12,E
Democratic Republic of Congo,COD,Africa,2011,2010,0.64,12,E
Democratic Republic of Congo,COD,Africa,2012,2010,0.37958333333333333,12,E
Democratic Republic of Congo,COD,Africa,2013,2010,0.7897500000000001,12,E
Democratic Republic of Congo,COD,Africa,2014,2010,0.7086666666666667,12,E
Democratic Republic of Congo,COD,Africa,2015,2010,0.7975833333333333,12,E
Democratic Republic of Congo,COD,Africa,2016,2010,1.3144166666666666,12,E
Democratic Republic of Congo,COD,Africa,2017,2010,1.0425,12,E
Democratic Republic of Congo,COD,Africa,2018,2010,1.1988333333333332,12,E
Democratic Republic of Congo,COD,Africa,2019,2010,1.33325,12,E
Democratic Republic of Congo,COD,Africa,2020,2020,1.40425,12,E
Democratic Republic of Congo,COD,Africa,2021,2020,1.3670833333333334,12,E
Democratic Republic of Congo,COD,Africa,2022,2020,1.1844166666666667,12,E
Democratic Republic of Congo,COD,Africa,2023,2020,1.3366666666666667,12,E
Democratic Republic of Congo,COD,Africa,2024,2020,1.3413333333333333,12,E
Democratic Republic of Congo,COD,Africa,2025,2020,1.34725,12,E
Congo,COG,Africa,1961,1960,-0.1865,12,E
Congo,COG,Africa,1962,1960,0.0007499999999999984,12,E
Congo,COG,Africa,1963,1960,0.13841666666666666,12,E
Congo,COG,Africa,1964,1960,-0.15508333333333332,12,E
Congo,COG,Africa,1965,1960,-0.13299999999999998,12,E
Congo,COG,Africa,1966,1960,0.13275,12,E
Congo,COG,Africa,1967,1960,-0.10708333333333335,12,E
Congo,COG,Africa,1968,1960,-0.102,12,E
Congo,COG,Africa,1969,1960,0.15075000000000002,12,E
Congo,COG,Africa,1970,1970,0.1679166666666667,12,E
Congo,COG,Africa,1971,1970,-0.13949999999999999,12,E
Congo,COG,Africa,1972,1970,0.09308333333333334,12,E
Congo,COG,Africa,1973,1970,0.42841666666666667,12,E
Congo,COG,Africa,1974,1970,-0.09283333333333332,12,E
Congo,COG,Africa,1975,1970,-0.13233333333333333,12,E
Congo,COG,Africa,1976,1970,-0.24708333333333332,12,E
Congo,COG,Africa,1977,1970,0.25875,12,E
Congo,COG,Africa,1978,1970,0.13349999999999998,12,E
Congo,COG,Africa,1979,1970,0.39799999999999996,12,E
Congo,COG,Africa,1980,1980,0.2695,12,E
Congo,COG,Africa,1981,1980,-0.22416666666666665,12,E
Congo,COG,Africa,1982,1980,-0.2826666666666667,12,E
Congo,COG,Africa,1983,1980,0.21666666666666665,12,E
Congo,COG,Africa,1984,1980,0.028166666666666673,12,E
Congo,COG,Africa,1985,1980,-0.29258333333333336,12,E
Congo,COG,Africa,1986,1980,-0.11983333333333333,12,E
Congo,COG,Africa,1987,1980,0.36925,12,E
Congo,COG,Africa,1988,1980,0.02808333333333334,12,E
Congo,COG,Africa,1989,1980,-0.3369166666666667,12,E
Congo,COG,Africa,1990,1990,,11,
Congo,COG,Africa,1991,1990,,11,
Congo,COG,Africa,1992,1990,-0.38608333333333333,12,E
Congo,COG,Africa,1993,1990,0.05591666666666666,12,E
Congo,COG,Africa,1994,1990,0.21958333333333335,12,E
Congo,COG,Africa,1995,1990,0.3629166666666666,12,E
Congo,COG,Africa,1996,1990,-0.09299999999999999,12,E
Congo,COG,Africa,1997,1990,,7,
Congo,COG,Africa,1998,1990,1.0489166666666667,12,E
Congo,COG,Africa,1999,1990,0.5665,12,E
Congo,COG,Africa,2000,2000,0.3070833333333333,12,E
Congo,COG,Africa,2001,2000,0.3861666666666667,12,E
Congo,COG,Africa,2002,2000,0.6571666666666667,12,E
Congo,COG,Africa,2003,2000,0.7910833333333334,12,E
Congo,COG,Africa,2004,2000,0.7980833333333334,12,E
Congo,COG,Africa,2005,2000,0.7214166666666667,12,E
Congo,COG,Africa,2006,2000,0.66675,12,E
Congo,COG,Africa,2007,2000,0.6968333333333333,12,E
Congo,COG,Africa,2008,2000,0.6801666666666667,12,E
Congo,COG,Africa,2009,2000,0.6405,12,E
Congo,COG,Africa,2010,2010,1.1059166666666667,12,E
Congo,COG,Africa,2011,2010,0.44525,12,E
Congo,COG,Africa,2012,2010,0.5271666666666667,12,E
Congo,COG,Africa,2013,2010,0.6231666666666666,12,E
Congo,COG,Africa,2014,2010,0.6218333333333333,12,E
Congo,COG,Africa,2015,2010,0.9053333333333334,12,E
Congo,COG,Africa,2016,2010,1.3663333333333334,12,E
Congo,COG,Africa,2017,2010,0.98,12,E
Congo,COG,Africa,2018,2010,1.0866666666666667,12,E
Congo,COG,Africa,2019,2010,1.32775,12,E
Congo,COG,Africa,2020,2020,1.3125833333333332,12,E
Congo,COG,Africa,2021,2020,1.1884166666666667,12,E
Congo,COG,Africa,2022,2020,1.0405,12,E
Congo,COG,Africa,2023,2020,1.2868333333333333,12,E
Congo,COG,Africa,2024,2020,1.37425,12,E
Congo,COG,Africa,2025,2020,1.2296666666666667,12,E
Cook Islands,COK,Oceania,1961,1960,0.12866666666666668,12,E
Cook Islands,COK,Oceania,1962,1960,-0.044750000000000005,12,E
Cook Islands,COK,Oceania,1963,1960,-0.01858333333333333,12,E
Cook Islands,COK,Oceania,1964,1960,0.11966666666666666,12,E
Cook Islands,COK,Oceania,1965,1960,-0.2505,12,E
Cook Islands,COK,Oceania,1966,1960,0.007833333333333331,12,E
Cook Islands,COK,Oceania,1967,1960,-0.363,12,E
Cook Islands,COK,Oceania,1968,1960,-0.2786666666666667,12,E
Cook Islands,COK,Oceania,1969,1960,-0.049916666666666665,12,E
Cook Islands,COK,Oceania,1970,1970,0.2233333333333333,12,E
Cook Islands,COK,Oceania,1971,1970,-0.08341666666666665,12,E
Cook Islands,COK,Oceania,1972,1970,-0.012333333333333335,12,E
Cook Islands,COK,Oceania,1973,1970,0.4085833333333333,12,E
Cook Islands,COK,Oceania,1974,1970,-0.23841666666666664,12,E
Cook Islands,COK,Oceania,1975,1970,-0.23825,12,E
Cook Islands,COK,Oceania,1976,1970,-0.2900833333333333,12,E
Cook Islands,COK,Oceania,1977,1970,0.15991666666666668,12,E
Cook Islands,COK,Oceania,1978,1970,0.10683333333333334,12,E
Cook Islands,COK,Oceania,1979,1970,0.08491666666666668,12,E
Cook Islands,COK,Oceania,1980,1980,0.29158333333333336,12,E
Cook Islands,COK,Oceania,1981,1980,0.07341666666666667,12,E
Cook Islands,COK,Oceania,1982,1980,0.04533333333333334,12,E
Cook Islands,COK,Oceania,1983,1980,0.25725000000000003,12,E
Cook Islands,COK,Oceania,1984,1980,0.04308333333333334,12,E
Cook Islands,COK,Oceania,1985,1980,0.09749999999999999,12,E
Cook Islands,COK,Oceania,1986,1980,0.29891666666666666,12,E
Cook Islands,COK,Oceania,1987,1980,0.16991666666666663,12,E
Cook Islands,COK,Oceania,1988,1980,0.29583333333333334,12,E
Cook Islands,COK,Oceania,1989,1980,0.09924999999999999,12,E
Cook Islands,COK,Oceania,1990,1990,0.2694166666666667,12,E
Cook Islands,COK,Oceania,1991,1990,0.53525,12,E
Cook Islands,COK,Oceania,1992,1990,0.51325,12,E
Cook Islands,COK,Oceania,1993,1990,0.319,12,E
Cook Islands,COK,Oceania,1994,1990,0.2131666666666667,12,E
Cook Islands,COK,Oceania,1995,1990,0.5248333333333334,12,E
Cook Islands,COK,Oceania,1996,1990,0.5028333333333334,12,E
Cook Islands,COK,Oceania,1997,1990,,9,
Cook Islands,COK,Oceania,1998,1990,,5,
Cook Islands,COK,Oceania,1999,1990,1.0365833333333334,12,E
Cook Islands,COK,Oceania,2000,2000,0.7723333333333334,12,E
Cook Islands,COK,Oceania,2001,2000,0.9201666666666667,12,E
Cook Islands,COK,Oceania,2002,2000,0.5477500000000001,12,E
Cook Islands,COK,Oceania,2003,2000,0.6058333333333333,12,E
Cook Islands,COK,Oceania,2004,2000,0.7333333333333334,12,E
Cook Islands,COK,Oceania,2005,2000,0.6199166666666667,12,E
Cook Islands,COK,Oceania,2006,2000,0.71075,12,E
Cook Islands,COK,Oceania,2007,2000,0.7824166666666666,12,E
Cook Islands,COK,Oceania,2008,2000,0.8149166666666666,12,E
Cook Islands,COK,Oceania,2009,2000,0.42975,12,E
Cook Islands,COK,Oceania,2010,2010,1.0525,12,E
Cook Islands,COK,Oceania,2011,2010,0.9249999999999999,12,E
Cook Islands,COK,Oceania,2012,2010,0.5380833333333334,12,E
Cook Islands,COK,Oceania,2013,2010,0.895,12,E
Cook Islands,COK,Oceania,2014,2010,0.5474166666666667,12,E
Cook Islands,COK,Oceania,2015,2010,0.07575,12,E
Cook Islands,COK,Oceania,2016,2010,0.9190833333333334,12,E
Cook Islands,COK,Oceania,2017,2010,1.04075,12,E
Cook Islands,COK,Oceania,2018,2010,,11,
Cook Islands,COK,Oceania,2019,2010,0.5840833333333334,12,E
Cook Islands,COK,Oceania,2020,2020,0.8574166666666666,12,E
Cook Islands,COK,Oceania,2021,2020,1.00075,12,E
Cook Islands,COK,Oceania,2022,2020,0.94575,12,E
Cook Islands,COK,Oceania,2023,2020,0.40491666666666665,12,E
Cook Islands,COK,Oceania,2024,2020,0.8340833333333334,12,E
Cook Islands,COK,Oceania,2025,2020,,7,
Colombia,COL,South America,1961,1960,0.11908333333333333,12,E
Colombia,COL,South America,1962,1960,-0.06191666666666667,12,E
Colombia,COL,South America,1963,1960,-0.020833333333333332,12,E
Colombia,COL,South America,1964,1960,0.007416666666666664,12,E
Colombia,COL,South America,1965,1960,-0.09258333333333334,12,E
Colombia,COL,South America,1966,1960,0.055999999999999994,12,E
Colombia,COL,South America,1967,1960,-0.27491666666666664,12,E
Colombia,COL,South America,1968,1960,-0.20866666666666667,12,E
Colombia,COL,South America,1969,1960,0.3323333333333333,12,E
Colombia,COL,South America,1970,1970,0.009833333333333328,12,E
Colombia,COL,South America,1971,1970,-0.44,12,E
Colombia,COL,South America,1972,1970,0.032249999999999994,12,E
Colombia,COL,South America,1973,1970,0.3036666666666667,12,E
Colombia,COL,South America,1974,1970,-0.2554166666666667,12,E
Colombia,COL,South America,1975,1970,-0.3501666666666667,12,E
Colombia,COL,South America,1976,1970,-0.13083333333333333,12,E
Colombia,COL,South America,1977,1970,0.2808333333333333,12,E
Colombia,COL,South America,1978,1970,0.10333333333333333,12,E
Colombia,COL,South America,1979,1970,0.1845,12,E
Colombia,COL,South America,1980,1980,0.44375000000000003,12,E
Colombia,COL,South America,1981,1980,0.13941666666666666,12,E
Colombia,COL,South America,1982,1980,0.20658333333333334,12,E
Colombia,COL,South America,1983,1980,0.5833333333333334,12,E
Colombia,COL,South America,1984,1980,-0.19691666666666666,12,E
Colombia,COL,South America,1985,1980,-0.0165,12,E
Colombia,COL,South America,1986,1980,0.058666666666666666,12,E
Colombia,COL,South America,1987,1980,0.6241666666666666,12,E
Colombia,COL,South America,1988,1980,0.25758333333333333,12,E
Colombia,COL,South America,1989,1980,0.02900000000000001,12,E
Colombia,COL,South America,1990,1990,0.3109166666666667,12,E
Colombia,COL,South America,1991,1990,0.5067499999999999,12,E
Colombia,COL,South America,1992,1990,0.63375,12,E
Colombia,COL,South America,1993,1990,0.36191666666666666,12,E
Colombia,COL,South America,1994,1990,0.31575,12,E
Colombia,COL,South America,1995,1990,0.586,12,E
Colombia,COL,South America,1996,1990,0.21883333333333332,12,E
Colombia,COL,South America,1997,1990,0.7421666666666668,12,E
Colombia,COL,South America,1998,1990,0.9321666666666667,12,E
Colombia,COL,South America,1999,1990,0.005250000000000004,12,E
Colombia,COL,South America,2000,2000,0.07708333333333334,12,E
Colombia,COL,South America,2001,2000,0.5185000000000001,12,E
Colombia,COL,South America,2002,2000,0.7705833333333333,12,E
Colombia,COL,South America,2003,2000,0.7784166666666666,12,E
Colombia,COL,South America,2004,2000,0.6754166666666667,12,E
Colombia,COL,South America,2005,2000,0.8215833333333333,12,E
Colombia,COL,South America,2006,2000,0.72625,12,E
Colombia,COL,South America,2007,2000,0.7035833333333333,12,E
Colombia,COL,South America,2008,2000,0.52925,12,E
Colombia,COL,South America,2009,2000,1.0843333333333334,12,E
Colombia,COL,South America,2010,2010,1.0243333333333333,12,E
Colombia,COL,South America,2011,2010,0.6493333333333333,12,E
Colombia,COL,South America,2012,2010,0.8262499999999999,12,E
Colombia,COL,South America,2013,2010,0.9570833333333333,12,E
Colombia,COL,South America,2014,2010,1.0066666666666666,12,E
Colombia,COL,South America,2015,2010,1.4943333333333333,12,E
Colombia,COL,South America,2016,2010,1.2551666666666665,12,E
Colombia,COL,South America,2017,2010,1.0885833333333332,12,E
Colombia,COL,South America,2018,2010,1.2845,12,E
Colombia,COL,South America,2019,2010,1.64675,12,E
Colombia,COL,South America,2020,2020,1.6911666666666667,12,E
Colombia,COL,South America,2021,2020,1.2148333333333332,12,E
Colombia,COL,South America,2022,2020,1.0243333333333333,12,E
Colombia,COL,South America,2023,2020,1.8150000000000002,12,E
Colombia,COL,South America,2024,2020,2.102333333333333,12,E
Colombia,COL,South America,2025,2020,1.5648333333333333,12,E
Comoros,COM,Africa,1961,1960,0.37775000000000003,12,E
Comoros,COM,Africa,1962,1960,0.025833333333333333,12,E
Comoros,COM,Africa,1963,1960,-0.32375,12,E
Comoros,COM,Africa,1964,1960,-0.2778333333333333,12,E
Comoros,COM,Africa,1965,1960,-0.34725,12,E
Comoros,COM,Africa,1966,1960,0.06075,12,E
Comoros,COM,Africa,1967,1960,0.15975,12,E
Comoros,COM,Africa,1968,1960,-0.39991666666666664,12,E
Comoros,COM,Africa,1969,1960,0.2778333333333333,12,E
Comoros,COM,Africa,1970,1970,0.06833333333333334,12,E
Comoros,COM,Africa,1971,1970,-0.5169166666666667,12,E
Comoros,COM,Africa,1972,1970,0.028083333333333325,12,E
Comoros,COM,Africa,1973,1970,0.08625000000000001,12,E
Comoros,COM,Africa,1974,1970,-0.29058333333333336,12,E
Comoros,COM,Africa,1975,1970,,11,
Comoros,COM,Africa,1976,1970,,11,
Comoros,COM,Africa,1977,1970,0.44416666666666665,12,E
Comoros,COM,Africa,1978,1970,0.11083333333333334,12,E
Comoros,COM,Africa,1979,1970,,11,
Comoros,COM,Africa,1980,1980,0.1991666666666667,12,E
Comoros,COM,Africa,1981,1980,0.12433333333333334,12,E
Comoros,COM,Africa,1982,1980,0.5059166666666667,12,E
Comoros,COM,Africa,1983,1980,0.401,12,E
Comoros,COM,Africa,1984,1980,,11,
Comoros,COM,Africa,1985,1980,,8,
Comoros,COM,Africa,1986,1980,,11,
Comoros,COM,Africa,1987,1980,0.5471666666666667,12,E
Comoros,COM,Africa,1988,1980,0.553,12,E
Comoros,COM,Africa,1989,1980,-0.17033333333333334,12,E
Comoros,COM,Africa,1990,1990,,10,
Comoros,COM,Africa,1991,1990,0.3096666666666667,12,E
Comoros,COM,Africa,1992,1990,0.2255,12,E
Comoros,COM,Africa,1993,1990,0.3413333333333333,12,E
Comoros,COM,Africa,1994,1990,0.6629999999999999,12,E
Comoros,COM,Africa,1995,1990,0.5738333333333333,12,E
Comoros,COM,Africa,1996,1990,0.07300000000000001,12,E
Comoros,COM,Africa,1997,1990,0.43050000000000005,12,E
Comoros,COM,Africa,1998,1990,0.8513333333333333,12,E
Comoros,COM,Africa,1999,1990,0.21216666666666664,12,E
Comoros,COM,Africa,2000,2000,0.4263333333333333,12,E
Comoros,COM,Africa,2001,2000,,11,
Comoros,COM,Africa,2002,2000,0.8929999999999999,12,E
Comoros,COM,Africa,2003,2000,0.568,12,E
Comoros,COM,Africa,2004,2000,0.4746666666666666,12,E
Comoros,COM,Africa,2005,2000,0.6263333333333333,12,E
Comoros,COM,Africa,2006,2000,0.4246666666666667,12,E
Comoros,COM,Africa,2007,2000,0.7505000000000001,12,E
Comoros,COM,Africa,2008,2000,0.3913333333333333,12,E
Comoros,COM,Africa,2009,2000,0.6871666666666667,12,E
Comoros,COM,Africa,2010,2010,0.8121666666666667,12,E
Comoros,COM,Africa,2011,2010,0.5663333333333334,12,E
Comoros,COM,Africa,2012,2010,0.46799999999999997,12,E
Comoros,COM,Africa,2013,2010,0.733,12,E
Comoros,COM,Africa,2014,2010,0.8663333333333334,12,E
Comoros,COM,Africa,2015,2010,1.0955000000000001,12,E
Comoros,COM,Africa,2016,2010,1.0205,12,E
Comoros,COM,Africa,2017,2010,1.2621666666666667,12,E
Comoros,COM,Africa,2018,2010,1.0746666666666667,12,E
Comoros,COM,Africa,2019,2010,1.633,12,E
Comoros,COM,Africa,2020,2020,1.3121666666666667,12,E
Comoros,COM,Africa,2021,2020,0.9954999999999999,12,E
Comoros,COM,Africa,2022,2020,0.8496666666666667,12,E
Comoros,COM,Africa,2023,2020,1.6580000000000001,12,E
Comoros,COM,Africa,2024,2020,1.793,12,E
Comoros,COM,Africa,2025,2020,1.5996666666666668,12,E
Cape Verde,CPV,Africa,1961,1960,-0.11283333333333333,12,E
Cape Verde,CPV,Africa,1962,1960,0.137,12,E
Cape Verde,CPV,Africa,1963,1960,0.16966666666666666,12,E
Cape Verde,CPV,Africa,1964,1960,-0.005499999999999995,12,E
Cape Verde,CPV,Africa,1965,1960,-0.27125,12,E
Cape Verde,CPV,Africa,1966,1960,0.36450000000000005,12,E
Cape Verde,CPV,Africa,1967,1960,-0.07266666666666666,12,E
Cape Verde,CPV,Africa,1968,1960,-0.1685833333333333,12,E
Cape Verde,CPV,Africa,1969,1960,1.0409166666666667,12,E
Cape Verde,CPV,Africa,1970,1970,0.7511666666666666,12,E
Cape Verde,CPV,Africa,1971,1970,0.0003333333333333151,12,E
Cape Verde,CPV,Africa,1972,1970,0.2031666666666667,12,E
Cape Verde,CPV,Africa,1973,1970,0.6375833333333333,12,E
Cape Verde,CPV,Africa,1974,1970,-0.6915833333333333,12,E
Cape Verde,CPV,Africa,1975,1970,,6,
Cape Verde,CPV,Africa,1976,1970,,11,
Cape Verde,CPV,Africa,1977,1970,,3,
Cape Verde,CPV,Africa,1978,1970,,10,
Cape Verde,CPV,Africa,1979,1970,0.59675,12,E
Cape Verde,CPV,Africa,1980,1980,0.61175,12,E
Cape Verde,CPV,Africa,1981,1980,0.6000833333333334,12,E
Cape Verde,CPV,Africa,1982,1980,,11,
Cape Verde,CPV,Africa,1983,1980,,8,
Cape Verde,CPV,Africa,1984,1980,,4,
Cape Verde,CPV,Africa,1985,1980,0.39925000000000005,12,E
Cape Verde,CPV,Africa,1986,1980,0.21424999999999997,12,E
Cape Verde,CPV,Africa,1987,1980,1.2659166666666666,12,E
Cape Verde,CPV,Africa,1988,1980,0.38758333333333334,12,E
Cape Verde,CPV,Africa,1989,1980,0.8259166666666666,12,E
Cape Verde,CPV,Africa,1990,1990,1.1334166666666665,12,E
Cape Verde,CPV,Africa,1991,1990,0.3675833333333333,12,E
Cape Verde,CPV,Africa,1992,1990,0.5459166666666667,12,E
Cape Verde,CPV,Africa,1993,1990,0.27925,12,E
Cape Verde,CPV,Africa,1994,1990,0.32008333333333333,12,E
Cape Verde,CPV,Africa,1995,1990,1.2834166666666667,12,E
Cape Verde,CPV,Africa,1996,1990,1.3284166666666666,12,E
Cape Verde,CPV,Africa,1997,1990,1.3975833333333334,12,E
Cape Verde,CPV,Africa,1998,1990,1.5725833333333332,12,E
Cape Verde,CPV,Africa,1999,1990,0.55925,12,E
Cape Verde,CPV,Africa,2000,2000,,11,
Cape Verde,CPV,Africa,2001,2000,1.2075833333333332,12,E
Cape Verde,CPV,Africa,2002,2000,,11,
Cape Verde,CPV,Africa,2003,2000,1.32925,12,E
Cape Verde,CPV,Africa,2004,2000,1.29175,12,E
Cape Verde,CPV,Africa,2005,2000,1.01175,12,E
Cape Verde,CPV,Africa,2006,2000,1.0775833333333333,12,E
Cape Verde,CPV,Africa,2007,2000,0.5259166666666667,12,E
Cape Verde,CPV,Africa,2008,2000,1.0450833333333334,12,E
Cape Verde,CPV,Africa,2009,2000,,7,
Cape Verde,CPV,Africa,2010,2010,,0,
Cape Verde,CPV,Africa,2011,2010,,9,
Cape Verde,CPV,Africa,2012,2010,,11,
Cape Verde,CPV,Africa,2013,2010,1.1612500000000001,12,E
Cape Verde,CPV,Africa,2014,2010,0.8400833333333333,12,E
Cape Verde,CPV,Africa,2015,2010,0.9181666666666667,12,E
Cape Verde,CPV,Africa,2016,2010,1.4883333333333333,12,E
Cape Verde,CPV,Africa,2017,2010,1.7799166666666668,12,E
Cape Verde,CPV,Africa,2018,2010,0.6723333333333333,12,E
Cape Verde,CPV,Africa,2019,2010,,10,
Cape Verde,CPV,Africa,2020,2020,,0,
Cape Verde,CPV,Africa,2021,2020,,11,
Cape Verde,CPV,Africa,2022,2020,1.64925,12,E
Cape Verde,CPV,Africa,2023,2020,2.5892500000000003,12,E
Cape Verde,CPV,Africa,2024,2020,2.3134166666666665,12,E
Cape Verde,CPV,Africa,2025,2020,,7,
Costa Rica,CRI,North America,1961,1960,-0.15133333333333335,12,E
Costa Rica,CRI,North America,1962,1960,-0.35133333333333333,12,E
Costa Rica,CRI,North America,1963,1960,-0.045500000000000006,12,E
Costa Rica,CRI,North America,1964,1960,-0.3850833333333333,12,E
Costa Rica,CRI,North America,1965,1960,0.02441666666666667,12,E
Costa Rica,CRI,North America,1966,1960,0.16266666666666665,12,E
Costa Rica,CRI,North America,1967,1960,,3,
Costa Rica,CRI,North America,1968,1960,,5,
Costa Rica,CRI,North America,1969,1960,0.08316666666666665,12,E
Costa Rica,CRI,North America,1970,1970,-0.42641666666666667,12,E
Costa Rica,CRI,North America,1971,1970,-0.3861666666666667,12,E
Costa Rica,CRI,North America,1972,1970,0.34,12,E
Costa Rica,CRI,North America,1973,1970,0.11175000000000002,12,E
Costa Rica,CRI,North America,1974,1970,-0.16383333333333333,12,E
Costa Rica,CRI,North America,1975,1970,-0.25708333333333333,12,E
Costa Rica,CRI,North America,1976,1970,0.2324166666666667,12,E
Costa Rica,CRI,North America,1977,1970,0.4074166666666667,12,E
Costa Rica,CRI,North America,1978,1970,0.19108333333333336,12,E
Costa Rica,CRI,North America,1979,1970,0.16958333333333334,12,E
Costa Rica,CRI,North America,1980,1980,0.4885,12,E
Costa Rica,CRI,North America,1981,1980,0.18325,12,E
Costa Rica,CRI,North America,1982,1980,,10,
Costa Rica,CRI,North America,1983,1980,,9,
Costa Rica,CRI,North America,1984,1980,0.0185,12,E
Costa Rica,CRI,North America,1985,1980,-0.030333333333333337,12,E
Costa Rica,CRI,North America,1986,1980,,9,
Costa Rica,CRI,North America,1987,1980,0.7918333333333333,12,E
Costa Rica,CRI,North America,1988,1980,0.12716666666666665,12,E
Costa Rica,CRI,North America,1989,1980,0.030083333333333333,12,E
Costa Rica,CRI,North America,1990,1990,0.5096666666666666,12,E
Costa Rica,CRI,North America,1991,1990,0.5414166666666667,12,E
Costa Rica,CRI,North America,1992,1990,,11,
Costa Rica,CRI,North America,1993,1990,0.36741666666666667,12,E
Costa Rica,CRI,North America,1994,1990,,11,
Costa Rica,CRI,North America,1995,1990,0.45483333333333337,12,E
Costa Rica,CRI,North America,1996,1990,-0.07458333333333333,12,E
Costa Rica,CRI,North America,1997,1990,0.7434999999999999,12,E
Costa Rica,CRI,North America,1998,1990,0.9488333333333333,12,E
Costa Rica,CRI,North America,1999,1990,-0.18875,12,E
Costa Rica,CRI,North America,2000,2000,0.09491666666666665,12,E
Costa Rica,CRI,North America,2001,2000,0.7373333333333334,12,E
Costa Rica,CRI,North America,2002,2000,0.94525,12,E
Costa Rica,CRI,North America,2003,2000,0.8546666666666667,12,E
Costa Rica,CRI,North America,2004,2000,0.8885,12,E
Costa Rica,CRI,North America,2005,2000,0.7265833333333335,12,E
Costa Rica,CRI,North America,2006,2000,0.67525,12,E
Costa Rica,CRI,North America,2007,2000,0.76225,12,E
Costa Rica,CRI,North America,2008,2000,0.3505833333333333,12,E
Costa Rica,CRI,North America,2009,2000,1.17925,12,E
Costa Rica,CRI,North America,2010,2010,0.8014166666666666,12,E
Costa Rica,CRI,North America,2011,2010,0.5529166666666667,12,E
Costa Rica,CRI,North America,2012,2010,0.612,12,E
Costa Rica,CRI,North America,2013,2010,0.7493333333333334,12,E
Costa Rica,CRI,North America,2014,2010,0.74125,12,E
Costa Rica,CRI,North America,2015,2010,1.1854166666666666,12,E
Costa Rica,CRI,North America,2016,2010,0.9692500000000001,12,E
Costa Rica,CRI,North America,2017,2010,0.8104166666666667,12,E
Costa Rica,CRI,North America,2018,2010,1.1928333333333334,12,E
Costa Rica,CRI,North America,2019,2010,1.3826666666666665,12,E
Costa Rica,CRI,North America,2020,2020,1.383,12,E
Costa Rica,CRI,North America,2021,2020,1.0538333333333334,12,E
Costa Rica,CRI,North America,2022,2020,0.8249166666666667,12,E
Costa Rica,CRI,North America,2023,2020,1.8103333333333333,12,E
Costa Rica,CRI,North America,2024,2020,1.7246666666666666,12,E
Costa Rica,CRI,North America,2025,2020,,7,
Cuba,CUB,North America,1961,1960,0.018999999999999986,12,E
Cuba,CUB,North America,1962,1960,-0.17833333333333332,12,E
Cuba,CUB,North America,1963,1960,-0.17674999999999996,12,E
Cuba,CUB,North America,1964,1960,0.26191666666666663,12,E
Cuba,CUB,North America,1965,1960,-0.015083333333333324,12,E
Cuba,CUB,North America,1966,1960,-0.32241666666666663,12,E
Cuba,CUB,North America,1967,1960,-0.09633333333333334,12,E
Cuba,CUB,North America,1968,1960,-0.4115,12,E
Cuba,CUB,North America,1969,1960,-0.025750000000000006,12,E
Cuba,CUB,North America,1970,1970,-0.24424999999999997,12,E
Cuba,CUB,North America,1971,1970,0.1615,12,E
Cuba,CUB,North America,1972,1970,0.44208333333333333,12,E
Cuba,CUB,North America,1973,1970,0.2595,12,E
Cuba,CUB,North America,1974,1970,0.19674999999999998,12,E
Cuba,CUB,North America,1975,1970,0.4739166666666667,12,E
Cuba,CUB,North America,1976,1970,-0.04850000000000001,12,E
Cuba,CUB,North America,1977,1970,0.15575000000000003,12,E
Cuba,CUB,North America,1978,1970,0.13649999999999998,12,E
Cuba,CUB,North America,1979,1970,0.28875,12,E
Cuba,CUB,North America,1980,1980,0.41183333333333333,12,E
Cuba,CUB,North America,1981,1980,0.03499999999999998,12,E
Cuba,CUB,North America,1982,1980,0.6490833333333333,12,E
Cuba,CUB,North America,1983,1980,0.345,12,E
Cuba,CUB,North America,1984,1980,0.18166666666666664,12,E
Cuba,CUB,North America,1985,1980,0.24725,12,E
Cuba,CUB,North America,1986,1980,0.49425,12,E
Cuba,CUB,North America,1987,1980,0.6570833333333334,12,E
Cuba,CUB,North America,1988,1980,0.5674166666666667,12,E
Cuba,CUB,North America,1989,1980,0.6208333333333333,12,E
Cuba,CUB,North America,1990,1990,0.8885833333333334,12,E
Cuba,CUB,North America,1991,1990,0.8935,12,E
Cuba,CUB,North America,1992,1990,0.5604166666666667,12,E
Cuba,CUB,North America,1993,1990,0.6333333333333333,12,E
Cuba,CUB,North America,1994,1990,1.019,12,E
Cuba,CUB,North America,1995,1990,0.9765,12,E
Cuba,CUB,North America,1996,1990,0.22141666666666668,12,E
Cuba,CUB,North America,1997,1990,0.8950833333333333,12,E
Cuba,CUB,North America,1998,1990,0.9942500000000001,12,E
Cuba,CUB,North America,1999,1990,0.56675,12,E
Cuba,CUB,North America,2000,2000,0.44208333333333333,12,E
Cuba,CUB,North America,2001,2000,0.5230833333333333,12,E
Cuba,CUB,North America,2002,2000,0.7940833333333334,12,E
Cuba,CUB,North America,2003,2000,0.8486666666666668,12,E
Cuba,CUB,North America,2004,2000,0.6721666666666666,12,E
Cuba,CUB,North America,2005,2000,0.5715,12,E
Cuba,CUB,North America,2006,2000,0.82425,12,E
Cuba,CUB,North America,2007,2000,0.762,12,E
Cuba,CUB,North America,2008,2000,0.5004166666666666,12,E
Cuba,CUB,North America,2009,2000,0.9101666666666667,12,E
Cuba,CUB,North America,2010,2010,0.23483333333333334,12,E
Cuba,CUB,North America,2011,2010,0.6823333333333333,12,E
Cuba,CUB,North America,2012,2010,0.5339999999999999,12,E
Cuba,CUB,North America,2013,2010,0.8675833333333333,12,E
Cuba,CUB,North America,2014,2010,0.8464166666666667,12,E
Cuba,CUB,North America,2015,2010,1.4245833333333333,12,E
Cuba,CUB,North America,2016,2010,1.2228333333333332,12,E
Cuba,CUB,North America,2017,2010,1.2680833333333332,12,E
Cuba,CUB,North America,2018,2010,1.089,12,E
Cuba,CUB,North America,2019,2010,1.4269166666666668,12,E
Cuba,CUB,North America,2020,2020,1.4765833333333331,12,E
Cuba,CUB,North America,2021,2020,1.2415833333333335,12,E
Cuba,CUB,North America,2022,2020,1.2874999999999999,12,E
Cuba,CUB,North America,2023,2020,1.6985833333333333,12,E
Cuba,CUB,North America,2024,2020,1.574,12,E
Cuba,CUB,North America,2025,2020,1.4339166666666667,12,E
Christmas Island,CXR,Asia,1961,1960,,0,
Christmas Island,CXR,Asia,1962,1960,,0,
Christmas Island,CXR,Asia,1963,1960,,0,
Christmas Island,CXR,Asia,1964,1960,,0,
Christmas Island,CXR,Asia,1965,1960,,0,
Christmas Island,CXR,Asia,1966,1960,,0,
Christmas Island,CXR,Asia,1967,1960,,0,
Christmas Island,CXR,Asia,1968,1960,,0,
Christmas Island,CXR,Asia,1969,1960,,0,
Christmas Island,CXR,Asia,1970,1970,,0,
Christmas Island,CXR,Asia,1971,1970,,0,
Christmas Island,CXR,Asia,1972,1970,,4,
Christmas Island,CXR,Asia,1973,1970,0.26316666666666666,12,E
Christmas Island,CXR,Asia,1974,1970,-0.21341666666666667,12,E
Christmas Island,CXR,Asia,1975,1970,-0.27008333333333334,12,E
Christmas Island,CXR,Asia,1976,1970,-0.26166666666666666,12,E
Christmas Island,CXR,Asia,1977,1970,0.027416666666666673,12,E
Christmas Island,CXR,Asia,1978,1970,-0.14425,12,E
Christmas Island,CXR,Asia,1979,1970,,10,
Christmas Island,CXR,Asia,1980,1980,,10,
Christmas Island,CXR,Asia,1981,1980,,4,
Christmas Island,CXR,Asia,1982,1980,,2,
Christmas Island,CXR,Asia,1983,1980,,6,
Christmas Island,CXR,Asia,1984,1980,,6,
Christmas Island,CXR,Asia,1985,1980,,2,
Christmas Island,CXR,Asia,1986,1980,,7,
Christmas Island,CXR,Asia,1987,1980,0.4948333333333333,12,E
Christmas Island,CXR,Asia,1988,1980,,11,
Christmas Island,CXR,Asia,1989,1980,0.37233333333333335,12,E
Christmas Island,CXR,Asia,1990,1990,0.60575,12,E
Christmas Island,CXR,Asia,1991,1990,0.27666666666666667,12,E
Christmas Island,CXR,Asia,1992,1990,0.3749166666666666,12,E
Christmas Island,CXR,Asia,1993,1990,0.39316666666666666,12,E
Christmas Island,CXR,Asia,1994,1990,,7,
Christmas Island,CXR,Asia,1995,1990,,8,
Christmas Island,CXR,Asia,1996,1990,0.6315833333333333,12,E
Christmas Island,CXR,Asia,1997,1990,,1,
Christmas Island,CXR,Asia,1998,1990,1.0549166666666665,12,E
Christmas Island,CXR,Asia,1999,1990,0.4066666666666667,12,E
Christmas Island,CXR,Asia,2000,2000,0.4206666666666667,12,E
Christmas Island,CXR,Asia,2001,2000,0.6081666666666666,12,E
Christmas Island,CXR,Asia,2002,2000,0.8583333333333334,12,E
Christmas Island,CXR,Asia,2003,2000,0.8257500000000001,12,E
Christmas Island,CXR,Asia,2004,2000,0.6340833333333333,12,E
Christmas Island,CXR,Asia,2005,2000,1.1474166666666668,12,E
Christmas Island,CXR,Asia,2006,2000,0.42733333333333334,12,E
Christmas Island,CXR,Asia,2007,2000,0.6665,12,E
Christmas Island,CXR,Asia,2008,2000,0.28325,12,E
Christmas Island,CXR,Asia,2009,2000,0.5024166666666666,12,E
Christmas Island,CXR,Asia,2010,2010,0.8724166666666666,12,E
Christmas Island,CXR,Asia,2011,2010,0.4190833333333333,12,E
Christmas Island,CXR,Asia,2012,2010,0.7506666666666666,12,E
Christmas Island,CXR,Asia,2013,2010,1.2765,12,E
Christmas Island,CXR,Asia,2014,2010,1.1775,12,E
Christmas Island,CXR,Asia,2015,2010,1.265,12,E
Christmas Island,CXR,Asia,2016,2010,1.9024166666666666,12,E
Christmas Island,CXR,Asia,2017,2010,1.3390000000000002,12,E
Christmas Island,CXR,Asia,2018,2010,,11,
Christmas Island,CXR,Asia,2019,2010,,11,
Christmas Island,CXR,Asia,2020,2020,1.7640833333333334,12,E
Christmas Island,CXR,Asia,2021,2020,1.5224166666666668,12,E
Christmas Island,CXR,Asia,2022,2020,1.36825,12,E
Christmas Island,CXR,Asia,2023,2020,1.50575,12,E
Christmas Island,CXR,Asia,2024,2020,,11,
Christmas Island,CXR,Asia,2025,2020,1.6224166666666668,12,E
Cayman Islands,CYM,North America,1961,1960,,0,
Cayman Islands,CYM,North America,1962,1960,,0,
Cayman Islands,CYM,North America,1963,1960,,0,
Cayman Islands,CYM,North America,1964,1960,,0,
Cayman Islands,CYM,North America,1965,1960,,0,
Cayman Islands,CYM,North America,1966,1960,,11,
Cayman Islands,CYM,North America,1967,1960,-0.18500000000000003,12,E
Cayman Islands,CYM,North America,1968,1960,-0.38275,12,E
Cayman Islands,CYM,North America,1969,1960,0.12683333333333333,12,E
Cayman Islands,CYM,North America,1970,1970,-0.0535,12,E
Cayman Islands,CYM,North America,1971,1970,-0.15216666666666667,12,E
Cayman Islands,CYM,North America,1972,1970,0.21091666666666664,12,E
Cayman Islands,CYM,North America,1973,1970,,10,
Cayman Islands,CYM,North America,1974,1970,,0,
Cayman Islands,CYM,North America,1975,1970,,0,
Cayman Islands,CYM,North America,1976,1970,,9,
Cayman Islands,CYM,North America,1977,1970,0.002416666666666664,12,E
Cayman Islands,CYM,North America,1978,1970,,3,
Cayman Islands,CYM,North America,1979,1970,,7,
Cayman Islands,CYM,North America,1980,1980,0.5814166666666667,12,E
Cayman Islands,CYM,North America,1981,1980,0.06608333333333334,12,E
Cayman Islands,CYM,North America,1982,1980,0.4374166666666666,12,E
Cayman Islands,CYM,North America,1983,1980,0.3695833333333333,12,E
Cayman Islands,CYM,North America,1984,1980,0.14175,12,E
Cayman Islands,CYM,North America,1985,1980,0.054749999999999986,12,E
Cayman Islands,CYM,North America,1986,1980,,10,
Cayman Islands,CYM,North America,1987,1980,,0,
Cayman Islands,CYM,North America,1988,1980,,0,
Cayman Islands,CYM,North America,1989,1980,,0,
Cayman Islands,CYM,North America,1990,1990,,0,
Cayman Islands,CYM,North America,1991,1990,,0,
Cayman Islands,CYM,North America,1992,1990,,1,
Cayman Islands,CYM,North America,1993,1990,0.5929166666666666,12,E
Cayman Islands,CYM,North America,1994,1990,,2,
Cayman Islands,CYM,North America,1995,1990,,10,
Cayman Islands,CYM,North America,1996,1990,0.18300000000000002,12,E
Cayman Islands,CYM,North America,1997,1990,,10,
Cayman Islands,CYM,North America,1998,1990,,11,
Cayman Islands,CYM,North America,1999,1990,0.24216666666666667,12,E
Cayman Islands,CYM,North America,2000,2000,,0,
Cayman Islands,CYM,North America,2001,2000,,0,
Cayman Islands,CYM,North America,2002,2000,,0,
Cayman Islands,CYM,North America,2003,2000,,0,
Cayman Islands,CYM,North America,2004,2000,,0,
Cayman Islands,CYM,North America,2005,2000,0.7869166666666666,12,E
Cayman Islands,CYM,North America,2006,2000,0.7166666666666667,12,E
Cayman Islands,CYM,North America,2007,2000,0.7855,12,E
Cayman Islands,CYM,North America,2008,2000,0.676,12,E
Cayman Islands,CYM,North America,2009,2000,0.7798333333333334,12,E
Cayman Islands,CYM,North America,2010,2010,0.6005,12,E
Cayman Islands,CYM,North America,2011,2010,0.7476666666666666,12,E
Cayman Islands,CYM,North America,2012,2010,0.7189166666666668,12,E
Cayman Islands,CYM,North America,2013,2010,0.8962499999999999,12,E
Cayman Islands,CYM,North America,2014,2010,1.0501666666666667,12,E
Cayman Islands,CYM,North America,2015,2010,1.453,12,E
Cayman Islands,CYM,North America,2016,2010,1.3435833333333334,12,E
Cayman Islands,CYM,North America,2017,2010,1.2816666666666667,12,E
Cayman Islands,CYM,North America,2018,2010,1.0348333333333333,12,E
Cayman Islands,CYM,North America,2019,2010,1.3019166666666666,12,E
Cayman Islands,CYM,North America,2020,2020,1.42575,12,E
Cayman Islands,CYM,North America,2021,2020,1.2171666666666667,12,E
Cayman Islands,CYM,North America,2022,2020,1.1876666666666666,12,E
Cayman Islands,CYM,North America,2023,2020,1.7665,12,E
Cayman Islands,CYM,North America,2024,2020,1.7961666666666665,12,E
Cayman Islands,CYM,North America,2025,2020,1.6552499999999999,12,E
Cyprus,CYP,Europe,1961,1960,-0.11133333333333334,12,E
Cyprus,CYP,Europe,1962,1960,0.8125833333333334,12,E
Cyprus,CYP,Europe,1963,1960,0.5778333333333333,12,E
Cyprus,CYP,Europe,1964,1960,-0.5605833333333333,12,E
Cyprus,CYP,Europe,1965,1960,-0.16333333333333333,12,E
Cyprus,CYP,Europe,1966,1960,0.66825,12,E
Cyprus,CYP,Europe,1967,1960,-0.7898333333333333,12,E
Cyprus,CYP,Europe,1968,1960,0.050749999999999997,12,E
Cyprus,CYP,Europe,1969,1960,0.20983333333333332,12,E
Cyprus,CYP,Europe,1970,1970,0.2880833333333333,12,E
Cyprus,CYP,Europe,1971,1970,-0.20733333333333334,12,E
Cyprus,CYP,Europe,1972,1970,-0.5263333333333334,12,E
Cyprus,CYP,Europe,1973,1970,-0.19141666666666665,12,E
Cyprus,CYP,Europe,1974,1970,-0.21183333333333332,12,E
Cyprus,CYP,Europe,1975,1970,-0.24891666666666667,12,E
Cyprus,CYP,Europe,1976,1970,-0.5436666666666666,12,E
Cyprus,CYP,Europe,1977,1970,0.0015833333333333626,12,E
Cyprus,CYP,Europe,1978,1970,0.1375833333333333,12,E
Cyprus,CYP,Europe,1979,1970,0.5091666666666667,12,E
Cyprus,CYP,Europe,1980,1980,-0.2354166666666667,12,E
Cyprus,CYP,Europe,1981,1980,0.18499999999999997,12,E
Cyprus,CYP,Europe,1982,1980,-0.5589166666666667,12,E
Cyprus,CYP,Europe,1983,1980,-0.6413333333333333,12,E
Cyprus,CYP,Europe,1984,1980,-0.1905,12,E
Cyprus,CYP,Europe,1985,1980,0.06649999999999999,12,E
Cyprus,CYP,Europe,1986,1980,0.18166666666666664,12,E
Cyprus,CYP,Europe,1987,1980,-0.23374999999999999,12,E
Cyprus,CYP,Europe,1988,1980,-0.004166666666666652,12,E
Cyprus,CYP,Europe,1989,1980,0.1425833333333333,12,E
Cyprus,CYP,Europe,1990,1990,0.18391666666666664,12,E
Cyprus,CYP,Europe,1991,1990,0.13633333333333333,12,E
Cyprus,CYP,Europe,1992,1990,-0.9946666666666667,12,E
Cyprus,CYP,Europe,1993,1990,-0.07966666666666666,12,E
Cyprus,CYP,Europe,1994,1990,0.8360833333333333,12,E
Cyprus,CYP,Europe,1995,1990,0.19741666666666668,12,E
Cyprus,CYP,Europe,1996,1990,0.5265,12,E
Cyprus,CYP,Europe,1997,1990,-0.047416666666666656,12,E
Cyprus,CYP,Europe,1998,1990,1.0446666666666666,12,E
Cyprus,CYP,Europe,1999,1990,1.1936666666666667,12,E
Cyprus,CYP,Europe,2000,2000,0.5984166666666667,12,E
Cyprus,CYP,Europe,2001,2000,1.1875833333333332,12,E
Cyprus,CYP,Europe,2002,2000,0.8057500000000001,12,E
Cyprus,CYP,Europe,2003,2000,0.7665000000000001,12,E
Cyprus,CYP,Europe,2004,2000,0.5804999999999999,12,E
Cyprus,CYP,Europe,2005,2000,0.57625,12,E
Cyprus,CYP,Europe,2006,2000,0.5518333333333333,12,E
Cyprus,CYP,Europe,2007,2000,0.9558333333333334,12,E
Cyprus,CYP,Europe,2008,2000,1.1195000000000002,12,E
Cyprus,CYP,Europe,2009,2000,1.1383333333333334,12,E
Cyprus,CYP,Europe,2010,2010,2.1268333333333334,12,E
Cyprus,CYP,Europe,2011,2010,0.5043333333333334,12,E
Cyprus,CYP,Europe,2012,2010,1.0501666666666667,12,E
Cyprus,CYP,Europe,2013,2010,1.0448333333333333,12,E
Cyprus,CYP,Europe,2014,2010,1.2963333333333333,12,E
Cyprus,CYP,Europe,2015,2010,1.0560833333333333,12,E
Cyprus,CYP,Europe,2016,2010,1.5238333333333334,12,E
Cyprus,CYP,Europe,2017,2010,1.2493333333333334,12,E
Cyprus,CYP,Europe,2018,2010,2.048,12,E
Cyprus,CYP,Europe,2019,2010,1.412,12,E
Cyprus,CYP,Europe,2020,2020,1.66225,12,E
Cyprus,CYP,Europe,2021,2020,1.7322499999999998,12,E
Cyprus,CYP,Europe,2022,2020,1.173,12,E
Cyprus,CYP,Europe,2023,2020,1.8385,12,E
Cyprus,CYP,Europe,2024,2020,2.1569166666666666,12,E
Cyprus,CYP,Europe,2025,2020,1.875,12,E
Czechia,CZE,Europe,1993,1990,0.4808333333333333,12,E
Czechia,CZE,Europe,1994,1990,1.7813333333333334,12,E
Czechia,CZE,Europe,1995,1990,0.7261666666666667,12,E
Czechia,CZE,Europe,1996,1990,-0.7479166666666668,12,E
Czechia,CZE,Europe,1997,1990,0.5575833333333333,12,E
Czechia,CZE,Europe,1998,1990,1.0389166666666667,12,E
Czechia,CZE,Europe,1999,1990,1.2365833333333334,12,E
Czechia,CZE,Europe,2000,2000,2.0105,12,E
Czechia,CZE,Europe,2001,2000,0.8355,12,E
Czechia,CZE,Europe,2002,2000,1.6201666666666668,12,E
Czechia,CZE,Europe,2003,2000,1.24175,12,E
Czechia,CZE,Europe,2004,2000,0.7891666666666667,12,E
Czechia,CZE,Europe,2005,2000,0.6624166666666667,12,E
Czechia,CZE,Europe,2006,2000,1.2385833333333334,12,E
Czechia,CZE,Europe,2007,2000,1.91475,12,E
Czechia,CZE,Europe,2008,2000,1.73525,12,E
Czechia,CZE,Europe,2009,2000,1.2898333333333334,12,E
Czechia,CZE,Europe,2010,2010,0.09675,12,E
Czechia,CZE,Europe,2011,2010,1.588,12,E
Czechia,CZE,Europe,2012,2010,1.3289166666666665,12,E
Czechia,CZE,Europe,2013,2010,1.0054999999999998,12,E
Czechia,CZE,Europe,2014,2010,2.4669166666666666,12,E
Czechia,CZE,Europe,2015,2010,2.3381666666666665,12,E
Czechia,CZE,Europe,2016,2010,1.7474999999999998,12,E
Czechia,CZE,Europe,2017,2010,1.6616666666666668,12,E
Czechia,CZE,Europe,2018,2010,2.6958333333333333,12,E
Czechia,CZE,Europe,2019,2010,2.61625,12,E
Czechia,CZE,Europe,2020,2020,2.30925,12,E
Czechia,CZE,Europe,2021,2020,1.2036666666666667,12,E
Czechia,CZE,Europe,2022,2020,2.3754166666666667,12,E
Czechia,CZE,Europe,2023,2020,2.671666666666667,12,E
Czechia,CZE,Europe,2024,2020,3.3375833333333333,12,E
Czechia,CZE,Europe,2025,2020,1.982,12,E
Germany,DEU,Europe,1961,1960,0.8459166666666667,12,E
Germany,DEU,Europe,1962,1960,-0.9672499999999999,12,E
Germany,DEU,Europe,1963,1960,-1.0783333333333334,12,E
Germany,DEU,Europe,1964,1960,-0.05450000000000002,12,E
Germany,DEU,Europe,1965,1960,-0.6383333333333333,12,E
Germany,DEU,Europe,1966,1960,0.3561666666666667,12,E
Germany,DEU,Europe,1967,1960,0.7314999999999999,12,E
Germany,DEU,Europe,1968,1960,0.03291666666666663,12,E
Germany,DEU,Europe,1969,1960,-0.3340833333333333,12,E
Germany,DEU,Europe,1970,1970,-0.41933333333333334,12,E
Germany,DEU,Europe,1971,1970,0.28025,12,E
Germany,DEU,Europe,1972,1970,-0.21666666666666667,12,E
Germany,DEU,Europe,1973,1970,0.11133333333333335,12,E
Germany,DEU,Europe,1974,1970,0.6862499999999999,12,E
Germany,DEU,Europe,1975,1970,0.8093333333333333,12,E
Germany,DEU,Europe,1976,1970,0.2894166666666666,12,E
Germany,DEU,Europe,1977,1970,0.5379166666666667,12,E
Germany,DEU,Europe,1978,1970,-0.3173333333333333,12,E
Germany,DEU,Europe,1979,1970,-0.36083333333333334,12,E
Germany,DEU,Europe,1980,1980,-0.46599999999999997,12,E
Germany,DEU,Europe,1981,1980,0.07083333333333335,12,E
Germany,DEU,Europe,1982,1980,0.8070833333333333,12,E
Germany,DEU,Europe,1983,1980,0.9325833333333332,12,E
Germany,DEU,Europe,1984,1980,-0.05749999999999999,12,E
Germany,DEU,Europe,1985,1980,-0.6098333333333333,12,E
Germany,DEU,Europe,1986,1980,-0.14816666666666664,12,E
Germany,DEU,Europe,1987,1980,-0.547,12,E
Germany,DEU,Europe,1988,1980,0.9863333333333334,12,E
Germany,DEU,Europe,1989,1980,1.4164166666666667,12,E
Germany,DEU,Europe,1990,1990,1.4204999999999999,12,E
Germany,DEU,Europe,1991,1990,0.28833333333333333,12,E
Germany,DEU,Europe,1992,1990,1.2871666666666666,12,E
Germany,DEU,Europe,1993,1990,0.44049999999999995,12,E
Germany,DEU,Europe,1994,1990,1.6596666666666666,12,E
Germany,DEU,Europe,1995,1990,0.87475,12,E
Germany,DEU,Europe,1996,1990,-0.7271666666666666,12,E
Germany,DEU,Europe,1997,1990,0.912,12,E
Germany,DEU,Europe,1998,1990,1.0469166666666667,12,E
Germany,DEU,Europe,1999,1990,1.4525,12,E
Germany,DEU,Europe,2000,2000,1.8563333333333334,12,E
Germany,DEU,Europe,2001,2000,0.9943333333333334,12,E
Germany,DEU,Europe,2002,2000,1.5580833333333333,12,E
Germany,DEU,Europe,2003,2000,1.3670833333333334,12,E
Germany,DEU,Europe,2004,2000,0.9275833333333333,12,E
Germany,DEU,Europe,2005,2000,0.9816666666666666,12,E
Germany,DEU,Europe,2006,2000,1.5607499999999999,12,E
Germany,DEU,Europe,2007,2000,1.85325,12,E
Germany,DEU,Europe,2008,2000,1.4967499999999998,12,E
Germany,DEU,Europe,2009,2000,1.2077499999999999,12,E
Germany,DEU,Europe,2010,2010,-0.13866666666666663,12,E
Germany,DEU,Europe,2011,2010,1.7358333333333331,12,E
Germany,DEU,Europe,2012,2010,1.13575,12,E
Germany,DEU,Europe,2013,2010,0.7624166666666667,12,E
Germany,DEU,Europe,2014,2010,2.4245,12,E
Germany,DEU,Europe,2015,2010,1.9880833333333332,12,E
Germany,DEU,Europe,2016,2010,1.6425833333333333,12,E
Germany,DEU,Europe,2017,2010,1.6535,12,E
Germany,DEU,Europe,2018,2010,2.4835,12,E
Germany,DEU,Europe,2019,2010,2.3283333333333336,12,E
Germany,DEU,Europe,2020,2020,2.4448333333333334,12,E
Germany,DEU,Europe,2021,2020,1.2677500000000002,12,E
Germany,DEU,Europe,2022,2020,2.5401666666666665,12,E
Germany,DEU,Europe,2023,2020,2.63225,12,E
Germany,DEU,Europe,2024,2020,2.9318333333333335,12,E
Germany,DEU,Europe,2025,2020,2.1286666666666667,12,E
Djibouti,DJI,Africa,1961,1960,0.1045,12,E
Djibouti,DJI,Africa,1962,1960,-0.1965,12,E
Djibouti,DJI,Africa,1963,1960,0.12758333333333333,12,E
Djibouti,DJI,Africa,1964,1960,-0.36141666666666666,12,E
Djibouti,DJI,Africa,1965,1960,-0.31816666666666665,12,E
Djibouti,DJI,Africa,1966,1960,0.005833333333333339,12,E
Djibouti,DJI,Africa,1967,1960,-0.41850000000000004,12,E
Djibouti,DJI,Africa,1968,1960,-0.36366666666666664,12,E
Djibouti,DJI,Africa,1969,1960,0.14916666666666667,12,E
Djibouti,DJI,Africa,1970,1970,0.13925,12,E
Djibouti,DJI,Africa,1971,1970,-0.14841666666666667,12,E
Djibouti,DJI,Africa,1972,1970,0.3328333333333333,12,E
Djibouti,DJI,Africa,1973,1970,0.5000833333333333,12,E
Djibouti,DJI,Africa,1974,1970,-0.17866666666666664,12,E
Djibouti,DJI,Africa,1975,1970,0.10058333333333332,12,E
Djibouti,DJI,Africa,1976,1970,0.08016666666666668,12,E
Djibouti,DJI,Africa,1977,1970,0.238,12,E
Djibouti,DJI,Africa,1978,1970,0.2255,12,E
Djibouti,DJI,Africa,1979,1970,0.044833333333333336,12,E
Djibouti,DJI,Africa,1980,1980,0.7213333333333334,12,E
Djibouti,DJI,Africa,1981,1980,0.03075,12,E
Djibouti,DJI,Africa,1982,1980,0.23083333333333333,12,E
Djibouti,DJI,Africa,1983,1980,0.24250000000000002,12,E
Djibouti,DJI,Africa,1984,1980,-0.10491666666666666,12,E
Djibouti,DJI,Africa,1985,1980,-0.0002500000000000002,12,E
Djibouti,DJI,Africa,1986,1980,-0.05074999999999999,12,E
Djibouti,DJI,Africa,1987,1980,0.2609166666666667,12,E
Djibouti,DJI,Africa,1988,1980,0.4643333333333333,12,E
Djibouti,DJI,Africa,1989,1980,-0.05808333333333333,12,E
Djibouti,DJI,Africa,1990,1990,0.42250000000000004,12,E
Djibouti,DJI,Africa,1991,1990,,11,
Djibouti,DJI,Africa,1992,1990,,10,
Djibouti,DJI,Africa,1993,1990,,11,
Djibouti,DJI,Africa,1994,1990,0.24266666666666667,12,E
Djibouti,DJI,Africa,1995,1990,0.6401666666666667,12,E
Djibouti,DJI,Africa,1996,1990,0.5735,12,E
Djibouti,DJI,Africa,1997,1990,0.5934166666666667,12,E
Djibouti,DJI,Africa,1998,1990,0.8222499999999999,12,E
Djibouti,DJI,Africa,1999,1990,0.2830833333333333,12,E
Djibouti,DJI,Africa,2000,2000,,10,
Djibouti,DJI,Africa,2001,2000,,10,
Djibouti,DJI,Africa,2002,2000,,11,
Djibouti,DJI,Africa,2003,2000,1.0785,12,E
Djibouti,DJI,Africa,2004,2000,,11,
Djibouti,DJI,Africa,2005,2000,0.8853333333333334,12,E
Djibouti,DJI,Africa,2006,2000,0.7198333333333333,12,E
Djibouti,DJI,Africa,2007,2000,0.5510833333333334,12,E
Djibouti,DJI,Africa,2008,2000,0.08175,12,E
Djibouti,DJI,Africa,2009,2000,1.2653333333333332,12,E
Djibouti,DJI,Africa,2010,2010,,10,
Djibouti,DJI,Africa,2011,2010,,9,
Djibouti,DJI,Africa,2012,2010,,5,
Djibouti,DJI,Africa,2013,2010,0.8668333333333332,12,E
Djibouti,DJI,Africa,2014,2010,0.8994166666666666,12,E
Djibouti,DJI,Africa,2015,2010,,11,
Djibouti,DJI,Africa,2016,2010,1.1975833333333334,12,E
Djibouti,DJI,Africa,2017,2010,1.1901666666666666,12,E
Djibouti,DJI,Africa,2018,2010,,10,
Djibouti,DJI,Africa,2019,2010,,9,
Djibouti,DJI,Africa,2020,2020,,9,
Djibouti,DJI,Africa,2021,2020,,8,
Djibouti,DJI,Africa,2022,2020,,10,
Djibouti,DJI,Africa,2023,2020,,10,
Djibouti,DJI,Africa,2024,2020,,10,
Djibouti,DJI,Africa,2025,2020,,9,
Dominica,DMA,North America,1961,1960,0.026499999999999996,12,E
Dominica,DMA,North America,1962,1960,0.00633333333333333,12,E
Dominica,DMA,North America,1963,1960,0.15266666666666667,12,E
Dominica,DMA,North America,1964,1960,-0.20433333333333334,12,E
Dominica,DMA,North America,1965,1960,-0.23991666666666667,12,E
Dominica,DMA,North America,1966,1960,0.009166666666666668,12,E
Dominica,DMA,North America,1967,1960,-0.34958333333333336,12,E
Dominica,DMA,North America,1968,1960,-0.24616666666666667,12,E
Dominica,DMA,North America,1969,1960,0.37600000000000006,12,E
Dominica,DMA,North America,1970,1970,0.055249999999999994,12,E
Dominica,DMA,North America,1971,1970,-0.37083333333333335,12,E
Dominica,DMA,North America,1972,1970,-0.10783333333333334,12,E
Dominica,DMA,North America,1973,1970,0.09016666666666667,12,E
Dominica,DMA,North America,1974,1970,-0.36175,12,E
Dominica,DMA,North America,1975,1970,-0.38408333333333333,12,E
Dominica,DMA,North America,1976,1970,-0.365,12,E
Dominica,DMA,North America,1977,1970,0.09924999999999999,12,E
Dominica,DMA,North America,1978,1970,0.1225,12,E
Dominica,DMA,North America,1979,1970,0.18525,12,E
Dominica,DMA,North America,1980,1980,0.457,12,E
Dominica,DMA,North America,1981,1980,0.48783333333333334,12,E
Dominica,DMA,North America,1982,1980,0.018666666666666665,12,E
Dominica,DMA,North America,1983,1980,0.5166666666666667,12,E
Dominica,DMA,North America,1984,1980,-0.05441666666666667,12,E
Dominica,DMA,North America,1985,1980,-0.005833333333333334,12,E
Dominica,DMA,North America,1986,1980,0.02033333333333333,12,E
Dominica,DMA,North America,1987,1980,0.6834166666666667,12,E
Dominica,DMA,North America,1988,1980,0.292,12,E
Dominica,DMA,North America,1989,1980,,11,
Dominica,DMA,North America,1990,1990,0.48216666666666663,12,E
Dominica,DMA,North America,1991,1990,0.39483333333333337,12,E
Dominica,DMA,North America,1992,1990,0.458,12,E
Dominica,DMA,North America,1993,1990,0.5625,12,E
Dominica,DMA,North America,1994,1990,0.5631666666666667,12,E
Dominica,DMA,North America,1995,1990,0.7681666666666667,12,E
Dominica,DMA,North America,1996,1990,0.3919166666666667,12,E
Dominica,DMA,North America,1997,1990,0.7770833333333332,12,E
Dominica,DMA,North America,1998,1990,1.10125,12,E
Dominica,DMA,North America,1999,1990,0.4728333333333334,12,E
Dominica,DMA,North America,2000,2000,0.34558333333333335,12,E
Dominica,DMA,North America,2001,2000,0.7688333333333333,12,E
Dominica,DMA,North America,2002,2000,0.7114166666666667,12,E
Dominica,DMA,North America,2003,2000,0.7435833333333334,12,E
Dominica,DMA,North America,2004,2000,0.46341666666666664,12,E
Dominica,DMA,North America,2005,2000,0.8575,12,E
Dominica,DMA,North America,2006,2000,0.68375,12,E
Dominica,DMA,North America,2007,2000,0.74025,12,E
Dominica,DMA,North America,2008,2000,0.2454166666666667,12,E
Dominica,DMA,North America,2009,2000,0.5721666666666666,12,E
Dominica,DMA,North America,2010,2010,1.1064166666666666,12,E
Dominica,DMA,North America,2011,2010,0.4650833333333333,12,E
Dominica,DMA,North America,2012,2010,0.6514166666666666,12,E
Dominica,DMA,North America,2013,2010,0.6761666666666667,12,E
Dominica,DMA,North America,2014,2010,0.6016666666666667,12,E
Dominica,DMA,North America,2015,2010,0.9404166666666667,12,E
Dominica,DMA,North America,2016,2010,0.9852500000000001,12,E
Dominica,DMA,North America,2017,2010,0.7607499999999999,12,E
Dominica,DMA,North America,2018,2010,0.5894166666666666,12,E
Dominica,DMA,North America,2019,2010,0.8765833333333334,12,E
Dominica,DMA,North America,2020,2020,0.9854166666666666,12,E
Dominica,DMA,North America,2021,2020,0.8522500000000001,12,E
Dominica,DMA,North America,2022,2020,0.6618333333333334,12,E
Dominica,DMA,North America,2023,2020,1.0490833333333334,12,E
Dominica,DMA,North America,2024,2020,,11,
Dominica,DMA,North America,2025,2020,1.1460833333333333,12,E
Denmark,DNK,Europe,1961,1960,0.8886666666666666,12,E
Denmark,DNK,Europe,1962,1960,-0.7244999999999999,12,E
Denmark,DNK,Europe,1963,1960,-0.9885833333333333,12,E
Denmark,DNK,Europe,1964,1960,-0.08983333333333332,12,E
Denmark,DNK,Europe,1965,1960,-0.6852499999999999,12,E
Denmark,DNK,Europe,1966,1960,-0.40166666666666667,12,E
Denmark,DNK,Europe,1967,1960,0.7571666666666667,12,E
Denmark,DNK,Europe,1968,1960,0.15541666666666665,12,E
Denmark,DNK,Europe,1969,1960,-0.3356666666666666,12,E
Denmark,DNK,Europe,1970,1970,-0.7901666666666666,12,E
Denmark,DNK,Europe,1971,1970,0.48891666666666667,12,E
Denmark,DNK,Europe,1972,1970,0.2060833333333333,12,E
Denmark,DNK,Europe,1973,1970,0.4518333333333333,12,E
Denmark,DNK,Europe,1974,1970,0.8780000000000001,12,E
Denmark,DNK,Europe,1975,1970,1.257,12,E
Denmark,DNK,Europe,1976,1970,-0.04900000000000002,12,E
Denmark,DNK,Europe,1977,1970,0.24533333333333332,12,E
Denmark,DNK,Europe,1978,1970,-0.19866666666666669,12,E
Denmark,DNK,Europe,1979,1970,-0.9115000000000001,12,E
Denmark,DNK,Europe,1980,1980,-0.452,12,E
Denmark,DNK,Europe,1981,1980,-0.21433333333333338,12,E
Denmark,DNK,Europe,1982,1980,0.5581666666666667,12,E
Denmark,DNK,Europe,1983,1980,0.9482499999999999,12,E
Denmark,DNK,Europe,1984,1980,0.45816666666666667,12,E
Denmark,DNK,Europe,1985,1980,-1.01075,12,E
Denmark,DNK,Europe,1986,1980,-0.44083333333333324,12,E
Denmark,DNK,Europe,1987,1980,-0.9623333333333334,12,E
Denmark,DNK,Europe,1988,1980,0.9671666666666666,12,E
Denmark,DNK,Europe,1989,1980,1.7104166666666665,12,E
Denmark,DNK,Europe,1990,1990,1.8319166666666666,12,E
Denmark,DNK,Europe,1991,1990,0.6650833333333334,12,E
Denmark,DNK,Europe,1992,1990,1.407333333333333,12,E
Denmark,DNK,Europe,1993,1990,0.17325000000000002,12,E
Denmark,DNK,Europe,1994,1990,1.1025833333333332,12,E
Denmark,DNK,Europe,1995,1990,0.7551666666666668,12,E
Denmark,DNK,Europe,1996,1990,-0.6367499999999999,12,E
Denmark,DNK,Europe,1997,1990,0.91,12,E
Denmark,DNK,Europe,1998,1990,0.7549166666666666,12,E
Denmark,DNK,Europe,1999,1990,1.4182500000000002,12,E
Denmark,DNK,Europe,2000,2000,1.8216666666666665,12,E
Denmark,DNK,Europe,2001,2000,0.753,12,E
Denmark,DNK,Europe,2002,2000,1.52925,12,E
Denmark,DNK,Europe,2003,2000,1.0500833333333333,12,E
Denmark,DNK,Europe,2004,2000,1.0289166666666667,12,E
Denmark,DNK,Europe,2005,2000,1.1500000000000001,12,E
Denmark,DNK,Europe,2006,2000,1.7125833333333336,12,E
Denmark,DNK,Europe,2007,2000,1.8688333333333331,12,E
Denmark,DNK,Europe,2008,2000,1.7621666666666667,12,E
Denmark,DNK,Europe,2009,2000,1.1585833333333333,12,E
Denmark,DNK,Europe,2010,2010,-0.6194999999999999,12,E
Denmark,DNK,Europe,2011,2010,1.42225,12,E
Denmark,DNK,Europe,2012,2010,0.7553333333333333,12,E
Denmark,DNK,Europe,2013,2010,0.8381666666666666,12,E
Denmark,DNK,Europe,2014,2010,2.521666666666667,12,E
Denmark,DNK,Europe,2015,2010,1.8070000000000002,12,E
Denmark,DNK,Europe,2016,2010,1.6718333333333335,12,E
Denmark,DNK,Europe,2017,2010,1.5674166666666667,12,E
Denmark,DNK,Europe,2018,2010,2.1304166666666666,12,E
Denmark,DNK,Europe,2019,2010,2.2328333333333332,12,E
Denmark,DNK,Europe,2020,2020,2.6096666666666666,12,E
Denmark,DNK,Europe,2021,2020,1.4598333333333333,12,E
Denmark,DNK,Europe,2022,2020,2.2055000000000002,12,E
Denmark,DNK,Europe,2023,2020,1.99125,12,E
Denmark,DNK,Europe,2024,2020,2.5199166666666666,12,E
Denmark,DNK,Europe,2025,2020,2.3085,12,E
Dominican Republic,DOM,North America,1961,1960,0.002250000000000016,12,E
Dominican Republic,DOM,North America,1962,1960,0.05441666666666667,12,E
Dominican Republic,DOM,North America,1963,1960,0.0855,12,E
Dominican Republic,DOM,North America,1964,1960,0.07825,12,E
Dominican Republic,DOM,North America,1965,1960,-0.23516666666666666,12,E
Dominican Republic,DOM,North America,1966,1960,-0.055250000000000014,12,E
Dominican Republic,DOM,North America,1967,1960,-0.2145,12,E
Dominican Republic,DOM,North America,1968,1960,-0.2778333333333333,12,E
Dominican Republic,DOM,North America,1969,1960,0.2936666666666667,12,E
Dominican Republic,DOM,North America,1970,1970,-0.035083333333333334,12,E
Dominican Republic,DOM,North America,1971,1970,-0.29875,12,E
Dominican Republic,DOM,North America,1972,1970,0.025166666666666667,12,E
Dominican Republic,DOM,North America,1973,1970,0.1425833333333333,12,E
Dominican Republic,DOM,North America,1974,1970,-0.42425,12,E
Dominican Republic,DOM,North America,1975,1970,-0.18400000000000002,12,E
Dominican Republic,DOM,North America,1976,1970,-0.28825,12,E
Dominican Republic,DOM,North America,1977,1970,0.2648333333333333,12,E
Dominican Republic,DOM,North America,1978,1970,0.16858333333333334,12,E
Dominican Republic,DOM,North America,1979,1970,0.08733333333333333,12,E
Dominican Republic,DOM,North America,1980,1980,0.6414166666666666,12,E
Dominican Republic,DOM,North America,1981,1980,0.385,12,E
Dominican Republic,DOM,North America,1982,1980,0.09491666666666666,12,E
Dominican Republic,DOM,North America,1983,1980,0.6216666666666667,12,E
Dominican Republic,DOM,North America,1984,1980,0.08291666666666667,12,E
Dominican Republic,DOM,North America,1985,1980,0.09233333333333334,12,E
Dominican Republic,DOM,North America,1986,1980,0.16225,12,E
Dominican Republic,DOM,North America,1987,1980,0.6839166666666667,12,E
Dominican Republic,DOM,North America,1988,1980,0.48491666666666666,12,E
Dominican Republic,DOM,North America,1989,1980,0.18966666666666665,12,E
Dominican Republic,DOM,North America,1990,1990,0.41850000000000004,12,E
Dominican Republic,DOM,North America,1991,1990,0.2980833333333333,12,E
Dominican Republic,DOM,North America,1992,1990,0.2010833333333333,12,E
Dominican Republic,DOM,North America,1993,1990,0.4543333333333333,12,E
Dominican Republic,DOM,North America,1994,1990,0.43091666666666667,12,E
Dominican Republic,DOM,North America,1995,1990,0.6235833333333333,12,E
Dominican Republic,DOM,North America,1996,1990,0.20916666666666664,12,E
Dominican Republic,DOM,North America,1997,1990,0.8041666666666667,12,E
Dominican Republic,DOM,North America,1998,1990,0.9914166666666667,12,E
Dominican Republic,DOM,North America,1999,1990,0.47858333333333336,12,E
Dominican Republic,DOM,North America,2000,2000,0.422,12,E
Dominican Republic,DOM,North America,2001,2000,0.755,12,E
Dominican Republic,DOM,North America,2002,2000,0.8205833333333333,12,E
Dominican Republic,DOM,North America,2003,2000,0.934,12,E
Dominican Republic,DOM,North America,2004,2000,0.5393333333333333,12,E
Dominican Republic,DOM,North America,2005,2000,0.8033333333333333,12,E
Dominican Republic,DOM,North America,2006,2000,0.8951666666666666,12,E
Dominican Republic,DOM,North America,2007,2000,0.9854166666666666,12,E
Dominican Republic,DOM,North America,2008,2000,0.43166666666666664,12,E
Dominican Republic,DOM,North America,2009,2000,0.6163333333333333,12,E
Dominican Republic,DOM,North America,2010,2010,0.8495833333333334,12,E
Dominican Republic,DOM,North America,2011,2010,0.4454166666666666,12,E
Dominican Republic,DOM,North America,2012,2010,0.6155833333333333,12,E
Dominican Republic,DOM,North America,2013,2010,0.8398333333333333,12,E
Dominican Republic,DOM,North America,2014,2010,0.73825,12,E
Dominican Republic,DOM,North America,2015,2010,1.1183333333333334,12,E
Dominican Republic,DOM,North America,2016,2010,0.9095,12,E
Dominican Republic,DOM,North America,2017,2010,0.88725,12,E
Dominican Republic,DOM,North America,2018,2010,0.8335833333333333,12,E
Dominican Republic,DOM,North America,2019,2010,1.0406666666666666,12,E
Dominican Republic,DOM,North America,2020,2020,1.3176666666666665,12,E
Dominican Republic,DOM,North America,2021,2020,1.01525,12,E
Dominican Republic,DOM,North America,2022,2020,0.7639166666666667,12,E
Dominican Republic,DOM,North America,2023,2020,1.3478333333333332,12,E
Dominican Republic,DOM,North America,2024,2020,1.3981666666666666,12,E
Dominican Republic,DOM,North America,2025,2020,1.0859166666666666,12,E
Algeria,DZA,Africa,1961,1960,0.39758333333333334,12,E
Algeria,DZA,Africa,1962,1960,0.08424999999999999,12,E
Algeria,DZA,Africa,1963,1960,0.31975000000000003,12,E
Algeria,DZA,Africa,1964,1960,0.07383333333333335,12,E
Algeria,DZA,Africa,1965,1960,0.025499999999999984,12,E
Algeria,DZA,Africa,1966,1960,0.29491666666666666,12,E
Algeria,DZA,Africa,1967,1960,-0.0675,12,E
Algeria,DZA,Africa,1968,1960,0.09733333333333334,12,E
Algeria,DZA,Africa,1969,1960,0.13475000000000004,12,E
Algeria,DZA,Africa,1970,1970,0.15733333333333333,12,E
Algeria,DZA,Africa,1971,1970,-0.4446666666666666,12,E
Algeria,DZA,Africa,1972,1970,-0.49133333333333334,12,E
Algeria,DZA,Africa,1973,1970,-0.07900000000000001,12,E
Algeria,DZA,Africa,1974,1970,-0.5413333333333333,12,E
Algeria,DZA,Africa,1975,1970,-0.45416666666666666,12,E
Algeria,DZA,Africa,1976,1970,-0.8460833333333332,12,E
Algeria,DZA,Africa,1977,1970,0.46008333333333334,12,E
Algeria,DZA,Africa,1978,1970,0.0738333333333333,12,E
Algeria,DZA,Africa,1979,1970,0.4088333333333333,12,E
Algeria,DZA,Africa,1980,1980,0.020916666666666656,12,E
Algeria,DZA,Africa,1981,1980,0.4265833333333333,12,E
Algeria,DZA,Africa,1982,1980,0.05133333333333334,12,E
Algeria,DZA,Africa,1983,1980,0.6245833333333334,12,E
Algeria,DZA,Africa,1984,1980,-0.07533333333333334,12,E
Algeria,DZA,Africa,1985,1980,0.49574999999999997,12,E
Algeria,DZA,Africa,1986,1980,0.17466666666666666,12,E
Algeria,DZA,Africa,1987,1980,1.2054166666666666,12,E
Algeria,DZA,Africa,1988,1980,0.9057499999999999,12,E
Algeria,DZA,Africa,1989,1980,0.7050000000000001,12,E
Algeria,DZA,Africa,1990,1990,0.9739166666666667,12,E
Algeria,DZA,Africa,1991,1990,-0.024500000000000008,12,E
Algeria,DZA,Africa,1992,1990,-0.238,12,E
Algeria,DZA,Africa,1993,1990,0.476,12,E
Algeria,DZA,Africa,1994,1990,0.6815833333333333,12,E
Algeria,DZA,Africa,1995,1990,0.7559999999999999,12,E
Algeria,DZA,Africa,1996,1990,0.7392500000000001,12,E
Algeria,DZA,Africa,1997,1990,0.9325,12,E
Algeria,DZA,Africa,1998,1990,0.9334166666666667,12,E
Algeria,DZA,Africa,1999,1990,1.43075,12,E
Algeria,DZA,Africa,2000,2000,0.93675,12,E
Algeria,DZA,Africa,2001,2000,1.7274166666666666,12,E
Algeria,DZA,Africa,2002,2000,1.2999166666666666,12,E
Algeria,DZA,Africa,2003,2000,1.36625,12,E
Algeria,DZA,Africa,2004,2000,0.94975,12,E
Algeria,DZA,Africa,2005,2000,1.1472499999999999,12,E
Algeria,DZA,Africa,2006,2000,1.3407499999999999,12,E
Algeria,DZA,Africa,2007,2000,1.135,12,E
Algeria,DZA,Africa,2008,2000,1.0835833333333333,12,E
Algeria,DZA,Africa,2009,2000,1.1801666666666666,12,E
Algeria,DZA,Africa,2010,2010,2.1458333333333335,12,E
Algeria,DZA,Africa,2011,2010,1.1295,12,E
Algeria,DZA,Africa,2012,2010,1.11125,12,E
Algeria,DZA,Africa,2013,2010,1.0458333333333334,12,E
Algeria,DZA,Africa,2014,2010,1.6004166666666666,12,E
Algeria,DZA,Africa,2015,2010,1.1370833333333332,12,E
Algeria,DZA,Africa,2016,2010,1.7455,12,E
Algeria,DZA,Africa,2017,2010,1.27325,12,E
Algeria,DZA,Africa,2018,2010,1.2676666666666667,12,E
Algeria,DZA,Africa,2019,2010,1.20825,12,E
Algeria,DZA,Africa,2020,2020,1.8365833333333335,12,E
Algeria,DZA,Africa,2021,2020,2.3096666666666668,12,E
Algeria,DZA,Africa,2022,2020,1.9205833333333333,12,E
Algeria,DZA,Africa,2023,2020,1.9893333333333334,12,E
Algeria,DZA,Africa,2024,2020,2.661583333333333,12,E
Algeria,DZA,Africa,2025,2020,2.0175833333333335,12,E
Ecuador,ECU,South America,1961,1960,-0.214,12,E
Ecuador,ECU,South America,1962,1960,-0.18725,12,E
Ecuador,ECU,South America,1963,1960,-0.06516666666666666,12,E
Ecuador,ECU,South America,1964,1960,-0.2846666666666667,12,E
Ecuador,ECU,South America,1965,1960,0.3279166666666667,12,E
Ecuador,ECU,South America,1966,1960,0.0155,12,E
Ecuador,ECU,South America,1967,1960,-0.44208333333333333,12,E
Ecuador,ECU,South America,1968,1960,-0.24725,12,E
Ecuador,ECU,South America,1969,1960,0.41691666666666666,12,E
Ecuador,ECU,South America,1970,1970,-0.22341666666666668,12,E
Ecuador,ECU,South America,1971,1970,-0.5194166666666666,12,E
Ecuador,ECU,South America,1972,1970,0.6498333333333334,12,E
Ecuador,ECU,South America,1973,1970,-0.021833333333333326,12,E
Ecuador,ECU,South America,1974,1970,-0.22058333333333335,12,E
Ecuador,ECU,South America,1975,1970,-0.35133333333333333,12,E
Ecuador,ECU,South America,1976,1970,0.435,12,E
Ecuador,ECU,South America,1977,1970,0.3755833333333333,12,E
Ecuador,ECU,South America,1978,1970,0.20233333333333334,12,E
Ecuador,ECU,South America,1979,1970,0.4335833333333334,12,E
Ecuador,ECU,South America,1980,1980,0.38566666666666666,12,E
Ecuador,ECU,South America,1981,1980,0.04766666666666667,12,E
Ecuador,ECU,South America,1982,1980,0.52375,12,E
Ecuador,ECU,South America,1983,1980,0.8697499999999999,12,E
Ecuador,ECU,South America,1984,1980,-0.019166666666666658,12,E
Ecuador,ECU,South America,1985,1980,-0.20033333333333334,12,E
Ecuador,ECU,South America,1986,1980,0.10458333333333332,12,E
Ecuador,ECU,South America,1987,1980,0.9700000000000001,12,E
Ecuador,ECU,South America,1988,1980,0.15383333333333335,12,E
Ecuador,ECU,South America,1989,1980,-0.017499999999999998,12,E
Ecuador,ECU,South America,1990,1990,0.3901666666666667,12,E
Ecuador,ECU,South America,1991,1990,0.5170833333333333,12,E
Ecuador,ECU,South America,1992,1990,0.8101666666666666,12,E
Ecuador,ECU,South America,1993,1990,0.59725,12,E
Ecuador,ECU,South America,1994,1990,0.3665,12,E
Ecuador,ECU,South America,1995,1990,0.5580833333333334,12,E
Ecuador,ECU,South America,1996,1990,-0.11791666666666667,12,E
Ecuador,ECU,South America,1997,1990,1.2181666666666666,12,E
Ecuador,ECU,South America,1998,1990,1.0194166666666666,12,E
Ecuador,ECU,South America,1999,1990,0.08541666666666668,12,E
Ecuador,ECU,South America,2000,2000,0.12741666666666665,12,E
Ecuador,ECU,South America,2001,2000,0.3565,12,E
Ecuador,ECU,South America,2002,2000,0.6136666666666667,12,E
Ecuador,ECU,South America,2003,2000,0.6013333333333334,12,E
Ecuador,ECU,South America,2004,2000,0.6182500000000001,12,E
Ecuador,ECU,South America,2005,2000,0.5812499999999999,12,E
Ecuador,ECU,South America,2006,2000,0.6233333333333334,12,E
Ecuador,ECU,South America,2007,2000,0.50575,12,E
Ecuador,ECU,South America,2008,2000,0.57675,12,E
Ecuador,ECU,South America,2009,2000,1.1113333333333333,12,E
Ecuador,ECU,South America,2010,2010,0.8605833333333334,12,E
Ecuador,ECU,South America,2011,2010,0.88925,12,E
Ecuador,ECU,South America,2012,2010,0.6675833333333333,12,E
Ecuador,ECU,South America,2013,2010,0.6394166666666666,12,E
Ecuador,ECU,South America,2014,2010,1.2203333333333333,12,E
Ecuador,ECU,South America,2015,2010,1.6783333333333335,12,E
Ecuador,ECU,South America,2016,2010,1.4725000000000001,12,E
Ecuador,ECU,South America,2017,2010,1.2240833333333334,12,E
Ecuador,ECU,South America,2018,2010,1.0793333333333333,12,E
Ecuador,ECU,South America,2019,2010,1.4995833333333335,12,E
Ecuador,ECU,South America,2020,2020,1.522,12,E
Ecuador,ECU,South America,2021,2020,0.9873333333333333,12,E
Ecuador,ECU,South America,2022,2020,0.73475,12,E
Ecuador,ECU,South America,2023,2020,2.212666666666667,12,E
Ecuador,ECU,South America,2024,2020,1.9435,12,E
Ecuador,ECU,South America,2025,2020,1.4424166666666667,12,E
Egypt,EGY,Africa,1961,1960,-0.5855833333333333,12,E
Egypt,EGY,Africa,1962,1960,0.6835,12,E
Egypt,EGY,Africa,1963,1960,0.7109166666666668,12,E
Egypt,EGY,Africa,1964,1960,-0.3531666666666667,12,E
Egypt,EGY,Africa,1965,1960,-0.15966666666666665,12,E
Egypt,EGY,Africa,1966,1960,0.503,12,E
Egypt,EGY,Africa,1967,1960,-0.62875,12,E
Egypt,EGY,Africa,1968,1960,-0.13133333333333333,12,E
Egypt,EGY,Africa,1969,1960,0.48233333333333334,12,E
Egypt,EGY,Africa,1970,1970,-0.20833333333333334,12,E
Egypt,EGY,Africa,1971,1970,-0.17883333333333332,12,E
Egypt,EGY,Africa,1972,1970,-0.009833333333333324,12,E
Egypt,EGY,Africa,1973,1970,-0.19074999999999998,12,E
Egypt,EGY,Africa,1974,1970,-0.22991666666666666,12,E
Egypt,EGY,Africa,1975,1970,-0.4170833333333333,12,E
Egypt,EGY,Africa,1976,1970,-0.16791666666666663,12,E
Egypt,EGY,Africa,1977,1970,-0.3030833333333333,12,E
Egypt,EGY,Africa,1978,1970,-0.12616666666666665,12,E
Egypt,EGY,Africa,1979,1970,0.46608333333333335,12,E
Egypt,EGY,Africa,1980,1980,0.042833333333333314,12,E
Egypt,EGY,Africa,1981,1980,-0.2155,12,E
Egypt,EGY,Africa,1982,1980,-0.5306666666666667,12,E
Egypt,EGY,Africa,1983,1980,-0.9571666666666667,12,E
Egypt,EGY,Africa,1984,1980,-0.18874999999999997,12,E
Egypt,EGY,Africa,1985,1980,0.36716666666666664,12,E
Egypt,EGY,Africa,1986,1980,-0.06358333333333337,12,E
Egypt,EGY,Africa,1987,1980,-0.12591666666666665,12,E
Egypt,EGY,Africa,1988,1980,0.19966666666666666,12,E
Egypt,EGY,Africa,1989,1980,-0.1440833333333333,12,E
Egypt,EGY,Africa,1990,1990,0.13549999999999995,12,E
Egypt,EGY,Africa,1991,1990,0.009083333333333332,12,E
Egypt,EGY,Africa,1992,1990,-0.4854166666666666,12,E
Egypt,EGY,Africa,1993,1990,0.3328333333333333,12,E
Egypt,EGY,Africa,1994,1990,0.33508333333333334,12,E
Egypt,EGY,Africa,1995,1990,0.2578333333333333,12,E
Egypt,EGY,Africa,1996,1990,0.45974999999999994,12,E
Egypt,EGY,Africa,1997,1990,0.015250000000000012,12,E
Egypt,EGY,Africa,1998,1990,0.82625,12,E
Egypt,EGY,Africa,1999,1990,0.8550833333333334,12,E
Egypt,EGY,Africa,2000,2000,0.05000000000000001,12,E
Egypt,EGY,Africa,2001,2000,0.6405,12,E
Egypt,EGY,Africa,2002,2000,0.8701666666666666,12,E
Egypt,EGY,Africa,2003,2000,0.66175,12,E
Egypt,EGY,Africa,2004,2000,0.6550833333333334,12,E
Egypt,EGY,Africa,2005,2000,0.6443333333333333,12,E
Egypt,EGY,Africa,2006,2000,0.5114166666666667,12,E
Egypt,EGY,Africa,2007,2000,0.63225,12,E
Egypt,EGY,Africa,2008,2000,0.9794166666666667,12,E
Egypt,EGY,Africa,2009,2000,0.8425833333333334,12,E
Egypt,EGY,Africa,2010,2010,2.3179166666666666,12,E
Egypt,EGY,Africa,2011,2010,0.4503333333333333,12,E
Egypt,EGY,Africa,2012,2010,1.0085833333333334,12,E
Egypt,EGY,Africa,2013,2010,0.9984166666666666,12,E
Egypt,EGY,Africa,2014,2010,1.3776666666666666,12,E
Egypt,EGY,Africa,2015,2010,1.0650833333333332,12,E
Egypt,EGY,Africa,2016,2010,1.30025,12,E
Egypt,EGY,Africa,2017,2010,0.8577499999999999,12,E
Egypt,EGY,Africa,2018,2010,1.8978333333333335,12,E
Egypt,EGY,Africa,2019,2010,1.0395,12,E
Egypt,EGY,Africa,2020,2020,1.1103333333333334,12,E
Egypt,EGY,Africa,2021,2020,1.5539166666666666,12,E
Egypt,EGY,Africa,2022,2020,0.7583333333333334,12,E
Egypt,EGY,Africa,2023,2020,1.9316666666666666,12,E
Egypt,EGY,Africa,2024,2020,1.8637500000000002,12,E
Egypt,EGY,Africa,2025,2020,1.4284999999999999,12,E
Eritrea,ERI,Africa,1993,1990,,6,
Eritrea,ERI,Africa,1994,1990,,7,
Eritrea,ERI,Africa,1995,1990,,6,
Eritrea,ERI,Africa,1996,1990,,11,
Eritrea,ERI,Africa,1997,1990,0.26333333333333336,12,E
Eritrea,ERI,Africa,1998,1990,0.4968333333333333,12,E
Eritrea,ERI,Africa,1999,1990,0.7275833333333334,12,E
Eritrea,ERI,Africa,2000,2000,0.46341666666666664,12,E
Eritrea,ERI,Africa,2001,2000,0.6099166666666667,12,E
Eritrea,ERI,Africa,2002,2000,,11,
Eritrea,ERI,Africa,2003,2000,0.8153333333333334,12,E
Eritrea,ERI,Africa,2004,2000,0.9425833333333333,12,E
Eritrea,ERI,Africa,2005,2000,0.9208333333333334,12,E
Eritrea,ERI,Africa,2006,2000,0.6261666666666666,12,E
Eritrea,ERI,Africa,2007,2000,0.47750000000000004,12,E
Eritrea,ERI,Africa,2008,2000,1.0345,12,E
Eritrea,ERI,Africa,2009,2000,1.6085,12,E
Eritrea,ERI,Africa,2010,2010,1.64775,12,E
Eritrea,ERI,Africa,2011,2010,1.6179166666666667,12,E
Eritrea,ERI,Africa,2012,2010,1.3150833333333334,12,E
Eritrea,ERI,Africa,2013,2010,1.04375,12,E
Eritrea,ERI,Africa,2014,2010,,11,
Eritrea,ERI,Africa,2015,2010,1.6161666666666665,12,E
Eritrea,ERI,Africa,2016,2010,,10,
Eritrea,ERI,Africa,2017,2010,1.3573333333333333,12,E
Eritrea,ERI,Africa,2018,2010,0.8422499999999999,12,E
Eritrea,ERI,Africa,2019,2010,0.7183333333333333,12,E
Eritrea,ERI,Africa,2020,2020,,8,
Eritrea,ERI,Africa,2021,2020,,10,
Eritrea,ERI,Africa,2022,2020,,9,
Eritrea,ERI,Africa,2023,2020,,1,
Eritrea,ERI,Africa,2024,2020,,0,
Eritrea,ERI,Africa,2025,2020,,0,
Western Sahara,ESH,Africa,1961,1960,0.90625,12,E
Western Sahara,ESH,Africa,1962,1960,0.4931666666666667,12,E
Western Sahara,ESH,Africa,1963,1960,0.18841666666666665,12,E
Western Sahara,ESH,Africa,1964,1960,0.7338333333333334,12,E
Western Sahara,ESH,Africa,1965,1960,-0.2135,12,E
Western Sahara,ESH,Africa,1966,1960,0.2298333333333333,12,E
Western Sahara,ESH,Africa,1967,1960,-0.17275000000000004,12,E
Western Sahara,ESH,Africa,1968,1960,-0.2233333333333333,12,E
Western Sahara,ESH,Africa,1969,1960,0.18125,12,E
Western Sahara,ESH,Africa,1970,1970,0.49291666666666667,12,E
Western Sahara,ESH,Africa,1971,1970,-0.7045833333333333,12,E
Western Sahara,ESH,Africa,1972,1970,-1.2265,12,E
Western Sahara,ESH,Africa,1973,1970,-0.08749999999999998,12,E
Western Sahara,ESH,Africa,1974,1970,-0.5446666666666667,12,E
Western Sahara,ESH,Africa,1975,1970,-0.2730833333333334,12,E
Western Sahara,ESH,Africa,1976,1970,-1.1035000000000001,12,E
Western Sahara,ESH,Africa,1977,1970,0.21883333333333335,12,E
Western Sahara,ESH,Africa,1978,1970,0.32958333333333334,12,E
Western Sahara,ESH,Africa,1979,1970,0.5031666666666667,12,E
Western Sahara,ESH,Africa,1980,1980,0.3195,12,E
Western Sahara,ESH,Africa,1981,1980,0.7280833333333333,12,E
Western Sahara,ESH,Africa,1982,1980,0.153,12,E
Western Sahara,ESH,Africa,1983,1980,0.9239166666666666,12,E
Western Sahara,ESH,Africa,1984,1980,0.27858333333333335,12,E
Western Sahara,ESH,Africa,1985,1980,0.74925,12,E
Western Sahara,ESH,Africa,1986,1980,0.18275,12,E
Western Sahara,ESH,Africa,1987,1980,1.1020833333333333,12,E
Western Sahara,ESH,Africa,1988,1980,0.31708333333333333,12,E
Western Sahara,ESH,Africa,1989,1980,0.8508333333333332,12,E
Western Sahara,ESH,Africa,1990,1990,1.1326666666666665,12,E
Western Sahara,ESH,Africa,1991,1990,0.592,12,E
Western Sahara,ESH,Africa,1992,1990,0.3824166666666666,12,E
Western Sahara,ESH,Africa,1993,1990,0.4183333333333333,12,E
Western Sahara,ESH,Africa,1994,1990,0.91975,12,E
Western Sahara,ESH,Africa,1995,1990,1.3927500000000002,12,E
Western Sahara,ESH,Africa,1996,1990,1.1958333333333333,12,E
Western Sahara,ESH,Africa,1997,1990,1.54525,12,E
Western Sahara,ESH,Africa,1998,1990,1.2671666666666666,12,E
Western Sahara,ESH,Africa,1999,1990,1.0404166666666665,12,E
Western Sahara,ESH,Africa,2000,2000,0.9916666666666667,12,E
Western Sahara,ESH,Africa,2001,2000,1.5272499999999998,12,E
Western Sahara,ESH,Africa,2002,2000,1.2931666666666668,12,E
Western Sahara,ESH,Africa,2003,2000,1.3783333333333332,12,E
Western Sahara,ESH,Africa,2004,2000,1.4130833333333335,12,E
Western Sahara,ESH,Africa,2005,2000,1.3935833333333332,12,E
Western Sahara,ESH,Africa,2006,2000,1.3084166666666668,12,E
Western Sahara,ESH,Africa,2007,2000,0.9405000000000001,12,E
Western Sahara,ESH,Africa,2008,2000,1.2745833333333334,12,E
Western Sahara,ESH,Africa,2009,2000,1.26125,12,E
Western Sahara,ESH,Africa,2010,2010,2.0371666666666663,12,E
Western Sahara,ESH,Africa,2011,2010,1.52675,12,E
Western Sahara,ESH,Africa,2012,2010,1.367,12,E
Western Sahara,ESH,Africa,2013,2010,1.5063333333333333,12,E
Western Sahara,ESH,Africa,2014,2010,1.3213333333333332,12,E
Western Sahara,ESH,Africa,2015,2010,1.6690833333333333,12,E
Western Sahara,ESH,Africa,2016,2010,1.6216666666666668,12,E
Western Sahara,ESH,Africa,2017,2010,1.9631666666666667,12,E
Western Sahara,ESH,Africa,2018,2010,0.8793333333333333,12,E
Western Sahara,ESH,Africa,2019,2010,1.2854166666666667,12,E
Western Sahara,ESH,Africa,2020,2020,1.9065,12,E
Western Sahara,ESH,Africa,2021,2020,1.42275,12,E
Western Sahara,ESH,Africa,2022,2020,2.000166666666667,12,E
Western Sahara,ESH,Africa,2023,2020,2.2312499999999997,12,E
Western Sahara,ESH,Africa,2024,2020,2.0679166666666666,12,E
Western Sahara,ESH,Africa,2025,2020,1.7808333333333335,12,E
Spain,ESP,Europe,1961,1960,0.9731666666666666,12,E
Spain,ESP,Europe,1962,1960,0.1989166666666667,12,E
Spain,ESP,Europe,1963,1960,-0.17833333333333332,12,E
Spain,ESP,Europe,1964,1960,0.44741666666666663,12,E
Spain,ESP,Europe,1965,1960,-0.011666666666666686,12,E
Spain,ESP,Europe,1966,1960,0.3246666666666667,12,E
Spain,ESP,Europe,1967,1960,0.029916666666666664,12,E
Spain,ESP,Europe,1968,1960,0.23275,12,E
Spain,ESP,Europe,1969,1960,-0.43966666666666665,12,E
Spain,ESP,Europe,1970,1970,0.004833333333333319,12,E
Spain,ESP,Europe,1971,1970,-0.56225,12,E
Spain,ESP,Europe,1972,1970,-0.8539166666666667,12,E
Spain,ESP,Europe,1973,1970,-0.25658333333333333,12,E
Spain,ESP,Europe,1974,1970,-0.3491666666666667,12,E
Spain,ESP,Europe,1975,1970,-0.2509166666666667,12,E
Spain,ESP,Europe,1976,1970,-0.215,12,E
Spain,ESP,Europe,1977,1970,-0.08666666666666671,12,E
Spain,ESP,Europe,1978,1970,0.06566666666666669,12,E
Spain,ESP,Europe,1979,1970,0.16133333333333333,12,E
Spain,ESP,Europe,1980,1980,0.002333333333333354,12,E
Spain,ESP,Europe,1981,1980,0.58025,12,E
Spain,ESP,Europe,1982,1980,0.5305833333333333,12,E
Spain,ESP,Europe,1983,1980,0.6086666666666667,12,E
Spain,ESP,Europe,1984,1980,-0.19366666666666668,12,E
Spain,ESP,Europe,1985,1980,0.47100000000000003,12,E
Spain,ESP,Europe,1986,1980,0.2136666666666667,12,E
Spain,ESP,Europe,1987,1980,0.8602500000000001,12,E
Spain,ESP,Europe,1988,1980,0.5985833333333334,12,E
Spain,ESP,Europe,1989,1980,1.3196666666666668,12,E
Spain,ESP,Europe,1990,1990,1.0985,12,E
Spain,ESP,Europe,1991,1990,0.32825,12,E
Spain,ESP,Europe,1992,1990,0.3219166666666667,12,E
Spain,ESP,Europe,1993,1990,-0.05625,12,E
Spain,ESP,Europe,1994,1990,1.05475,12,E
Spain,ESP,Europe,1995,1990,1.46925,12,E
Spain,ESP,Europe,1996,1990,0.6098333333333333,12,E
Spain,ESP,Europe,1997,1990,1.5256666666666667,12,E
Spain,ESP,Europe,1998,1990,1.0209166666666667,12,E
Spain,ESP,Europe,1999,1990,0.8415,12,E
Spain,ESP,Europe,2000,2000,0.9116666666666666,12,E
Spain,ESP,Europe,2001,2000,1.1078333333333334,12,E
Spain,ESP,Europe,2002,2000,1.0799166666666666,12,E
Spain,ESP,Europe,2003,2000,1.4283333333333335,12,E
Spain,ESP,Europe,2004,2000,0.9199166666666666,12,E
Spain,ESP,Europe,2005,2000,0.7785833333333333,12,E
Spain,ESP,Europe,2006,2000,1.5305,12,E
Spain,ESP,Europe,2007,2000,0.7915833333333334,12,E
Spain,ESP,Europe,2008,2000,0.7685833333333334,12,E
Spain,ESP,Europe,2009,2000,1.4016666666666666,12,E
Spain,ESP,Europe,2010,2010,0.8208333333333333,12,E
Spain,ESP,Europe,2011,2010,1.6311666666666669,12,E
Spain,ESP,Europe,2012,2010,1.0005833333333334,12,E
Spain,ESP,Europe,2013,2010,0.8032499999999999,12,E
Spain,ESP,Europe,2014,2010,1.5863333333333334,12,E
Spain,ESP,Europe,2015,2010,1.6975833333333332,12,E
Spain,ESP,Europe,2016,2010,1.5736666666666668,12,E
Spain,ESP,Europe,2017,2010,1.8972499999999999,12,E
Spain,ESP,Europe,2018,2010,1.2446666666666666,12,E
Spain,ESP,Europe,2019,2010,1.5127499999999998,12,E
Spain,ESP,Europe,2020,2020,1.9123333333333334,12,E
Spain,ESP,Europe,2021,2020,1.4616666666666667,12,E
Spain,ESP,Europe,2022,2020,2.4844166666666667,12,E
Spain,ESP,Europe,2023,2020,2.404166666666667,12,E
Spain,ESP,Europe,2024,2020,2.2811666666666666,12,E
Spain,ESP,Europe,2025,2020,2.2964166666666666,12,E
Estonia,EST,Europe,1992,1990,1.6471666666666664,12,E
Estonia,EST,Europe,1993,1990,0.3881666666666666,12,E
Estonia,EST,Europe,1994,1990,0.4535833333333333,12,E
Estonia,EST,Europe,1995,1990,1.3221666666666667,12,E
Estonia,EST,Europe,1996,1990,-0.2213333333333333,12,E
Estonia,EST,Europe,1997,1990,1.0295833333333333,12,E
Estonia,EST,Europe,1998,1990,0.6045833333333334,12,E
Estonia,EST,Europe,1999,1990,1.65425,12,E
Estonia,EST,Europe,2000,2000,2.2289166666666667,12,E
Estonia,EST,Europe,2001,2000,1.181,12,E
Estonia,EST,Europe,2002,2000,1.4008333333333336,12,E
Estonia,EST,Europe,2003,2000,0.8937499999999999,12,E
Estonia,EST,Europe,2004,2000,1.1935833333333334,12,E
Estonia,EST,Europe,2005,2000,1.3354166666666665,12,E
Estonia,EST,Europe,2006,2000,1.79525,12,E
Estonia,EST,Europe,2007,2000,2.0763333333333334,12,E
Estonia,EST,Europe,2008,2000,2.4873333333333334,12,E
Estonia,EST,Europe,2009,2000,1.2806666666666666,12,E
Estonia,EST,Europe,2010,2010,0.24216666666666672,12,E
Estonia,EST,Europe,2011,2010,2.071,12,E
Estonia,EST,Europe,2012,2010,0.7951666666666667,12,E
Estonia,EST,Europe,2013,2010,1.7902500000000001,12,E
Estonia,EST,Europe,2014,2010,2.2063333333333333,12,E
Estonia,EST,Europe,2015,2010,2.6384166666666666,12,E
Estonia,EST,Europe,2016,2010,1.7006666666666668,12,E
Estonia,EST,Europe,2017,2010,1.5489166666666667,12,E
Estonia,EST,Europe,2018,2010,2.1791666666666667,12,E
Estonia,EST,Europe,2019,2010,2.5039166666666666,12,E
Estonia,EST,Europe,2020,2020,3.46825,12,E
Estonia,EST,Europe,2021,2020,1.675,12,E
Estonia,EST,Europe,2022,2020,2.1348333333333334,12,E
Estonia,EST,Europe,2023,2020,2.1790833333333333,12,E
Estonia,EST,Europe,2024,2020,3.0693333333333332,12,E
Estonia,EST,Europe,2025,2020,2.87525,12,E
Ethiopia,ETH,Africa,1993,1990,0.19716666666666668,12,E
Ethiopia,ETH,Africa,1994,1990,0.5093333333333333,12,E
Ethiopia,ETH,Africa,1995,1990,0.8111666666666667,12,E
Ethiopia,ETH,Africa,1996,1990,0.64875,12,E
Ethiopia,ETH,Africa,1997,1990,0.6509166666666667,12,E
Ethiopia,ETH,Africa,1998,1990,0.64875,12,E
Ethiopia,ETH,Africa,1999,1990,0.26975,12,E
Ethiopia,ETH,Africa,2000,2000,0.5165833333333333,12,E
Ethiopia,ETH,Africa,2001,2000,0.6610833333333334,12,E
Ethiopia,ETH,Africa,2002,2000,0.9686666666666667,12,E
Ethiopia,ETH,Africa,2003,2000,0.8889999999999999,12,E
Ethiopia,ETH,Africa,2004,2000,0.7710833333333333,12,E
Ethiopia,ETH,Africa,2005,2000,0.9048333333333334,12,E
Ethiopia,ETH,Africa,2006,2000,0.8788333333333332,12,E
Ethiopia,ETH,Africa,2007,2000,0.6830833333333333,12,E
Ethiopia,ETH,Africa,2008,2000,0.6538333333333334,12,E
Ethiopia,ETH,Africa,2009,2000,1.2264166666666665,12,E
Ethiopia,ETH,Africa,2010,2010,1.0604166666666666,12,E
Ethiopia,ETH,Africa,2011,2010,0.9392499999999999,12,E
Ethiopia,ETH,Africa,2012,2010,0.91025,12,E
Ethiopia,ETH,Africa,2013,2010,0.9064166666666668,12,E
Ethiopia,ETH,Africa,2014,2010,0.9088333333333334,12,E
Ethiopia,ETH,Africa,2015,2010,1.29975,12,E
Ethiopia,ETH,Africa,2016,2010,1.2018333333333333,12,E
Ethiopia,ETH,Africa,2017,2010,1.0050000000000001,12,E
Ethiopia,ETH,Africa,2018,2010,0.5253333333333333,12,E
Ethiopia,ETH,Africa,2019,2010,0.8176666666666667,12,E
Ethiopia,ETH,Africa,2020,2020,0.8349166666666666,12,E
Ethiopia,ETH,Africa,2021,2020,0.8720833333333333,12,E
Ethiopia,ETH,Africa,2022,2020,0.8149166666666666,12,E
Ethiopia,ETH,Africa,2023,2020,0.8845833333333334,12,E
Ethiopia,ETH,Africa,2024,2020,1.623916666666667,12,E
Ethiopia,ETH,Africa,2025,2020,,10,
Finland,FIN,Europe,1961,1960,1.5590833333333334,12,E
Finland,FIN,Europe,1962,1960,-0.422,12,E
Finland,FIN,Europe,1963,1960,-0.16150000000000006,12,E
Finland,FIN,Europe,1964,1960,0.465,12,E
Finland,FIN,Europe,1965,1960,-0.5214166666666668,12,E
Finland,FIN,Europe,1966,1960,-1.64625,12,E
Finland,FIN,Europe,1967,1960,0.5751666666666667,12,E
Finland,FIN,Europe,1968,1960,-0.8653333333333334,12,E
Finland,FIN,Europe,1969,1960,-0.9153333333333333,12,E
Finland,FIN,Europe,1970,1970,-0.32741666666666674,12,E
Finland,FIN,Europe,1971,1970,-0.47625,12,E
Finland,FIN,Europe,1972,1970,1.38975,12,E
Finland,FIN,Europe,1973,1970,0.24766666666666662,12,E
Finland,FIN,Europe,1974,1970,1.8663333333333334,12,E
Finland,FIN,Europe,1975,1970,1.59975,12,E
Finland,FIN,Europe,1976,1970,-0.9899166666666667,12,E
Finland,FIN,Europe,1977,1970,-0.19733333333333336,12,E
Finland,FIN,Europe,1978,1970,-1.2436666666666667,12,E
Finland,FIN,Europe,1979,1970,0.0016666666666666312,12,E
Finland,FIN,Europe,1980,1980,-0.5660833333333333,12,E
Finland,FIN,Europe,1981,1980,-0.45974999999999994,12,E
Finland,FIN,Europe,1982,1980,0.43,12,E
Finland,FIN,Europe,1983,1980,0.64325,12,E
Finland,FIN,Europe,1984,1980,1.03375,12,E
Finland,FIN,Europe,1985,1980,-1.8100833333333333,12,E
Finland,FIN,Europe,1986,1980,-0.16541666666666668,12,E
Finland,FIN,Europe,1987,1980,-1.4116666666666668,12,E
Finland,FIN,Europe,1988,1980,0.5360833333333334,12,E
Finland,FIN,Europe,1989,1980,2.305,12,E
Finland,FIN,Europe,1990,1990,1.6615000000000002,12,E
Finland,FIN,Europe,1991,1990,1.0735,12,E
Finland,FIN,Europe,1992,1990,1.3483333333333334,12,E
Finland,FIN,Europe,1993,1990,0.5195,12,E
Finland,FIN,Europe,1994,1990,0.45616666666666666,12,E
Finland,FIN,Europe,1995,1990,1.05125,12,E
Finland,FIN,Europe,1996,1990,0.3609166666666667,12,E
Finland,FIN,Europe,1997,1990,0.9451666666666667,12,E
Finland,FIN,Europe,1998,1990,0.06058333333333333,12,E
Finland,FIN,Europe,1999,1990,1.1027500000000001,12,E
Finland,FIN,Europe,2000,2000,2.31175,12,E
Finland,FIN,Europe,2001,2000,0.8928333333333333,12,E
Finland,FIN,Europe,2002,2000,1.02375,12,E
Finland,FIN,Europe,2003,2000,1.2358333333333333,12,E
Finland,FIN,Europe,2004,2000,1.3420833333333333,12,E
Finland,FIN,Europe,2005,2000,1.9719166666666668,12,E
Finland,FIN,Europe,2006,2000,1.71175,12,E
Finland,FIN,Europe,2007,2000,1.906,12,E
Finland,FIN,Europe,2008,2000,2.01675,12,E
Finland,FIN,Europe,2009,2000,1.2114166666666666,12,E
Finland,FIN,Europe,2010,2010,-0.09316666666666669,12,E
Finland,FIN,Europe,2011,2010,2.3008333333333333,12,E
Finland,FIN,Europe,2012,2010,0.7054166666666667,12,E
Finland,FIN,Europe,2013,2010,2.12025,12,E
Finland,FIN,Europe,2014,2010,2.4471666666666665,12,E
Finland,FIN,Europe,2015,2010,2.794833333333333,12,E
Finland,FIN,Europe,2016,2010,2.0196666666666667,12,E
Finland,FIN,Europe,2017,2010,1.4937500000000001,12,E
Finland,FIN,Europe,2018,2010,2.06125,12,E
Finland,FIN,Europe,2019,2010,1.6815833333333334,12,E
Finland,FIN,Europe,2020,2020,3.328666666666667,12,E
Finland,FIN,Europe,2021,2020,1.3717499999999998,12,E
Finland,FIN,Europe,2022,2020,2.28175,12,E
Finland,FIN,Europe,2023,2020,1.7046666666666666,12,E
Finland,FIN,Europe,2024,2020,2.596083333333333,12,E
Finland,FIN,Europe,2025,2020,3.0917499999999998,12,E
Fiji,FJI,Oceania,1961,1960,0.18599999999999997,12,E
Fiji,FJI,Oceania,1962,1960,-0.08650000000000001,12,E
Fiji,FJI,Oceania,1963,1960,-0.04566666666666667,12,E
Fiji,FJI,Oceania,1964,1960,0.11408333333333336,12,E
Fiji,FJI,Oceania,1965,1960,-0.6271666666666667,12,E
Fiji,FJI,Oceania,1966,1960,-0.3945,12,E
Fiji,FJI,Oceania,1967,1960,-0.24550000000000002,12,E
Fiji,FJI,Oceania,1968,1960,-0.11774999999999998,12,E
Fiji,FJI,Oceania,1969,1960,-0.045416666666666654,12,E
Fiji,FJI,Oceania,1970,1970,0.14475,12,E
Fiji,FJI,Oceania,1971,1970,0.09300000000000001,12,E
Fiji,FJI,Oceania,1972,1970,-0.1805,12,E
Fiji,FJI,Oceania,1973,1970,0.42783333333333334,12,E
Fiji,FJI,Oceania,1974,1970,0.20158333333333334,12,E
Fiji,FJI,Oceania,1975,1970,0.25066666666666665,12,E
Fiji,FJI,Oceania,1976,1970,0.048749999999999995,12,E
Fiji,FJI,Oceania,1977,1970,-0.017166666666666653,12,E
Fiji,FJI,Oceania,1978,1970,-0.05533333333333334,12,E
Fiji,FJI,Oceania,1979,1970,0.14125000000000001,12,E
Fiji,FJI,Oceania,1980,1980,0.17108333333333334,12,E
Fiji,FJI,Oceania,1981,1980,0.19333333333333336,12,E
Fiji,FJI,Oceania,1982,1980,0.09749999999999999,12,E
Fiji,FJI,Oceania,1983,1980,0.12975,12,E
Fiji,FJI,Oceania,1984,1980,0.3841666666666667,12,E
Fiji,FJI,Oceania,1985,1980,0.3265,12,E
Fiji,FJI,Oceania,1986,1980,-0.054,12,E
Fiji,FJI,Oceania,1987,1980,0.26625000000000004,12,E
Fiji,FJI,Oceania,1988,1980,0.7797499999999999,12,E
Fiji,FJI,Oceania,1989,1980,0.2704166666666667,12,E
Fiji,FJI,Oceania,1990,1990,0.3764166666666666,12,E
Fiji,FJI,Oceania,1991,1990,0.20633333333333334,12,E
Fiji,FJI,Oceania,1992,1990,0.26375,12,E
Fiji,FJI,Oceania,1993,1990,-0.07925000000000001,12,E
Fiji,FJI,Oceania,1994,1990,0.04458333333333334,12,E
Fiji,FJI,Oceania,1995,1990,0.5579999999999999,12,E
Fiji,FJI,Oceania,1996,1990,0.5936666666666667,12,E
Fiji,FJI,Oceania,1997,1990,0.3541666666666667,12,E
Fiji,FJI,Oceania,1998,1990,0.9723333333333333,12,E
Fiji,FJI,Oceania,1999,1990,0.582,12,E
Fiji,FJI,Oceania,2000,2000,0.8065000000000001,12,E
Fiji,FJI,Oceania,2001,2000,0.90625,12,E
Fiji,FJI,Oceania,2002,2000,0.8525,12,E
Fiji,FJI,Oceania,2003,2000,0.6920833333333333,12,E
Fiji,FJI,Oceania,2004,2000,0.6799166666666666,12,E
Fiji,FJI,Oceania,2005,2000,0.8048333333333333,12,E
Fiji,FJI,Oceania,2006,2000,0.70775,12,E
Fiji,FJI,Oceania,2007,2000,1.1525833333333333,12,E
Fiji,FJI,Oceania,2008,2000,0.6969166666666666,12,E
Fiji,FJI,Oceania,2009,2000,0.3790833333333334,12,E
Fiji,FJI,Oceania,2010,2010,1.0251666666666666,12,E
Fiji,FJI,Oceania,2011,2010,1.0033333333333332,12,E
Fiji,FJI,Oceania,2012,2010,0.63375,12,E
Fiji,FJI,Oceania,2013,2010,1.0369166666666667,12,E
Fiji,FJI,Oceania,2014,2010,0.9549166666666666,12,E
Fiji,FJI,Oceania,2015,2010,0.9548333333333333,12,E
Fiji,FJI,Oceania,2016,2010,1.3349166666666665,12,E
Fiji,FJI,Oceania,2017,2010,1.2688333333333333,12,E
Fiji,FJI,Oceania,2018,2010,1.0802500000000002,12,E
Fiji,FJI,Oceania,2019,2010,1.2381666666666666,12,E
Fiji,FJI,Oceania,2020,2020,1.2961666666666667,12,E
Fiji,FJI,Oceania,2021,2020,1.1666666666666667,12,E
Fiji,FJI,Oceania,2022,2020,1.2774166666666666,12,E
Fiji,FJI,Oceania,2023,2020,1.0099166666666666,12,E
Fiji,FJI,Oceania,2024,2020,1.287,12,E
Fiji,FJI,Oceania,2025,2020,1.2841666666666667,12,E
Falkland Islands,FLK,South America,1961,1960,-0.2549166666666666,12,E
Falkland Islands,FLK,South America,1962,1960,0.40924999999999995,12,E
Falkland Islands,FLK,South America,1963,1960,-0.18658333333333332,12,E
Falkland Islands,FLK,South America,1964,1960,-0.29741666666666666,12,E
Falkland Islands,FLK,South America,1965,1960,0.11924999999999998,12,E
Falkland Islands,FLK,South America,1966,1960,-0.4890833333333333,12,E
Falkland Islands,FLK,South America,1967,1960,0.07758333333333334,12,E
Falkland Islands,FLK,South America,1968,1960,0.18591666666666665,12,E
Falkland Islands,FLK,South America,1969,1960,-0.20575000000000002,12,E
Falkland Islands,FLK,South America,1970,1970,0.13591666666666666,12,E
Falkland Islands,FLK,South America,1971,1970,-0.30575,12,E
Falkland Islands,FLK,South America,1972,1970,-0.2724166666666667,12,E
Falkland Islands,FLK,South America,1973,1970,0.11925000000000001,12,E
Falkland Islands,FLK,South America,1974,1970,0.18591666666666665,12,E
Falkland Islands,FLK,South America,1975,1970,0.002583333333333345,12,E
Falkland Islands,FLK,South America,1976,1970,-0.30575,12,E
Falkland Islands,FLK,South America,1977,1970,0.20258333333333334,12,E
Falkland Islands,FLK,South America,1978,1970,0.16924999999999998,12,E
Falkland Islands,FLK,South America,1979,1970,0.6359166666666667,12,E
Falkland Islands,FLK,South America,1980,1980,0.13591666666666666,12,E
Falkland Islands,FLK,South America,1981,1980,0.2025833333333333,12,E
Falkland Islands,FLK,South America,1982,1980,,2,
Falkland Islands,FLK,South America,1983,1980,,0,
Falkland Islands,FLK,South America,1984,1980,,0,
Falkland Islands,FLK,South America,1985,1980,,0,
Falkland Islands,FLK,South America,1986,1980,,0,
Falkland Islands,FLK,South America,1987,1980,,0,
Falkland Islands,FLK,South America,1988,1980,,0,
Falkland Islands,FLK,South America,1989,1980,,0,
Falkland Islands,FLK,South America,1990,1990,,0,
Falkland Islands,FLK,South America,1991,1990,,0,
Falkland Islands,FLK,South America,1992,1990,,0,
Falkland Islands,FLK,South America,1993,1990,,0,
Falkland Islands,FLK,South America,1994,1990,,0,
Falkland Islands,FLK,South America,1995,1990,,0,
Falkland Islands,FLK,South America,1996,1990,,0,
Falkland Islands,FLK,South America,1997,1990,,0,
Falkland Islands,FLK,South America,1998,1990,,0,
Falkland Islands,FLK,South America,1999,1990,,0,
Falkland Islands,FLK,South America,2000,2000,,0,
Falkland Islands,FLK,South America,2001,2000,,0,
Falkland Islands,FLK,South America,2002,2000,,0,
Falkland Islands,FLK,South America,2003,2000,,0,
Falkland Islands,FLK,South America,2004,2000,,0,
Falkland Islands,FLK,South America,2005,2000,,0,
Falkland Islands,FLK,South America,2006,2000,,0,
Falkland Islands,FLK,South America,2007,2000,,0,
Falkland Islands,FLK,South America,2008,2000,,0,
Falkland Islands,FLK,South America,2009,2000,,0,
Falkland Islands,FLK,South America,2010,2010,,0,
Falkland Islands,FLK,South America,2011,2010,,0,
Falkland Islands,FLK,South America,2012,2010,,0,
Falkland Islands,FLK,South America,2013,2010,,0,
Falkland Islands,FLK,South America,2014,2010,,0,
Falkland Islands,FLK,South America,2015,2010,,0,
Falkland Islands,FLK,South America,2016,2010,,0,
Falkland Islands,FLK,South America,2017,2010,,0,
Falkland Islands,FLK,South America,2018,2010,,0,
Falkland Islands,FLK,South America,2019,2010,,0,
Falkland Islands,FLK,South America,2020,2020,,0,
Falkland Islands,FLK,South America,2021,2020,,0,
Falkland Islands,FLK,South America,2022,2020,,0,
Falkland Islands,FLK,South America,2023,2020,,0,
Falkland Islands,FLK,South America,2024,2020,,0,
Falkland Islands,FLK,South America,2025,2020,,0,
France,FRA,Europe,1961,1960,0.9596666666666667,12,E
France,FRA,Europe,1962,1960,-0.5608333333333333,12,E
France,FRA,Europe,1963,1960,-0.9427500000000001,12,E
France,FRA,Europe,1964,1960,0.15991666666666668,12,E
France,FRA,Europe,1965,1960,-0.41775,12,E
France,FRA,Europe,1966,1960,0.37466666666666665,12,E
France,FRA,Europe,1967,1960,0.29000000000000004,12,E
France,FRA,Europe,1968,1960,-0.03908333333333335,12,E
France,FRA,Europe,1969,1960,-0.14483333333333337,12,E
France,FRA,Europe,1970,1970,-0.008166666666666655,12,E
France,FRA,Europe,1971,1970,0.02375000000000001,12,E
France,FRA,Europe,1972,1970,-0.34883333333333333,12,E
France,FRA,Europe,1973,1970,-0.03074999999999999,12,E
France,FRA,Europe,1974,1970,0.155,12,E
France,FRA,Europe,1975,1970,0.16175000000000003,12,E
France,FRA,Europe,1976,1970,0.38233333333333325,12,E
France,FRA,Europe,1977,1970,0.19208333333333336,12,E
France,FRA,Europe,1978,1970,-0.23916666666666667,12,E
France,FRA,Europe,1979,1970,-0.15466666666666665,12,E
France,FRA,Europe,1980,1980,-0.4666666666666666,12,E
France,FRA,Europe,1981,1980,0.18425,12,E
France,FRA,Europe,1982,1980,0.86375,12,E
France,FRA,Europe,1983,1980,0.6629999999999999,12,E
France,FRA,Europe,1984,1980,-0.08116666666666668,12,E
France,FRA,Europe,1985,1980,-0.26025,12,E
France,FRA,Europe,1986,1980,-0.028999999999999998,12,E
France,FRA,Europe,1987,1980,0.039166666666666655,12,E
France,FRA,Europe,1988,1980,0.7978333333333333,12,E
France,FRA,Europe,1989,1980,1.2920833333333333,12,E
France,FRA,Europe,1990,1990,1.333,12,E
France,FRA,Europe,1991,1990,0.3004166666666667,12,E
France,FRA,Europe,1992,1990,0.7744166666666666,12,E
France,FRA,Europe,1993,1990,0.4095,12,E
France,FRA,Europe,1994,1990,1.5685,12,E
France,FRA,Europe,1995,1990,1.1179166666666667,12,E
France,FRA,Europe,1996,1990,0.13524999999999998,12,E
France,FRA,Europe,1997,1990,1.4098333333333333,12,E
France,FRA,Europe,1998,1990,0.8636666666666666,12,E
France,FRA,Europe,1999,1990,1.2138333333333333,12,E
France,FRA,Europe,2000,2000,1.3526666666666667,12,E
France,FRA,Europe,2001,2000,1.0060833333333334,12,E
France,FRA,Europe,2002,2000,1.3769166666666666,12,E
France,FRA,Europe,2003,2000,1.65975,12,E
France,FRA,Europe,2004,2000,0.8953333333333333,12,E
France,FRA,Europe,2005,2000,0.87075,12,E
France,FRA,Europe,2006,2000,1.5081666666666667,12,E
France,FRA,Europe,2007,2000,1.28875,12,E
France,FRA,Europe,2008,2000,0.9075000000000001,12,E
France,FRA,Europe,2009,2000,1.2256666666666667,12,E
France,FRA,Europe,2010,2010,0.15350000000000005,12,E
France,FRA,Europe,2011,2010,1.8795833333333334,12,E
France,FRA,Europe,2012,2010,1.087,12,E
France,FRA,Europe,2013,2010,0.6709166666666667,12,E
France,FRA,Europe,2014,2010,1.9985,12,E
France,FRA,Europe,2015,2010,1.8314166666666667,12,E
France,FRA,Europe,2016,2010,1.4689166666666666,12,E
France,FRA,Europe,2017,2010,1.69675,12,E
France,FRA,Europe,2018,2010,2.15125,12,E
France,FRA,Europe,2019,2010,1.9746666666666666,12,E
France,FRA,Europe,2020,2020,2.3836666666666666,12,E
France,FRA,Europe,2021,2020,1.29325,12,E
France,FRA,Europe,2022,2020,2.846083333333333,12,E
France,FRA,Europe,2023,2020,2.6899166666666665,12,E
France,FRA,Europe,2024,2020,2.275,12,E
France,FRA,Europe,2025,2020,2.3836666666666666,12,E
Faroe Islands,FRO,Europe,1961,1960,0.45049999999999996,12,E
Faroe Islands,FRO,Europe,1962,1960,-0.32891666666666663,12,E
Faroe Islands,FRO,Europe,1963,1960,-0.03375000000000003,12,E
Faroe Islands,FRO,Europe,1964,1960,0.3354166666666667,12,E
Faroe Islands,FRO,Europe,1965,1960,-0.40075,12,E
Faroe Islands,FRO,Europe,1966,1960,-0.3119166666666667,12,E
Faroe Islands,FRO,Europe,1967,1960,-0.09491666666666665,12,E
Faroe Islands,FRO,Europe,1968,1960,-0.17225000000000001,12,E
Faroe Islands,FRO,Europe,1969,1960,-0.37233333333333335,12,E
Faroe Islands,FRO,Europe,1970,1970,-0.46075,12,E
Faroe Islands,FRO,Europe,1971,1970,0.32149999999999995,12,E
Faroe Islands,FRO,Europe,1972,1970,0.6869999999999999,12,E
Faroe Islands,FRO,Europe,1973,1970,-0.32258333333333333,12,E
Faroe Islands,FRO,Europe,1974,1970,0.5961666666666666,12,E
Faroe Islands,FRO,Europe,1975,1970,0.017666666666666664,12,E
Faroe Islands,FRO,Europe,1976,1970,0.37091666666666673,12,E
Faroe Islands,FRO,Europe,1977,1970,-0.11108333333333331,12,E
Faroe Islands,FRO,Europe,1978,1970,-0.21783333333333332,12,E
Faroe Islands,FRO,Europe,1979,1970,-0.87325,12,E
Faroe Islands,FRO,Europe,1980,1980,-0.006250000000000016,12,E
Faroe Islands,FRO,Europe,1981,1980,-0.5630000000000001,12,E
Faroe Islands,FRO,Europe,1982,1980,0.3325,12,E
Faroe Islands,FRO,Europe,1983,1980,-0.24366666666666667,12,E
Faroe Islands,FRO,Europe,1984,1980,0.5491666666666667,12,E
Faroe Islands,FRO,Europe,1985,1980,-0.43425,12,E
Faroe Islands,FRO,Europe,1986,1980,-0.12108333333333332,12,E
Faroe Islands,FRO,Europe,1987,1980,0.35525,12,E
Faroe Islands,FRO,Europe,1988,1980,0.12725,12,E
Faroe Islands,FRO,Europe,1989,1980,0.33016666666666666,12,E
Faroe Islands,FRO,Europe,1990,1990,0.6948333333333334,12,E
Faroe Islands,FRO,Europe,1991,1990,1.0511666666666668,12,E
Faroe Islands,FRO,Europe,1992,1990,0.5930000000000001,12,E
Faroe Islands,FRO,Europe,1993,1990,-0.03766666666666663,12,E
Faroe Islands,FRO,Europe,1994,1990,0.08349999999999998,12,E
Faroe Islands,FRO,Europe,1995,1990,-0.29525,12,E
Faroe Islands,FRO,Europe,1996,1990,0.37233333333333335,12,E
Faroe Islands,FRO,Europe,1997,1990,1.1072499999999998,12,E
Faroe Islands,FRO,Europe,1998,1990,0.5631666666666667,12,E
Faroe Islands,FRO,Europe,1999,1990,0.33383333333333337,12,E
Faroe Islands,FRO,Europe,2000,2000,0.4434166666666666,12,E
Faroe Islands,FRO,Europe,2001,2000,0.5275833333333333,12,E
Faroe Islands,FRO,Europe,2002,2000,1.2585,12,E
Faroe Islands,FRO,Europe,2003,2000,1.5044166666666667,12,E
Faroe Islands,FRO,Europe,2004,2000,1.1489166666666666,12,E
Faroe Islands,FRO,Europe,2005,2000,0.6174166666666666,12,E
Faroe Islands,FRO,Europe,2006,2000,1.2636666666666667,12,E
Faroe Islands,FRO,Europe,2007,2000,0.94975,12,E
Faroe Islands,FRO,Europe,2008,2000,0.9038333333333334,12,E
Faroe Islands,FRO,Europe,2009,2000,1.45475,12,E
Faroe Islands,FRO,Europe,2010,2010,0.1535,12,E
Faroe Islands,FRO,Europe,2011,2010,1.1915,12,E
Faroe Islands,FRO,Europe,2012,2010,0.49500000000000005,12,E
Faroe Islands,FRO,Europe,2013,2010,0.7864999999999999,12,E
Faroe Islands,FRO,Europe,2014,2010,1.7841666666666667,12,E
Faroe Islands,FRO,Europe,2015,2010,0.9874999999999999,12,E
Faroe Islands,FRO,Europe,2016,2010,1.04325,12,E
Faroe Islands,FRO,Europe,2017,2010,1.3553333333333333,12,E
Faroe Islands,FRO,Europe,2018,2010,1.0645833333333334,12,E
Faroe Islands,FRO,Europe,2019,2010,0.8970833333333333,12,E
Faroe Islands,FRO,Europe,2020,2020,0.9405833333333332,12,E
Faroe Islands,FRO,Europe,2021,2020,1.0048333333333332,12,E
Faroe Islands,FRO,Europe,2022,2020,1.1689166666666668,12,E
Faroe Islands,FRO,Europe,2023,2020,0.952,12,E
Faroe Islands,FRO,Europe,2024,2020,1.0933333333333335,12,E
Faroe Islands,FRO,Europe,2025,2020,1.8711666666666666,12,E
Micronesia (country),FSM,Oceania,1991,1990,0.16674999999999998,12,E
Micronesia (country),FSM,Oceania,1992,1990,0.39875,12,E
Micronesia (country),FSM,Oceania,1993,1990,0.09883333333333333,12,E
Micronesia (country),FSM,Oceania,1994,1990,0.3549166666666667,12,E
Micronesia (country),FSM,Oceania,1995,1990,0.4283333333333334,12,E
Micronesia (country),FSM,Oceania,1996,1990,0.4943333333333333,12,E
Micronesia (country),FSM,Oceania,1997,1990,0.26133333333333336,12,E
Micronesia (country),FSM,Oceania,1998,1990,0.49541666666666667,12,E
Micronesia (country),FSM,Oceania,1999,1990,0.26099999999999995,12,E
Micronesia (country),FSM,Oceania,2000,2000,0.4045,12,E
Micronesia (country),FSM,Oceania,2001,2000,0.6128333333333333,12,E
Micronesia (country),FSM,Oceania,2002,2000,0.5144166666666666,12,E
Micronesia (country),FSM,Oceania,2003,2000,0.514,12,E
Micronesia (country),FSM,Oceania,2004,2000,0.65975,12,E
Micronesia (country),FSM,Oceania,2005,2000,0.71625,12,E
Micronesia (country),FSM,Oceania,2006,2000,0.731,12,E
Micronesia (country),FSM,Oceania,2007,2000,0.6024166666666667,12,E
Micronesia (country),FSM,Oceania,2008,2000,0.44525,12,E
Micronesia (country),FSM,Oceania,2009,2000,0.7851666666666667,12,E
Micronesia (country),FSM,Oceania,2010,2010,0.9051666666666667,12,E
Micronesia (country),FSM,Oceania,2011,2010,0.6986666666666667,12,E
Micronesia (country),FSM,Oceania,2012,2010,1.0695833333333333,12,E
Micronesia (country),FSM,Oceania,2013,2010,1.1085833333333335,12,E
Micronesia (country),FSM,Oceania,2014,2010,0.9249166666666667,12,E
Micronesia (country),FSM,Oceania,2015,2010,0.9968333333333333,12,E
Micronesia (country),FSM,Oceania,2016,2010,1.3841666666666665,12,E
Micronesia (country),FSM,Oceania,2017,2010,1.4115833333333334,12,E
Micronesia (country),FSM,Oceania,2018,2010,1.29775,12,E
Micronesia (country),FSM,Oceania,2019,2010,1.3456666666666666,12,E
Micronesia (country),FSM,Oceania,2020,2020,1.4376666666666666,12,E
Micronesia (country),FSM,Oceania,2021,2020,1.193,12,E
Micronesia (country),FSM,Oceania,2022,2020,1.165,12,E
Micronesia (country),FSM,Oceania,2023,2020,1.29175,12,E
Micronesia (country),FSM,Oceania,2024,2020,1.5196666666666667,12,E
Micronesia (country),FSM,Oceania,2025,2020,1.3139166666666666,12,E
Gabon,GAB,Africa,1961,1960,-0.16441666666666668,12,E
Gabon,GAB,Africa,1962,1960,-0.021166666666666667,12,E
Gabon,GAB,Africa,1963,1960,0.23825,12,E
Gabon,GAB,Africa,1964,1960,-0.16166666666666665,12,E
Gabon,GAB,Africa,1965,1960,-0.12266666666666666,12,E
Gabon,GAB,Africa,1966,1960,0.18933333333333333,12,E
Gabon,GAB,Africa,1967,1960,-0.09500000000000001,12,E
Gabon,GAB,Africa,1968,1960,-0.12708333333333333,12,E
Gabon,GAB,Africa,1969,1960,0.16441666666666668,12,E
Gabon,GAB,Africa,1970,1970,0.171,12,E
Gabon,GAB,Africa,1971,1970,-0.060416666666666674,12,E
Gabon,GAB,Africa,1972,1970,0.06233333333333333,12,E
Gabon,GAB,Africa,1973,1970,0.44816666666666666,12,E
Gabon,GAB,Africa,1974,1970,-0.050416666666666665,12,E
Gabon,GAB,Africa,1975,1970,-0.08616666666666667,12,E
Gabon,GAB,Africa,1976,1970,-0.31175,12,E
Gabon,GAB,Africa,1977,1970,0.26066666666666666,12,E
Gabon,GAB,Africa,1978,1970,0.11083333333333334,12,E
Gabon,GAB,Africa,1979,1970,0.39875,12,E
Gabon,GAB,Africa,1980,1980,0.3259166666666667,12,E
Gabon,GAB,Africa,1981,1980,-0.22774999999999998,12,E
Gabon,GAB,Africa,1982,1980,-0.33416666666666667,12,E
Gabon,GAB,Africa,1983,1980,0.12608333333333333,12,E
Gabon,GAB,Africa,1984,1980,0.19866666666666666,12,E
Gabon,GAB,Africa,1985,1980,-0.24608333333333335,12,E
Gabon,GAB,Africa,1986,1980,-0.14925000000000002,12,E
Gabon,GAB,Africa,1987,1980,0.2975833333333333,12,E
Gabon,GAB,Africa,1988,1980,0.15566666666666665,12,E
Gabon,GAB,Africa,1989,1980,-0.029000000000000012,12,E
Gabon,GAB,Africa,1990,1990,,11,
Gabon,GAB,Africa,1991,1990,,11,
Gabon,GAB,Africa,1992,1990,-0.2654166666666667,12,E
Gabon,GAB,Africa,1993,1990,0.18275,12,E
Gabon,GAB,Africa,1994,1990,0.1585,12,E
Gabon,GAB,Africa,1995,1990,0.52725,12,E
Gabon,GAB,Africa,1996,1990,0.08308333333333333,12,E
Gabon,GAB,Africa,1997,1990,,8,
Gabon,GAB,Africa,1998,1990,1.0854166666666667,12,E
Gabon,GAB,Africa,1999,1990,0.5356666666666666,12,E
Gabon,GAB,Africa,2000,2000,0.30550000000000005,12,E
Gabon,GAB,Africa,2001,2000,0.27925,12,E
Gabon,GAB,Africa,2002,2000,0.6710833333333334,12,E
Gabon,GAB,Africa,2003,2000,0.8432499999999999,12,E
Gabon,GAB,Africa,2004,2000,0.7969166666666666,12,E
Gabon,GAB,Africa,2005,2000,0.649,12,E
Gabon,GAB,Africa,2006,2000,0.6575833333333333,12,E
Gabon,GAB,Africa,2007,2000,0.8078333333333333,12,E
Gabon,GAB,Africa,2008,2000,0.7258333333333334,12,E
Gabon,GAB,Africa,2009,2000,0.6860833333333334,12,E
Gabon,GAB,Africa,2010,2010,0.9885,12,E
Gabon,GAB,Africa,2011,2010,0.4535,12,E
Gabon,GAB,Africa,2012,2010,0.5274166666666666,12,E
Gabon,GAB,Africa,2013,2010,0.608,12,E
Gabon,GAB,Africa,2014,2010,0.7150833333333333,12,E
Gabon,GAB,Africa,2015,2010,0.9166666666666666,12,E
Gabon,GAB,Africa,2016,2010,1.3835,12,E
Gabon,GAB,Africa,2017,2010,1.1450833333333332,12,E
Gabon,GAB,Africa,2018,2010,0.92925,12,E
Gabon,GAB,Africa,2019,2010,1.4525833333333333,12,E
Gabon,GAB,Africa,2020,2020,1.2495833333333335,12,E
Gabon,GAB,Africa,2021,2020,1.0113333333333332,12,E
Gabon,GAB,Africa,2022,2020,0.8725,12,E
Gabon,GAB,Africa,2023,2020,1.1511666666666667,12,E
Gabon,GAB,Africa,2024,2020,1.571,12,E
Gabon,GAB,Africa,2025,2020,1.0563333333333333,12,E
United Kingdom,GBR,Europe,1961,1960,0.38566666666666666,12,E
United Kingdom,GBR,Europe,1962,1960,-0.6817500000000001,12,E
United Kingdom,GBR,Europe,1963,1960,-0.8604166666666666,12,E
United Kingdom,GBR,Europe,1964,1960,0.046499999999999986,12,E
United Kingdom,GBR,Europe,1965,1960,-0.5378333333333333,12,E
United Kingdom,GBR,Europe,1966,1960,-0.07766666666666666,12,E
United Kingdom,GBR,Europe,1967,1960,0.16783333333333336,12,E
United Kingdom,GBR,Europe,1968,1960,-0.14758333333333332,12,E
United Kingdom,GBR,Europe,1969,1960,-0.21866666666666665,12,E
United Kingdom,GBR,Europe,1970,1970,-0.007083333333333326,12,E
United Kingdom,GBR,Europe,1971,1970,0.43875000000000003,12,E
United Kingdom,GBR,Europe,1972,1970,-0.15683333333333335,12,E
United Kingdom,GBR,Europe,1973,1970,0.11408333333333333,12,E
United Kingdom,GBR,Europe,1974,1970,0.12883333333333333,12,E
United Kingdom,GBR,Europe,1975,1970,0.45474999999999993,12,E
United Kingdom,GBR,Europe,1976,1970,0.4523333333333333,12,E
United Kingdom,GBR,Europe,1977,1970,-0.01999999999999998,12,E
United Kingdom,GBR,Europe,1978,1970,-0.08975000000000004,12,E
United Kingdom,GBR,Europe,1979,1970,-0.7116666666666668,12,E
United Kingdom,GBR,Europe,1980,1980,-0.012416666666666668,12,E
United Kingdom,GBR,Europe,1981,1980,-0.1915,12,E
United Kingdom,GBR,Europe,1982,1980,0.35833333333333334,12,E
United Kingdom,GBR,Europe,1983,1980,0.47408333333333336,12,E
United Kingdom,GBR,Europe,1984,1980,0.29383333333333334,12,E
United Kingdom,GBR,Europe,1985,1980,-0.5145833333333334,12,E
United Kingdom,GBR,Europe,1986,1980,-0.6324166666666666,12,E
United Kingdom,GBR,Europe,1987,1980,-0.2764166666666667,12,E
United Kingdom,GBR,Europe,1988,1980,0.4424166666666666,12,E
United Kingdom,GBR,Europe,1989,1980,0.88675,12,E
United Kingdom,GBR,Europe,1990,1990,1.014,12,E
United Kingdom,GBR,Europe,1991,1990,0.2531666666666667,12,E
United Kingdom,GBR,Europe,1992,1990,0.40225,12,E
United Kingdom,GBR,Europe,1993,1990,0.023416666666666686,12,E
United Kingdom,GBR,Europe,1994,1990,0.5167499999999999,12,E
United Kingdom,GBR,Europe,1995,1990,0.8151666666666667,12,E
United Kingdom,GBR,Europe,1996,1990,-0.08516666666666665,12,E
United Kingdom,GBR,Europe,1997,1990,1.1019166666666667,12,E
United Kingdom,GBR,Europe,1998,1990,0.8205833333333333,12,E
United Kingdom,GBR,Europe,1999,1990,1.0111666666666668,12,E
United Kingdom,GBR,Europe,2000,2000,0.7895,12,E
United Kingdom,GBR,Europe,2001,2000,0.49091666666666667,12,E
United Kingdom,GBR,Europe,2002,2000,1.1188333333333333,12,E
United Kingdom,GBR,Europe,2003,2000,1.1311666666666667,12,E
United Kingdom,GBR,Europe,2004,2000,1.0706666666666667,12,E
United Kingdom,GBR,Europe,2005,2000,1.0516666666666667,12,E
United Kingdom,GBR,Europe,2006,2000,1.3368333333333335,12,E
United Kingdom,GBR,Europe,2007,2000,1.2295833333333333,12,E
United Kingdom,GBR,Europe,2008,2000,0.7141666666666667,12,E
United Kingdom,GBR,Europe,2009,2000,0.8460833333333334,12,E
United Kingdom,GBR,Europe,2010,2010,-0.316,12,E
United Kingdom,GBR,Europe,2011,2010,1.2650833333333333,12,E
United Kingdom,GBR,Europe,2012,2010,0.48158333333333325,12,E
United Kingdom,GBR,Europe,2013,2010,0.4831666666666667,12,E
United Kingdom,GBR,Europe,2014,2010,1.5770833333333334,12,E
United Kingdom,GBR,Europe,2015,2010,0.8593333333333334,12,E
United Kingdom,GBR,Europe,2016,2010,0.9987499999999999,12,E
United Kingdom,GBR,Europe,2017,2010,1.2739166666666668,12,E
United Kingdom,GBR,Europe,2018,2010,1.1183333333333334,12,E
United Kingdom,GBR,Europe,2019,2010,1.1575,12,E
United Kingdom,GBR,Europe,2020,2020,1.3093333333333332,12,E
United Kingdom,GBR,Europe,2021,2020,0.9862500000000001,12,E
United Kingdom,GBR,Europe,2022,2020,1.7258333333333333,12,E
United Kingdom,GBR,Europe,2023,2020,1.6829166666666666,12,E
United Kingdom,GBR,Europe,2024,2020,1.5070833333333333,12,E
United Kingdom,GBR,Europe,2025,2020,1.8322500000000002,12,E
Georgia,GEO,Asia,1992,1990,-1.2329999999999999,12,E
Georgia,GEO,Asia,1993,1990,-1.0779166666666666,12,E
Georgia,GEO,Asia,1994,1990,0.15375000000000005,12,E
Georgia,GEO,Asia,1995,1990,0.9580833333333333,12,E
Georgia,GEO,Asia,1996,1990,0.59175,12,E
Georgia,GEO,Asia,1997,1990,0.13291666666666668,12,E
Georgia,GEO,Asia,1998,1990,1.3935833333333332,12,E
Georgia,GEO,Asia,1999,1990,1.3255,12,E
Georgia,GEO,Asia,2000,2000,0.80425,12,E
Georgia,GEO,Asia,2001,2000,1.1933333333333334,12,E
Georgia,GEO,Asia,2002,2000,0.5596666666666666,12,E
Georgia,GEO,Asia,2003,2000,0.15666666666666665,12,E
Georgia,GEO,Asia,2004,2000,0.6614166666666667,12,E
Georgia,GEO,Asia,2005,2000,0.7610833333333332,12,E
Georgia,GEO,Asia,2006,2000,0.93925,12,E
Georgia,GEO,Asia,2007,2000,0.8649166666666667,12,E
Georgia,GEO,Asia,2008,2000,0.6560833333333335,12,E
Georgia,GEO,Asia,2009,2000,0.90725,12,E
Georgia,GEO,Asia,2010,2010,2.583083333333333,12,E
Georgia,GEO,Asia,2011,2010,0.040250000000000084,12,E
Georgia,GEO,Asia,2012,2010,1.2489999999999999,12,E
Georgia,GEO,Asia,2013,2010,1.0449166666666667,12,E
Georgia,GEO,Asia,2014,2010,1.5660833333333333,12,E
Georgia,GEO,Asia,2015,2010,1.5158333333333331,12,E
Georgia,GEO,Asia,2016,2010,1.00675,12,E
Georgia,GEO,Asia,2017,2010,1.2019166666666667,12,E
Georgia,GEO,Asia,2018,2010,2.3713333333333333,12,E
Georgia,GEO,Asia,2019,2010,1.7540833333333332,12,E
Georgia,GEO,Asia,2020,2020,1.7891666666666666,12,E
Georgia,GEO,Asia,2021,2020,1.7659166666666666,12,E
Georgia,GEO,Asia,2022,2020,1.6106666666666667,12,E
Georgia,GEO,Asia,2023,2020,2.1856666666666666,12,E
Georgia,GEO,Asia,2024,2020,2.2424166666666667,12,E
Georgia,GEO,Asia,2025,2020,1.7306666666666668,12,E
Guernsey,GGY,Europe,1961,1960,0.6705,12,E
Guernsey,GGY,Europe,1962,1960,-0.7665000000000001,12,E
Guernsey,GGY,Europe,1963,1960,-1.2045833333333333,12,E
Guernsey,GGY,Europe,1964,1960,-0.1131666666666667,12,E
Guernsey,GGY,Europe,1965,1960,-0.4845,12,E
Guernsey,GGY,Europe,1966,1960,0.3593333333333333,12,E
Guernsey,GGY,Europe,1967,1960,0.10683333333333334,12,E
Guernsey,GGY,Europe,1968,1960,-0.077,12,E
Guernsey,GGY,Europe,1969,1960,0.15383333333333335,12,E
Guernsey,GGY,Europe,1970,1970,0.06933333333333332,12,E
Guernsey,GGY,Europe,1971,1970,0.21091666666666664,12,E
Guernsey,GGY,Europe,1972,1970,-0.29983333333333334,12,E
Guernsey,GGY,Europe,1973,1970,0.11,12,E
Guernsey,GGY,Europe,1974,1970,0.14275000000000002,12,E
Guernsey,GGY,Europe,1975,1970,0.36591666666666667,12,E
Guernsey,GGY,Europe,1976,1970,0.5917500000000001,12,E
Guernsey,GGY,Europe,1977,1970,0.11925000000000001,12,E
Guernsey,GGY,Europe,1978,1970,-0.03466666666666667,12,E
Guernsey,GGY,Europe,1979,1970,-0.502,12,E
Guernsey,GGY,Europe,1980,1980,-0.24233333333333332,12,E
Guernsey,GGY,Europe,1981,1980,0.09075,12,E
Guernsey,GGY,Europe,1982,1980,0.6304166666666666,12,E
Guernsey,GGY,Europe,1983,1980,0.5455833333333333,12,E
Guernsey,GGY,Europe,1984,1980,0.309,12,E
Guernsey,GGY,Europe,1985,1980,-0.40499999999999997,12,E
Guernsey,GGY,Europe,1986,1980,-0.6711666666666667,12,E
Guernsey,GGY,Europe,1987,1980,-0.28108333333333335,12,E
Guernsey,GGY,Europe,1988,1980,0.5690000000000001,12,E
Guernsey,GGY,Europe,1989,1980,1.3808333333333334,12,E
Guernsey,GGY,Europe,1990,1990,1.37775,12,E
Guernsey,GGY,Europe,1991,1990,0.07358333333333335,12,E
Guernsey,GGY,Europe,1992,1990,0.5159166666666667,12,E
Guernsey,GGY,Europe,1993,1990,0.22975,12,E
Guernsey,GGY,Europe,1994,1990,1.1305833333333333,12,E
Guernsey,GGY,Europe,1995,1990,1.2411666666666668,12,E
Guernsey,GGY,Europe,1996,1990,0.013833333333333309,12,E
Guernsey,GGY,Europe,1997,1990,1.1620000000000001,12,E
Guernsey,GGY,Europe,1998,1990,0.8309166666666666,12,E
Guernsey,GGY,Europe,1999,1990,1.31225,12,E
Guernsey,GGY,Europe,2000,2000,0.93125,12,E
Guernsey,GGY,Europe,2001,2000,0.8159166666666667,12,E
Guernsey,GGY,Europe,2002,2000,1.2871666666666666,12,E
Guernsey,GGY,Europe,2003,2000,1.2606666666666666,12,E
Guernsey,GGY,Europe,2004,2000,0.9977499999999999,12,E
Guernsey,GGY,Europe,2005,2000,1.09975,12,E
Guernsey,GGY,Europe,2006,2000,1.3206666666666667,12,E
Guernsey,GGY,Europe,2007,2000,1.2123333333333333,12,E
Guernsey,GGY,Europe,2008,2000,0.7333333333333334,12,E
Guernsey,GGY,Europe,2009,2000,0.7632499999999999,12,E
Guernsey,GGY,Europe,2010,2010,-0.10466666666666664,12,E
Guernsey,GGY,Europe,2011,2010,1.5491666666666666,12,E
Guernsey,GGY,Europe,2012,2010,0.7200833333333333,12,E
Guernsey,GGY,Europe,2013,2010,0.5549166666666667,12,E
Guernsey,GGY,Europe,2014,2010,1.774,12,E
Guernsey,GGY,Europe,2015,2010,1.4184166666666667,12,E
Guernsey,GGY,Europe,2016,2010,1.17525,12,E
Guernsey,GGY,Europe,2017,2010,1.49275,12,E
Guernsey,GGY,Europe,2018,2010,1.5353333333333332,12,E
Guernsey,GGY,Europe,2019,2010,1.4625000000000001,12,E
Guernsey,GGY,Europe,2020,2020,1.9384166666666667,12,E
Guernsey,GGY,Europe,2021,2020,1.0884166666666666,12,E
Guernsey,GGY,Europe,2022,2020,2.2264166666666667,12,E
Guernsey,GGY,Europe,2023,2020,2.231333333333333,12,E
Guernsey,GGY,Europe,2024,2020,1.7916666666666667,12,E
Guernsey,GGY,Europe,2025,2020,1.9708333333333332,12,E
Ghana,GHA,Africa,1961,1960,-0.15716666666666668,12,E
Ghana,GHA,Africa,1962,1960,-0.15991666666666668,12,E
Ghana,GHA,Africa,1963,1960,0.17508333333333334,12,E
Ghana,GHA,Africa,1964,1960,-0.24133333333333332,12,E
Ghana,GHA,Africa,1965,1960,-0.12433333333333334,12,E
Ghana,GHA,Africa,1966,1960,0.16866666666666666,12,E
Ghana,GHA,Africa,1967,1960,-0.17208333333333334,12,E
Ghana,GHA,Africa,1968,1960,-0.022250000000000002,12,E
Ghana,GHA,Africa,1969,1960,0.36116666666666664,12,E
Ghana,GHA,Africa,1970,1970,0.2765,12,E
Ghana,GHA,Africa,1971,1970,-0.15575,12,E
Ghana,GHA,Africa,1972,1970,0.09849999999999999,12,E
Ghana,GHA,Africa,1973,1970,0.5585,12,E
Ghana,GHA,Africa,1974,1970,-0.054333333333333324,12,E
Ghana,GHA,Africa,1975,1970,-0.15658333333333332,12,E
Ghana,GHA,Africa,1976,1970,-0.3526666666666667,12,E
Ghana,GHA,Africa,1977,1970,0.2881666666666667,12,E
Ghana,GHA,Africa,1978,1970,0.1825,12,E
Ghana,GHA,Africa,1979,1970,0.51175,12,E
Ghana,GHA,Africa,1980,1980,0.41958333333333336,12,E
Ghana,GHA,Africa,1981,1980,0.35308333333333336,12,E
Ghana,GHA,Africa,1982,1980,0.1535,12,E
Ghana,GHA,Africa,1983,1980,0.7271666666666667,12,E
Ghana,GHA,Africa,1984,1980,0.5800833333333334,12,E
Ghana,GHA,Africa,1985,1980,0.31775,12,E
Ghana,GHA,Africa,1986,1980,0.28833333333333333,12,E
Ghana,GHA,Africa,1987,1980,1.0468333333333333,12,E
Ghana,GHA,Africa,1988,1980,0.5365,12,E
Ghana,GHA,Africa,1989,1980,0.25225000000000003,12,E
Ghana,GHA,Africa,1990,1990,0.5235,12,E
Ghana,GHA,Africa,1991,1990,0.3065833333333333,12,E
Ghana,GHA,Africa,1992,1990,0.145,12,E
Ghana,GHA,Africa,1993,1990,0.4761666666666667,12,E
Ghana,GHA,Africa,1994,1990,0.45599999999999996,12,E
Ghana,GHA,Africa,1995,1990,0.7275833333333334,12,E
Ghana,GHA,Africa,1996,1990,0.6058333333333333,12,E
Ghana,GHA,Africa,1997,1990,0.42625,12,E
Ghana,GHA,Africa,1998,1990,1.111,12,E
Ghana,GHA,Africa,1999,1990,0.4990833333333333,12,E
Ghana,GHA,Africa,2000,2000,0.42783333333333334,12,E
Ghana,GHA,Africa,2001,2000,0.6103333333333333,12,E
Ghana,GHA,Africa,2002,2000,0.7773333333333333,12,E
Ghana,GHA,Africa,2003,2000,0.9988333333333334,12,E
Ghana,GHA,Africa,2004,2000,0.80425,12,E
Ghana,GHA,Africa,2005,2000,0.9340833333333333,12,E
Ghana,GHA,Africa,2006,2000,0.9538333333333333,12,E
Ghana,GHA,Africa,2007,2000,0.9085,12,E
Ghana,GHA,Africa,2008,2000,0.6835833333333333,12,E
Ghana,GHA,Africa,2009,2000,0.8337499999999999,12,E
Ghana,GHA,Africa,2010,2010,1.1894166666666666,12,E
Ghana,GHA,Africa,2011,2010,0.7915,12,E
Ghana,GHA,Africa,2012,2010,0.5880833333333334,12,E
Ghana,GHA,Africa,2013,2010,0.7798333333333334,12,E
Ghana,GHA,Africa,2014,2010,0.8417499999999999,12,E
Ghana,GHA,Africa,2015,2010,1.075,12,E
Ghana,GHA,Africa,2016,2010,1.2928333333333333,12,E
Ghana,GHA,Africa,2017,2010,1.2071666666666667,12,E
Ghana,GHA,Africa,2018,2010,1.0009166666666667,12,E
Ghana,GHA,Africa,2019,2010,1.22,12,E
Ghana,GHA,Africa,2020,2020,1.2135833333333335,12,E
Ghana,GHA,Africa,2021,2020,1.3995833333333334,12,E
Ghana,GHA,Africa,2022,2020,0.839,12,E
Ghana,GHA,Africa,2023,2020,1.3133333333333332,12,E
Ghana,GHA,Africa,2024,2020,1.633,12,E
Ghana,GHA,Africa,2025,2020,1.3637499999999998,12,E
Gibraltar,GIB,Europe,1961,1960,0.8385833333333333,12,E
Gibraltar,GIB,Europe,1962,1960,0.40166666666666667,12,E
Gibraltar,GIB,Europe,1963,1960,0.13141666666666668,12,E
Gibraltar,GIB,Europe,1964,1960,0.33208333333333334,12,E
Gibraltar,GIB,Europe,1965,1960,0.08650000000000002,12,E
Gibraltar,GIB,Europe,1966,1960,0.17425000000000002,12,E
Gibraltar,GIB,Europe,1967,1960,-0.20533333333333334,12,E
Gibraltar,GIB,Europe,1968,1960,0.14841666666666667,12,E
Gibraltar,GIB,Europe,1969,1960,-0.484,12,E
Gibraltar,GIB,Europe,1970,1970,-0.12533333333333332,12,E
Gibraltar,GIB,Europe,1971,1970,-0.7564166666666666,12,E
Gibraltar,GIB,Europe,1972,1970,-0.8825,12,E
Gibraltar,GIB,Europe,1973,1970,-0.298,12,E
Gibraltar,GIB,Europe,1974,1970,-0.30975,12,E
Gibraltar,GIB,Europe,1975,1970,-0.33225,12,E
Gibraltar,GIB,Europe,1976,1970,-0.42324999999999996,12,E
Gibraltar,GIB,Europe,1977,1970,-0.09475,12,E
Gibraltar,GIB,Europe,1978,1970,0.1160833333333333,12,E
Gibraltar,GIB,Europe,1979,1970,0.14316666666666666,12,E
Gibraltar,GIB,Europe,1980,1980,0.11158333333333333,12,E
Gibraltar,GIB,Europe,1981,1980,0.5391666666666667,12,E
Gibraltar,GIB,Europe,1982,1980,0.13516666666666666,12,E
Gibraltar,GIB,Europe,1983,1980,0.4719166666666667,12,E
Gibraltar,GIB,Europe,1984,1980,-0.23433333333333337,12,E
Gibraltar,GIB,Europe,1985,1980,0.4683333333333333,12,E
Gibraltar,GIB,Europe,1986,1980,0.06916666666666665,12,E
Gibraltar,GIB,Europe,1987,1980,0.6288333333333334,12,E
Gibraltar,GIB,Europe,1988,1980,0.5274166666666666,12,E
Gibraltar,GIB,Europe,1989,1980,1.10425,12,E
Gibraltar,GIB,Europe,1990,1990,0.8835000000000001,12,E
Gibraltar,GIB,Europe,1991,1990,0.18041666666666667,12,E
Gibraltar,GIB,Europe,1992,1990,0.1445,12,E
Gibraltar,GIB,Europe,1993,1990,-0.18625,12,E
Gibraltar,GIB,Europe,1994,1990,0.78625,12,E
Gibraltar,GIB,Europe,1995,1990,1.3883333333333334,12,E
Gibraltar,GIB,Europe,1996,1990,0.5656666666666667,12,E
Gibraltar,GIB,Europe,1997,1990,1.39,12,E
Gibraltar,GIB,Europe,1998,1990,0.8890833333333333,12,E
Gibraltar,GIB,Europe,1999,1990,0.7345,12,E
Gibraltar,GIB,Europe,2000,2000,0.8270833333333333,12,E
Gibraltar,GIB,Europe,2001,2000,1.1190833333333334,12,E
Gibraltar,GIB,Europe,2002,2000,0.8845833333333334,12,E
Gibraltar,GIB,Europe,2003,2000,1.1546666666666667,12,E
Gibraltar,GIB,Europe,2004,2000,0.8735833333333334,12,E
Gibraltar,GIB,Europe,2005,2000,0.7788333333333334,12,E
Gibraltar,GIB,Europe,2006,2000,1.29225,12,E
Gibraltar,GIB,Europe,2007,2000,0.8190833333333334,12,E
Gibraltar,GIB,Europe,2008,2000,0.7906666666666666,12,E
Gibraltar,GIB,Europe,2009,2000,1.3583333333333334,12,E
Gibraltar,GIB,Europe,2010,2010,1.2389166666666667,12,E
Gibraltar,GIB,Europe,2011,2010,1.498,12,E
Gibraltar,GIB,Europe,2012,2010,0.9033333333333333,12,E
Gibraltar,GIB,Europe,2013,2010,0.82775,12,E
Gibraltar,GIB,Europe,2014,2010,1.3314166666666667,12,E
Gibraltar,GIB,Europe,2015,2010,1.6196666666666666,12,E
Gibraltar,GIB,Europe,2016,2010,1.6206666666666667,12,E
Gibraltar,GIB,Europe,2017,2010,1.88175,12,E
Gibraltar,GIB,Europe,2018,2010,0.87525,12,E
Gibraltar,GIB,Europe,2019,2010,1.3290833333333334,12,E
Gibraltar,GIB,Europe,2020,2020,1.7851666666666668,12,E
Gibraltar,GIB,Europe,2021,2020,1.5070833333333333,12,E
Gibraltar,GIB,Europe,2022,2020,2.25975,12,E
Gibraltar,GIB,Europe,2023,2020,2.3331666666666666,12,E
Gibraltar,GIB,Europe,2024,2020,2.19975,12,E
Gibraltar,GIB,Europe,2025,2020,2.2205833333333334,12,E
Guinea,GIN,Africa,1961,1960,-0.18233333333333335,12,E
Guinea,GIN,Africa,1962,1960,-0.17408333333333334,12,E
Guinea,GIN,Africa,1963,1960,0.14841666666666667,12,E
Guinea,GIN,Africa,1964,1960,-0.12491666666666668,12,E
Guinea,GIN,Africa,1965,1960,-0.24083333333333334,12,E
Guinea,GIN,Africa,1966,1960,0.05333333333333334,12,E
Guinea,GIN,Africa,1967,1960,-0.288,12,E
Guinea,GIN,Africa,1968,1960,-0.04999999999999999,12,E
Guinea,GIN,Africa,1969,1960,0.39691666666666664,12,E
Guinea,GIN,Africa,1970,1970,0.2810833333333333,12,E
Guinea,GIN,Africa,1971,1970,-0.125,12,E
Guinea,GIN,Africa,1972,1970,0.21208333333333332,12,E
Guinea,GIN,Africa,1973,1970,0.5248333333333334,12,E
Guinea,GIN,Africa,1974,1970,-0.04233333333333333,12,E
Guinea,GIN,Africa,1975,1970,-0.19441666666666668,12,E
Guinea,GIN,Africa,1976,1970,-0.2718333333333333,12,E
Guinea,GIN,Africa,1977,1970,0.2806666666666667,12,E
Guinea,GIN,Africa,1978,1970,0.21858333333333335,12,E
Guinea,GIN,Africa,1979,1970,0.5195,12,E
Guinea,GIN,Africa,1980,1980,0.64675,12,E
Guinea,GIN,Africa,1981,1980,0.44,12,E
Guinea,GIN,Africa,1982,1980,0.1699166666666667,12,E
Guinea,GIN,Africa,1983,1980,0.74225,12,E
Guinea,GIN,Africa,1984,1980,0.41008333333333336,12,E
Guinea,GIN,Africa,1985,1980,0.4519166666666667,12,E
Guinea,GIN,Africa,1986,1980,0.14175000000000001,12,E
Guinea,GIN,Africa,1987,1980,0.9895,12,E
Guinea,GIN,Africa,1988,1980,0.55325,12,E
Guinea,GIN,Africa,1989,1980,0.35200000000000004,12,E
Guinea,GIN,Africa,1990,1990,0.7798333333333334,12,E
Guinea,GIN,Africa,1991,1990,0.714,12,E
Guinea,GIN,Africa,1992,1990,0.44708333333333333,12,E
Guinea,GIN,Africa,1993,1990,0.7022499999999999,12,E
Guinea,GIN,Africa,1994,1990,0.4656666666666667,12,E
Guinea,GIN,Africa,1995,1990,0.58625,12,E
Guinea,GIN,Africa,1996,1990,0.8461666666666666,12,E
Guinea,GIN,Africa,1997,1990,0.8028333333333334,12,E
Guinea,GIN,Africa,1998,1990,1.17975,12,E
Guinea,GIN,Africa,1999,1990,0.5982500000000001,12,E
Guinea,GIN,Africa,2000,2000,0.6551666666666667,12,E
Guinea,GIN,Africa,2001,2000,0.8758333333333334,12,E
Guinea,GIN,Africa,2002,2000,1.13425,12,E
Guinea,GIN,Africa,2003,2000,1.0250833333333333,12,E
Guinea,GIN,Africa,2004,2000,1.1505,12,E
Guinea,GIN,Africa,2005,2000,1.264,12,E
Guinea,GIN,Africa,2006,2000,1.04925,12,E
Guinea,GIN,Africa,2007,2000,1.046,12,E
Guinea,GIN,Africa,2008,2000,1.10375,12,E
Guinea,GIN,Africa,2009,2000,0.89925,12,E
Guinea,GIN,Africa,2010,2010,1.3104166666666666,12,E
Guinea,GIN,Africa,2011,2010,0.9886666666666667,12,E
Guinea,GIN,Africa,2012,2010,0.646,12,E
Guinea,GIN,Africa,2013,2010,1.0325,12,E
Guinea,GIN,Africa,2014,2010,0.9224166666666666,12,E
Guinea,GIN,Africa,2015,2010,1.1072499999999998,12,E
Guinea,GIN,Africa,2016,2010,1.3625833333333333,12,E
Guinea,GIN,Africa,2017,2010,1.4966666666666668,12,E
Guinea,GIN,Africa,2018,2010,1.2515,12,E
Guinea,GIN,Africa,2019,2010,1.4643333333333333,12,E
Guinea,GIN,Africa,2020,2020,1.5665833333333332,12,E
Guinea,GIN,Africa,2021,2020,1.7775833333333333,12,E
Guinea,GIN,Africa,2022,2020,1.3483333333333334,12,E
Guinea,GIN,Africa,2023,2020,1.6620833333333334,12,E
Guinea,GIN,Africa,2024,2020,1.8194166666666665,12,E
Guinea,GIN,Africa,2025,2020,1.3055833333333333,12,E
Guadeloupe,GLP,North America,1961,1960,0.009750000000000007,12,E
Guadeloupe,GLP,North America,1962,1960,-0.05300000000000001,12,E
Guadeloupe,GLP,North America,1963,1960,0.1709166666666667,12,E
Guadeloupe,GLP,North America,1964,1960,-0.10816666666666667,12,E
Guadeloupe,GLP,North America,1965,1960,-0.2810833333333333,12,E
Guadeloupe,GLP,North America,1966,1960,-0.03566666666666667,12,E
Guadeloupe,GLP,North America,1967,1960,-0.33716666666666667,12,E
Guadeloupe,GLP,North America,1968,1960,-0.20725000000000002,12,E
Guadeloupe,GLP,North America,1969,1960,0.327,12,E
Guadeloupe,GLP,North America,1970,1970,0.0605,12,E
Guadeloupe,GLP,North America,1971,1970,-0.3411666666666667,12,E
Guadeloupe,GLP,North America,1972,1970,-0.12416666666666666,12,E
Guadeloupe,GLP,North America,1973,1970,0.08908333333333333,12,E
Guadeloupe,GLP,North America,1974,1970,-0.35533333333333333,12,E
Guadeloupe,GLP,North America,1975,1970,-0.38008333333333333,12,E
Guadeloupe,GLP,North America,1976,1970,-0.35050000000000003,12,E
Guadeloupe,GLP,North America,1977,1970,0.16758333333333333,12,E
Guadeloupe,GLP,North America,1978,1970,0.14758333333333332,12,E
Guadeloupe,GLP,North America,1979,1970,0.12208333333333334,12,E
Guadeloupe,GLP,North America,1980,1980,0.6133333333333333,12,E
Guadeloupe,GLP,North America,1981,1980,0.5466666666666667,12,E
Guadeloupe,GLP,North America,1982,1980,0.0645,12,E
Guadeloupe,GLP,North America,1983,1980,0.56175,12,E
Guadeloupe,GLP,North America,1984,1980,0.003916666666666665,12,E
Guadeloupe,GLP,North America,1985,1980,0.01241666666666666,12,E
Guadeloupe,GLP,North America,1986,1980,0.026500000000000006,12,E
Guadeloupe,GLP,North America,1987,1980,0.684,12,E
Guadeloupe,GLP,North America,1988,1980,0.316,12,E
Guadeloupe,GLP,North America,1989,1980,0.0305,12,E
Guadeloupe,GLP,North America,1990,1990,0.4270833333333333,12,E
Guadeloupe,GLP,North America,1991,1990,0.41825,12,E
Guadeloupe,GLP,North America,1992,1990,0.44966666666666666,12,E
Guadeloupe,GLP,North America,1993,1990,0.5519166666666667,12,E
Guadeloupe,GLP,North America,1994,1990,0.5315833333333334,12,E
Guadeloupe,GLP,North America,1995,1990,0.6931666666666666,12,E
Guadeloupe,GLP,North America,1996,1990,0.3160833333333333,12,E
Guadeloupe,GLP,North America,1997,1990,0.7073333333333333,12,E
Guadeloupe,GLP,North America,1998,1990,1.0738333333333332,12,E
Guadeloupe,GLP,North America,1999,1990,0.48658333333333337,12,E
Guadeloupe,GLP,North America,2000,2000,0.3145,12,E
Guadeloupe,GLP,North America,2001,2000,0.7145,12,E
Guadeloupe,GLP,North America,2002,2000,0.70325,12,E
Guadeloupe,GLP,North America,2003,2000,0.8003333333333332,12,E
Guadeloupe,GLP,North America,2004,2000,0.5093333333333333,12,E
Guadeloupe,GLP,North America,2005,2000,0.84025,12,E
Guadeloupe,GLP,North America,2006,2000,0.6670833333333334,12,E
Guadeloupe,GLP,North America,2007,2000,0.7689166666666667,12,E
Guadeloupe,GLP,North America,2008,2000,0.23925,12,E
Guadeloupe,GLP,North America,2009,2000,0.5460833333333334,12,E
Guadeloupe,GLP,North America,2010,2010,1.0026666666666666,12,E
Guadeloupe,GLP,North America,2011,2010,0.42891666666666667,12,E
Guadeloupe,GLP,North America,2012,2010,0.58625,12,E
Guadeloupe,GLP,North America,2013,2010,0.6604166666666667,12,E
Guadeloupe,GLP,North America,2014,2010,0.6162500000000001,12,E
Guadeloupe,GLP,North America,2015,2010,0.9603333333333334,12,E
Guadeloupe,GLP,North America,2016,2010,0.9518333333333334,12,E
Guadeloupe,GLP,North America,2017,2010,0.7796666666666666,12,E
Guadeloupe,GLP,North America,2018,2010,0.5437500000000001,12,E
Guadeloupe,GLP,North America,2019,2010,0.876,12,E
Guadeloupe,GLP,North America,2020,2020,1.0410000000000001,12,E
Guadeloupe,GLP,North America,2021,2020,0.8696666666666667,12,E
Guadeloupe,GLP,North America,2022,2020,0.7130000000000001,12,E
Guadeloupe,GLP,North America,2023,2020,1.14975,12,E
Guadeloupe,GLP,North America,2024,2020,1.5944166666666666,12,E
Guadeloupe,GLP,North America,2025,2020,1.117,12,E
Gambia,GMB,Africa,1961,1960,-0.08716666666666666,12,E
Gambia,GMB,Africa,1962,1960,-0.019583333333333338,12,E
Gambia,GMB,Africa,1963,1960,0.09649999999999999,12,E
Gambia,GMB,Africa,1964,1960,-0.11858333333333333,12,E
Gambia,GMB,Africa,1965,1960,-0.48708333333333337,12,E
Gambia,GMB,Africa,1966,1960,0.03016666666666666,12,E
Gambia,GMB,Africa,1967,1960,-0.45366666666666666,12,E
Gambia,GMB,Africa,1968,1960,-0.37875,12,E
Gambia,GMB,Africa,1969,1960,0.7524166666666666,12,E
Gambia,GMB,Africa,1970,1970,0.42766666666666664,12,E
Gambia,GMB,Africa,1971,1970,-0.12466666666666666,12,E
Gambia,GMB,Africa,1972,1970,0.30624999999999997,12,E
Gambia,GMB,Africa,1973,1970,0.59725,12,E
Gambia,GMB,Africa,1974,1970,-0.22158333333333333,12,E
Gambia,GMB,Africa,1975,1970,-0.16258333333333333,12,E
Gambia,GMB,Africa,1976,1970,-0.13341666666666666,12,E
Gambia,GMB,Africa,1977,1970,0.6058333333333333,12,E
Gambia,GMB,Africa,1978,1970,0.23708333333333334,12,E
Gambia,GMB,Africa,1979,1970,0.6314166666666666,12,E
Gambia,GMB,Africa,1980,1980,0.6339166666666667,12,E
Gambia,GMB,Africa,1981,1980,0.64575,12,E
Gambia,GMB,Africa,1982,1980,0.21316666666666664,12,E
Gambia,GMB,Africa,1983,1980,1.2429166666666667,12,E
Gambia,GMB,Africa,1984,1980,0.557,12,E
Gambia,GMB,Africa,1985,1980,0.42008333333333336,12,E
Gambia,GMB,Africa,1986,1980,0.6651666666666666,12,E
Gambia,GMB,Africa,1987,1980,1.0767499999999999,12,E
Gambia,GMB,Africa,1988,1980,0.8377500000000001,12,E
Gambia,GMB,Africa,1989,1980,0.7665833333333333,12,E
Gambia,GMB,Africa,1990,1990,1.2206666666666666,12,E
Gambia,GMB,Africa,1991,1990,0.8704166666666667,12,E
Gambia,GMB,Africa,1992,1990,0.9015833333333333,12,E
Gambia,GMB,Africa,1993,1990,1.1124166666666666,12,E
Gambia,GMB,Africa,1994,1990,0.7735,12,E
Gambia,GMB,Africa,1995,1990,0.9445833333333334,12,E
Gambia,GMB,Africa,1996,1990,1.1971666666666667,12,E
Gambia,GMB,Africa,1997,1990,1.2899166666666666,12,E
Gambia,GMB,Africa,1998,1990,1.623,12,E
Gambia,GMB,Africa,1999,1990,0.8335833333333333,12,E
Gambia,GMB,Africa,2000,2000,1.0085,12,E
Gambia,GMB,Africa,2001,2000,1.4928333333333335,12,E
Gambia,GMB,Africa,2002,2000,1.3838333333333335,12,E
Gambia,GMB,Africa,2003,2000,0.9250833333333333,12,E
Gambia,GMB,Africa,2004,2000,1.1870833333333333,12,E
Gambia,GMB,Africa,2005,2000,1.4552500000000002,12,E
Gambia,GMB,Africa,2006,2000,0.97225,12,E
Gambia,GMB,Africa,2007,2000,1.1738333333333333,12,E
Gambia,GMB,Africa,2008,2000,1.3916666666666666,12,E
Gambia,GMB,Africa,2009,2000,0.681,12,E
Gambia,GMB,Africa,2010,2010,1.4937500000000001,12,E
Gambia,GMB,Africa,2011,2010,0.9779166666666667,12,E
Gambia,GMB,Africa,2012,2010,1.0499166666666666,12,E
Gambia,GMB,Africa,2013,2010,1.1329166666666668,12,E
Gambia,GMB,Africa,2014,2010,1.2841666666666667,12,E
Gambia,GMB,Africa,2015,2010,1.2680833333333335,12,E
Gambia,GMB,Africa,2016,2010,1.7619166666666668,12,E
Gambia,GMB,Africa,2017,2010,1.6845833333333333,12,E
Gambia,GMB,Africa,2018,2010,1.1475833333333334,12,E
Gambia,GMB,Africa,2019,2010,1.4072500000000001,12,E
Gambia,GMB,Africa,2020,2020,1.9177499999999998,12,E
Gambia,GMB,Africa,2021,2020,1.8125,12,E
Gambia,GMB,Africa,2022,2020,1.3978333333333335,12,E
Gambia,GMB,Africa,2023,2020,1.8875833333333334,12,E
Gambia,GMB,Africa,2024,2020,1.8588333333333333,12,E
Gambia,GMB,Africa,2025,2020,1.3847500000000001,12,E
Guinea-Bissau,GNB,Africa,1961,1960,-0.09833333333333333,12,E
Guinea-Bissau,GNB,Africa,1962,1960,-0.08216666666666665,12,E
Guinea-Bissau,GNB,Africa,1963,1960,0.13466666666666668,12,E
Guinea-Bissau,GNB,Africa,1964,1960,-0.17658333333333331,12,E
Guinea-Bissau,GNB,Africa,1965,1960,-0.41758333333333336,12,E
Guinea-Bissau,GNB,Africa,1966,1960,0.030416666666666665,12,E
Guinea-Bissau,GNB,Africa,1967,1960,-0.3476666666666666,12,E
Guinea-Bissau,GNB,Africa,1968,1960,-0.2985,12,E
Guinea-Bissau,GNB,Africa,1969,1960,0.6615833333333333,12,E
Guinea-Bissau,GNB,Africa,1970,1970,0.3518333333333334,12,E
Guinea-Bissau,GNB,Africa,1971,1970,-0.124,12,E
Guinea-Bissau,GNB,Africa,1972,1970,0.25566666666666665,12,E
Guinea-Bissau,GNB,Africa,1973,1970,0.5054166666666666,12,E
Guinea-Bissau,GNB,Africa,1974,1970,-0.16066666666666665,12,E
Guinea-Bissau,GNB,Africa,1975,1970,-0.19341666666666668,12,E
Guinea-Bissau,GNB,Africa,1976,1970,-0.16066666666666668,12,E
Guinea-Bissau,GNB,Africa,1977,1970,0.4429166666666666,12,E
Guinea-Bissau,GNB,Africa,1978,1970,0.17858333333333332,12,E
Guinea-Bissau,GNB,Africa,1979,1970,0.5316666666666666,12,E
Guinea-Bissau,GNB,Africa,1980,1980,0.5294166666666666,12,E
Guinea-Bissau,GNB,Africa,1981,1980,0.5034166666666666,12,E
Guinea-Bissau,GNB,Africa,1982,1980,0.2195,12,E
Guinea-Bissau,GNB,Africa,1983,1980,1.03475,12,E
Guinea-Bissau,GNB,Africa,1984,1980,0.48933333333333334,12,E
Guinea-Bissau,GNB,Africa,1985,1980,0.45249999999999996,12,E
Guinea-Bissau,GNB,Africa,1986,1980,0.5584166666666667,12,E
Guinea-Bissau,GNB,Africa,1987,1980,0.8801666666666667,12,E
Guinea-Bissau,GNB,Africa,1988,1980,0.7214999999999999,12,E
Guinea-Bissau,GNB,Africa,1989,1980,0.6281666666666667,12,E
Guinea-Bissau,GNB,Africa,1990,1990,1.0520833333333333,12,E
Guinea-Bissau,GNB,Africa,1991,1990,0.82875,12,E
Guinea-Bissau,GNB,Africa,1992,1990,0.7631666666666667,12,E
Guinea-Bissau,GNB,Africa,1993,1990,0.9834999999999999,12,E
Guinea-Bissau,GNB,Africa,1994,1990,0.7338333333333334,12,E
Guinea-Bissau,GNB,Africa,1995,1990,0.892,12,E
Guinea-Bissau,GNB,Africa,1996,1990,1.0566666666666666,12,E
Guinea-Bissau,GNB,Africa,1997,1990,1.1905,12,E
Guinea-Bissau,GNB,Africa,1998,1990,1.6735,12,E
Guinea-Bissau,GNB,Africa,1999,1990,0.8621666666666666,12,E
Guinea-Bissau,GNB,Africa,2000,2000,1.0550833333333334,12,E
Guinea-Bissau,GNB,Africa,2001,2000,1.37775,12,E
Guinea-Bissau,GNB,Africa,2002,2000,1.3029166666666667,12,E
Guinea-Bissau,GNB,Africa,2003,2000,0.8613333333333334,12,E
Guinea-Bissau,GNB,Africa,2004,2000,1.1805,12,E
Guinea-Bissau,GNB,Africa,2005,2000,1.3478333333333332,12,E
Guinea-Bissau,GNB,Africa,2006,2000,0.9961666666666668,12,E
Guinea-Bissau,GNB,Africa,2007,2000,1.0951666666666666,12,E
Guinea-Bissau,GNB,Africa,2008,2000,1.3215833333333333,12,E
Guinea-Bissau,GNB,Africa,2009,2000,0.7268333333333333,12,E
Guinea-Bissau,GNB,Africa,2010,2010,1.4536666666666667,12,E
Guinea-Bissau,GNB,Africa,2011,2010,0.9530833333333333,12,E
Guinea-Bissau,GNB,Africa,2012,2010,0.98725,12,E
Guinea-Bissau,GNB,Africa,2013,2010,1.18,12,E
Guinea-Bissau,GNB,Africa,2014,2010,1.2894166666666667,12,E
Guinea-Bissau,GNB,Africa,2015,2010,1.2464166666666667,12,E
Guinea-Bissau,GNB,Africa,2016,2010,1.6958333333333335,12,E
Guinea-Bissau,GNB,Africa,2017,2010,1.65425,12,E
Guinea-Bissau,GNB,Africa,2018,2010,1.2339166666666668,12,E
Guinea-Bissau,GNB,Africa,2019,2010,1.4919166666666666,12,E
Guinea-Bissau,GNB,Africa,2020,2020,1.852,12,E
Guinea-Bissau,GNB,Africa,2021,2020,1.8201666666666665,12,E
Guinea-Bissau,GNB,Africa,2022,2020,1.4026666666666667,12,E
Guinea-Bissau,GNB,Africa,2023,2020,1.8087499999999999,12,E
Guinea-Bissau,GNB,Africa,2024,2020,1.8386666666666667,12,E
Guinea-Bissau,GNB,Africa,2025,2020,1.2736666666666667,12,E
Equatorial Guinea,GNQ,Africa,1961,1960,-0.14366666666666666,12,E
Equatorial Guinea,GNQ,Africa,1962,1960,-0.03266666666666668,12,E
Equatorial Guinea,GNQ,Africa,1963,1960,0.22124999999999997,12,E
Equatorial Guinea,GNQ,Africa,1964,1960,-0.1749166666666667,12,E
Equatorial Guinea,GNQ,Africa,1965,1960,-0.12641666666666665,12,E
Equatorial Guinea,GNQ,Africa,1966,1960,0.15158333333333332,12,E
Equatorial Guinea,GNQ,Africa,1967,1960,-0.06625,12,E
Equatorial Guinea,GNQ,Africa,1968,1960,-0.06083333333333333,12,E
Equatorial Guinea,GNQ,Africa,1969,1960,0.11783333333333333,12,E
Equatorial Guinea,GNQ,Africa,1970,1970,0.22,12,E
Equatorial Guinea,GNQ,Africa,1971,1970,-0.13899999999999998,12,E
Equatorial Guinea,GNQ,Africa,1972,1970,0.023083333333333334,12,E
Equatorial Guinea,GNQ,Africa,1973,1970,0.41900000000000004,12,E
Equatorial Guinea,GNQ,Africa,1974,1970,-0.14783333333333334,12,E
Equatorial Guinea,GNQ,Africa,1975,1970,-0.16433333333333333,12,E
Equatorial Guinea,GNQ,Africa,1976,1970,-0.3195,12,E
Equatorial Guinea,GNQ,Africa,1977,1970,0.209,12,E
Equatorial Guinea,GNQ,Africa,1978,1970,-0.0295,12,E
Equatorial Guinea,GNQ,Africa,1979,1970,0.3595,12,E
Equatorial Guinea,GNQ,Africa,1980,1980,0.30875,12,E
Equatorial Guinea,GNQ,Africa,1981,1980,0.04191666666666668,12,E
Equatorial Guinea,GNQ,Africa,1982,1980,-0.09541666666666666,12,E
Equatorial Guinea,GNQ,Africa,1983,1980,0.08991666666666666,12,E
Equatorial Guinea,GNQ,Africa,1984,1980,0.2515,12,E
Equatorial Guinea,GNQ,Africa,1985,1980,-0.016999999999999998,12,E
Equatorial Guinea,GNQ,Africa,1986,1980,-0.10825,12,E
Equatorial Guinea,GNQ,Africa,1987,1980,0.43999999999999995,12,E
Equatorial Guinea,GNQ,Africa,1988,1980,0.24250000000000002,12,E
Equatorial Guinea,GNQ,Africa,1989,1980,0.04883333333333334,12,E
Equatorial Guinea,GNQ,Africa,1990,1990,,9,
Equatorial Guinea,GNQ,Africa,1991,1990,,5,
Equatorial Guinea,GNQ,Africa,1992,1990,,11,
Equatorial Guinea,GNQ,Africa,1993,1990,,9,
Equatorial Guinea,GNQ,Africa,1994,1990,,11,
Equatorial Guinea,GNQ,Africa,1995,1990,,11,
Equatorial Guinea,GNQ,Africa,1996,1990,0.43425,12,E
Equatorial Guinea,GNQ,Africa,1997,1990,,7,
Equatorial Guinea,GNQ,Africa,1998,1990,1.0334166666666667,12,E
Equatorial Guinea,GNQ,Africa,1999,1990,,11,
Equatorial Guinea,GNQ,Africa,2000,2000,0.43575,12,E
Equatorial Guinea,GNQ,Africa,2001,2000,0.4135,12,E
Equatorial Guinea,GNQ,Africa,2002,2000,0.6567500000000001,12,E
Equatorial Guinea,GNQ,Africa,2003,2000,,11,
Equatorial Guinea,GNQ,Africa,2004,2000,0.7915833333333334,12,E
Equatorial Guinea,GNQ,Africa,2005,2000,0.6724166666666666,12,E
Equatorial Guinea,GNQ,Africa,2006,2000,0.6495833333333333,12,E
Equatorial Guinea,GNQ,Africa,2007,2000,0.7729166666666667,12,E
Equatorial Guinea,GNQ,Africa,2008,2000,0.6894166666666667,12,E
Equatorial Guinea,GNQ,Africa,2009,2000,0.7543333333333333,12,E
Equatorial Guinea,GNQ,Africa,2010,2010,0.8566666666666666,12,E
Equatorial Guinea,GNQ,Africa,2011,2010,0.5663333333333332,12,E
Equatorial Guinea,GNQ,Africa,2012,2010,0.5246666666666667,12,E
Equatorial Guinea,GNQ,Africa,2013,2010,0.6606666666666666,12,E
Equatorial Guinea,GNQ,Africa,2014,2010,0.7483333333333334,12,E
Equatorial Guinea,GNQ,Africa,2015,2010,0.8680833333333333,12,E
Equatorial Guinea,GNQ,Africa,2016,2010,1.3133333333333332,12,E
Equatorial Guinea,GNQ,Africa,2017,2010,1.1620833333333334,12,E
Equatorial Guinea,GNQ,Africa,2018,2010,0.6089166666666667,12,E
Equatorial Guinea,GNQ,Africa,2019,2010,1.4219166666666665,12,E
Equatorial Guinea,GNQ,Africa,2020,2020,1.236,12,E
Equatorial Guinea,GNQ,Africa,2021,2020,0.98625,12,E
Equatorial Guinea,GNQ,Africa,2022,2020,0.9946666666666667,12,E
Equatorial Guinea,GNQ,Africa,2023,2020,0.963,12,E
Equatorial Guinea,GNQ,Africa,2024,2020,1.563583333333333,12,E
Equatorial Guinea,GNQ,Africa,2025,2020,1.26575,12,E
Greece,GRC,Europe,1961,1960,0.25016666666666665,12,E
Greece,GRC,Europe,1962,1960,0.51825,12,E
Greece,GRC,Europe,1963,1960,0.41891666666666666,12,E
Greece,GRC,Europe,1964,1960,-0.3453333333333333,12,E
Greece,GRC,Europe,1965,1960,-0.3099166666666667,12,E
Greece,GRC,Europe,1966,1960,0.7078333333333333,12,E
Greece,GRC,Europe,1967,1960,-0.17558333333333334,12,E
Greece,GRC,Europe,1968,1960,0.125,12,E
Greece,GRC,Europe,1969,1960,0.021083333333333325,12,E
Greece,GRC,Europe,1970,1970,0.18391666666666664,12,E
Greece,GRC,Europe,1971,1970,-0.2635,12,E
Greece,GRC,Europe,1972,1970,-0.23791666666666667,12,E
Greece,GRC,Europe,1973,1970,-0.2155,12,E
Greece,GRC,Europe,1974,1970,-0.3140833333333333,12,E
Greece,GRC,Europe,1975,1970,-0.25133333333333335,12,E
Greece,GRC,Europe,1976,1970,-0.8161666666666667,12,E
Greece,GRC,Europe,1977,1970,0.23983333333333332,12,E
Greece,GRC,Europe,1978,1970,-0.3085,12,E
Greece,GRC,Europe,1979,1970,0.16641666666666666,12,E
Greece,GRC,Europe,1980,1980,-0.38325000000000004,12,E
Greece,GRC,Europe,1981,1980,-0.02450000000000004,12,E
Greece,GRC,Europe,1982,1980,-0.3165833333333333,12,E
Greece,GRC,Europe,1983,1980,-0.48625,12,E
Greece,GRC,Europe,1984,1980,-0.15033333333333332,12,E
Greece,GRC,Europe,1985,1980,0.11649999999999998,12,E
Greece,GRC,Europe,1986,1980,0.11899999999999998,12,E
Greece,GRC,Europe,1987,1980,-0.21258333333333335,12,E
Greece,GRC,Europe,1988,1980,0.08,12,E
Greece,GRC,Europe,1989,1980,-0.10916666666666668,12,E
Greece,GRC,Europe,1990,1990,0.4684166666666667,12,E
Greece,GRC,Europe,1991,1990,-0.49091666666666667,12,E
Greece,GRC,Europe,1992,1990,-0.33449999999999996,12,E
Greece,GRC,Europe,1993,1990,-0.022916666666666696,12,E
Greece,GRC,Europe,1994,1990,0.934,12,E
Greece,GRC,Europe,1995,1990,0.15283333333333335,12,E
Greece,GRC,Europe,1996,1990,-0.09191666666666666,12,E
Greece,GRC,Europe,1997,1990,-0.22658333333333336,12,E
Greece,GRC,Europe,1998,1990,0.5675833333333333,12,E
Greece,GRC,Europe,1999,1990,1.1160833333333333,12,E
Greece,GRC,Europe,2000,2000,0.6749166666666667,12,E
Greece,GRC,Europe,2001,2000,1.0345833333333332,12,E
Greece,GRC,Europe,2002,2000,0.7283333333333334,12,E
Greece,GRC,Europe,2003,2000,0.48633333333333334,12,E
Greece,GRC,Europe,2004,2000,0.49499999999999994,12,E
Greece,GRC,Europe,2005,2000,0.23983333333333332,12,E
Greece,GRC,Europe,2006,2000,0.24875000000000003,12,E
Greece,GRC,Europe,2007,2000,1.0748333333333333,12,E
Greece,GRC,Europe,2008,2000,1.1176666666666668,12,E
Greece,GRC,Europe,2009,2000,0.9540000000000001,12,E
Greece,GRC,Europe,2010,2010,1.5828333333333333,12,E
Greece,GRC,Europe,2011,2010,0.32483333333333336,12,E
Greece,GRC,Europe,2012,2010,1.2459166666666668,12,E
Greece,GRC,Europe,2013,2010,1.3280833333333335,12,E
Greece,GRC,Europe,2014,2010,1.2998333333333334,12,E
Greece,GRC,Europe,2015,2010,0.8623333333333333,12,E
Greece,GRC,Europe,2016,2010,1.4246666666666667,12,E
Greece,GRC,Europe,2017,2010,1.0055,12,E
Greece,GRC,Europe,2018,2010,1.8664166666666666,12,E
Greece,GRC,Europe,2019,2010,1.63175,12,E
Greece,GRC,Europe,2020,2020,1.4446666666666665,12,E
Greece,GRC,Europe,2021,2020,1.5768333333333333,12,E
Greece,GRC,Europe,2022,2020,1.2703333333333333,12,E
Greece,GRC,Europe,2023,2020,1.8890833333333334,12,E
Greece,GRC,Europe,2024,2020,2.5885833333333332,12,E
Greece,GRC,Europe,2025,2020,1.9396666666666667,12,E
Grenada,GRD,North America,1961,1960,0.28741666666666665,12,E
Grenada,GRD,North America,1962,1960,-0.015333333333333343,12,E
Grenada,GRD,North America,1963,1960,0.23675000000000002,12,E
Grenada,GRD,North America,1964,1960,-0.2768333333333333,12,E
Grenada,GRD,North America,1965,1960,-0.16783333333333336,12,E
Grenada,GRD,North America,1966,1960,-0.09275,12,E
Grenada,GRD,North America,1967,1960,-0.3598333333333333,12,E
Grenada,GRD,North America,1968,1960,-0.22308333333333333,12,E
Grenada,GRD,North America,1969,1960,0.4751666666666667,12,E
Grenada,GRD,North America,1970,1970,0.1215,12,E
Grenada,GRD,North America,1971,1970,-0.5091666666666667,12,E
Grenada,GRD,North America,1972,1970,-0.20283333333333334,12,E
Grenada,GRD,North America,1973,1970,-0.029749999999999995,12,E
Grenada,GRD,North America,1974,1970,-0.4499166666666667,12,E
Grenada,GRD,North America,1975,1970,-0.4146666666666667,12,E
Grenada,GRD,North America,1976,1970,-0.06891666666666667,12,E
Grenada,GRD,North America,1977,1970,0.035500000000000004,12,E
Grenada,GRD,North America,1978,1970,0.21308333333333332,12,E
Grenada,GRD,North America,1979,1970,0.42691666666666667,12,E
Grenada,GRD,North America,1980,1980,0.33425,12,E
Grenada,GRD,North America,1981,1980,0.49766666666666665,12,E
Grenada,GRD,North America,1982,1980,0.12141666666666666,12,E
Grenada,GRD,North America,1983,1980,0.5185000000000001,12,E
Grenada,GRD,North America,1984,1980,0.10091666666666667,12,E
Grenada,GRD,North America,1985,1980,-0.26808333333333334,12,E
Grenada,GRD,North America,1986,1980,0.043083333333333335,12,E
Grenada,GRD,North America,1987,1980,0.7655,12,E
Grenada,GRD,North America,1988,1980,0.5924166666666667,12,E
Grenada,GRD,North America,1989,1980,0.11708333333333332,12,E
Grenada,GRD,North America,1990,1990,0.5295833333333334,12,E
Grenada,GRD,North America,1991,1990,0.5285,12,E
Grenada,GRD,North America,1992,1990,0.6104166666666667,12,E
Grenada,GRD,North America,1993,1990,0.7334999999999999,12,E
Grenada,GRD,North America,1994,1990,0.75075,12,E
Grenada,GRD,North America,1995,1990,1.0946666666666667,12,E
Grenada,GRD,North America,1996,1990,0.7668333333333334,12,E
Grenada,GRD,North America,1997,1990,0.9956666666666666,12,E
Grenada,GRD,North America,1998,1990,1.5419166666666666,12,E
Grenada,GRD,North America,1999,1990,0.9416666666666665,12,E
Grenada,GRD,North America,2000,2000,0.8140833333333334,12,E
Grenada,GRD,North America,2001,2000,1.096,12,E
Grenada,GRD,North America,2002,2000,0.9255,12,E
Grenada,GRD,North America,2003,2000,1.1839166666666667,12,E
Grenada,GRD,North America,2004,2000,0.7430833333333333,12,E
Grenada,GRD,North America,2005,2000,1.1591666666666667,12,E
Grenada,GRD,North America,2006,2000,1.0051666666666665,12,E
Grenada,GRD,North America,2007,2000,0.87825,12,E
Grenada,GRD,North America,2008,2000,0.7951666666666667,12,E
Grenada,GRD,North America,2009,2000,0.856,12,E
Grenada,GRD,North America,2010,2010,1.4753333333333334,12,E
Grenada,GRD,North America,2011,2010,0.9669166666666666,12,E
Grenada,GRD,North America,2012,2010,0.9622499999999999,12,E
Grenada,GRD,North America,2013,2010,1.0290000000000001,12,E
Grenada,GRD,North America,2014,2010,0.9869166666666667,12,E
Grenada,GRD,North America,2015,2010,1.1433333333333333,12,E
Grenada,GRD,North America,2016,2010,1.1791666666666667,12,E
Grenada,GRD,North America,2017,2010,1.168,12,E
Grenada,GRD,North America,2018,2010,0.8325,12,E
Grenada,GRD,North America,2019,2010,1.168,12,E
Grenada,GRD,North America,2020,2020,1.2876666666666667,12,E
Grenada,GRD,North America,2021,2020,1.07225,12,E
Grenada,GRD,North America,2022,2020,0.8685,12,E
Grenada,GRD,North America,2023,2020,1.303,12,E
Grenada,GRD,North America,2024,2020,1.9978333333333333,12,E
Grenada,GRD,North America,2025,2020,1.4189999999999998,12,E
Greenland,GRL,North America,1961,1960,-0.3319166666666667,12,E
Greenland,GRL,North America,1962,1960,0.9624999999999999,12,E
Greenland,GRL,North America,1963,1960,0.5515,12,E
Greenland,GRL,North America,1964,1960,0.18333333333333332,12,E
Greenland,GRL,North America,1965,1960,0.73075,12,E
Greenland,GRL,North America,1966,1960,-0.16066666666666665,12,E
Greenland,GRL,North America,1967,1960,-0.3443333333333334,12,E
Greenland,GRL,North America,1968,1960,-0.26225,12,E
Greenland,GRL,North America,1969,1960,-0.12283333333333334,12,E
Greenland,GRL,North America,1970,1970,-0.2841666666666667,12,E
Greenland,GRL,North America,1971,1970,-1.2705833333333334,12,E
Greenland,GRL,North America,1972,1970,-0.79275,12,E
Greenland,GRL,North America,1973,1970,-0.7596666666666666,12,E
Greenland,GRL,North America,1974,1970,-0.0007500000000000284,12,E
Greenland,GRL,North America,1975,1970,-0.8370833333333333,12,E
Greenland,GRL,North America,1976,1970,0.07825,12,E
Greenland,GRL,North America,1977,1970,0.7526666666666667,12,E
Greenland,GRL,North America,1978,1970,-0.16216666666666665,12,E
Greenland,GRL,North America,1979,1970,0.09600000000000003,12,E
Greenland,GRL,North America,1980,1980,1.0594166666666667,12,E
Greenland,GRL,North America,1981,1980,-0.04091666666666671,12,E
Greenland,GRL,North America,1982,1980,-0.948,12,E
Greenland,GRL,North America,1983,1980,-2.3394166666666667,12,E
Greenland,GRL,North America,1984,1980,-1.8323333333333334,12,E
Greenland,GRL,North America,1985,1980,1.1506666666666667,12,E
Greenland,GRL,North America,1986,1980,0.2551666666666666,12,E
Greenland,GRL,North America,1987,1980,-0.22666666666666666,12,E
Greenland,GRL,North America,1988,1980,0.6035833333333332,12,E
Greenland,GRL,North America,1989,1980,-1.5934166666666665,12,E
Greenland,GRL,North America,1990,1990,-0.5905833333333333,12,E
Greenland,GRL,North America,1991,1990,-0.2285,12,E
Greenland,GRL,North America,1992,1990,-1.5290833333333333,12,E
Greenland,GRL,North America,1993,1990,-1.5908333333333333,12,E
Greenland,GRL,North America,1994,1990,-0.62175,12,E
Greenland,GRL,North America,1995,1990,-0.1775,12,E
Greenland,GRL,North America,1996,1990,0.7832499999999999,12,E
Greenland,GRL,North America,1997,1990,0.49750000000000005,12,E
Greenland,GRL,North America,1998,1990,1.2101666666666666,12,E
Greenland,GRL,North America,1999,1990,0.20408333333333337,12,E
Greenland,GRL,North America,2000,2000,0.995,12,E
Greenland,GRL,North America,2001,2000,1.0020833333333334,12,E
Greenland,GRL,North America,2002,2000,1.2606666666666666,12,E
Greenland,GRL,North America,2003,2000,2.045916666666667,12,E
Greenland,GRL,North America,2004,2000,1.2848333333333335,12,E
Greenland,GRL,North America,2005,2000,2.251,12,E
Greenland,GRL,North America,2006,2000,1.452416666666667,12,E
Greenland,GRL,North America,2007,2000,1.4120833333333334,12,E
Greenland,GRL,North America,2008,2000,0.9454166666666666,12,E
Greenland,GRL,North America,2009,2000,1.10625,12,E
Greenland,GRL,North America,2010,2010,3.3539166666666667,12,E
Greenland,GRL,North America,2011,2010,1.08175,12,E
Greenland,GRL,North America,2012,2010,1.7173333333333334,12,E
Greenland,GRL,North America,2013,2010,1.2811666666666668,12,E
Greenland,GRL,North America,2014,2010,1.5705833333333334,12,E
Greenland,GRL,North America,2015,2010,0.015750000000000004,12,E
Greenland,GRL,North America,2016,2010,2.5414166666666667,12,E
Greenland,GRL,North America,2017,2010,1.3651666666666669,12,E
Greenland,GRL,North America,2018,2010,0.8273333333333334,12,E
Greenland,GRL,North America,2019,2010,2.06725,12,E
Greenland,GRL,North America,2020,2020,1.2205000000000001,12,E
Greenland,GRL,North America,2021,2020,2.3625833333333333,12,E
Greenland,GRL,North America,2022,2020,1.2170833333333333,12,E
Greenland,GRL,North America,2023,2020,1.3001666666666667,12,E
Greenland,GRL,North America,2024,2020,1.51825,12,E
Greenland,GRL,North America,2025,2020,2.5375833333333335,12,E
Guatemala,GTM,North America,1961,1960,0.05808333333333333,12,E
Guatemala,GTM,North America,1962,1960,-0.18833333333333332,12,E
Guatemala,GTM,North America,1963,1960,-0.17125,12,E
Guatemala,GTM,North America,1964,1960,-0.010250000000000004,12,E
Guatemala,GTM,North America,1965,1960,-0.08891666666666666,12,E
Guatemala,GTM,North America,1966,1960,-0.2145,12,E
Guatemala,GTM,North America,1967,1960,-0.2625,12,E
Guatemala,GTM,North America,1968,1960,-0.41825,12,E
Guatemala,GTM,North America,1969,1960,0.36333333333333334,12,E
Guatemala,GTM,North America,1970,1970,-0.19925000000000004,12,E
Guatemala,GTM,North America,1971,1970,-0.13141666666666665,12,E
Guatemala,GTM,North America,1972,1970,0.408,12,E
Guatemala,GTM,North America,1973,1970,0.2854166666666667,12,E
Guatemala,GTM,North America,1974,1970,-0.1381666666666667,12,E
Guatemala,GTM,North America,1975,1970,0.1435,12,E
Guatemala,GTM,North America,1976,1970,-0.27775,12,E
Guatemala,GTM,North America,1977,1970,0.38858333333333334,12,E
Guatemala,GTM,North America,1978,1970,0.21208333333333332,12,E
Guatemala,GTM,North America,1979,1970,0.3125,12,E
Guatemala,GTM,North America,1980,1980,0.37875,12,E
Guatemala,GTM,North America,1981,1980,0.23925,12,E
Guatemala,GTM,North America,1982,1980,0.535,12,E
Guatemala,GTM,North America,1983,1980,0.7820833333333334,12,E
Guatemala,GTM,North America,1984,1980,0.144,12,E
Guatemala,GTM,North America,1985,1980,0.23033333333333336,12,E
Guatemala,GTM,North America,1986,1980,0.15983333333333333,12,E
Guatemala,GTM,North America,1987,1980,0.4344166666666667,12,E
Guatemala,GTM,North America,1988,1980,0.463,12,E
Guatemala,GTM,North America,1989,1980,0.12041666666666666,12,E
Guatemala,GTM,North America,1990,1990,0.41083333333333333,12,E
Guatemala,GTM,North America,1991,1990,0.6464166666666666,12,E
Guatemala,GTM,North America,1992,1990,0.47583333333333333,12,E
Guatemala,GTM,North America,1993,1990,0.306,12,E
Guatemala,GTM,North America,1994,1990,0.6983333333333333,12,E
Guatemala,GTM,North America,1995,1990,0.6383333333333333,12,E
Guatemala,GTM,North America,1996,1990,0.154,12,E
Guatemala,GTM,North America,1997,1990,0.7524166666666666,12,E
Guatemala,GTM,North America,1998,1990,0.9401666666666667,12,E
Guatemala,GTM,North America,1999,1990,0.58825,12,E
Guatemala,GTM,North America,2000,2000,0.25366666666666665,12,E
Guatemala,GTM,North America,2001,2000,0.36225,12,E
Guatemala,GTM,North America,2002,2000,0.5865833333333333,12,E
Guatemala,GTM,North America,2003,2000,0.924,12,E
Guatemala,GTM,North America,2004,2000,0.7659166666666666,12,E
Guatemala,GTM,North America,2005,2000,0.9559166666666666,12,E
Guatemala,GTM,North America,2006,2000,0.7179166666666666,12,E
Guatemala,GTM,North America,2007,2000,0.6458333333333334,12,E
Guatemala,GTM,North America,2008,2000,0.33125,12,E
Guatemala,GTM,North America,2009,2000,0.843,12,E
Guatemala,GTM,North America,2010,2010,0.6105,12,E
Guatemala,GTM,North America,2011,2010,0.6465,12,E
Guatemala,GTM,North America,2012,2010,0.66425,12,E
Guatemala,GTM,North America,2013,2010,0.7185,12,E
Guatemala,GTM,North America,2014,2010,0.7349166666666668,12,E
Guatemala,GTM,North America,2015,2010,1.3456666666666666,12,E
Guatemala,GTM,North America,2016,2010,1.4064166666666666,12,E
Guatemala,GTM,North America,2017,2010,1.0184166666666667,12,E
Guatemala,GTM,North America,2018,2010,0.8856666666666667,12,E
Guatemala,GTM,North America,2019,2010,1.4429166666666664,12,E
Guatemala,GTM,North America,2020,2020,1.6667500000000002,12,E
Guatemala,GTM,North America,2021,2020,1.5171666666666666,12,E
Guatemala,GTM,North America,2022,2020,0.9931666666666666,12,E
Guatemala,GTM,North America,2023,2020,1.8311666666666666,12,E
Guatemala,GTM,North America,2024,2020,1.8484999999999998,12,E
Guatemala,GTM,North America,2025,2020,1.4784166666666667,12,E
French Guiana,GUF,South America,1961,1960,-0.213,12,E
French Guiana,GUF,South America,1962,1960,-0.05333333333333334,12,E
French Guiana,GUF,South America,1963,1960,-0.11741666666666666,12,E
French Guiana,GUF,South America,1964,1960,-0.11033333333333334,12,E
French Guiana,GUF,South America,1965,1960,-0.14291666666666666,12,E
French Guiana,GUF,South America,1966,1960,0.15466666666666667,12,E
French Guiana,GUF,South America,1967,1960,-0.20258333333333334,12,E
French Guiana,GUF,South America,1968,1960,-0.17458333333333334,12,E
French Guiana,GUF,South America,1969,1960,0.53,12,E
French Guiana,GUF,South America,1970,1970,0.14358333333333334,12,E
French Guiana,GUF,South America,1971,1970,-0.32783333333333337,12,E
French Guiana,GUF,South America,1972,1970,-0.007916666666666667,12,E
French Guiana,GUF,South America,1973,1970,0.13341666666666666,12,E
French Guiana,GUF,South America,1974,1970,-0.31908333333333333,12,E
French Guiana,GUF,South America,1975,1970,-0.2215,12,E
French Guiana,GUF,South America,1976,1970,-0.07891666666666668,12,E
French Guiana,GUF,South America,1977,1970,0.11449999999999999,12,E
French Guiana,GUF,South America,1978,1970,0.11683333333333334,12,E
French Guiana,GUF,South America,1979,1970,0.36566666666666664,12,E
French Guiana,GUF,South America,1980,1980,0.3060833333333333,12,E
French Guiana,GUF,South America,1981,1980,0.35483333333333333,12,E
French Guiana,GUF,South America,1982,1980,0.29258333333333336,12,E
French Guiana,GUF,South America,1983,1980,0.5821666666666666,12,E
French Guiana,GUF,South America,1984,1980,-0.015000000000000005,12,E
French Guiana,GUF,South America,1985,1980,0.060916666666666675,12,E
French Guiana,GUF,South America,1986,1980,0.25775,12,E
French Guiana,GUF,South America,1987,1980,0.8513333333333333,12,E
French Guiana,GUF,South America,1988,1980,0.488,12,E
French Guiana,GUF,South America,1989,1980,0.12883333333333333,12,E
French Guiana,GUF,South America,1990,1990,0.43900000000000006,12,E
French Guiana,GUF,South America,1991,1990,0.46058333333333334,12,E
French Guiana,GUF,South America,1992,1990,0.5345,12,E
French Guiana,GUF,South America,1993,1990,0.45599999999999996,12,E
French Guiana,GUF,South America,1994,1990,0.3709166666666666,12,E
French Guiana,GUF,South America,1995,1990,0.8068333333333334,12,E
French Guiana,GUF,South America,1996,1990,0.6803333333333333,12,E
French Guiana,GUF,South America,1997,1990,0.8421666666666666,12,E
French Guiana,GUF,South America,1998,1990,1.5405,12,E
French Guiana,GUF,South America,1999,1990,0.7804166666666666,12,E
French Guiana,GUF,South America,2000,2000,0.6075,12,E
French Guiana,GUF,South America,2001,2000,0.8563333333333333,12,E
French Guiana,GUF,South America,2002,2000,0.8979166666666667,12,E
French Guiana,GUF,South America,2003,2000,1.0660833333333333,12,E
French Guiana,GUF,South America,2004,2000,1.0950833333333334,12,E
French Guiana,GUF,South America,2005,2000,1.4135,12,E
French Guiana,GUF,South America,2006,2000,0.9064166666666668,12,E
French Guiana,GUF,South America,2007,2000,1.2597500000000001,12,E
French Guiana,GUF,South America,2008,2000,0.9538333333333333,12,E
French Guiana,GUF,South America,2009,2000,1.3116666666666668,12,E
French Guiana,GUF,South America,2010,2010,1.5502500000000001,12,E
French Guiana,GUF,South America,2011,2010,1.1200833333333333,12,E
French Guiana,GUF,South America,2012,2010,1.1805833333333333,12,E
French Guiana,GUF,South America,2013,2010,1.2446666666666666,12,E
French Guiana,GUF,South America,2014,2010,1.3225833333333334,12,E
French Guiana,GUF,South America,2015,2010,1.5085833333333334,12,E
French Guiana,GUF,South America,2016,2010,1.8552499999999998,12,E
French Guiana,GUF,South America,2017,2010,1.5756666666666668,12,E
French Guiana,GUF,South America,2018,2010,1.2865,12,E
French Guiana,GUF,South America,2019,2010,1.7289166666666667,12,E
French Guiana,GUF,South America,2020,2020,1.75075,12,E
French Guiana,GUF,South America,2021,2020,1.3639166666666667,12,E
French Guiana,GUF,South America,2022,2020,1.3382500000000002,12,E
French Guiana,GUF,South America,2023,2020,1.90625,12,E
French Guiana,GUF,South America,2024,2020,2.3589166666666666,12,E
French Guiana,GUF,South America,2025,2020,1.7101666666666666,12,E
Guyana,GUY,South America,1961,1960,-0.09283333333333332,12,E
Guyana,GUY,South America,1962,1960,-0.12541666666666665,12,E
Guyana,GUY,South America,1963,1960,-0.28350000000000003,12,E
Guyana,GUY,South America,1964,1960,0.24733333333333332,12,E
Guyana,GUY,South America,1965,1960,-0.28325,12,E
Guyana,GUY,South America,1966,1960,0.1065,12,E
Guyana,GUY,South America,1967,1960,-0.23308333333333334,12,E
Guyana,GUY,South America,1968,1960,-0.2818333333333333,12,E
Guyana,GUY,South America,1969,1960,0.42225,12,E
Guyana,GUY,South America,1970,1970,0.35308333333333336,12,E
Guyana,GUY,South America,1971,1970,-0.5285833333333333,12,E
Guyana,GUY,South America,1972,1970,-0.022333333333333334,12,E
Guyana,GUY,South America,1973,1970,0.10225,12,E
Guyana,GUY,South America,1974,1970,-0.25708333333333333,12,E
Guyana,GUY,South America,1975,1970,-0.29075,12,E
Guyana,GUY,South America,1976,1970,-0.23866666666666667,12,E
Guyana,GUY,South America,1977,1970,0.10491666666666667,12,E
Guyana,GUY,South America,1978,1970,0.21491666666666664,12,E
Guyana,GUY,South America,1979,1970,0.6163333333333333,12,E
Guyana,GUY,South America,1980,1980,0.56725,12,E
Guyana,GUY,South America,1981,1980,0.3814166666666667,12,E
Guyana,GUY,South America,1982,1980,0.25225000000000003,12,E
Guyana,GUY,South America,1983,1980,0.5243333333333333,12,E
Guyana,GUY,South America,1984,1980,-0.39166666666666666,12,E
Guyana,GUY,South America,1985,1980,-0.26499999999999996,12,E
Guyana,GUY,South America,1986,1980,0.10533333333333333,12,E
Guyana,GUY,South America,1987,1980,0.7487499999999999,12,E
Guyana,GUY,South America,1988,1980,0.3981666666666667,12,E
Guyana,GUY,South America,1989,1980,0.04416666666666667,12,E
Guyana,GUY,South America,1990,1990,0.66025,12,E
Guyana,GUY,South America,1991,1990,0.31816666666666665,12,E
Guyana,GUY,South America,1992,1990,0.3565833333333333,12,E
Guyana,GUY,South America,1993,1990,0.4539166666666667,12,E
Guyana,GUY,South America,1994,1990,0.60825,12,E
Guyana,GUY,South America,1995,1990,1.3459166666666667,12,E
Guyana,GUY,South America,1996,1990,0.8619166666666667,12,E
Guyana,GUY,South America,1997,1990,1.097,12,E
Guyana,GUY,South America,1998,1990,1.4974166666666668,12,E
Guyana,GUY,South America,1999,1990,0.4985833333333334,12,E
Guyana,GUY,South America,2000,2000,0.6196666666666667,12,E
Guyana,GUY,South America,2001,2000,0.9771666666666666,12,E
Guyana,GUY,South America,2002,2000,1.0584166666666668,12,E
Guyana,GUY,South America,2003,2000,1.0838333333333334,12,E
Guyana,GUY,South America,2004,2000,1.06825,12,E
Guyana,GUY,South America,2005,2000,1.4269999999999998,12,E
Guyana,GUY,South America,2006,2000,1.1469166666666666,12,E
Guyana,GUY,South America,2007,2000,1.1266666666666667,12,E
Guyana,GUY,South America,2008,2000,0.8779166666666667,12,E
Guyana,GUY,South America,2009,2000,1.4235833333333332,12,E
Guyana,GUY,South America,2010,2010,1.3455000000000001,12,E
Guyana,GUY,South America,2011,2010,1.0519166666666666,12,E
Guyana,GUY,South America,2012,2010,1.1155833333333334,12,E
Guyana,GUY,South America,2013,2010,1.0945833333333332,12,E
Guyana,GUY,South America,2014,2010,1.3283333333333334,12,E
Guyana,GUY,South America,2015,2010,1.7900833333333332,12,E
Guyana,GUY,South America,2016,2010,1.9314166666666666,12,E
Guyana,GUY,South America,2017,2010,1.38275,12,E
Guyana,GUY,South America,2018,2010,1.2345,12,E
Guyana,GUY,South America,2019,2010,1.3940000000000001,12,E
Guyana,GUY,South America,2020,2020,1.5281666666666667,12,E
Guyana,GUY,South America,2021,2020,1.1326666666666667,12,E
Guyana,GUY,South America,2022,2020,1.1261666666666665,12,E
Guyana,GUY,South America,2023,2020,2.1085833333333333,12,E
Guyana,GUY,South America,2024,2020,2.5913333333333335,12,E
Guyana,GUY,South America,2025,2020,1.4595833333333335,12,E
Hong Kong,HKG,Asia,1961,1960,0.2001666666666667,12,E
Hong Kong,HKG,Asia,1962,1960,-0.12483333333333331,12,E
Hong Kong,HKG,Asia,1963,1960,0.35050000000000003,12,E
Hong Kong,HKG,Asia,1964,1960,0.05399999999999997,12,E
Hong Kong,HKG,Asia,1965,1960,0.1875,12,E
Hong Kong,HKG,Asia,1966,1960,0.7294166666666667,12,E
Hong Kong,HKG,Asia,1967,1960,-0.26758333333333334,12,E
Hong Kong,HKG,Asia,1968,1960,-0.06691666666666667,12,E
Hong Kong,HKG,Asia,1969,1960,-0.4114166666666666,12,E
Hong Kong,HKG,Asia,1970,1970,-0.28099999999999997,12,E
Hong Kong,HKG,Asia,1971,1970,-0.2734166666666667,12,E
Hong Kong,HKG,Asia,1972,1970,-0.12274999999999998,12,E
Hong Kong,HKG,Asia,1973,1970,0.3411666666666666,12,E
Hong Kong,HKG,Asia,1974,1970,-0.24749999999999997,12,E
Hong Kong,HKG,Asia,1975,1970,-0.09883333333333333,12,E
Hong Kong,HKG,Asia,1976,1970,-0.5239166666666667,12,E
Hong Kong,HKG,Asia,1977,1970,0.3626666666666667,12,E
Hong Kong,HKG,Asia,1978,1970,-0.09233333333333334,12,E
Hong Kong,HKG,Asia,1979,1970,0.04566666666666664,12,E
Hong Kong,HKG,Asia,1980,1980,0.18941666666666665,12,E
Hong Kong,HKG,Asia,1981,1980,0.2463333333333333,12,E
Hong Kong,HKG,Asia,1982,1980,0.017499999999999998,12,E
Hong Kong,HKG,Asia,1983,1980,-0.10874999999999997,12,E
Hong Kong,HKG,Asia,1984,1980,-0.5059166666666667,12,E
Hong Kong,HKG,Asia,1985,1980,-0.22250000000000003,12,E
Hong Kong,HKG,Asia,1986,1980,0.12908333333333333,12,E
Hong Kong,HKG,Asia,1987,1980,0.7780833333333333,12,E
Hong Kong,HKG,Asia,1988,1980,-0.03575,12,E
Hong Kong,HKG,Asia,1989,1980,0.25133333333333335,12,E
Hong Kong,HKG,Asia,1990,1990,0.4086666666666667,12,E
Hong Kong,HKG,Asia,1991,1990,0.6513333333333333,12,E
Hong Kong,HKG,Asia,1992,1990,-0.18849999999999997,12,E
Hong Kong,HKG,Asia,1993,1990,0.06374999999999999,12,E
Hong Kong,HKG,Asia,1994,1990,0.5101666666666667,12,E
Hong Kong,HKG,Asia,1995,1990,-0.2020833333333333,12,E
Hong Kong,HKG,Asia,1996,1990,0.08591666666666664,12,E
Hong Kong,HKG,Asia,1997,1990,0.2750833333333333,12,E
Hong Kong,HKG,Asia,1998,1990,0.9666666666666667,12,E
Hong Kong,HKG,Asia,1999,1990,0.75825,12,E
Hong Kong,HKG,Asia,2000,2000,0.47866666666666663,12,E
Hong Kong,HKG,Asia,2001,2000,0.70675,12,E
Hong Kong,HKG,Asia,2002,2000,0.9653333333333333,12,E
Hong Kong,HKG,Asia,2003,2000,0.9333333333333332,12,E
Hong Kong,HKG,Asia,2004,2000,0.7926666666666667,12,E
Hong Kong,HKG,Asia,2005,2000,0.56675,12,E
Hong Kong,HKG,Asia,2006,2000,0.9889166666666666,12,E
Hong Kong,HKG,Asia,2007,2000,1.10975,12,E
Hong Kong,HKG,Asia,2008,2000,0.26425000000000004,12,E
Hong Kong,HKG,Asia,2009,2000,0.8115,12,E
Hong Kong,HKG,Asia,2010,2010,0.4375833333333334,12,E
Hong Kong,HKG,Asia,2011,2010,0.22083333333333335,12,E
Hong Kong,HKG,Asia,2012,2010,0.5876666666666667,12,E
Hong Kong,HKG,Asia,2013,2010,0.629,12,E
Hong Kong,HKG,Asia,2014,2010,0.6794166666666666,12,E
Hong Kong,HKG,Asia,2015,2010,1.3211666666666666,12,E
Hong Kong,HKG,Asia,2016,2010,0.872,12,E
Hong Kong,HKG,Asia,2017,2010,1.1350833333333334,12,E
Hong Kong,HKG,Asia,2018,2010,1.1405,12,E
Hong Kong,HKG,Asia,2019,2010,1.6918333333333333,12,E
Hong Kong,HKG,Asia,2020,2020,1.6199166666666667,12,E
Hong Kong,HKG,Asia,2021,2020,1.9035,12,E
Hong Kong,HKG,Asia,2022,2020,1.0095833333333333,12,E
Hong Kong,HKG,Asia,2023,2020,1.5188333333333333,12,E
Hong Kong,HKG,Asia,2024,2020,1.6968333333333332,12,E
Hong Kong,HKG,Asia,2025,2020,1.1620833333333334,12,E
Honduras,HND,North America,1961,1960,-0.08916666666666666,12,E
Honduras,HND,North America,1962,1960,-0.07658333333333334,12,E
Honduras,HND,North America,1963,1960,-0.15375000000000003,12,E
Honduras,HND,North America,1964,1960,-0.021333333333333333,12,E
Honduras,HND,North America,1965,1960,-0.009333333333333324,12,E
Honduras,HND,North America,1966,1960,-0.01708333333333333,12,E
Honduras,HND,North America,1967,1960,-0.217,12,E
Honduras,HND,North America,1968,1960,-0.2890833333333333,12,E
Honduras,HND,North America,1969,1960,0.10333333333333333,12,E
Honduras,HND,North America,1970,1970,-0.33616666666666667,12,E
Honduras,HND,North America,1971,1970,-0.2986666666666667,12,E
Honduras,HND,North America,1972,1970,0.22058333333333335,12,E
Honduras,HND,North America,1973,1970,0.074,12,E
Honduras,HND,North America,1974,1970,-0.21025000000000002,12,E
Honduras,HND,North America,1975,1970,0.007999999999999998,12,E
Honduras,HND,North America,1976,1970,-0.11108333333333333,12,E
Honduras,HND,North America,1977,1970,0.5881666666666666,12,E
Honduras,HND,North America,1978,1970,0.12683333333333333,12,E
Honduras,HND,North America,1979,1970,0.15841666666666668,12,E
Honduras,HND,North America,1980,1980,0.2728333333333333,12,E
Honduras,HND,North America,1981,1980,-0.018749999999999985,12,E
Honduras,HND,North America,1982,1980,0.26891666666666664,12,E
Honduras,HND,North America,1983,1980,0.6609166666666667,12,E
Honduras,HND,North America,1984,1980,-0.13925,12,E
Honduras,HND,North America,1985,1980,-0.04575000000000001,12,E
Honduras,HND,North America,1986,1980,-0.15708333333333332,12,E
Honduras,HND,North America,1987,1980,0.467,12,E
Honduras,HND,North America,1988,1980,0.24033333333333332,12,E
Honduras,HND,North America,1989,1980,-0.1689166666666667,12,E
Honduras,HND,North America,1990,1990,0.10441666666666666,12,E
Honduras,HND,North America,1991,1990,0.11441666666666667,12,E
Honduras,HND,North America,1992,1990,0.18075,12,E
Honduras,HND,North America,1993,1990,-0.12374999999999999,12,E
Honduras,HND,North America,1994,1990,0.61825,12,E
Honduras,HND,North America,1995,1990,0.6285,12,E
Honduras,HND,North America,1996,1990,-0.15175000000000002,12,E
Honduras,HND,North America,1997,1990,0.66,12,E
Honduras,HND,North America,1998,1990,0.8284166666666666,12,E
Honduras,HND,North America,1999,1990,0.08241666666666667,12,E
Honduras,HND,North America,2000,2000,-0.09575,12,E
Honduras,HND,North America,2001,2000,0.2310833333333333,12,E
Honduras,HND,North America,2002,2000,0.5471666666666667,12,E
Honduras,HND,North America,2003,2000,0.4056666666666667,12,E
Honduras,HND,North America,2004,2000,0.51575,12,E
Honduras,HND,North America,2005,2000,0.8025000000000001,12,E
Honduras,HND,North America,2006,2000,0.55925,12,E
Honduras,HND,North America,2007,2000,0.6500833333333333,12,E
Honduras,HND,North America,2008,2000,0.39625,12,E
Honduras,HND,North America,2009,2000,0.7984999999999999,12,E
Honduras,HND,North America,2010,2010,0.44616666666666666,12,E
Honduras,HND,North America,2011,2010,0.5791666666666667,12,E
Honduras,HND,North America,2012,2010,0.5610833333333334,12,E
Honduras,HND,North America,2013,2010,0.7629166666666666,12,E
Honduras,HND,North America,2014,2010,0.51225,12,E
Honduras,HND,North America,2015,2010,1.16475,12,E
Honduras,HND,North America,2016,2010,1.1021666666666665,12,E
Honduras,HND,North America,2017,2010,0.81975,12,E
Honduras,HND,North America,2018,2010,0.6113333333333334,12,E
Honduras,HND,North America,2019,2010,1.1361666666666668,12,E
Honduras,HND,North America,2020,2020,1.5109166666666667,12,E
Honduras,HND,North America,2021,2020,1.0565833333333332,12,E
Honduras,HND,North America,2022,2020,0.6848333333333333,12,E
Honduras,HND,North America,2023,2020,1.48675,12,E
Honduras,HND,North America,2024,2020,1.6024166666666666,12,E
Honduras,HND,North America,2025,2020,1.0523333333333333,12,E
Croatia,HRV,Europe,1992,1990,1.0090000000000001,12,E
Croatia,HRV,Europe,1993,1990,0.5298333333333334,12,E
Croatia,HRV,Europe,1994,1990,1.6585833333333333,12,E
Croatia,HRV,Europe,1995,1990,0.3798333333333333,12,E
Croatia,HRV,Europe,1996,1990,-0.17741666666666664,12,E
Croatia,HRV,Europe,1997,1990,0.48541666666666666,12,E
Croatia,HRV,Europe,1998,1990,0.7985000000000001,12,E
Croatia,HRV,Europe,1999,1990,0.9263333333333333,12,E
Croatia,HRV,Europe,2000,2000,1.8165000000000002,12,E
Croatia,HRV,Europe,2001,2000,1.0735833333333333,12,E
Croatia,HRV,Europe,2002,2000,1.5865833333333335,12,E
Croatia,HRV,Europe,2003,2000,1.2628333333333333,12,E
Croatia,HRV,Europe,2004,2000,0.6925833333333333,12,E
Croatia,HRV,Europe,2005,2000,0.12825,12,E
Croatia,HRV,Europe,2006,2000,0.9054166666666666,12,E
Croatia,HRV,Europe,2007,2000,1.6946666666666665,12,E
Croatia,HRV,Europe,2008,2000,1.61775,12,E
Croatia,HRV,Europe,2009,2000,1.4454166666666666,12,E
Croatia,HRV,Europe,2010,2010,0.6769166666666666,12,E
Croatia,HRV,Europe,2011,2010,1.4582499999999998,12,E
Croatia,HRV,Europe,2012,2010,1.6345,12,E
Croatia,HRV,Europe,2013,2010,1.415,12,E
Croatia,HRV,Europe,2014,2010,2.0199166666666666,12,E
Croatia,HRV,Europe,2015,2010,1.9180833333333334,12,E
Croatia,HRV,Europe,2016,2010,1.62575,12,E
Croatia,HRV,Europe,2017,2010,1.57575,12,E
Croatia,HRV,Europe,2018,2010,2.2341666666666664,12,E
Croatia,HRV,Europe,2019,2010,2.21475,12,E
Croatia,HRV,Europe,2020,2020,1.9342499999999998,12,E
Croatia,HRV,Europe,2021,2020,1.4399166666666667,12,E
Croatia,HRV,Europe,2022,2020,2.3844166666666666,12,E
Croatia,HRV,Europe,2023,2020,2.480583333333333,12,E
Croatia,HRV,Europe,2024,2020,3.157,12,E
Croatia,HRV,Europe,2025,2020,2.1721666666666666,12,E
Haiti,HTI,North America,1961,1960,-0.02908333333333334,12,E
Haiti,HTI,North America,1962,1960,0.063,12,E
Haiti,HTI,North America,1963,1960,0.006416666666666663,12,E
Haiti,HTI,North America,1964,1960,0.07275,12,E
Haiti,HTI,North America,1965,1960,-0.18316666666666667,12,E
Haiti,HTI,North America,1966,1960,-0.05816666666666668,12,E
Haiti,HTI,North America,1967,1960,-0.1496666666666667,12,E
Haiti,HTI,North America,1968,1960,-0.2320833333333333,12,E
Haiti,HTI,North America,1969,1960,0.16858333333333334,12,E
Haiti,HTI,North America,1970,1970,-0.146,12,E
Haiti,HTI,North America,1971,1970,-0.2041666666666667,12,E
Haiti,HTI,North America,1972,1970,0.21591666666666667,12,E
Haiti,HTI,North America,1973,1970,0.35825,12,E
Haiti,HTI,North America,1974,1970,0.016833333333333332,12,E
Haiti,HTI,North America,1975,1970,0.15825000000000003,12,E
Haiti,HTI,North America,1976,1970,-0.16158333333333333,12,E
Haiti,HTI,North America,1977,1970,0.245,12,E
Haiti,HTI,North America,1978,1970,0.051333333333333335,12,E
Haiti,HTI,North America,1979,1970,0.17791666666666664,12,E
Haiti,HTI,North America,1980,1980,0.6414166666666666,12,E
Haiti,HTI,North America,1981,1980,0.7076666666666666,12,E
Haiti,HTI,North America,1982,1980,0.4351666666666667,12,E
Haiti,HTI,North America,1983,1980,0.7294166666666667,12,E
Haiti,HTI,North America,1984,1980,0.08075,12,E
Haiti,HTI,North America,1985,1980,0.24966666666666668,12,E
Haiti,HTI,North America,1986,1980,0.3253333333333333,12,E
Haiti,HTI,North America,1987,1980,1.0245,12,E
Haiti,HTI,North America,1988,1980,0.8468333333333334,12,E
Haiti,HTI,North America,1989,1980,0.5174166666666666,12,E
Haiti,HTI,North America,1990,1990,0.6615000000000001,12,E
Haiti,HTI,North America,1991,1990,0.5936666666666667,12,E
Haiti,HTI,North America,1992,1990,0.4963333333333333,12,E
Haiti,HTI,North America,1993,1990,0.22174999999999997,12,E
Haiti,HTI,North America,1994,1990,0.9775833333333334,12,E
Haiti,HTI,North America,1995,1990,0.6954166666666667,12,E
Haiti,HTI,North America,1996,1990,0.16425,12,E
Haiti,HTI,North America,1997,1990,0.9406666666666667,12,E
Haiti,HTI,North America,1998,1990,1.0735833333333333,12,E
Haiti,HTI,North America,1999,1990,0.7611666666666667,12,E
Haiti,HTI,North America,2000,2000,,11,
Haiti,HTI,North America,2001,2000,0.68975,12,E
Haiti,HTI,North America,2002,2000,0.7396666666666666,12,E
Haiti,HTI,North America,2003,2000,0.899,12,E
Haiti,HTI,North America,2004,2000,0.7360833333333333,12,E
Haiti,HTI,North America,2005,2000,0.8501666666666666,12,E
Haiti,HTI,North America,2006,2000,0.8756666666666667,12,E
Haiti,HTI,North America,2007,2000,0.8016666666666666,12,E
Haiti,HTI,North America,2008,2000,0.5120833333333333,12,E
Haiti,HTI,North America,2009,2000,0.7683333333333334,12,E
Haiti,HTI,North America,2010,2010,0.7992499999999999,12,E
Haiti,HTI,North America,2011,2010,0.5884166666666667,12,E
Haiti,HTI,North America,2012,2010,0.6949166666666667,12,E
Haiti,HTI,North America,2013,2010,1.0245833333333334,12,E
Haiti,HTI,North America,2014,2010,1.13725,12,E
Haiti,HTI,North America,2015,2010,1.3726666666666667,12,E
Haiti,HTI,North America,2016,2010,1.2223333333333333,12,E
Haiti,HTI,North America,2017,2010,0.9380833333333333,12,E
Haiti,HTI,North America,2018,2010,1.1860000000000002,12,E
Haiti,HTI,North America,2019,2010,1.4645,12,E
Haiti,HTI,North America,2020,2020,1.35775,12,E
Haiti,HTI,North America,2021,2020,1.0090000000000001,12,E
Haiti,HTI,North America,2022,2020,0.9430000000000001,12,E
Haiti,HTI,North America,2023,2020,1.5270833333333333,12,E
Haiti,HTI,North America,2024,2020,1.5166666666666666,12,E
Haiti,HTI,North America,2025,2020,1.5037500000000001,12,E
Hungary,HUN,Europe,1961,1960,0.7703333333333333,12,E
Hungary,HUN,Europe,1962,1960,-0.59225,12,E
Hungary,HUN,Europe,1963,1960,-0.5216666666666666,12,E
Hungary,HUN,Europe,1964,1960,-0.5161666666666667,12,E
Hungary,HUN,Europe,1965,1960,-0.7629999999999999,12,E
Hungary,HUN,Europe,1966,1960,0.6813333333333333,12,E
Hungary,HUN,Europe,1967,1960,0.45649999999999996,12,E
Hungary,HUN,Europe,1968,1960,0.29391666666666666,12,E
Hungary,HUN,Europe,1969,1960,-0.3465,12,E
Hungary,HUN,Europe,1970,1970,-0.24083333333333334,12,E
Hungary,HUN,Europe,1971,1970,0.07625000000000004,12,E
Hungary,HUN,Europe,1972,1970,0.26949999999999996,12,E
Hungary,HUN,Europe,1973,1970,-0.11191666666666666,12,E
Hungary,HUN,Europe,1974,1970,0.5104166666666666,12,E
Hungary,HUN,Europe,1975,1970,0.6861666666666667,12,E
Hungary,HUN,Europe,1976,1970,-0.2943333333333334,12,E
Hungary,HUN,Europe,1977,1970,0.4290833333333333,12,E
Hungary,HUN,Europe,1978,1970,-0.6898333333333334,12,E
Hungary,HUN,Europe,1979,1970,0.28925,12,E
Hungary,HUN,Europe,1980,1980,-0.9604166666666667,12,E
Hungary,HUN,Europe,1981,1980,0.17416666666666666,12,E
Hungary,HUN,Europe,1982,1980,0.4001666666666667,12,E
Hungary,HUN,Europe,1983,1980,0.7516666666666668,12,E
Hungary,HUN,Europe,1984,1980,-0.17133333333333334,12,E
Hungary,HUN,Europe,1985,1980,-0.7194166666666667,12,E
Hungary,HUN,Europe,1986,1980,-0.03083333333333334,12,E
Hungary,HUN,Europe,1987,1980,-0.33216666666666667,12,E
Hungary,HUN,Europe,1988,1980,0.3925,12,E
Hungary,HUN,Europe,1989,1980,0.8976666666666667,12,E
Hungary,HUN,Europe,1990,1990,0.9809999999999999,12,E
Hungary,HUN,Europe,1991,1990,-0.2255,12,E
Hungary,HUN,Europe,1992,1990,1.0908333333333333,12,E
Hungary,HUN,Europe,1993,1990,0.3013333333333334,12,E
Hungary,HUN,Europe,1994,1990,1.6943333333333335,12,E
Hungary,HUN,Europe,1995,1990,0.5199166666666666,12,E
Hungary,HUN,Europe,1996,1990,-0.43625,12,E
Hungary,HUN,Europe,1997,1990,0.19258333333333333,12,E
Hungary,HUN,Europe,1998,1990,0.6665000000000001,12,E
Hungary,HUN,Europe,1999,1990,0.9215833333333333,12,E
Hungary,HUN,Europe,2000,2000,1.9569999999999999,12,E
Hungary,HUN,Europe,2001,2000,0.8589166666666667,12,E
Hungary,HUN,Europe,2002,2000,1.7227499999999998,12,E
Hungary,HUN,Europe,2003,2000,0.871,12,E
Hungary,HUN,Europe,2004,2000,0.5884166666666667,12,E
Hungary,HUN,Europe,2005,2000,0.17858333333333332,12,E
Hungary,HUN,Europe,2006,2000,0.8985,12,E
Hungary,HUN,Europe,2007,2000,1.89625,12,E
Hungary,HUN,Europe,2008,2000,1.7429166666666667,12,E
Hungary,HUN,Europe,2009,2000,1.5283333333333333,12,E
Hungary,HUN,Europe,2010,2010,0.5993333333333334,12,E
Hungary,HUN,Europe,2011,2010,1.2189166666666666,12,E
Hungary,HUN,Europe,2012,2010,1.49075,12,E
Hungary,HUN,Europe,2013,2010,1.3669166666666666,12,E
Hungary,HUN,Europe,2014,2010,2.294,12,E
Hungary,HUN,Europe,2015,2010,2.1039166666666667,12,E
Hungary,HUN,Europe,2016,2010,1.6074166666666667,12,E
Hungary,HUN,Europe,2017,2010,1.5474166666666667,12,E
Hungary,HUN,Europe,2018,2010,2.4317499999999996,12,E
Hungary,HUN,Europe,2019,2010,2.5416666666666665,12,E
Hungary,HUN,Europe,2020,2020,1.99425,12,E
Hungary,HUN,Europe,2021,2020,1.26475,12,E
Hungary,HUN,Europe,2022,2020,2.263333333333333,12,E
Hungary,HUN,Europe,2023,2020,2.5935,12,E
Hungary,HUN,Europe,2024,2020,3.25475,12,E
Hungary,HUN,Europe,2025,2020,2.083416666666667,12,E
Indonesia,IDN,Asia,1961,1960,-0.03841666666666666,12,E
Indonesia,IDN,Asia,1962,1960,-0.014750000000000001,12,E
Indonesia,IDN,Asia,1963,1960,-0.09708333333333334,12,E
Indonesia,IDN,Asia,1964,1960,-0.075,12,E
Indonesia,IDN,Asia,1965,1960,-0.18700000000000003,12,E
Indonesia,IDN,Asia,1966,1960,0.03233333333333333,12,E
Indonesia,IDN,Asia,1967,1960,-0.138,12,E
Indonesia,IDN,Asia,1968,1960,-0.0305,12,E
Indonesia,IDN,Asia,1969,1960,0.18591666666666665,12,E
Indonesia,IDN,Asia,1970,1970,0.12783333333333333,12,E
Indonesia,IDN,Asia,1971,1970,-0.1749166666666667,12,E
Indonesia,IDN,Asia,1972,1970,0.005166666666666671,12,E
Indonesia,IDN,Asia,1973,1970,0.20291666666666666,12,E
Indonesia,IDN,Asia,1974,1970,-0.15575,12,E
Indonesia,IDN,Asia,1975,1970,-0.13883333333333334,12,E
Indonesia,IDN,Asia,1976,1970,0.04158333333333334,12,E
Indonesia,IDN,Asia,1977,1970,0.11375,12,E
Indonesia,IDN,Asia,1978,1970,0.06541666666666666,12,E
Indonesia,IDN,Asia,1979,1970,0.21625000000000003,12,E
Indonesia,IDN,Asia,1980,1980,0.21191666666666667,12,E
Indonesia,IDN,Asia,1981,1980,0.15816666666666665,12,E
Indonesia,IDN,Asia,1982,1980,0.05083333333333334,12,E
Indonesia,IDN,Asia,1983,1980,0.3673333333333333,12,E
Indonesia,IDN,Asia,1984,1980,-0.13741666666666666,12,E
Indonesia,IDN,Asia,1985,1980,0.16716666666666669,12,E
Indonesia,IDN,Asia,1986,1980,0.10383333333333333,12,E
Indonesia,IDN,Asia,1987,1980,0.4649166666666667,12,E
Indonesia,IDN,Asia,1988,1980,0.3565833333333333,12,E
Indonesia,IDN,Asia,1989,1980,0.10233333333333333,12,E
Indonesia,IDN,Asia,1990,1990,0.167,12,E
Indonesia,IDN,Asia,1991,1990,0.31758333333333333,12,E
Indonesia,IDN,Asia,1992,1990,0.3773333333333333,12,E
Indonesia,IDN,Asia,1993,1990,0.3135,12,E
Indonesia,IDN,Asia,1994,1990,0.36191666666666666,12,E
Indonesia,IDN,Asia,1995,1990,0.35933333333333334,12,E
Indonesia,IDN,Asia,1996,1990,0.39408333333333334,12,E
Indonesia,IDN,Asia,1997,1990,0.46091666666666664,12,E
Indonesia,IDN,Asia,1998,1990,0.93275,12,E
Indonesia,IDN,Asia,1999,1990,0.2634166666666667,12,E
Indonesia,IDN,Asia,2000,2000,0.3183333333333333,12,E
Indonesia,IDN,Asia,2001,2000,0.4761666666666666,12,E
Indonesia,IDN,Asia,2002,2000,0.6869999999999999,12,E
Indonesia,IDN,Asia,2003,2000,0.58125,12,E
Indonesia,IDN,Asia,2004,2000,0.6222500000000001,12,E
Indonesia,IDN,Asia,2005,2000,0.6875,12,E
Indonesia,IDN,Asia,2006,2000,0.4655,12,E
Indonesia,IDN,Asia,2007,2000,0.3901666666666667,12,E
Indonesia,IDN,Asia,2008,2000,0.22866666666666668,12,E
Indonesia,IDN,Asia,2009,2000,0.5943333333333333,12,E
Indonesia,IDN,Asia,2010,2010,0.7049166666666666,12,E
Indonesia,IDN,Asia,2011,2010,0.32808333333333334,12,E
Indonesia,IDN,Asia,2012,2010,0.4155,12,E
Indonesia,IDN,Asia,2013,2010,0.7683333333333334,12,E
Indonesia,IDN,Asia,2014,2010,0.7568333333333334,12,E
Indonesia,IDN,Asia,2015,2010,0.8497499999999999,12,E
Indonesia,IDN,Asia,2016,2010,1.3679166666666667,12,E
Indonesia,IDN,Asia,2017,2010,0.90725,12,E
Indonesia,IDN,Asia,2018,2010,0.9251666666666667,12,E
Indonesia,IDN,Asia,2019,2010,1.0496666666666667,12,E
Indonesia,IDN,Asia,2020,2020,1.1820833333333334,12,E
Indonesia,IDN,Asia,2021,2020,1.0155833333333333,12,E
Indonesia,IDN,Asia,2022,2020,0.9440833333333334,12,E
Indonesia,IDN,Asia,2023,2020,1.1665833333333333,12,E
Indonesia,IDN,Asia,2024,2020,1.3786666666666667,12,E
Indonesia,IDN,Asia,2025,2020,1.1214166666666667,12,E
Isle of Man,IMN,Europe,1961,1960,0.283,12,E
Isle of Man,IMN,Europe,1962,1960,-0.6589166666666667,12,E
Isle of Man,IMN,Europe,1963,1960,-0.8240833333333334,12,E
Isle of Man,IMN,Europe,1964,1960,0.10383333333333333,12,E
Isle of Man,IMN,Europe,1965,1960,-0.5365,12,E
Isle of Man,IMN,Europe,1966,1960,-0.03816666666666666,12,E
Isle of Man,IMN,Europe,1967,1960,0.054666666666666676,12,E
Isle of Man,IMN,Europe,1968,1960,-0.056333333333333326,12,E
Isle of Man,IMN,Europe,1969,1960,-0.2930833333333333,12,E
Isle of Man,IMN,Europe,1970,1970,0.07641666666666667,12,E
Isle of Man,IMN,Europe,1971,1970,0.4851666666666667,12,E
Isle of Man,IMN,Europe,1972,1970,-0.28958333333333336,12,E
Isle of Man,IMN,Europe,1973,1970,0.20741666666666667,12,E
Isle of Man,IMN,Europe,1974,1970,-0.019749999999999972,12,E
Isle of Man,IMN,Europe,1975,1970,0.5310833333333334,12,E
Isle of Man,IMN,Europe,1976,1970,0.3586666666666667,12,E
Isle of Man,IMN,Europe,1977,1970,-0.029333333333333322,12,E
Isle of Man,IMN,Europe,1978,1970,0.023083333333333327,12,E
Isle of Man,IMN,Europe,1979,1970,-0.7345833333333333,12,E
Isle of Man,IMN,Europe,1980,1980,0.008249999999999999,12,E
Isle of Man,IMN,Europe,1981,1980,-0.09816666666666667,12,E
Isle of Man,IMN,Europe,1982,1980,0.2808333333333333,12,E
Isle of Man,IMN,Europe,1983,1980,0.5234166666666666,12,E
Isle of Man,IMN,Europe,1984,1980,0.24808333333333335,12,E
Isle of Man,IMN,Europe,1985,1980,-0.48983333333333334,12,E
Isle of Man,IMN,Europe,1986,1980,-0.7439999999999999,12,E
Isle of Man,IMN,Europe,1987,1980,-0.21033333333333334,12,E
Isle of Man,IMN,Europe,1988,1980,0.381,12,E
Isle of Man,IMN,Europe,1989,1980,0.7989999999999999,12,E
Isle of Man,IMN,Europe,1990,1990,0.9010833333333333,12,E
Isle of Man,IMN,Europe,1991,1990,0.25633333333333336,12,E
Isle of Man,IMN,Europe,1992,1990,0.3006666666666667,12,E
Isle of Man,IMN,Europe,1993,1990,0.008166666666666711,12,E
Isle of Man,IMN,Europe,1994,1990,0.35925,12,E
Isle of Man,IMN,Europe,1995,1990,0.8853333333333334,12,E
Isle of Man,IMN,Europe,1996,1990,-0.06583333333333334,12,E
Isle of Man,IMN,Europe,1997,1990,1.1136666666666666,12,E
Isle of Man,IMN,Europe,1998,1990,0.8836666666666667,12,E
Isle of Man,IMN,Europe,1999,1990,0.9805833333333333,12,E
Isle of Man,IMN,Europe,2000,2000,0.6594166666666667,12,E
Isle of Man,IMN,Europe,2001,2000,0.4164999999999999,12,E
Isle of Man,IMN,Europe,2002,2000,0.9852500000000001,12,E
Isle of Man,IMN,Europe,2003,2000,0.9935,12,E
Isle of Man,IMN,Europe,2004,2000,1.0019166666666666,12,E
Isle of Man,IMN,Europe,2005,2000,1.0859166666666666,12,E
Isle of Man,IMN,Europe,2006,2000,1.2775833333333333,12,E
Isle of Man,IMN,Europe,2007,2000,1.2665,12,E
Isle of Man,IMN,Europe,2008,2000,0.6618333333333334,12,E
Isle of Man,IMN,Europe,2009,2000,0.7364999999999999,12,E
Isle of Man,IMN,Europe,2010,2010,-0.3836666666666666,12,E
Isle of Man,IMN,Europe,2011,2010,1.1107500000000001,12,E
Isle of Man,IMN,Europe,2012,2010,0.51675,12,E
Isle of Man,IMN,Europe,2013,2010,0.551,12,E
Isle of Man,IMN,Europe,2014,2010,1.3554166666666667,12,E
Isle of Man,IMN,Europe,2015,2010,0.6265833333333334,12,E
Isle of Man,IMN,Europe,2016,2010,0.9470833333333334,12,E
Isle of Man,IMN,Europe,2017,2010,1.2124166666666667,12,E
Isle of Man,IMN,Europe,2018,2010,1.01975,12,E
Isle of Man,IMN,Europe,2019,2010,1.0509166666666667,12,E
Isle of Man,IMN,Europe,2020,2020,1.1080833333333333,12,E
Isle of Man,IMN,Europe,2021,2020,1.1316666666666666,12,E
Isle of Man,IMN,Europe,2022,2020,1.6209999999999998,12,E
Isle of Man,IMN,Europe,2023,2020,1.8123333333333334,12,E
Isle of Man,IMN,Europe,2024,2020,1.4544166666666667,12,E
Isle of Man,IMN,Europe,2025,2020,1.84025,12,E
India,IND,Asia,1961,1960,-0.4045,12,E
India,IND,Asia,1962,1960,-0.3625833333333333,12,E
India,IND,Asia,1963,1960,0.035833333333333335,12,E
India,IND,Asia,1964,1960,-0.04766666666666667,12,E
India,IND,Asia,1965,1960,-0.03975000000000001,12,E
India,IND,Asia,1966,1960,0.28708333333333336,12,E
India,IND,Asia,1967,1960,-0.13041666666666665,12,E
India,IND,Asia,1968,1960,-0.27649999999999997,12,E
India,IND,Asia,1969,1960,0.34908333333333336,12,E
India,IND,Asia,1970,1970,-0.07233333333333335,12,E
India,IND,Asia,1971,1970,-0.5160833333333333,12,E
India,IND,Asia,1972,1970,0.09699999999999998,12,E
India,IND,Asia,1973,1970,0.20824999999999996,12,E
India,IND,Asia,1974,1970,0.026499999999999996,12,E
India,IND,Asia,1975,1970,-0.26475,12,E
India,IND,Asia,1976,1970,0.10641666666666666,12,E
India,IND,Asia,1977,1970,0.15308333333333332,12,E
India,IND,Asia,1978,1970,-0.16125,12,E
India,IND,Asia,1979,1970,0.36600000000000005,12,E
India,IND,Asia,1980,1980,0.39358333333333334,12,E
India,IND,Asia,1981,1980,0.04508333333333334,12,E
India,IND,Asia,1982,1980,0.05908333333333334,12,E
India,IND,Asia,1983,1980,-0.20866666666666667,12,E
India,IND,Asia,1984,1980,-0.06516666666666666,12,E
India,IND,Asia,1985,1980,0.24083333333333334,12,E
India,IND,Asia,1986,1980,0.12033333333333333,12,E
India,IND,Asia,1987,1980,0.6095,12,E
India,IND,Asia,1988,1980,0.5381666666666667,12,E
India,IND,Asia,1989,1980,-0.04900000000000001,12,E
India,IND,Asia,1990,1990,0.011166666666666677,12,E
India,IND,Asia,1991,1990,0.18125,12,E
India,IND,Asia,1992,1990,0.08408333333333334,12,E
India,IND,Asia,1993,1990,0.24916666666666665,12,E
India,IND,Asia,1994,1990,0.12466666666666666,12,E
India,IND,Asia,1995,1990,0.3299166666666667,12,E
India,IND,Asia,1996,1990,0.3040833333333333,12,E
India,IND,Asia,1997,1990,-0.03224999999999998,12,E
India,IND,Asia,1998,1990,0.6466666666666667,12,E
India,IND,Asia,1999,1990,0.50225,12,E
India,IND,Asia,2000,2000,0.4068333333333333,12,E
India,IND,Asia,2001,2000,0.5400833333333334,12,E
India,IND,Asia,2002,2000,0.9079166666666666,12,E
India,IND,Asia,2003,2000,0.6403333333333333,12,E
India,IND,Asia,2004,2000,0.6444166666666667,12,E
India,IND,Asia,2005,2000,0.5518333333333333,12,E
India,IND,Asia,2006,2000,0.803,12,E
India,IND,Asia,2007,2000,0.6449166666666667,12,E
India,IND,Asia,2008,2000,0.4346666666666666,12,E
India,IND,Asia,2009,2000,1.156,12,E
India,IND,Asia,2010,2010,1.1103333333333334,12,E
India,IND,Asia,2011,2010,0.47458333333333336,12,E
India,IND,Asia,2012,2010,0.5678333333333333,12,E
India,IND,Asia,2013,2010,0.4409166666666667,12,E
India,IND,Asia,2014,2010,0.5444166666666667,12,E
India,IND,Asia,2015,2010,0.8763333333333333,12,E
India,IND,Asia,2016,2010,1.1824999999999999,12,E
India,IND,Asia,2017,2010,1.0464166666666668,12,E
India,IND,Asia,2018,2010,0.9296666666666668,12,E
India,IND,Asia,2019,2010,0.8882499999999999,12,E
India,IND,Asia,2020,2020,0.6718333333333334,12,E
India,IND,Asia,2021,2020,0.8226666666666667,12,E
India,IND,Asia,2022,2020,0.9401666666666667,12,E
India,IND,Asia,2023,2020,0.9405833333333334,12,E
India,IND,Asia,2024,2020,1.1311666666666667,12,E
India,IND,Asia,2025,2020,0.9301666666666667,12,E
Ireland,IRL,Europe,1961,1960,0.23433333333333328,12,E
Ireland,IRL,Europe,1962,1960,-0.5895833333333333,12,E
Ireland,IRL,Europe,1963,1960,-0.8355833333333332,12,E
Ireland,IRL,Europe,1964,1960,0.18058333333333332,12,E
Ireland,IRL,Europe,1965,1960,-0.5208333333333334,12,E
Ireland,IRL,Europe,1966,1960,0.027000000000000014,12,E
Ireland,IRL,Europe,1967,1960,-0.06433333333333334,12,E
Ireland,IRL,Europe,1968,1960,-0.03783333333333333,12,E
Ireland,IRL,Europe,1969,1960,-0.27166666666666667,12,E
Ireland,IRL,Europe,1970,1970,0.027666666666666645,12,E
Ireland,IRL,Europe,1971,1970,0.509,12,E
Ireland,IRL,Europe,1972,1970,-0.34474999999999995,12,E
Ireland,IRL,Europe,1973,1970,0.27233333333333337,12,E
Ireland,IRL,Europe,1974,1970,-0.06683333333333337,12,E
Ireland,IRL,Europe,1975,1970,0.5170833333333333,12,E
Ireland,IRL,Europe,1976,1970,0.2936666666666667,12,E
Ireland,IRL,Europe,1977,1970,0.020666666666666667,12,E
Ireland,IRL,Europe,1978,1970,0.0860833333333333,12,E
Ireland,IRL,Europe,1979,1970,-0.6950833333333333,12,E
Ireland,IRL,Europe,1980,1980,-0.023750000000000004,12,E
Ireland,IRL,Europe,1981,1980,0.04450000000000002,12,E
Ireland,IRL,Europe,1982,1980,0.2905,12,E
Ireland,IRL,Europe,1983,1980,0.5361666666666666,12,E
Ireland,IRL,Europe,1984,1980,0.21733333333333335,12,E
Ireland,IRL,Europe,1985,1980,-0.43075,12,E
Ireland,IRL,Europe,1986,1980,-0.8034166666666667,12,E
Ireland,IRL,Europe,1987,1980,-0.10916666666666668,12,E
Ireland,IRL,Europe,1988,1980,0.3429166666666667,12,E
Ireland,IRL,Europe,1989,1980,0.7498333333333332,12,E
Ireland,IRL,Europe,1990,1990,0.8034166666666667,12,E
Ireland,IRL,Europe,1991,1990,0.30641666666666667,12,E
Ireland,IRL,Europe,1992,1990,0.2818333333333333,12,E
Ireland,IRL,Europe,1993,1990,0.10949999999999999,12,E
Ireland,IRL,Europe,1994,1990,0.3560833333333333,12,E
Ireland,IRL,Europe,1995,1990,0.9469166666666666,12,E
Ireland,IRL,Europe,1996,1990,0.002916666666666697,12,E
Ireland,IRL,Europe,1997,1990,1.1411666666666667,12,E
Ireland,IRL,Europe,1998,1990,0.9123333333333333,12,E
Ireland,IRL,Europe,1999,1990,0.9390000000000001,12,E
Ireland,IRL,Europe,2000,2000,0.5763333333333334,12,E
Ireland,IRL,Europe,2001,2000,0.47658333333333336,12,E
Ireland,IRL,Europe,2002,2000,0.8939166666666667,12,E
Ireland,IRL,Europe,2003,2000,0.9850833333333333,12,E
Ireland,IRL,Europe,2004,2000,0.93675,12,E
Ireland,IRL,Europe,2005,2000,1.086,12,E
Ireland,IRL,Europe,2006,2000,1.1840833333333334,12,E
Ireland,IRL,Europe,2007,2000,1.3338333333333334,12,E
Ireland,IRL,Europe,2008,2000,0.6528333333333333,12,E
Ireland,IRL,Europe,2009,2000,0.6523333333333333,12,E
Ireland,IRL,Europe,2010,2010,-0.3355833333333333,12,E
Ireland,IRL,Europe,2011,2010,0.9600833333333334,12,E
Ireland,IRL,Europe,2012,2010,0.6428333333333334,12,E
Ireland,IRL,Europe,2013,2010,0.65525,12,E
Ireland,IRL,Europe,2014,2010,1.2736666666666667,12,E
Ireland,IRL,Europe,2015,2010,0.62575,12,E
Ireland,IRL,Europe,2016,2010,0.9213333333333334,12,E
Ireland,IRL,Europe,2017,2010,1.17475,12,E
Ireland,IRL,Europe,2018,2010,0.9434999999999999,12,E
Ireland,IRL,Europe,2019,2010,1.0643333333333334,12,E
Ireland,IRL,Europe,2020,2020,0.9953333333333334,12,E
Ireland,IRL,Europe,2021,2020,1.1534166666666668,12,E
Ireland,IRL,Europe,2022,2020,1.5370833333333334,12,E
Ireland,IRL,Europe,2023,2020,1.8499999999999999,12,E
Ireland,IRL,Europe,2024,2020,1.3714166666666667,12,E
Ireland,IRL,Europe,2025,2020,1.8465,12,E
Iran,IRN,Asia,1961,1960,0.09691666666666666,12,E
Iran,IRN,Asia,1962,1960,0.20791666666666667,12,E
Iran,IRN,Asia,1963,1960,0.5676666666666667,12,E
Iran,IRN,Asia,1964,1960,-0.8370000000000001,12,E
Iran,IRN,Asia,1965,1960,0.07591666666666667,12,E
Iran,IRN,Asia,1966,1960,0.8038333333333334,12,E
Iran,IRN,Asia,1967,1960,-0.3795,12,E
Iran,IRN,Asia,1968,1960,-0.09116666666666669,12,E
Iran,IRN,Asia,1969,1960,-0.26666666666666666,12,E
Iran,IRN,Asia,1970,1970,0.7203333333333334,12,E
Iran,IRN,Asia,1971,1970,0.16408333333333336,12,E
Iran,IRN,Asia,1972,1970,-1.252,12,E
Iran,IRN,Asia,1973,1970,-0.03583333333333335,12,E
Iran,IRN,Asia,1974,1970,-0.7142499999999999,12,E
Iran,IRN,Asia,1975,1970,-0.18041666666666667,12,E
Iran,IRN,Asia,1976,1970,-0.42491666666666666,12,E
Iran,IRN,Asia,1977,1970,0.458,12,E
Iran,IRN,Asia,1978,1970,0.3793333333333333,12,E
Iran,IRN,Asia,1979,1970,0.48125,12,E
Iran,IRN,Asia,1980,1980,0.6085833333333334,12,E
Iran,IRN,Asia,1981,1980,0.7004999999999999,12,E
Iran,IRN,Asia,1982,1980,-0.5586666666666668,12,E
Iran,IRN,Asia,1983,1980,0.09508333333333334,12,E
Iran,IRN,Asia,1984,1980,-0.09600000000000002,12,E
Iran,IRN,Asia,1985,1980,0.442,12,E
Iran,IRN,Asia,1986,1980,0.03141666666666667,12,E
Iran,IRN,Asia,1987,1980,0.6813333333333333,12,E
Iran,IRN,Asia,1988,1980,0.7096666666666667,12,E
Iran,IRN,Asia,1989,1980,0.11566666666666665,12,E
Iran,IRN,Asia,1990,1990,0.6449166666666667,12,E
Iran,IRN,Asia,1991,1990,0.3050833333333333,12,E
Iran,IRN,Asia,1992,1990,-0.8189166666666666,12,E
Iran,IRN,Asia,1993,1990,-0.043833333333333356,12,E
Iran,IRN,Asia,1994,1990,0.6020833333333333,12,E
Iran,IRN,Asia,1995,1990,0.6874166666666667,12,E
Iran,IRN,Asia,1996,1990,0.41775,12,E
Iran,IRN,Asia,1997,1990,0.5395,12,E
Iran,IRN,Asia,1998,1990,1.4124999999999999,12,E
Iran,IRN,Asia,1999,1990,1.4071666666666667,12,E
Iran,IRN,Asia,2000,2000,1.1311666666666667,12,E
Iran,IRN,Asia,2001,2000,1.6254166666666665,12,E
Iran,IRN,Asia,2002,2000,1.3093333333333332,12,E
Iran,IRN,Asia,2003,2000,0.9852500000000001,12,E
Iran,IRN,Asia,2004,2000,1.345,12,E
Iran,IRN,Asia,2005,2000,1.0468333333333333,12,E
Iran,IRN,Asia,2006,2000,1.41775,12,E
Iran,IRN,Asia,2007,2000,1.0124166666666667,12,E
Iran,IRN,Asia,2008,2000,1.0804166666666666,12,E
Iran,IRN,Asia,2009,2000,1.2169166666666666,12,E
Iran,IRN,Asia,2010,2010,2.162666666666667,12,E
Iran,IRN,Asia,2011,2010,1.0866666666666667,12,E
Iran,IRN,Asia,2012,2010,1.1598333333333333,12,E
Iran,IRN,Asia,2013,2010,1.502,12,E
Iran,IRN,Asia,2014,2010,1.1478333333333335,12,E
Iran,IRN,Asia,2015,2010,1.7069999999999999,12,E
Iran,IRN,Asia,2016,2010,1.77525,12,E
Iran,IRN,Asia,2017,2010,1.6419166666666667,12,E
Iran,IRN,Asia,2018,2010,2.0654166666666667,12,E
Iran,IRN,Asia,2019,2010,1.484,12,E
Iran,IRN,Asia,2020,2020,1.0989166666666665,12,E
Iran,IRN,Asia,2021,2020,2.273,12,E
Iran,IRN,Asia,2022,2020,2.1854166666666663,12,E
Iran,IRN,Asia,2023,2020,2.3393333333333333,12,E
Iran,IRN,Asia,2024,2020,2.1475833333333334,12,E
Iran,IRN,Asia,2025,2020,2.218833333333333,12,E
Iraq,IRQ,Asia,1961,1960,-0.18633333333333332,12,E
Iraq,IRQ,Asia,1962,1960,0.9772500000000001,12,E
Iraq,IRQ,Asia,1963,1960,0.20458333333333334,12,E
Iraq,IRQ,Asia,1964,1960,-0.7884166666666667,12,E
Iraq,IRQ,Asia,1965,1960,0.06916666666666667,12,E
Iraq,IRQ,Asia,1966,1960,1.0435833333333333,12,E
Iraq,IRQ,Asia,1967,1960,-0.9580833333333333,12,E
Iraq,IRQ,Asia,1968,1960,-0.07658333333333332,12,E
Iraq,IRQ,Asia,1969,1960,0.2569166666666666,12,E
Iraq,IRQ,Asia,1970,1970,0.45475,12,E
Iraq,IRQ,Asia,1971,1970,-0.18841666666666668,12,E
Iraq,IRQ,Asia,1972,1970,-0.8441666666666666,12,E
Iraq,IRQ,Asia,1973,1970,-0.015500000000000005,12,E
Iraq,IRQ,Asia,1974,1970,-0.472,12,E
Iraq,IRQ,Asia,1975,1970,-0.26991666666666664,12,E
Iraq,IRQ,Asia,1976,1970,-0.4859166666666667,12,E
Iraq,IRQ,Asia,1977,1970,0.1396666666666667,12,E
Iraq,IRQ,Asia,1978,1970,0.2313333333333333,12,E
Iraq,IRQ,Asia,1979,1970,1.0080833333333332,12,E
Iraq,IRQ,Asia,1980,1980,0.09708333333333335,12,E
Iraq,IRQ,Asia,1981,1980,0.3569166666666666,12,E
Iraq,IRQ,Asia,1982,1980,-0.7897500000000001,12,E
Iraq,IRQ,Asia,1983,1980,-0.5321666666666666,12,E
Iraq,IRQ,Asia,1984,1980,-0.18891666666666665,12,E
Iraq,IRQ,Asia,1985,1980,0.19441666666666665,12,E
Iraq,IRQ,Asia,1986,1980,0.24216666666666664,12,E
Iraq,IRQ,Asia,1987,1980,0.5850833333333333,12,E
Iraq,IRQ,Asia,1988,1980,0.03841666666666666,12,E
Iraq,IRQ,Asia,1989,1980,0.17683333333333331,12,E
Iraq,IRQ,Asia,1990,1990,0.5099999999999999,12,E
Iraq,IRQ,Asia,1991,1990,0.3431666666666667,12,E
Iraq,IRQ,Asia,1992,1990,-1.2424166666666667,12,E
Iraq,IRQ,Asia,1993,1990,-0.2354166666666667,12,E
Iraq,IRQ,Asia,1994,1990,0.6421666666666667,12,E
Iraq,IRQ,Asia,1995,1990,0.48174999999999996,12,E
Iraq,IRQ,Asia,1996,1990,1.06675,12,E
Iraq,IRQ,Asia,1997,1990,0.08641666666666666,12,E
Iraq,IRQ,Asia,1998,1990,1.5005833333333332,12,E
Iraq,IRQ,Asia,1999,1990,1.6694166666666668,12,E
Iraq,IRQ,Asia,2000,2000,0.8771666666666667,12,E
Iraq,IRQ,Asia,2001,2000,1.3559166666666667,12,E
Iraq,IRQ,Asia,2002,2000,0.8785833333333333,12,E
Iraq,IRQ,Asia,2003,2000,1.0025000000000002,12,E
Iraq,IRQ,Asia,2004,2000,0.824,12,E
Iraq,IRQ,Asia,2005,2000,0.8983333333333333,12,E
Iraq,IRQ,Asia,2006,2000,1.1390833333333334,12,E
Iraq,IRQ,Asia,2007,2000,1.1229166666666666,12,E
Iraq,IRQ,Asia,2008,2000,1.1025833333333332,12,E
Iraq,IRQ,Asia,2009,2000,1.0020833333333334,12,E
Iraq,IRQ,Asia,2010,2010,2.6095,12,E
Iraq,IRQ,Asia,2011,2010,0.5924166666666667,12,E
Iraq,IRQ,Asia,2012,2010,1.3748333333333334,12,E
Iraq,IRQ,Asia,2013,2010,1.0005833333333334,12,E
Iraq,IRQ,Asia,2014,2010,1.4515,12,E
Iraq,IRQ,Asia,2015,2010,1.6505833333333333,12,E
Iraq,IRQ,Asia,2016,2010,1.7031666666666665,12,E
Iraq,IRQ,Asia,2017,2010,1.84175,12,E
Iraq,IRQ,Asia,2018,2010,2.3374166666666665,12,E
Iraq,IRQ,Asia,2019,2010,1.7476666666666667,12,E
Iraq,IRQ,Asia,2020,2020,1.9178333333333333,12,E
Iraq,IRQ,Asia,2021,2020,2.717,12,E
Iraq,IRQ,Asia,2022,2020,2.2891666666666666,12,E
Iraq,IRQ,Asia,2023,2020,2.1536666666666666,12,E
Iraq,IRQ,Asia,2024,2020,2.0765833333333332,12,E
Iraq,IRQ,Asia,2025,2020,2.04575,12,E
Iceland,ISL,Europe,1961,1960,0.45633333333333326,12,E
Iceland,ISL,Europe,1962,1960,-0.023333333333333345,12,E
Iceland,ISL,Europe,1963,1960,0.0636666666666667,12,E
Iceland,ISL,Europe,1964,1960,0.9055833333333333,12,E
Iceland,ISL,Europe,1965,1960,-0.13316666666666666,12,E
Iceland,ISL,Europe,1966,1960,-0.4911666666666667,12,E
Iceland,ISL,Europe,1967,1960,-0.558,12,E
Iceland,ISL,Europe,1968,1960,-0.5650000000000001,12,E
Iceland,ISL,Europe,1969,1960,-0.9354999999999999,12,E
Iceland,ISL,Europe,1970,1970,-0.5520833333333334,12,E
Iceland,ISL,Europe,1971,1970,-0.15091666666666667,12,E
Iceland,ISL,Europe,1972,1970,0.8228333333333334,12,E
Iceland,ISL,Europe,1973,1970,-0.62875,12,E
Iceland,ISL,Europe,1974,1970,0.5406666666666666,12,E
Iceland,ISL,Europe,1975,1970,-0.37375,12,E
Iceland,ISL,Europe,1976,1970,0.20908333333333332,12,E
Iceland,ISL,Europe,1977,1970,-0.1889166666666667,12,E
Iceland,ISL,Europe,1978,1970,-0.01366666666666668,12,E
Iceland,ISL,Europe,1979,1970,-1.4800000000000002,12,E
Iceland,ISL,Europe,1980,1980,0.11541666666666667,12,E
Iceland,ISL,Europe,1981,1980,-1.0741666666666667,12,E
Iceland,ISL,Europe,1982,1980,-0.31024999999999997,12,E
Iceland,ISL,Europe,1983,1980,-0.9103333333333333,12,E
Iceland,ISL,Europe,1984,1980,0.20333333333333337,12,E
Iceland,ISL,Europe,1985,1980,-0.16516666666666666,12,E
Iceland,ISL,Europe,1986,1980,-0.11608333333333333,12,E
Iceland,ISL,Europe,1987,1980,0.8445,12,E
Iceland,ISL,Europe,1988,1980,-0.4025833333333333,12,E
Iceland,ISL,Europe,1989,1980,-0.32566666666666666,12,E
Iceland,ISL,Europe,1990,1990,0.02216666666666665,12,E
Iceland,ISL,Europe,1991,1990,0.7375833333333333,12,E
Iceland,ISL,Europe,1992,1990,-0.013166666666666682,12,E
Iceland,ISL,Europe,1993,1990,-0.009416666666666684,12,E
Iceland,ISL,Europe,1994,1990,-0.15433333333333335,12,E
Iceland,ISL,Europe,1995,1990,-0.4655,12,E
Iceland,ISL,Europe,1996,1990,0.44933333333333336,12,E
Iceland,ISL,Europe,1997,1990,0.49866666666666665,12,E
Iceland,ISL,Europe,1998,1990,0.02325000000000003,12,E
Iceland,ISL,Europe,1999,1990,0.21958333333333332,12,E
Iceland,ISL,Europe,2000,2000,0.2954166666666667,12,E
Iceland,ISL,Europe,2001,2000,0.6265833333333334,12,E
Iceland,ISL,Europe,2002,2000,0.8676666666666667,12,E
Iceland,ISL,Europe,2003,2000,1.4859166666666666,12,E
Iceland,ISL,Europe,2004,2000,1.1698333333333333,12,E
Iceland,ISL,Europe,2005,2000,0.5943333333333333,12,E
Iceland,ISL,Europe,2006,2000,1.0524166666666666,12,E
Iceland,ISL,Europe,2007,2000,0.9705,12,E
Iceland,ISL,Europe,2008,2000,0.6565833333333334,12,E
Iceland,ISL,Europe,2009,2000,0.8930000000000001,12,E
Iceland,ISL,Europe,2010,2010,1.09975,12,E
Iceland,ISL,Europe,2011,2010,0.7609166666666667,12,E
Iceland,ISL,Europe,2012,2010,0.9016666666666667,12,E
Iceland,ISL,Europe,2013,2010,0.5575,12,E
Iceland,ISL,Europe,2014,2010,1.6005833333333335,12,E
Iceland,ISL,Europe,2015,2010,0.3569166666666667,12,E
Iceland,ISL,Europe,2016,2010,1.6122500000000002,12,E
Iceland,ISL,Europe,2017,2010,1.305,12,E
Iceland,ISL,Europe,2018,2010,0.9635833333333332,12,E
Iceland,ISL,Europe,2019,2010,1.1375,12,E
Iceland,ISL,Europe,2020,2020,0.7229166666666668,12,E
Iceland,ISL,Europe,2021,2020,0.9186666666666667,12,E
Iceland,ISL,Europe,2022,2020,0.90275,12,E
Iceland,ISL,Europe,2023,2020,0.7639999999999999,12,E
Iceland,ISL,Europe,2024,2020,0.15466666666666667,12,E
Iceland,ISL,Europe,2025,2020,1.8288333333333335,12,E
Israel,ISR,Asia,1961,1960,-0.37041666666666667,12,E
Israel,ISR,Asia,1962,1960,0.944,12,E
Israel,ISR,Asia,1963,1960,0.7438333333333333,12,E
Israel,ISR,Asia,1964,1960,-0.5928333333333333,12,E
Israel,ISR,Asia,1965,1960,0.0035000000000000218,12,E
Israel,ISR,Asia,1966,1960,0.6619166666666667,12,E
Israel,ISR,Asia,1967,1960,-0.9366666666666666,12,E
Israel,ISR,Asia,1968,1960,-0.052416666666666646,12,E
Israel,ISR,Asia,1969,1960,0.30183333333333334,12,E
Israel,ISR,Asia,1970,1970,0.00924999999999998,12,E
Israel,ISR,Asia,1971,1970,-0.33299999999999996,12,E
Israel,ISR,Asia,1972,1970,-0.51175,12,E
Israel,ISR,Asia,1973,1970,-0.2574166666666667,12,E
Israel,ISR,Asia,1974,1970,-0.33641666666666664,12,E
Israel,ISR,Asia,1975,1970,-0.36199999999999993,12,E
Israel,ISR,Asia,1976,1970,-0.41658333333333336,12,E
Israel,ISR,Asia,1977,1970,-0.12074999999999998,12,E
Israel,ISR,Asia,1978,1970,0.07033333333333332,12,E
Israel,ISR,Asia,1979,1970,0.5238333333333333,12,E
Israel,ISR,Asia,1980,1980,-0.08366666666666665,12,E
Israel,ISR,Asia,1981,1980,-0.11833333333333333,12,E
Israel,ISR,Asia,1982,1980,-0.7677499999999999,12,E
Israel,ISR,Asia,1983,1980,-0.8945,12,E
Israel,ISR,Asia,1984,1980,-0.3124166666666666,12,E
Israel,ISR,Asia,1985,1980,0.18116666666666667,12,E
Israel,ISR,Asia,1986,1980,-0.08325000000000003,12,E
Israel,ISR,Asia,1987,1980,-0.11791666666666667,12,E
Israel,ISR,Asia,1988,1980,-0.02733333333333333,12,E
Israel,ISR,Asia,1989,1980,-0.15150000000000002,12,E
Israel,ISR,Asia,1990,1990,0.12208333333333332,12,E
Israel,ISR,Asia,1991,1990,0.0825833333333333,12,E
Israel,ISR,Asia,1992,1990,-0.9941666666666666,12,E
Israel,ISR,Asia,1993,1990,0.006333333333333302,12,E
Israel,ISR,Asia,1994,1990,0.5394166666666667,12,E
Israel,ISR,Asia,1995,1990,0.03775000000000003,12,E
Israel,ISR,Asia,1996,1990,0.5808333333333334,12,E
Israel,ISR,Asia,1997,1990,-0.14275000000000002,12,E
Israel,ISR,Asia,1998,1990,1.0178333333333334,12,E
Israel,ISR,Asia,1999,1990,0.9288333333333334,12,E
Israel,ISR,Asia,2000,2000,0.2509166666666667,12,E
Israel,ISR,Asia,2001,2000,0.9300833333333335,12,E
Israel,ISR,Asia,2002,2000,0.7829166666666666,12,E
Israel,ISR,Asia,2003,2000,0.5794166666666666,12,E
Israel,ISR,Asia,2004,2000,0.505,12,E
Israel,ISR,Asia,2005,2000,0.49825,12,E
Israel,ISR,Asia,2006,2000,0.43091666666666667,12,E
Israel,ISR,Asia,2007,2000,0.68825,12,E
Israel,ISR,Asia,2008,2000,0.9237500000000001,12,E
Israel,ISR,Asia,2009,2000,0.9223333333333333,12,E
Israel,ISR,Asia,2010,2010,2.3885833333333335,12,E
Israel,ISR,Asia,2011,2010,0.4369166666666667,12,E
Israel,ISR,Asia,2012,2010,1.1115000000000002,12,E
Israel,ISR,Asia,2013,2010,0.9725833333333332,12,E
Israel,ISR,Asia,2014,2010,1.1394166666666667,12,E
Israel,ISR,Asia,2015,2010,1.2274166666666666,12,E
Israel,ISR,Asia,2016,2010,1.6503333333333332,12,E
Israel,ISR,Asia,2017,2010,1.08125,12,E
Israel,ISR,Asia,2018,2010,1.97525,12,E
Israel,ISR,Asia,2019,2010,1.1868333333333332,12,E
Israel,ISR,Asia,2020,2020,1.5280833333333332,12,E
Israel,ISR,Asia,2021,2020,1.6948333333333334,12,E
Israel,ISR,Asia,2022,2020,1.1143333333333334,12,E
Israel,ISR,Asia,2023,2020,1.9773333333333334,12,E
Israel,ISR,Asia,2024,2020,1.9808333333333332,12,E
Israel,ISR,Asia,2025,2020,1.7401666666666669,12,E
Italy,ITA,Europe,1961,1960,0.76925,12,E
Italy,ITA,Europe,1962,1960,-0.13433333333333333,12,E
Italy,ITA,Europe,1963,1960,-0.18874999999999997,12,E
Italy,ITA,Europe,1964,1960,0.16016666666666665,12,E
Italy,ITA,Europe,1965,1960,-0.35083333333333333,12,E
Italy,ITA,Europe,1966,1960,0.19283333333333327,12,E
Italy,ITA,Europe,1967,1960,0.29533333333333334,12,E
Italy,ITA,Europe,1968,1960,0.019999999999999973,12,E
Italy,ITA,Europe,1969,1960,-0.227,12,E
Italy,ITA,Europe,1970,1970,0.019333333333333345,12,E
Italy,ITA,Europe,1971,1970,-0.10400000000000002,12,E
Italy,ITA,Europe,1972,1970,-0.13658333333333336,12,E
Italy,ITA,Europe,1973,1970,-0.04458333333333331,12,E
Italy,ITA,Europe,1974,1970,-0.06924999999999999,12,E
Italy,ITA,Europe,1975,1970,0.058666666666666666,12,E
Italy,ITA,Europe,1976,1970,-0.37525000000000003,12,E
Italy,ITA,Europe,1977,1970,0.2636666666666667,12,E
Italy,ITA,Europe,1978,1970,-0.4635,12,E
Italy,ITA,Europe,1979,1970,0.015500000000000005,12,E
Italy,ITA,Europe,1980,1980,-0.6793333333333335,12,E
Italy,ITA,Europe,1981,1980,-0.144,12,E
Italy,ITA,Europe,1982,1980,0.52325,12,E
Italy,ITA,Europe,1983,1980,0.2915833333333333,12,E
Italy,ITA,Europe,1984,1980,-0.4134166666666667,12,E
Italy,ITA,Europe,1985,1980,0.2006666666666667,12,E
Italy,ITA,Europe,1986,1980,0.245,12,E
Italy,ITA,Europe,1987,1980,0.34075000000000005,12,E
Italy,ITA,Europe,1988,1980,0.6835,12,E
Italy,ITA,Europe,1989,1980,0.50675,12,E
Italy,ITA,Europe,1990,1990,0.8931666666666667,12,E
Italy,ITA,Europe,1991,1990,-0.028583333333333332,12,E
Italy,ITA,Europe,1992,1990,0.69775,12,E
Italy,ITA,Europe,1993,1990,0.5483333333333333,12,E
Italy,ITA,Europe,1994,1990,1.4716666666666667,12,E
Italy,ITA,Europe,1995,1990,0.38058333333333333,12,E
Italy,ITA,Europe,1996,1990,0.15025,12,E
Italy,ITA,Europe,1997,1990,0.9545833333333333,12,E
Italy,ITA,Europe,1998,1990,0.7717499999999999,12,E
Italy,ITA,Europe,1999,1990,0.9918333333333332,12,E
Italy,ITA,Europe,2000,2000,1.36675,12,E
Italy,ITA,Europe,2001,2000,1.1728333333333334,12,E
Italy,ITA,Europe,2002,2000,1.1690833333333333,12,E
Italy,ITA,Europe,2003,2000,1.4406666666666668,12,E
Italy,ITA,Europe,2004,2000,0.8033333333333333,12,E
Italy,ITA,Europe,2005,2000,0.3388333333333334,12,E
Italy,ITA,Europe,2006,2000,1.0545833333333334,12,E
Italy,ITA,Europe,2007,2000,1.3531666666666666,12,E
Italy,ITA,Europe,2008,2000,1.1460833333333333,12,E
Italy,ITA,Europe,2009,2000,1.2025,12,E
Italy,ITA,Europe,2010,2010,0.6065833333333334,12,E
Italy,ITA,Europe,2011,2010,1.3401666666666667,12,E
Italy,ITA,Europe,2012,2010,1.36425,12,E
Italy,ITA,Europe,2013,2010,1.0698333333333334,12,E
Italy,ITA,Europe,2014,2010,1.61425,12,E
Italy,ITA,Europe,2015,2010,1.703,12,E
Italy,ITA,Europe,2016,2010,1.5740833333333333,12,E
Italy,ITA,Europe,2017,2010,1.4645000000000001,12,E
Italy,ITA,Europe,2018,2010,1.9314166666666666,12,E
Italy,ITA,Europe,2019,2010,1.74425,12,E
Italy,ITA,Europe,2020,2020,1.7751666666666666,12,E
Italy,ITA,Europe,2021,2020,1.4718333333333333,12,E
Italy,ITA,Europe,2022,2020,2.287,12,E
Italy,ITA,Europe,2023,2020,2.200416666666667,12,E
Italy,ITA,Europe,2024,2020,2.5524999999999998,12,E
Italy,ITA,Europe,2025,2020,2.3076666666666665,12,E
Jamaica,JAM,North America,1961,1960,0.0555,12,E
Jamaica,JAM,North America,1962,1960,-0.09558333333333334,12,E
Jamaica,JAM,North America,1963,1960,-0.16874999999999998,12,E
Jamaica,JAM,North America,1964,1960,-0.08850000000000001,12,E
Jamaica,JAM,North America,1965,1960,-0.2725,12,E
Jamaica,JAM,North America,1966,1960,-0.07158333333333333,12,E
Jamaica,JAM,North America,1967,1960,-0.19125,12,E
Jamaica,JAM,North America,1968,1960,-0.16758333333333333,12,E
Jamaica,JAM,North America,1969,1960,0.20666666666666667,12,E
Jamaica,JAM,North America,1970,1970,-0.23341666666666663,12,E
Jamaica,JAM,North America,1971,1970,-0.37516666666666665,12,E
Jamaica,JAM,North America,1972,1970,0.06641666666666667,12,E
Jamaica,JAM,North America,1973,1970,0.3100833333333333,12,E
Jamaica,JAM,North America,1974,1970,0.21491666666666667,12,E
Jamaica,JAM,North America,1975,1970,0.19533333333333336,12,E
Jamaica,JAM,North America,1976,1970,,8,
Jamaica,JAM,North America,1977,1970,,0,
Jamaica,JAM,North America,1978,1970,,0,
Jamaica,JAM,North America,1979,1970,,7,
Jamaica,JAM,North America,1980,1980,0.7211666666666666,12,E
Jamaica,JAM,North America,1981,1980,1.0701666666666667,12,E
Jamaica,JAM,North America,1982,1980,0.2325,12,E
Jamaica,JAM,North America,1983,1980,0.7020833333333334,12,E
Jamaica,JAM,North America,1984,1980,0.05975,12,E
Jamaica,JAM,North America,1985,1980,0.10225000000000001,12,E
Jamaica,JAM,North America,1986,1980,0.03933333333333334,12,E
Jamaica,JAM,North America,1987,1980,1.144,12,E
Jamaica,JAM,North America,1988,1980,0.8726666666666666,12,E
Jamaica,JAM,North America,1989,1980,0.4756666666666667,12,E
Jamaica,JAM,North America,1990,1990,0.5731666666666667,12,E
Jamaica,JAM,North America,1991,1990,0.613,12,E
Jamaica,JAM,North America,1992,1990,0.7665833333333333,12,E
Jamaica,JAM,North America,1993,1990,0.32116666666666666,12,E
Jamaica,JAM,North America,1994,1990,0.8424999999999999,12,E
Jamaica,JAM,North America,1995,1990,0.8355,12,E
Jamaica,JAM,North America,1996,1990,0.15591666666666665,12,E
Jamaica,JAM,North America,1997,1990,0.82525,12,E
Jamaica,JAM,North America,1998,1990,1.06275,12,E
Jamaica,JAM,North America,1999,1990,0.38766666666666666,12,E
Jamaica,JAM,North America,2000,2000,0.21058333333333334,12,E
Jamaica,JAM,North America,2001,2000,0.50475,12,E
Jamaica,JAM,North America,2002,2000,0.6698333333333334,12,E
Jamaica,JAM,North America,2003,2000,0.7768333333333333,12,E
Jamaica,JAM,North America,2004,2000,0.66175,12,E
Jamaica,JAM,North America,2005,2000,0.7319166666666667,12,E
Jamaica,JAM,North America,2006,2000,0.8775,12,E
Jamaica,JAM,North America,2007,2000,0.65625,12,E
Jamaica,JAM,North America,2008,2000,0.4888333333333334,12,E
Jamaica,JAM,North America,2009,2000,0.8045833333333334,12,E
Jamaica,JAM,North America,2010,2010,1.13225,12,E
Jamaica,JAM,North America,2011,2010,0.6420833333333333,12,E
Jamaica,JAM,North America,2012,2010,0.674,12,E
Jamaica,JAM,North America,2013,2010,0.92975,12,E
Jamaica,JAM,North America,2014,2010,1.1380000000000001,12,E
Jamaica,JAM,North America,2015,2010,1.30675,12,E
Jamaica,JAM,North America,2016,2010,1.3494166666666667,12,E
Jamaica,JAM,North America,2017,2010,0.9788333333333333,12,E
Jamaica,JAM,North America,2018,2010,1.2883333333333333,12,E
Jamaica,JAM,North America,2019,2010,1.586,12,E
Jamaica,JAM,North America,2020,2020,1.5786666666666667,12,E
Jamaica,JAM,North America,2021,2020,1.3256666666666665,12,E
Jamaica,JAM,North America,2022,2020,1.1041666666666667,12,E
Jamaica,JAM,North America,2023,2020,1.6710833333333335,12,E
Jamaica,JAM,North America,2024,2020,1.7594166666666666,12,E
Jamaica,JAM,North America,2025,2020,1.7721666666666664,12,E
Jersey,JEY,Europe,1961,1960,0.70725,12,E
Jersey,JEY,Europe,1962,1960,-0.7040833333333333,12,E
Jersey,JEY,Europe,1963,1960,-1.2246666666666666,12,E
Jersey,JEY,Europe,1964,1960,-0.15566666666666668,12,E
Jersey,JEY,Europe,1965,1960,-0.4745,12,E
Jersey,JEY,Europe,1966,1960,0.42166666666666663,12,E
Jersey,JEY,Europe,1967,1960,0.05883333333333333,12,E
Jersey,JEY,Europe,1968,1960,-0.05858333333333334,12,E
Jersey,JEY,Europe,1969,1960,0.22075,12,E
Jersey,JEY,Europe,1970,1970,0.04866666666666667,12,E
Jersey,JEY,Europe,1971,1970,0.18758333333333335,12,E
Jersey,JEY,Europe,1972,1970,-0.34991666666666665,12,E
Jersey,JEY,Europe,1973,1970,0.08841666666666669,12,E
Jersey,JEY,Europe,1974,1970,0.1488333333333333,12,E
Jersey,JEY,Europe,1975,1970,0.3214166666666667,12,E
Jersey,JEY,Europe,1976,1970,0.6237499999999999,12,E
Jersey,JEY,Europe,1977,1970,0.14625000000000002,12,E
Jersey,JEY,Europe,1978,1970,-0.012916666666666674,12,E
Jersey,JEY,Europe,1979,1970,-0.44716666666666666,12,E
Jersey,JEY,Europe,1980,1980,-0.3093333333333333,12,E
Jersey,JEY,Europe,1981,1980,0.18466666666666665,12,E
Jersey,JEY,Europe,1982,1980,0.6829166666666667,12,E
Jersey,JEY,Europe,1983,1980,0.5105833333333333,12,E
Jersey,JEY,Europe,1984,1980,0.2778333333333333,12,E
Jersey,JEY,Europe,1985,1980,-0.35400000000000004,12,E
Jersey,JEY,Europe,1986,1980,-0.6545833333333334,12,E
Jersey,JEY,Europe,1987,1980,-0.28741666666666665,12,E
Jersey,JEY,Europe,1988,1980,0.6350833333333333,12,E
Jersey,JEY,Europe,1989,1980,1.4143333333333334,12,E
Jersey,JEY,Europe,1990,1990,1.4279166666666667,12,E
Jersey,JEY,Europe,1991,1990,0.09133333333333334,12,E
Jersey,JEY,Europe,1992,1990,0.5435833333333334,12,E
Jersey,JEY,Europe,1993,1990,0.25325000000000003,12,E
Jersey,JEY,Europe,1994,1990,1.2129166666666666,12,E
Jersey,JEY,Europe,1995,1990,1.25275,12,E
Jersey,JEY,Europe,1996,1990,0.09525000000000002,12,E
Jersey,JEY,Europe,1997,1990,1.1841666666666668,12,E
Jersey,JEY,Europe,1998,1990,0.7729166666666667,12,E
Jersey,JEY,Europe,1999,1990,1.3572499999999998,12,E
Jersey,JEY,Europe,2000,2000,0.9361666666666667,12,E
Jersey,JEY,Europe,2001,2000,0.8658333333333333,12,E
Jersey,JEY,Europe,2002,2000,1.2689166666666667,12,E
Jersey,JEY,Europe,2003,2000,1.3077500000000002,12,E
Jersey,JEY,Europe,2004,2000,0.9442499999999999,12,E
Jersey,JEY,Europe,2005,2000,1.1152499999999999,12,E
Jersey,JEY,Europe,2006,2000,1.2566666666666666,12,E
Jersey,JEY,Europe,2007,2000,1.181,12,E
Jersey,JEY,Europe,2008,2000,0.7324166666666666,12,E
Jersey,JEY,Europe,2009,2000,0.7464166666666667,12,E
Jersey,JEY,Europe,2010,2010,-0.029916666666666702,12,E
Jersey,JEY,Europe,2011,2010,1.57325,12,E
Jersey,JEY,Europe,2012,2010,0.7614166666666667,12,E
Jersey,JEY,Europe,2013,2010,0.59525,12,E
Jersey,JEY,Europe,2014,2010,1.768,12,E
Jersey,JEY,Europe,2015,2010,1.4567500000000002,12,E
Jersey,JEY,Europe,2016,2010,1.2034166666666668,12,E
Jersey,JEY,Europe,2017,2010,1.5129166666666667,12,E
Jersey,JEY,Europe,2018,2010,1.5784166666666666,12,E
Jersey,JEY,Europe,2019,2010,1.5335833333333333,12,E
Jersey,JEY,Europe,2020,2020,2.0185833333333334,12,E
Jersey,JEY,Europe,2021,2020,1.1029166666666665,12,E
Jersey,JEY,Europe,2022,2020,2.3097499999999997,12,E
Jersey,JEY,Europe,2023,2020,2.345666666666667,12,E
Jersey,JEY,Europe,2024,2020,1.78975,12,E
Jersey,JEY,Europe,2025,2020,2.0076666666666667,12,E
Jordan,JOR,Asia,1961,1960,-0.42375,12,E
Jordan,JOR,Asia,1962,1960,1.0645833333333334,12,E
Jordan,JOR,Asia,1963,1960,0.67075,12,E
Jordan,JOR,Asia,1964,1960,-0.6439166666666667,12,E
Jordan,JOR,Asia,1965,1960,0.013333333333333336,12,E
Jordan,JOR,Asia,1966,1960,0.7765,12,E
Jordan,JOR,Asia,1967,1960,-1.0613333333333335,12,E
Jordan,JOR,Asia,1968,1960,-0.06225,12,E
Jordan,JOR,Asia,1969,1960,0.44858333333333333,12,E
Jordan,JOR,Asia,1970,1970,-0.030916666666666648,12,E
Jordan,JOR,Asia,1971,1970,-0.39291666666666664,12,E
Jordan,JOR,Asia,1972,1970,-0.6849166666666667,12,E
Jordan,JOR,Asia,1973,1970,-0.2555,12,E
Jordan,JOR,Asia,1974,1970,-0.36633333333333334,12,E
Jordan,JOR,Asia,1975,1970,-0.5109166666666667,12,E
Jordan,JOR,Asia,1976,1970,-0.5459999999999999,12,E
Jordan,JOR,Asia,1977,1970,-0.09741666666666667,12,E
Jordan,JOR,Asia,1978,1970,0.17900000000000002,12,E
Jordan,JOR,Asia,1979,1970,0.6458333333333334,12,E
Jordan,JOR,Asia,1980,1980,0.054083333333333324,12,E
Jordan,JOR,Asia,1981,1980,-0.08616666666666668,12,E
Jordan,JOR,Asia,1982,1980,-0.9560833333333333,12,E
Jordan,JOR,Asia,1983,1980,-0.8844166666666666,12,E
Jordan,JOR,Asia,1984,1980,-0.43425,12,E
Jordan,JOR,Asia,1985,1980,0.13633333333333333,12,E
Jordan,JOR,Asia,1986,1980,-0.08416666666666665,12,E
Jordan,JOR,Asia,1987,1980,0.03925000000000001,12,E
Jordan,JOR,Asia,1988,1980,-0.08308333333333333,12,E
Jordan,JOR,Asia,1989,1980,-0.09683333333333331,12,E
Jordan,JOR,Asia,1990,1990,0.18466666666666665,12,E
Jordan,JOR,Asia,1991,1990,0.15458333333333335,12,E
Jordan,JOR,Asia,1992,1990,-1.1496666666666666,12,E
Jordan,JOR,Asia,1993,1990,-0.09258333333333339,12,E
Jordan,JOR,Asia,1994,1990,0.5568333333333333,12,E
Jordan,JOR,Asia,1995,1990,0.11091666666666662,12,E
Jordan,JOR,Asia,1996,1990,0.72675,12,E
Jordan,JOR,Asia,1997,1990,-0.26666666666666666,12,E
Jordan,JOR,Asia,1998,1990,1.1541666666666666,12,E
Jordan,JOR,Asia,1999,1990,1.01375,12,E
Jordan,JOR,Asia,2000,2000,0.35875000000000007,12,E
Jordan,JOR,Asia,2001,2000,1.0334999999999999,12,E
Jordan,JOR,Asia,2002,2000,0.64125,12,E
Jordan,JOR,Asia,2003,2000,0.5026666666666667,12,E
Jordan,JOR,Asia,2004,2000,0.5265,12,E
Jordan,JOR,Asia,2005,2000,0.4940833333333334,12,E
Jordan,JOR,Asia,2006,2000,0.40199999999999997,12,E
Jordan,JOR,Asia,2007,2000,0.7251666666666666,12,E
Jordan,JOR,Asia,2008,2000,0.8210833333333333,12,E
Jordan,JOR,Asia,2009,2000,0.6971666666666666,12,E
Jordan,JOR,Asia,2010,2010,2.56675,12,E
Jordan,JOR,Asia,2011,2010,0.32908333333333334,12,E
Jordan,JOR,Asia,2012,2010,1.2038333333333333,12,E
Jordan,JOR,Asia,2013,2010,0.8450833333333333,12,E
Jordan,JOR,Asia,2014,2010,1.05,12,E
Jordan,JOR,Asia,2015,2010,1.2053333333333334,12,E
Jordan,JOR,Asia,2016,2010,1.6075,12,E
Jordan,JOR,Asia,2017,2010,1.2476666666666667,12,E
Jordan,JOR,Asia,2018,2010,1.8803333333333334,12,E
Jordan,JOR,Asia,2019,2010,1.23075,12,E
Jordan,JOR,Asia,2020,2020,1.6856666666666669,12,E
Jordan,JOR,Asia,2021,2020,1.8398333333333332,12,E
Jordan,JOR,Asia,2022,2020,1.3294166666666667,12,E
Jordan,JOR,Asia,2023,2020,1.9189166666666668,12,E
Jordan,JOR,Asia,2024,2020,1.7881666666666665,12,E
Jordan,JOR,Asia,2025,2020,1.6840833333333334,12,E
Japan,JPN,Asia,1961,1960,0.7415833333333333,12,E
Japan,JPN,Asia,1962,1960,0.13449999999999998,12,E
Japan,JPN,Asia,1963,1960,-0.022749999999999992,12,E
Japan,JPN,Asia,1964,1960,0.18158333333333335,12,E
Japan,JPN,Asia,1965,1960,-0.5615,12,E
Japan,JPN,Asia,1966,1960,-0.0615833333333333,12,E
Japan,JPN,Asia,1967,1960,0.007583333333333331,12,E
Japan,JPN,Asia,1968,1960,-0.1708333333333333,12,E
Japan,JPN,Asia,1969,1960,-0.33808333333333335,12,E
Japan,JPN,Asia,1970,1970,-0.3159166666666667,12,E
Japan,JPN,Asia,1971,1970,-0.24650000000000002,12,E
Japan,JPN,Asia,1972,1970,0.2725,12,E
Japan,JPN,Asia,1973,1970,0.14100000000000001,12,E
Japan,JPN,Asia,1974,1970,-0.41025,12,E
Japan,JPN,Asia,1975,1970,0.056999999999999995,12,E
Japan,JPN,Asia,1976,1970,-0.4879166666666666,12,E
Japan,JPN,Asia,1977,1970,0.003999999999999985,12,E
Japan,JPN,Asia,1978,1970,0.22408333333333333,12,E
Japan,JPN,Asia,1979,1970,0.5236666666666667,12,E
Japan,JPN,Asia,1980,1980,-0.39841666666666664,12,E
Japan,JPN,Asia,1981,1980,-0.578,12,E
Japan,JPN,Asia,1982,1980,0.022083333333333326,12,E
Japan,JPN,Asia,1983,1980,-0.05733333333333337,12,E
Japan,JPN,Asia,1984,1980,-0.5398333333333333,12,E
Japan,JPN,Asia,1985,1980,0.04766666666666667,12,E
Japan,JPN,Asia,1986,1980,-0.5145833333333333,12,E
Japan,JPN,Asia,1987,1980,0.30424999999999996,12,E
Japan,JPN,Asia,1988,1980,-0.17041666666666666,12,E
Japan,JPN,Asia,1989,1980,0.6196666666666667,12,E
Japan,JPN,Asia,1990,1990,1.2402499999999999,12,E
Japan,JPN,Asia,1991,1990,0.6913333333333332,12,E
Japan,JPN,Asia,1992,1990,0.327,12,E
Japan,JPN,Asia,1993,1990,-0.02341666666666668,12,E
Japan,JPN,Asia,1994,1990,0.9974166666666666,12,E
Japan,JPN,Asia,1995,1990,0.22408333333333333,12,E
Japan,JPN,Asia,1996,1990,-0.04508333333333333,12,E
Japan,JPN,Asia,1997,1990,0.5193333333333333,12,E
Japan,JPN,Asia,1998,1990,1.19425,12,E
Japan,JPN,Asia,1999,1990,0.8633333333333333,12,E
Japan,JPN,Asia,2000,2000,0.6565833333333334,12,E
Japan,JPN,Asia,2001,2000,0.3545,12,E
Japan,JPN,Asia,2002,2000,0.6660833333333334,12,E
Japan,JPN,Asia,2003,2000,0.42891666666666667,12,E
Japan,JPN,Asia,2004,2000,1.1895,12,E
Japan,JPN,Asia,2005,2000,0.4435833333333334,12,E
Japan,JPN,Asia,2006,2000,0.6645,12,E
Japan,JPN,Asia,2007,2000,1.0163333333333333,12,E
Japan,JPN,Asia,2008,2000,0.6964166666666666,12,E
Japan,JPN,Asia,2009,2000,0.7498333333333332,12,E
Japan,JPN,Asia,2010,2010,0.9874999999999999,12,E
Japan,JPN,Asia,2011,2010,0.48641666666666666,12,E
Japan,JPN,Asia,2012,2010,0.3469166666666667,12,E
Japan,JPN,Asia,2013,2010,0.718,12,E
Japan,JPN,Asia,2014,2010,0.4643333333333333,12,E
Japan,JPN,Asia,2015,2010,1.0716666666666665,12,E
Japan,JPN,Asia,2016,2010,1.2579166666666668,12,E
Japan,JPN,Asia,2017,2010,0.5994166666666666,12,E
Japan,JPN,Asia,2018,2010,1.07,12,E
Japan,JPN,Asia,2019,2010,1.2809166666666667,12,E
Japan,JPN,Asia,2020,2020,1.3046666666666666,12,E
Japan,JPN,Asia,2021,2020,1.2884166666666668,12,E
Japan,JPN,Asia,2022,2020,1.2456666666666667,12,E
Japan,JPN,Asia,2023,2020,1.9439166666666665,12,E
Japan,JPN,Asia,2024,2020,2.107416666666667,12,E
Japan,JPN,Asia,2025,2020,1.98975,12,E
Kazakhstan,KAZ,Asia,1992,1990,0.3845,12,E
Kazakhstan,KAZ,Asia,1993,1990,-0.6946666666666667,12,E
Kazakhstan,KAZ,Asia,1994,1990,0.17375,12,E
Kazakhstan,KAZ,Asia,1995,1990,1.953,12,E
Kazakhstan,KAZ,Asia,1996,1990,-0.19725,12,E
Kazakhstan,KAZ,Asia,1997,1990,1.57925,12,E
Kazakhstan,KAZ,Asia,1998,1990,0.8213333333333334,12,E
Kazakhstan,KAZ,Asia,1999,1990,1.5207499999999998,12,E
Kazakhstan,KAZ,Asia,2000,2000,1.3761666666666665,12,E
Kazakhstan,KAZ,Asia,2001,2000,1.3805833333333333,12,E
Kazakhstan,KAZ,Asia,2002,2000,1.8989166666666666,12,E
Kazakhstan,KAZ,Asia,2003,2000,0.766,12,E
Kazakhstan,KAZ,Asia,2004,2000,2.0306666666666664,12,E
Kazakhstan,KAZ,Asia,2005,2000,1.66575,12,E
Kazakhstan,KAZ,Asia,2006,2000,1.53175,12,E
Kazakhstan,KAZ,Asia,2007,2000,1.8761666666666665,12,E
Kazakhstan,KAZ,Asia,2008,2000,1.7008333333333334,12,E
Kazakhstan,KAZ,Asia,2009,2000,1.0975,12,E
Kazakhstan,KAZ,Asia,2010,2010,1.4344166666666667,12,E
Kazakhstan,KAZ,Asia,2011,2010,0.4036666666666666,12,E
Kazakhstan,KAZ,Asia,2012,2010,0.882,12,E
Kazakhstan,KAZ,Asia,2013,2010,2.281333333333333,12,E
Kazakhstan,KAZ,Asia,2014,2010,0.4995,12,E
Kazakhstan,KAZ,Asia,2015,2010,1.9364999999999999,12,E
Kazakhstan,KAZ,Asia,2016,2010,1.8669166666666666,12,E
Kazakhstan,KAZ,Asia,2017,2010,1.699,12,E
Kazakhstan,KAZ,Asia,2018,2010,0.48325,12,E
Kazakhstan,KAZ,Asia,2019,2010,1.8590833333333334,12,E
Kazakhstan,KAZ,Asia,2020,2020,2.2256666666666667,12,E
Kazakhstan,KAZ,Asia,2021,2020,2.0476666666666667,12,E
Kazakhstan,KAZ,Asia,2022,2020,2.201916666666667,12,E
Kazakhstan,KAZ,Asia,2023,2020,3.0376666666666665,12,E
Kazakhstan,KAZ,Asia,2024,2020,2.0522500000000004,12,E
Kazakhstan,KAZ,Asia,2025,2020,3.3925,12,E
Kenya,KEN,Africa,1961,1960,0.20791666666666667,12,E
Kenya,KEN,Africa,1962,1960,-0.21024999999999996,12,E
Kenya,KEN,Africa,1963,1960,-0.27566666666666667,12,E
Kenya,KEN,Africa,1964,1960,-0.44475,12,E
Kenya,KEN,Africa,1965,1960,-0.19675,12,E
Kenya,KEN,Africa,1966,1960,0.08908333333333333,12,E
Kenya,KEN,Africa,1967,1960,-0.16908333333333334,12,E
Kenya,KEN,Africa,1968,1960,-0.6015833333333332,12,E
Kenya,KEN,Africa,1969,1960,0.14825000000000002,12,E
Kenya,KEN,Africa,1970,1970,0.19141666666666668,12,E
Kenya,KEN,Africa,1971,1970,-0.27275,12,E
Kenya,KEN,Africa,1972,1970,0.3100833333333333,12,E
Kenya,KEN,Africa,1973,1970,0.49491666666666667,12,E
Kenya,KEN,Africa,1974,1970,-0.0011666666666666676,12,E
Kenya,KEN,Africa,1975,1970,-0.037333333333333336,12,E
Kenya,KEN,Africa,1976,1970,0.25458333333333333,12,E
Kenya,KEN,Africa,1977,1970,0.11216666666666668,12,E
Kenya,KEN,Africa,1978,1970,-0.0067500000000000025,12,E
Kenya,KEN,Africa,1979,1970,0.08775,12,E
Kenya,KEN,Africa,1980,1980,0.6626666666666666,12,E
Kenya,KEN,Africa,1981,1980,0.2235,12,E
Kenya,KEN,Africa,1982,1980,0.26575,12,E
Kenya,KEN,Africa,1983,1980,0.62975,12,E
Kenya,KEN,Africa,1984,1980,0.12058333333333333,12,E
Kenya,KEN,Africa,1985,1980,-0.02216666666666667,12,E
Kenya,KEN,Africa,1986,1980,0.1719166666666667,12,E
Kenya,KEN,Africa,1987,1980,0.8171666666666666,12,E
Kenya,KEN,Africa,1988,1980,0.47550000000000003,12,E
Kenya,KEN,Africa,1989,1980,-0.158,12,E
Kenya,KEN,Africa,1990,1990,-0.04775000000000001,12,E
Kenya,KEN,Africa,1991,1990,0.30225,12,E
Kenya,KEN,Africa,1992,1990,0.3735,12,E
Kenya,KEN,Africa,1993,1990,0.08858333333333333,12,E
Kenya,KEN,Africa,1994,1990,0.41591666666666666,12,E
Kenya,KEN,Africa,1995,1990,0.41283333333333333,12,E
Kenya,KEN,Africa,1996,1990,0.4183333333333334,12,E
Kenya,KEN,Africa,1997,1990,0.40175,12,E
Kenya,KEN,Africa,1998,1990,0.3065833333333334,12,E
Kenya,KEN,Africa,1999,1990,0.22891666666666666,12,E
Kenya,KEN,Africa,2000,2000,0.652,12,E
Kenya,KEN,Africa,2001,2000,0.5169166666666667,12,E
Kenya,KEN,Africa,2002,2000,0.6981666666666667,12,E
Kenya,KEN,Africa,2003,2000,0.8175,12,E
Kenya,KEN,Africa,2004,2000,0.6671666666666667,12,E
Kenya,KEN,Africa,2005,2000,0.9630000000000001,12,E
Kenya,KEN,Africa,2006,2000,0.8635833333333333,12,E
Kenya,KEN,Africa,2007,2000,0.7353333333333333,12,E
Kenya,KEN,Africa,2008,2000,0.8097500000000001,12,E
Kenya,KEN,Africa,2009,2000,1.35025,12,E
Kenya,KEN,Africa,2010,2010,1.1001666666666667,12,E
Kenya,KEN,Africa,2011,2010,1.02675,12,E
Kenya,KEN,Africa,2012,2010,0.9846666666666666,12,E
Kenya,KEN,Africa,2013,2010,0.798,12,E
Kenya,KEN,Africa,2014,2010,0.9503333333333334,12,E
Kenya,KEN,Africa,2015,2010,1.2179166666666668,12,E
Kenya,KEN,Africa,2016,2010,1.1153333333333333,12,E
Kenya,KEN,Africa,2017,2010,1.3681666666666665,12,E
Kenya,KEN,Africa,2018,2010,0.5468333333333333,12,E
Kenya,KEN,Africa,2019,2010,1.4246666666666667,12,E
Kenya,KEN,Africa,2020,2020,1.223,12,E
Kenya,KEN,Africa,2021,2020,1.2266666666666668,12,E
Kenya,KEN,Africa,2022,2020,1.2201666666666666,12,E
Kenya,KEN,Africa,2023,2020,1.4376666666666666,12,E
Kenya,KEN,Africa,2024,2020,1.74875,12,E
Kenya,KEN,Africa,2025,2020,,10,
Kyrgyzstan,KGZ,Asia,1992,1990,0.19399999999999995,12,E
Kyrgyzstan,KGZ,Asia,1993,1990,-0.2648333333333333,12,E
Kyrgyzstan,KGZ,Asia,1994,1990,0.33608333333333335,12,E
Kyrgyzstan,KGZ,Asia,1995,1990,0.4395833333333334,12,E
Kyrgyzstan,KGZ,Asia,1996,1990,-0.18716666666666668,12,E
Kyrgyzstan,KGZ,Asia,1997,1990,1.3521666666666665,12,E
Kyrgyzstan,KGZ,Asia,1998,1990,1.07025,12,E
Kyrgyzstan,KGZ,Asia,1999,1990,1.0615833333333333,12,E
Kyrgyzstan,KGZ,Asia,2000,2000,1.1269166666666666,12,E
Kyrgyzstan,KGZ,Asia,2001,2000,1.3296666666666666,12,E
Kyrgyzstan,KGZ,Asia,2002,2000,1.35675,12,E
Kyrgyzstan,KGZ,Asia,2003,2000,0.6880833333333333,12,E
Kyrgyzstan,KGZ,Asia,2004,2000,1.6895,12,E
Kyrgyzstan,KGZ,Asia,2005,2000,1.1719166666666665,12,E
Kyrgyzstan,KGZ,Asia,2006,2000,1.6115000000000002,12,E
Kyrgyzstan,KGZ,Asia,2007,2000,1.7311666666666667,12,E
Kyrgyzstan,KGZ,Asia,2008,2000,1.2391666666666667,12,E
Kyrgyzstan,KGZ,Asia,2009,2000,0.9680833333333334,12,E
Kyrgyzstan,KGZ,Asia,2010,2010,1.4078333333333333,12,E
Kyrgyzstan,KGZ,Asia,2011,2010,1.0079166666666668,12,E
Kyrgyzstan,KGZ,Asia,2012,2010,0.35925,12,E
Kyrgyzstan,KGZ,Asia,2013,2010,1.5599166666666668,12,E
Kyrgyzstan,KGZ,Asia,2014,2010,0.3981666666666666,12,E
Kyrgyzstan,KGZ,Asia,2015,2010,1.6581666666666666,12,E
Kyrgyzstan,KGZ,Asia,2016,2010,1.9223333333333332,12,E
Kyrgyzstan,KGZ,Asia,2017,2010,1.3311666666666666,12,E
Kyrgyzstan,KGZ,Asia,2018,2010,1.2385833333333334,12,E
Kyrgyzstan,KGZ,Asia,2019,2010,1.7627499999999998,12,E
Kyrgyzstan,KGZ,Asia,2020,2020,1.1465833333333333,12,E
Kyrgyzstan,KGZ,Asia,2021,2020,1.7299166666666668,12,E
Kyrgyzstan,KGZ,Asia,2022,2020,2.3560000000000003,12,E
Kyrgyzstan,KGZ,Asia,2023,2020,2.3964166666666666,12,E
Kyrgyzstan,KGZ,Asia,2024,2020,2.026333333333333,12,E
Kyrgyzstan,KGZ,Asia,2025,2020,3.33025,12,E
Cambodia,KHM,Asia,1961,1960,0.04833333333333334,12,E
Cambodia,KHM,Asia,1962,1960,-0.20758333333333331,12,E
Cambodia,KHM,Asia,1963,1960,-0.22424999999999998,12,E
Cambodia,KHM,Asia,1964,1960,0.06216666666666665,12,E
Cambodia,KHM,Asia,1965,1960,-0.025500000000000005,12,E
Cambodia,KHM,Asia,1966,1960,0.37375,12,E
Cambodia,KHM,Asia,1967,1960,-0.26108333333333333,12,E
Cambodia,KHM,Asia,1968,1960,0.05758333333333334,12,E
Cambodia,KHM,Asia,1969,1960,0.28941666666666666,12,E
Cambodia,KHM,Asia,1970,1970,0.15516666666666667,12,E
Cambodia,KHM,Asia,1971,1970,-0.5293333333333333,12,E
Cambodia,KHM,Asia,1972,1970,0.05166666666666667,12,E
Cambodia,KHM,Asia,1973,1970,0.24641666666666664,12,E
Cambodia,KHM,Asia,1974,1970,-0.271,12,E
Cambodia,KHM,Asia,1975,1970,-0.2310833333333333,12,E
Cambodia,KHM,Asia,1976,1970,-0.322,12,E
Cambodia,KHM,Asia,1977,1970,0.11616666666666668,12,E
Cambodia,KHM,Asia,1978,1970,0.23416666666666666,12,E
Cambodia,KHM,Asia,1979,1970,0.4103333333333334,12,E
Cambodia,KHM,Asia,1980,1980,0.40149999999999997,12,E
Cambodia,KHM,Asia,1981,1980,0.16624999999999998,12,E
Cambodia,KHM,Asia,1982,1980,0.11758333333333333,12,E
Cambodia,KHM,Asia,1983,1980,0.5298333333333333,12,E
Cambodia,KHM,Asia,1984,1980,0.13408333333333333,12,E
Cambodia,KHM,Asia,1985,1980,0.20883333333333334,12,E
Cambodia,KHM,Asia,1986,1980,0.060166666666666674,12,E
Cambodia,KHM,Asia,1987,1980,0.56325,12,E
Cambodia,KHM,Asia,1988,1980,0.3275,12,E
Cambodia,KHM,Asia,1989,1980,0.2578333333333333,12,E
Cambodia,KHM,Asia,1990,1990,0.6368333333333333,12,E
Cambodia,KHM,Asia,1991,1990,0.5114166666666666,12,E
Cambodia,KHM,Asia,1992,1990,0.42808333333333337,12,E
Cambodia,KHM,Asia,1993,1990,0.26966666666666667,12,E
Cambodia,KHM,Asia,1994,1990,0.4969166666666667,12,E
Cambodia,KHM,Asia,1995,1990,0.5168333333333334,12,E
Cambodia,KHM,Asia,1996,1990,0.24366666666666667,12,E
Cambodia,KHM,Asia,1997,1990,0.48491666666666666,12,E
Cambodia,KHM,Asia,1998,1990,1.2904166666666665,12,E
Cambodia,KHM,Asia,1999,1990,0.21241666666666667,12,E
Cambodia,KHM,Asia,2000,2000,0.38716666666666666,12,E
Cambodia,KHM,Asia,2001,2000,0.4770833333333333,12,E
Cambodia,KHM,Asia,2002,2000,0.8908333333333333,12,E
Cambodia,KHM,Asia,2003,2000,0.43875,12,E
Cambodia,KHM,Asia,2004,2000,0.5343333333333333,12,E
Cambodia,KHM,Asia,2005,2000,0.6516666666666667,12,E
Cambodia,KHM,Asia,2006,2000,0.709,12,E
Cambodia,KHM,Asia,2007,2000,0.5281666666666667,12,E
Cambodia,KHM,Asia,2008,2000,0.19991666666666666,12,E
Cambodia,KHM,Asia,2009,2000,0.5040833333333333,12,E
Cambodia,KHM,Asia,2010,2010,1.10975,12,E
Cambodia,KHM,Asia,2011,2010,0.3795,12,E
Cambodia,KHM,Asia,2012,2010,0.9131666666666667,12,E
Cambodia,KHM,Asia,2013,2010,0.6738333333333334,12,E
Cambodia,KHM,Asia,2014,2010,0.7334999999999999,12,E
Cambodia,KHM,Asia,2015,2010,1.1828333333333332,12,E
Cambodia,KHM,Asia,2016,2010,1.3780000000000001,12,E
Cambodia,KHM,Asia,2017,2010,0.992,12,E
Cambodia,KHM,Asia,2018,2010,0.9029166666666667,12,E
Cambodia,KHM,Asia,2019,2010,1.4425833333333333,12,E
Cambodia,KHM,Asia,2020,2020,1.3863333333333332,12,E
Cambodia,KHM,Asia,2021,2020,0.8555833333333333,12,E
Cambodia,KHM,Asia,2022,2020,0.8938333333333334,12,E
Cambodia,KHM,Asia,2023,2020,1.4681666666666666,12,E
Cambodia,KHM,Asia,2024,2020,1.9040833333333333,12,E
Cambodia,KHM,Asia,2025,2020,0.9229166666666666,12,E
Kiribati,KIR,Oceania,1961,1960,-0.064,12,E
Kiribati,KIR,Oceania,1962,1960,-0.16616666666666666,12,E
Kiribati,KIR,Oceania,1963,1960,-0.06316666666666666,12,E
Kiribati,KIR,Oceania,1964,1960,-0.21308333333333332,12,E
Kiribati,KIR,Oceania,1965,1960,-0.31616666666666665,12,E
Kiribati,KIR,Oceania,1966,1960,-0.01466666666666667,12,E
Kiribati,KIR,Oceania,1967,1960,-0.06141666666666667,12,E
Kiribati,KIR,Oceania,1968,1960,0.045083333333333336,12,E
Kiribati,KIR,Oceania,1969,1960,0.34641666666666665,12,E
Kiribati,KIR,Oceania,1970,1970,0.050916666666666666,12,E
Kiribati,KIR,Oceania,1971,1970,-0.41333333333333333,12,E
Kiribati,KIR,Oceania,1972,1970,-0.23199999999999998,12,E
Kiribati,KIR,Oceania,1973,1970,0.1045,12,E
Kiribati,KIR,Oceania,1974,1970,-0.11108333333333333,12,E
Kiribati,KIR,Oceania,1975,1970,-0.23691666666666666,12,E
Kiribati,KIR,Oceania,1976,1970,-0.17433333333333334,12,E
Kiribati,KIR,Oceania,1977,1970,0.13775,12,E
Kiribati,KIR,Oceania,1978,1970,0.22441666666666668,12,E
Kiribati,KIR,Oceania,1979,1970,0.163,12,E
Kiribati,KIR,Oceania,1980,1980,0.258,12,E
Kiribati,KIR,Oceania,1981,1980,0.22216666666666665,12,E
Kiribati,KIR,Oceania,1982,1980,0.18125,12,E
Kiribati,KIR,Oceania,1983,1980,0.14616666666666667,12,E
Kiribati,KIR,Oceania,1984,1980,-0.15366666666666667,12,E
Kiribati,KIR,Oceania,1985,1980,0.10266666666666667,12,E
Kiribati,KIR,Oceania,1986,1980,0.31116666666666665,12,E
Kiribati,KIR,Oceania,1987,1980,0.19141666666666665,12,E
Kiribati,KIR,Oceania,1988,1980,0.043166666666666666,12,E
Kiribati,KIR,Oceania,1989,1980,-0.16741666666666666,12,E
Kiribati,KIR,Oceania,1990,1990,0.311,12,E
Kiribati,KIR,Oceania,1991,1990,0.21966666666666668,12,E
Kiribati,KIR,Oceania,1992,1990,0.13049999999999998,12,E
Kiribati,KIR,Oceania,1993,1990,,11,
Kiribati,KIR,Oceania,1994,1990,0.19183333333333333,12,E
Kiribati,KIR,Oceania,1995,1990,0.5633333333333334,12,E
Kiribati,KIR,Oceania,1996,1990,0.34875000000000006,12,E
Kiribati,KIR,Oceania,1997,1990,,9,
Kiribati,KIR,Oceania,1998,1990,,11,
Kiribati,KIR,Oceania,1999,1990,-0.005249999999999995,12,E
Kiribati,KIR,Oceania,2000,2000,,11,
Kiribati,KIR,Oceania,2001,2000,,10,
Kiribati,KIR,Oceania,2002,2000,,8,
Kiribati,KIR,Oceania,2003,2000,,11,
Kiribati,KIR,Oceania,2004,2000,,5,
Kiribati,KIR,Oceania,2005,2000,,6,
Kiribati,KIR,Oceania,2006,2000,,10,
Kiribati,KIR,Oceania,2007,2000,0.38891666666666663,12,E
Kiribati,KIR,Oceania,2008,2000,,10,
Kiribati,KIR,Oceania,2009,2000,0.57975,12,E
Kiribati,KIR,Oceania,2010,2010,,10,
Kiribati,KIR,Oceania,2011,2010,0.4205833333333333,12,E
Kiribati,KIR,Oceania,2012,2010,,10,
Kiribati,KIR,Oceania,2013,2010,,11,
Kiribati,KIR,Oceania,2014,2010,0.7655833333333333,12,E
Kiribati,KIR,Oceania,2015,2010,0.9489166666666667,12,E
Kiribati,KIR,Oceania,2016,2010,1.23725,12,E
Kiribati,KIR,Oceania,2017,2010,1.01975,12,E
Kiribati,KIR,Oceania,2018,2010,1.0105833333333332,12,E
Kiribati,KIR,Oceania,2019,2010,0.9672499999999999,12,E
Kiribati,KIR,Oceania,2020,2020,1.1314166666666667,12,E
Kiribati,KIR,Oceania,2021,2020,0.8280833333333333,12,E
Kiribati,KIR,Oceania,2022,2020,0.7814166666666668,12,E
Kiribati,KIR,Oceania,2023,2020,1.2139166666666668,12,E
Kiribati,KIR,Oceania,2024,2020,1.6814166666666666,12,E
Kiribati,KIR,Oceania,2025,2020,,7,
Saint Kitts and Nevis,KNA,North America,1961,1960,-0.012666666666666666,12,E
Saint Kitts and Nevis,KNA,North America,1962,1960,-0.12141666666666666,12,E
Saint Kitts and Nevis,KNA,North America,1963,1960,0.17141666666666666,12,E
Saint Kitts and Nevis,KNA,North America,1964,1960,-0.08141666666666668,12,E
Saint Kitts and Nevis,KNA,North America,1965,1960,-0.33341666666666664,12,E
Saint Kitts and Nevis,KNA,North America,1966,1960,-0.0057500000000000025,12,E
Saint Kitts and Nevis,KNA,North America,1967,1960,-0.27308333333333334,12,E
Saint Kitts and Nevis,KNA,North America,1968,1960,-0.19458333333333333,12,E
Saint Kitts and Nevis,KNA,North America,1969,1960,0.2791666666666667,12,E
Saint Kitts and Nevis,KNA,North America,1970,1970,0.11091666666666666,12,E
Saint Kitts and Nevis,KNA,North America,1971,1970,-0.32208333333333333,12,E
Saint Kitts and Nevis,KNA,North America,1972,1970,-0.15766666666666668,12,E
Saint Kitts and Nevis,KNA,North America,1973,1970,0.09316666666666666,12,E
Saint Kitts and Nevis,KNA,North America,1974,1970,-0.3669166666666666,12,E
Saint Kitts and Nevis,KNA,North America,1975,1970,-0.429,12,E
Saint Kitts and Nevis,KNA,North America,1976,1970,-0.36833333333333335,12,E
Saint Kitts and Nevis,KNA,North America,1977,1970,0.20066666666666666,12,E
Saint Kitts and Nevis,KNA,North America,1978,1970,0.17066666666666666,12,E
Saint Kitts and Nevis,KNA,North America,1979,1970,0.15375,12,E
Saint Kitts and Nevis,KNA,North America,1980,1980,0.664,12,E
Saint Kitts and Nevis,KNA,North America,1981,1980,0.6148333333333333,12,E
Saint Kitts and Nevis,KNA,North America,1982,1980,0.09725,12,E
Saint Kitts and Nevis,KNA,North America,1983,1980,0.5593333333333333,12,E
Saint Kitts and Nevis,KNA,North America,1984,1980,-0.019916666666666673,12,E
Saint Kitts and Nevis,KNA,North America,1985,1980,-0.009833333333333333,12,E
Saint Kitts and Nevis,KNA,North America,1986,1980,-0.020416666666666666,12,E
Saint Kitts and Nevis,KNA,North America,1987,1980,0.719,12,E
Saint Kitts and Nevis,KNA,North America,1988,1980,0.26475,12,E
Saint Kitts and Nevis,KNA,North America,1989,1980,0.002583333333333345,12,E
Saint Kitts and Nevis,KNA,North America,1990,1990,0.3645,12,E
Saint Kitts and Nevis,KNA,North America,1991,1990,0.42533333333333334,12,E
Saint Kitts and Nevis,KNA,North America,1992,1990,0.5395,12,E
Saint Kitts and Nevis,KNA,North America,1993,1990,0.54425,12,E
Saint Kitts and Nevis,KNA,North America,1994,1990,0.45983333333333337,12,E
Saint Kitts and Nevis,KNA,North America,1995,1990,0.7026666666666667,12,E
Saint Kitts and Nevis,KNA,North America,1996,1990,0.311,12,E
Saint Kitts and Nevis,KNA,North America,1997,1990,0.6967500000000001,12,E
Saint Kitts and Nevis,KNA,North America,1998,1990,1.0666666666666667,12,E
Saint Kitts and Nevis,KNA,North America,1999,1990,0.5315,12,E
Saint Kitts and Nevis,KNA,North America,2000,2000,0.3319166666666667,12,E
Saint Kitts and Nevis,KNA,North America,2001,2000,,1,
Saint Kitts and Nevis,KNA,North America,2002,2000,0.6484166666666666,12,E
Saint Kitts and Nevis,KNA,North America,2003,2000,0.8529166666666667,12,E
Saint Kitts and Nevis,KNA,North America,2004,2000,0.5400833333333334,12,E
Saint Kitts and Nevis,KNA,North America,2005,2000,0.8889999999999999,12,E
Saint Kitts and Nevis,KNA,North America,2006,2000,0.6129166666666667,12,E
Saint Kitts and Nevis,KNA,North America,2007,2000,0.7759166666666667,12,E
Saint Kitts and Nevis,KNA,North America,2008,2000,0.18941666666666668,12,E
Saint Kitts and Nevis,KNA,North America,2009,2000,0.48124999999999996,12,E
Saint Kitts and Nevis,KNA,North America,2010,2010,1.0469166666666667,12,E
Saint Kitts and Nevis,KNA,North America,2011,2010,0.45366666666666666,12,E
Saint Kitts and Nevis,KNA,North America,2012,2010,0.5734166666666667,12,E
Saint Kitts and Nevis,KNA,North America,2013,2010,0.658,12,E
Saint Kitts and Nevis,KNA,North America,2014,2010,0.5663333333333334,12,E
Saint Kitts and Nevis,KNA,North America,2015,2010,0.9483333333333334,12,E
Saint Kitts and Nevis,KNA,North America,2016,2010,0.9173333333333332,12,E
Saint Kitts and Nevis,KNA,North America,2017,2010,0.7825000000000001,12,E
Saint Kitts and Nevis,KNA,North America,2018,2010,0.5045833333333333,12,E
Saint Kitts and Nevis,KNA,North America,2019,2010,0.9085833333333334,12,E
Saint Kitts and Nevis,KNA,North America,2020,2020,1.0455833333333333,12,E
Saint Kitts and Nevis,KNA,North America,2021,2020,0.8984166666666668,12,E
Saint Kitts and Nevis,KNA,North America,2022,2020,0.6974166666666667,12,E
Saint Kitts and Nevis,KNA,North America,2023,2020,1.1509166666666666,12,E
Saint Kitts and Nevis,KNA,North America,2024,2020,,11,
Saint Kitts and Nevis,KNA,North America,2025,2020,1.127,12,E
South Korea,KOR,Asia,1961,1960,0.7396666666666666,12,E
South Korea,KOR,Asia,1962,1960,0.01200000000000001,12,E
South Korea,KOR,Asia,1963,1960,-0.5079166666666667,12,E
South Korea,KOR,Asia,1964,1960,0.53625,12,E
South Korea,KOR,Asia,1965,1960,-0.32475000000000004,12,E
South Korea,KOR,Asia,1966,1960,0.020250000000000008,12,E
South Korea,KOR,Asia,1967,1960,0.007333333333333303,12,E
South Korea,KOR,Asia,1968,1960,-0.12916666666666665,12,E
South Korea,KOR,Asia,1969,1960,-0.6843333333333333,12,E
South Korea,KOR,Asia,1970,1970,-0.41375,12,E
South Korea,KOR,Asia,1971,1970,-0.19033333333333335,12,E
South Korea,KOR,Asia,1972,1970,-0.020749999999999994,12,E
South Korea,KOR,Asia,1973,1970,0.298,12,E
South Korea,KOR,Asia,1974,1970,-0.6488333333333333,12,E
South Korea,KOR,Asia,1975,1970,0.5534166666666667,12,E
South Korea,KOR,Asia,1976,1970,-0.4144999999999999,12,E
South Korea,KOR,Asia,1977,1970,0.3046666666666667,12,E
South Korea,KOR,Asia,1978,1970,0.7419166666666667,12,E
South Korea,KOR,Asia,1979,1970,0.5875,12,E
South Korea,KOR,Asia,1980,1980,-0.794,12,E
South Korea,KOR,Asia,1981,1980,-0.56225,12,E
South Korea,KOR,Asia,1982,1980,0.45016666666666666,12,E
South Korea,KOR,Asia,1983,1980,0.36108333333333337,12,E
South Korea,KOR,Asia,1984,1980,-0.2201666666666667,12,E
South Korea,KOR,Asia,1985,1980,0.07466666666666666,12,E
South Korea,KOR,Asia,1986,1980,-0.41758333333333336,12,E
South Korea,KOR,Asia,1987,1980,0.282,12,E
South Korea,KOR,Asia,1988,1980,0.18175,12,E
South Korea,KOR,Asia,1989,1980,0.8760833333333333,12,E
South Korea,KOR,Asia,1990,1990,1.1663333333333334,12,E
South Korea,KOR,Asia,1991,1990,0.3729166666666666,12,E
South Korea,KOR,Asia,1992,1990,0.5690833333333334,12,E
South Korea,KOR,Asia,1993,1990,-0.08683333333333332,12,E
South Korea,KOR,Asia,1994,1990,1.3763333333333334,12,E
South Korea,KOR,Asia,1995,1990,0.24166666666666667,12,E
South Korea,KOR,Asia,1996,1990,0.13949999999999999,12,E
South Korea,KOR,Asia,1997,1990,0.7350833333333333,12,E
South Korea,KOR,Asia,1998,1990,1.5491666666666666,12,E
South Korea,KOR,Asia,1999,1990,0.9333333333333332,12,E
South Korea,KOR,Asia,2000,2000,0.4799166666666667,12,E
South Korea,KOR,Asia,2001,2000,0.83725,12,E
South Korea,KOR,Asia,2002,2000,0.8030833333333334,12,E
South Korea,KOR,Asia,2003,2000,0.6326666666666666,12,E
South Korea,KOR,Asia,2004,2000,1.3438333333333334,12,E
South Korea,KOR,Asia,2005,2000,0.513,12,E
South Korea,KOR,Asia,2006,2000,0.8852500000000001,12,E
South Korea,KOR,Asia,2007,2000,1.3074999999999999,12,E
South Korea,KOR,Asia,2008,2000,0.9343333333333333,12,E
South Korea,KOR,Asia,2009,2000,0.8861666666666667,12,E
South Korea,KOR,Asia,2010,2010,0.5243333333333333,12,E
South Korea,KOR,Asia,2011,2010,0.29666666666666663,12,E
South Korea,KOR,Asia,2012,2010,0.22691666666666666,12,E
South Korea,KOR,Asia,2013,2010,0.7919166666666667,12,E
South Korea,KOR,Asia,2014,2010,0.9110833333333334,12,E
South Korea,KOR,Asia,2015,2010,1.3892499999999999,12,E
South Korea,KOR,Asia,2016,2010,1.6931666666666665,12,E
South Korea,KOR,Asia,2017,2010,1.2590000000000001,12,E
South Korea,KOR,Asia,2018,2010,1.1724166666666667,12,E
South Korea,KOR,Asia,2019,2010,1.7343333333333335,12,E
South Korea,KOR,Asia,2020,2020,1.4327500000000002,12,E
South Korea,KOR,Asia,2021,2020,1.8943333333333332,12,E
South Korea,KOR,Asia,2022,2020,1.3915,12,E
South Korea,KOR,Asia,2023,2020,1.9943333333333335,12,E
South Korea,KOR,Asia,2024,2020,2.638916666666667,12,E
South Korea,KOR,Asia,2025,2020,1.9232500000000001,12,E
Kuwait,KWT,Asia,1961,1960,-0.31199999999999994,12,E
Kuwait,KWT,Asia,1962,1960,0.9015,12,E
Kuwait,KWT,Asia,1963,1960,0.12325000000000004,12,E
Kuwait,KWT,Asia,1964,1960,-0.8262499999999999,12,E
Kuwait,KWT,Asia,1965,1960,0.24883333333333332,12,E
Kuwait,KWT,Asia,1966,1960,0.8893333333333334,12,E
Kuwait,KWT,Asia,1967,1960,-0.87475,12,E
Kuwait,KWT,Asia,1968,1960,-0.027083333333333275,12,E
Kuwait,KWT,Asia,1969,1960,0.338,12,E
Kuwait,KWT,Asia,1970,1970,0.26391666666666663,12,E
Kuwait,KWT,Asia,1971,1970,-0.19625000000000004,12,E
Kuwait,KWT,Asia,1972,1970,-0.9910833333333334,12,E
Kuwait,KWT,Asia,1973,1970,-0.00991666666666667,12,E
Kuwait,KWT,Asia,1974,1970,-0.38958333333333334,12,E
Kuwait,KWT,Asia,1975,1970,-0.2818333333333333,12,E
Kuwait,KWT,Asia,1976,1970,-0.35824999999999996,12,E
Kuwait,KWT,Asia,1977,1970,0.2920833333333333,12,E
Kuwait,KWT,Asia,1978,1970,0.07358333333333335,12,E
Kuwait,KWT,Asia,1979,1970,1.0603333333333333,12,E
Kuwait,KWT,Asia,1980,1980,0.41191666666666665,12,E
Kuwait,KWT,Asia,1981,1980,0.4154166666666667,12,E
Kuwait,KWT,Asia,1982,1980,-0.7324999999999999,12,E
Kuwait,KWT,Asia,1983,1980,-0.5127499999999999,12,E
Kuwait,KWT,Asia,1984,1980,-0.07633333333333334,12,E
Kuwait,KWT,Asia,1985,1980,0.006500000000000007,12,E
Kuwait,KWT,Asia,1986,1980,0.20550000000000002,12,E
Kuwait,KWT,Asia,1987,1980,0.8305833333333332,12,E
Kuwait,KWT,Asia,1988,1980,0.24891666666666665,12,E
Kuwait,KWT,Asia,1989,1980,-0.057749999999999996,12,E
Kuwait,KWT,Asia,1990,1990,0.49,12,E
Kuwait,KWT,Asia,1991,1990,0.2741666666666666,12,E
Kuwait,KWT,Asia,1992,1990,-0.8106666666666666,12,E
Kuwait,KWT,Asia,1993,1990,-0.045666666666666654,12,E
Kuwait,KWT,Asia,1994,1990,0.49066666666666664,12,E
Kuwait,KWT,Asia,1995,1990,0.18541666666666667,12,E
Kuwait,KWT,Asia,1996,1990,1.1200833333333333,12,E
Kuwait,KWT,Asia,1997,1990,0.14291666666666666,12,E
Kuwait,KWT,Asia,1998,1990,1.4785000000000001,12,E
Kuwait,KWT,Asia,1999,1990,1.6656666666666666,12,E
Kuwait,KWT,Asia,2000,2000,1.11,12,E
Kuwait,KWT,Asia,2001,2000,1.3579999999999999,12,E
Kuwait,KWT,Asia,2002,2000,1.2411666666666668,12,E
Kuwait,KWT,Asia,2003,2000,1.4533333333333334,12,E
Kuwait,KWT,Asia,2004,2000,1.09325,12,E
Kuwait,KWT,Asia,2005,2000,0.9271666666666666,12,E
Kuwait,KWT,Asia,2006,2000,1.3211666666666666,12,E
Kuwait,KWT,Asia,2007,2000,1.2466666666666666,12,E
Kuwait,KWT,Asia,2008,2000,1.1155,12,E
Kuwait,KWT,Asia,2009,2000,1.3334166666666667,12,E
Kuwait,KWT,Asia,2010,2010,2.39975,12,E
Kuwait,KWT,Asia,2011,2010,0.8755000000000001,12,E
Kuwait,KWT,Asia,2012,2010,1.6144166666666668,12,E
Kuwait,KWT,Asia,2013,2010,1.2268333333333332,12,E
Kuwait,KWT,Asia,2014,2010,1.6288333333333334,12,E
Kuwait,KWT,Asia,2015,2010,1.8545,12,E
Kuwait,KWT,Asia,2016,2010,1.8299166666666666,12,E
Kuwait,KWT,Asia,2017,2010,2.1323333333333334,12,E
Kuwait,KWT,Asia,2018,2010,2.434083333333333,12,E
Kuwait,KWT,Asia,2019,2010,1.8766666666666667,12,E
Kuwait,KWT,Asia,2020,2020,1.9930833333333335,12,E
Kuwait,KWT,Asia,2021,2020,2.802583333333333,12,E
Kuwait,KWT,Asia,2022,2020,2.3673333333333333,12,E
Kuwait,KWT,Asia,2023,2020,2.1789166666666664,12,E
Kuwait,KWT,Asia,2024,2020,2.245,12,E
Kuwait,KWT,Asia,2025,2020,2.0774166666666667,12,E
Laos,LAO,Asia,1961,1960,0.18583333333333332,12,E
Laos,LAO,Asia,1962,1960,-0.3769166666666666,12,E
Laos,LAO,Asia,1963,1960,-0.30574999999999997,12,E
Laos,LAO,Asia,1964,1960,-0.13283333333333333,12,E
Laos,LAO,Asia,1965,1960,0.04016666666666666,12,E
Laos,LAO,Asia,1966,1960,0.49499999999999994,12,E
Laos,LAO,Asia,1967,1960,-0.32925,12,E
Laos,LAO,Asia,1968,1960,0.09300000000000003,12,E
Laos,LAO,Asia,1969,1960,0.29875,12,E
Laos,LAO,Asia,1970,1970,0.145,12,E
Laos,LAO,Asia,1971,1970,-0.6455833333333333,12,E
Laos,LAO,Asia,1972,1970,0.08424999999999998,12,E
Laos,LAO,Asia,1973,1970,0.27516666666666667,12,E
Laos,LAO,Asia,1974,1970,-0.252,12,E
Laos,LAO,Asia,1975,1970,-0.06291666666666666,12,E
Laos,LAO,Asia,1976,1970,-0.3258333333333333,12,E
Laos,LAO,Asia,1977,1970,-0.024833333333333336,12,E
Laos,LAO,Asia,1978,1970,0.04616666666666666,12,E
Laos,LAO,Asia,1979,1970,0.40441666666666665,12,E
Laos,LAO,Asia,1980,1980,0.43983333333333335,12,E
Laos,LAO,Asia,1981,1980,0.1831666666666667,12,E
Laos,LAO,Asia,1982,1980,0.08,12,E
Laos,LAO,Asia,1983,1980,0.23024999999999998,12,E
Laos,LAO,Asia,1984,1980,0.10833333333333334,12,E
Laos,LAO,Asia,1985,1980,0.15608333333333335,12,E
Laos,LAO,Asia,1986,1980,-0.014083333333333337,12,E
Laos,LAO,Asia,1987,1980,0.7021666666666667,12,E
Laos,LAO,Asia,1988,1980,0.36474999999999996,12,E
Laos,LAO,Asia,1989,1980,0.1709166666666667,12,E
Laos,LAO,Asia,1990,1990,0.45316666666666666,12,E
Laos,LAO,Asia,1991,1990,0.6359166666666667,12,E
Laos,LAO,Asia,1992,1990,0.11508333333333332,12,E
Laos,LAO,Asia,1993,1990,0.18641666666666667,12,E
Laos,LAO,Asia,1994,1990,0.49066666666666664,12,E
Laos,LAO,Asia,1995,1990,0.3898333333333333,12,E
Laos,LAO,Asia,1996,1990,0.11525,12,E
Laos,LAO,Asia,1997,1990,0.4405833333333333,12,E
Laos,LAO,Asia,1998,1990,1.2283333333333333,12,E
Laos,LAO,Asia,1999,1990,0.29258333333333336,12,E
Laos,LAO,Asia,2000,2000,0.30816666666666664,12,E
Laos,LAO,Asia,2001,2000,0.5528333333333334,12,E
Laos,LAO,Asia,2002,2000,0.69625,12,E
Laos,LAO,Asia,2003,2000,0.754,12,E
Laos,LAO,Asia,2004,2000,0.3173333333333333,12,E
Laos,LAO,Asia,2005,2000,0.8423333333333334,12,E
Laos,LAO,Asia,2006,2000,0.8318333333333334,12,E
Laos,LAO,Asia,2007,2000,0.6094166666666666,12,E
Laos,LAO,Asia,2008,2000,-0.010416666666666697,12,E
Laos,LAO,Asia,2009,2000,0.6938333333333334,12,E
Laos,LAO,Asia,2010,2010,1.2790833333333333,12,E
Laos,LAO,Asia,2011,2010,-0.09875,12,E
Laos,LAO,Asia,2012,2010,1.1224166666666668,12,E
Laos,LAO,Asia,2013,2010,0.71725,12,E
Laos,LAO,Asia,2014,2010,0.847,12,E
Laos,LAO,Asia,2015,2010,1.45875,12,E
Laos,LAO,Asia,2016,2010,1.3275833333333333,12,E
Laos,LAO,Asia,2017,2010,1.029,12,E
Laos,LAO,Asia,2018,2010,1.05375,12,E
Laos,LAO,Asia,2019,2010,1.9480000000000002,12,E
Laos,LAO,Asia,2020,2020,1.5806666666666667,12,E
Laos,LAO,Asia,2021,2020,1.13325,12,E
Laos,LAO,Asia,2022,2020,1.0135,12,E
Laos,LAO,Asia,2023,2020,1.7213333333333332,12,E
Laos,LAO,Asia,2024,2020,1.9913333333333334,12,E
Laos,LAO,Asia,2025,2020,0.8589166666666667,12,E
Lebanon,LBN,Asia,1961,1960,-0.18941666666666665,12,E
Lebanon,LBN,Asia,1962,1960,0.8775,12,E
Lebanon,LBN,Asia,1963,1960,0.6588333333333334,12,E
Lebanon,LBN,Asia,1964,1960,-0.6771666666666666,12,E
Lebanon,LBN,Asia,1965,1960,-0.02400000000000001,12,E
Lebanon,LBN,Asia,1966,1960,0.7294999999999999,12,E
Lebanon,LBN,Asia,1967,1960,-0.9511666666666666,12,E
Lebanon,LBN,Asia,1968,1960,-0.025250000000000005,12,E
Lebanon,LBN,Asia,1969,1960,0.2703333333333333,12,E
Lebanon,LBN,Asia,1970,1970,0.18324999999999994,12,E
Lebanon,LBN,Asia,1971,1970,-0.29058333333333336,12,E
Lebanon,LBN,Asia,1972,1970,-0.6671666666666667,12,E
Lebanon,LBN,Asia,1973,1970,-0.3413333333333333,12,E
Lebanon,LBN,Asia,1974,1970,-0.2724166666666667,12,E
Lebanon,LBN,Asia,1975,1970,-0.289,12,E
Lebanon,LBN,Asia,1976,1970,-0.4989166666666667,12,E
Lebanon,LBN,Asia,1977,1970,-0.049000000000000016,12,E
Lebanon,LBN,Asia,1978,1970,0.15683333333333332,12,E
Lebanon,LBN,Asia,1979,1970,0.5435,12,E
Lebanon,LBN,Asia,1980,1980,-0.15916666666666665,12,E
Lebanon,LBN,Asia,1981,1980,0.09141666666666665,12,E
Lebanon,LBN,Asia,1982,1980,-0.7801666666666667,12,E
Lebanon,LBN,Asia,1983,1980,-0.7904999999999999,12,E
Lebanon,LBN,Asia,1984,1980,-0.303,12,E
Lebanon,LBN,Asia,1985,1980,0.12474999999999999,12,E
Lebanon,LBN,Asia,1986,1980,0.10458333333333335,12,E
Lebanon,LBN,Asia,1987,1980,-0.13983333333333334,12,E
Lebanon,LBN,Asia,1988,1980,-0.09325,12,E
Lebanon,LBN,Asia,1989,1980,0.12274999999999998,12,E
Lebanon,LBN,Asia,1990,1990,0.18633333333333332,12,E
Lebanon,LBN,Asia,1991,1990,0.15308333333333332,12,E
Lebanon,LBN,Asia,1992,1990,-1.0618333333333334,12,E
Lebanon,LBN,Asia,1993,1990,-0.09358333333333334,12,E
Lebanon,LBN,Asia,1994,1990,0.7786666666666667,12,E
Lebanon,LBN,Asia,1995,1990,0.19833333333333333,12,E
Lebanon,LBN,Asia,1996,1990,0.6445833333333333,12,E
Lebanon,LBN,Asia,1997,1990,-0.17099999999999996,12,E
Lebanon,LBN,Asia,1998,1990,1.0789166666666667,12,E
Lebanon,LBN,Asia,1999,1990,1.08425,12,E
Lebanon,LBN,Asia,2000,2000,0.504,12,E
Lebanon,LBN,Asia,2001,2000,1.15825,12,E
Lebanon,LBN,Asia,2002,2000,0.7511666666666668,12,E
Lebanon,LBN,Asia,2003,2000,0.6995,12,E
Lebanon,LBN,Asia,2004,2000,0.5314166666666666,12,E
Lebanon,LBN,Asia,2005,2000,0.5606666666666666,12,E
Lebanon,LBN,Asia,2006,2000,0.4663333333333333,12,E
Lebanon,LBN,Asia,2007,2000,0.846,12,E
Lebanon,LBN,Asia,2008,2000,1.0065,12,E
Lebanon,LBN,Asia,2009,2000,0.9563333333333333,12,E
Lebanon,LBN,Asia,2010,2010,2.3314166666666667,12,E
Lebanon,LBN,Asia,2011,2010,0.3868333333333333,12,E
Lebanon,LBN,Asia,2012,2010,1.096,12,E
Lebanon,LBN,Asia,2013,2010,0.9894166666666666,12,E
Lebanon,LBN,Asia,2014,2010,1.2706666666666668,12,E
Lebanon,LBN,Asia,2015,2010,1.195,12,E
Lebanon,LBN,Asia,2016,2010,1.56925,12,E
Lebanon,LBN,Asia,2017,2010,1.3425,12,E
Lebanon,LBN,Asia,2018,2010,2.0820833333333333,12,E
Lebanon,LBN,Asia,2019,2010,1.29525,12,E
Lebanon,LBN,Asia,2020,2020,1.6481666666666666,12,E
Lebanon,LBN,Asia,2021,2020,1.8543333333333332,12,E
Lebanon,LBN,Asia,2022,2020,1.1980000000000002,12,E
Lebanon,LBN,Asia,2023,2020,1.8514166666666665,12,E
Lebanon,LBN,Asia,2024,2020,2.0165833333333336,12,E
Lebanon,LBN,Asia,2025,2020,1.9318333333333333,12,E
Liberia,LBR,Africa,1961,1960,-0.09816666666666667,12,E
Liberia,LBR,Africa,1962,1960,-0.11975000000000001,12,E
Liberia,LBR,Africa,1963,1960,0.15475,12,E
Liberia,LBR,Africa,1964,1960,-0.17891666666666664,12,E
Liberia,LBR,Africa,1965,1960,-0.26708333333333334,12,E
Liberia,LBR,Africa,1966,1960,0.10058333333333334,12,E
Liberia,LBR,Africa,1967,1960,-0.1905,12,E
Liberia,LBR,Africa,1968,1960,0.004916666666666666,12,E
Liberia,LBR,Africa,1969,1960,0.161,12,E
Liberia,LBR,Africa,1970,1970,0.22408333333333333,12,E
Liberia,LBR,Africa,1971,1970,-0.19683333333333333,12,E
Liberia,LBR,Africa,1972,1970,0.05666666666666668,12,E
Liberia,LBR,Africa,1973,1970,0.446,12,E
Liberia,LBR,Africa,1974,1970,-0.00475,12,E
Liberia,LBR,Africa,1975,1970,-0.07908333333333334,12,E
Liberia,LBR,Africa,1976,1970,-0.27666666666666667,12,E
Liberia,LBR,Africa,1977,1970,0.2715,12,E
Liberia,LBR,Africa,1978,1970,0.24533333333333332,12,E
Liberia,LBR,Africa,1979,1970,0.454,12,E
Liberia,LBR,Africa,1980,1980,0.3403333333333333,12,E
Liberia,LBR,Africa,1981,1980,0.2050833333333333,12,E
Liberia,LBR,Africa,1982,1980,0.12849999999999998,12,E
Liberia,LBR,Africa,1983,1980,0.48466666666666663,12,E
Liberia,LBR,Africa,1984,1980,0.3874166666666667,12,E
Liberia,LBR,Africa,1985,1980,0.2796666666666667,12,E
Liberia,LBR,Africa,1986,1980,0.12333333333333334,12,E
Liberia,LBR,Africa,1987,1980,1.0294166666666666,12,E
Liberia,LBR,Africa,1988,1980,0.6754166666666667,12,E
Liberia,LBR,Africa,1989,1980,0.48475,12,E
Liberia,LBR,Africa,1990,1990,0.6295000000000001,12,E
Liberia,LBR,Africa,1991,1990,0.47608333333333336,12,E
Liberia,LBR,Africa,1992,1990,0.31566666666666665,12,E
Liberia,LBR,Africa,1993,1990,0.4300833333333334,12,E
Liberia,LBR,Africa,1994,1990,0.3690833333333334,12,E
Liberia,LBR,Africa,1995,1990,0.6345833333333334,12,E
Liberia,LBR,Africa,1996,1990,0.5240833333333333,12,E
Liberia,LBR,Africa,1997,1990,0.9076666666666666,12,E
Liberia,LBR,Africa,1998,1990,1.2620833333333332,12,E
Liberia,LBR,Africa,1999,1990,,8,
Liberia,LBR,Africa,2000,2000,,9,
Liberia,LBR,Africa,2001,2000,0.5795,12,E
Liberia,LBR,Africa,2002,2000,0.82,12,E
Liberia,LBR,Africa,2003,2000,0.9552499999999999,12,E
Liberia,LBR,Africa,2004,2000,0.90375,12,E
Liberia,LBR,Africa,2005,2000,1.0289166666666667,12,E
Liberia,LBR,Africa,2006,2000,1.00575,12,E
Liberia,LBR,Africa,2007,2000,0.90075,12,E
Liberia,LBR,Africa,2008,2000,0.9838333333333332,12,E
Liberia,LBR,Africa,2009,2000,1.1691666666666667,12,E
Liberia,LBR,Africa,2010,2010,1.2439166666666666,12,E
Liberia,LBR,Africa,2011,2010,0.963,12,E
Liberia,LBR,Africa,2012,2010,0.7245833333333334,12,E
Liberia,LBR,Africa,2013,2010,0.8155833333333332,12,E
Liberia,LBR,Africa,2014,2010,0.8289166666666666,12,E
Liberia,LBR,Africa,2015,2010,1.106,12,E
Liberia,LBR,Africa,2016,2010,1.4154166666666665,12,E
Liberia,LBR,Africa,2017,2010,1.3130833333333334,12,E
Liberia,LBR,Africa,2018,2010,1.1371666666666667,12,E
Liberia,LBR,Africa,2019,2010,1.2376666666666667,12,E
Liberia,LBR,Africa,2020,2020,1.3185,12,E
Liberia,LBR,Africa,2021,2020,1.2913333333333334,12,E
Liberia,LBR,Africa,2022,2020,1.2894166666666667,12,E
Liberia,LBR,Africa,2023,2020,1.25775,12,E
Liberia,LBR,Africa,2024,2020,1.5795833333333331,12,E
Liberia,LBR,Africa,2025,2020,1.4679166666666665,12,E
Libya,LBY,Africa,1961,1960,-0.5070833333333333,12,E
Libya,LBY,Africa,1962,1960,0.24266666666666667,12,E
Libya,LBY,Africa,1963,1960,0.5433333333333333,12,E
Libya,LBY,Africa,1964,1960,-0.12133333333333333,12,E
Libya,LBY,Africa,1965,1960,-0.17441666666666666,12,E
Libya,LBY,Africa,1966,1960,0.2350833333333333,12,E
Libya,LBY,Africa,1967,1960,-0.37916666666666665,12,E
Libya,LBY,Africa,1968,1960,0.042,12,E
Libya,LBY,Africa,1969,1960,0.6429999999999999,12,E
Libya,LBY,Africa,1970,1970,-0.19866666666666666,12,E
Libya,LBY,Africa,1971,1970,-0.287,12,E
Libya,LBY,Africa,1972,1970,0.08699999999999998,12,E
Libya,LBY,Africa,1973,1970,-0.1001666666666667,12,E
Libya,LBY,Africa,1974,1970,-0.23125000000000004,12,E
Libya,LBY,Africa,1975,1970,-0.34175,12,E
Libya,LBY,Africa,1976,1970,-0.62675,12,E
Libya,LBY,Africa,1977,1970,0.11916666666666668,12,E
Libya,LBY,Africa,1978,1970,-0.20525000000000002,12,E
Libya,LBY,Africa,1979,1970,0.017166666666666625,12,E
Libya,LBY,Africa,1980,1980,-0.1545,12,E
Libya,LBY,Africa,1981,1980,0.13049999999999998,12,E
Libya,LBY,Africa,1982,1980,-0.12433333333333335,12,E
Libya,LBY,Africa,1983,1980,-0.35841666666666666,12,E
Libya,LBY,Africa,1984,1980,-0.007250000000000016,12,E
Libya,LBY,Africa,1985,1980,0.1708333333333333,12,E
Libya,LBY,Africa,1986,1980,0.03966666666666666,12,E
Libya,LBY,Africa,1987,1980,0.2895833333333333,12,E
Libya,LBY,Africa,1988,1980,0.6418333333333334,12,E
Libya,LBY,Africa,1989,1980,0.2295,12,E
Libya,LBY,Africa,1990,1990,0.4956666666666667,12,E
Libya,LBY,Africa,1991,1990,0.0765833333333333,12,E
Libya,LBY,Africa,1992,1990,-0.17783333333333337,12,E
Libya,LBY,Africa,1993,1990,0.36975,12,E
Libya,LBY,Africa,1994,1990,0.3785833333333333,12,E
Libya,LBY,Africa,1995,1990,0.4805,12,E
Libya,LBY,Africa,1996,1990,0.5496666666666666,12,E
Libya,LBY,Africa,1997,1990,0.40625,12,E
Libya,LBY,Africa,1998,1990,0.6471666666666667,12,E
Libya,LBY,Africa,1999,1990,1.2449166666666667,12,E
Libya,LBY,Africa,2000,2000,0.4053333333333334,12,E
Libya,LBY,Africa,2001,2000,1.1545833333333333,12,E
Libya,LBY,Africa,2002,2000,0.9201666666666667,12,E
Libya,LBY,Africa,2003,2000,0.92225,12,E
Libya,LBY,Africa,2004,2000,0.7761666666666667,12,E
Libya,LBY,Africa,2005,2000,0.7009166666666666,12,E
Libya,LBY,Africa,2006,2000,0.63175,12,E
Libya,LBY,Africa,2007,2000,0.6993333333333333,12,E
Libya,LBY,Africa,2008,2000,0.8682500000000001,12,E
Libya,LBY,Africa,2009,2000,0.67475,12,E
Libya,LBY,Africa,2010,2010,1.91075,12,E
Libya,LBY,Africa,2011,2010,0.5205833333333333,12,E
Libya,LBY,Africa,2012,2010,0.69375,12,E
Libya,LBY,Africa,2013,2010,0.9834999999999999,12,E
Libya,LBY,Africa,2014,2010,1.2140833333333332,12,E
Libya,LBY,Africa,2015,2010,0.557,12,E
Libya,LBY,Africa,2016,2010,1.5700833333333335,12,E
Libya,LBY,Africa,2017,2010,0.22925000000000004,12,E
Libya,LBY,Africa,2018,2010,1.6989999999999998,12,E
Libya,LBY,Africa,2019,2010,0.9770833333333333,12,E
Libya,LBY,Africa,2020,2020,1.18025,12,E
Libya,LBY,Africa,2021,2020,1.7433333333333334,12,E
Libya,LBY,Africa,2022,2020,0.8753333333333334,12,E
Libya,LBY,Africa,2023,2020,1.307,12,E
Libya,LBY,Africa,2024,2020,2.3405833333333335,12,E
Libya,LBY,Africa,2025,2020,1.46875,12,E
Saint Lucia,LCA,North America,1961,1960,0.15308333333333332,12,E
Saint Lucia,LCA,North America,1962,1960,0.018000000000000002,12,E
Saint Lucia,LCA,North America,1963,1960,0.18825,12,E
Saint Lucia,LCA,North America,1964,1960,-0.24325,12,E
Saint Lucia,LCA,North America,1965,1960,-0.1945,12,E
Saint Lucia,LCA,North America,1966,1960,-0.10333333333333333,12,E
Saint Lucia,LCA,North America,1967,1960,-0.37233333333333335,12,E
Saint Lucia,LCA,North America,1968,1960,-0.25225000000000003,12,E
Saint Lucia,LCA,North America,1969,1960,0.40499999999999997,12,E
Saint Lucia,LCA,North America,1970,1970,0.07566666666666667,12,E
Saint Lucia,LCA,North America,1971,1970,-0.41091666666666665,12,E
Saint Lucia,LCA,North America,1972,1970,-0.11966666666666669,12,E
Saint Lucia,LCA,North America,1973,1970,0.007833333333333331,12,E
Saint Lucia,LCA,North America,1974,1970,-0.38916666666666666,12,E
Saint Lucia,LCA,North America,1975,1970,-0.426,12,E
Saint Lucia,LCA,North America,1976,1970,-0.23883333333333334,12,E
Saint Lucia,LCA,North America,1977,1970,0.060916666666666675,12,E
Saint Lucia,LCA,North America,1978,1970,0.18483333333333332,12,E
Saint Lucia,LCA,North America,1979,1970,0.2781666666666667,12,E
Saint Lucia,LCA,North America,1980,1980,0.39375,12,E
Saint Lucia,LCA,North America,1981,1980,0.45341666666666663,12,E
Saint Lucia,LCA,North America,1982,1980,0.08600000000000001,12,E
Saint Lucia,LCA,North America,1983,1980,0.48441666666666666,12,E
Saint Lucia,LCA,North America,1984,1980,0.015166666666666667,12,E
Saint Lucia,LCA,North America,1985,1980,-0.11958333333333333,12,E
Saint Lucia,LCA,North America,1986,1980,0.04749999999999999,12,E
Saint Lucia,LCA,North America,1987,1980,0.7305,12,E
Saint Lucia,LCA,North America,1988,1980,0.46,12,E
Saint Lucia,LCA,North America,1989,1980,0.13191666666666665,12,E
Saint Lucia,LCA,North America,1990,1990,0.53025,12,E
Saint Lucia,LCA,North America,1991,1990,0.4791666666666667,12,E
Saint Lucia,LCA,North America,1992,1990,0.5235,12,E
Saint Lucia,LCA,North America,1993,1990,0.6448333333333334,12,E
Saint Lucia,LCA,North America,1994,1990,0.6536666666666667,12,E
Saint Lucia,LCA,North America,1995,1990,0.8921666666666667,12,E
Saint Lucia,LCA,North America,1996,1990,0.5724166666666667,12,E
Saint Lucia,LCA,North America,1997,1990,0.83575,12,E
Saint Lucia,LCA,North America,1998,1990,1.321,12,E
Saint Lucia,LCA,North America,1999,1990,0.6976666666666667,12,E
Saint Lucia,LCA,North America,2000,2000,0.5654166666666667,12,E
Saint Lucia,LCA,North America,2001,2000,0.92525,12,E
Saint Lucia,LCA,North America,2002,2000,0.84,12,E
Saint Lucia,LCA,North America,2003,2000,0.97575,12,E
Saint Lucia,LCA,North America,2004,2000,0.6346666666666667,12,E
Saint Lucia,LCA,North America,2005,2000,1.0333333333333334,12,E
Saint Lucia,LCA,North America,2006,2000,0.8798333333333334,12,E
Saint Lucia,LCA,North America,2007,2000,0.8015,12,E
Saint Lucia,LCA,North America,2008,2000,0.516,12,E
Saint Lucia,LCA,North America,2009,2000,0.7354166666666666,12,E
Saint Lucia,LCA,North America,2010,2010,1.2841666666666667,12,E
Saint Lucia,LCA,North America,2011,2010,0.7324999999999999,12,E
Saint Lucia,LCA,North America,2012,2010,0.8135,12,E
Saint Lucia,LCA,North America,2013,2010,0.8775,12,E
Saint Lucia,LCA,North America,2014,2010,0.7984166666666667,12,E
Saint Lucia,LCA,North America,2015,2010,1.0669166666666667,12,E
Saint Lucia,LCA,North America,2016,2010,1.1575833333333334,12,E
Saint Lucia,LCA,North America,2017,2010,0.9711666666666666,12,E
Saint Lucia,LCA,North America,2018,2010,0.7650833333333334,12,E
Saint Lucia,LCA,North America,2019,2010,1.0811666666666666,12,E
Saint Lucia,LCA,North America,2020,2020,1.16325,12,E
Saint Lucia,LCA,North America,2021,2020,1.0251666666666666,12,E
Saint Lucia,LCA,North America,2022,2020,0.8030833333333334,12,E
Saint Lucia,LCA,North America,2023,2020,1.1644166666666667,12,E
Saint Lucia,LCA,North America,2024,2020,1.8413333333333333,12,E
Saint Lucia,LCA,North America,2025,2020,1.27675,12,E
Liechtenstein,LIE,Europe,1961,1960,1.03725,12,E
Liechtenstein,LIE,Europe,1962,1960,-0.7925833333333333,12,E
Liechtenstein,LIE,Europe,1963,1960,-0.6665,12,E
Liechtenstein,LIE,Europe,1964,1960,0.20991666666666667,12,E
Liechtenstein,LIE,Europe,1965,1960,-0.7210833333333334,12,E
Liechtenstein,LIE,Europe,1966,1960,0.3405,12,E
Liechtenstein,LIE,Europe,1967,1960,0.44049999999999995,12,E
Liechtenstein,LIE,Europe,1968,1960,-0.0423333333333333,12,E
Liechtenstein,LIE,Europe,1969,1960,-0.19833333333333333,12,E
Liechtenstein,LIE,Europe,1970,1970,-0.30266666666666664,12,E
Liechtenstein,LIE,Europe,1971,1970,0.1565833333333333,12,E
Liechtenstein,LIE,Europe,1972,1970,-0.060250000000000005,12,E
Liechtenstein,LIE,Europe,1973,1970,-0.09225000000000001,12,E
Liechtenstein,LIE,Europe,1974,1970,0.4171666666666667,12,E
Liechtenstein,LIE,Europe,1975,1970,0.46925,12,E
Liechtenstein,LIE,Europe,1976,1970,0.14841666666666664,12,E
Liechtenstein,LIE,Europe,1977,1970,0.5066666666666667,12,E
Liechtenstein,LIE,Europe,1978,1970,-0.36599999999999994,12,E
Liechtenstein,LIE,Europe,1979,1970,0.07991666666666668,12,E
Liechtenstein,LIE,Europe,1980,1980,-0.48324999999999996,12,E
Liechtenstein,LIE,Europe,1981,1980,0.06058333333333334,12,E
Liechtenstein,LIE,Europe,1982,1980,0.7897500000000001,12,E
Liechtenstein,LIE,Europe,1983,1980,0.8323333333333335,12,E
Liechtenstein,LIE,Europe,1984,1980,-0.2845,12,E
Liechtenstein,LIE,Europe,1985,1980,-0.16241666666666665,12,E
Liechtenstein,LIE,Europe,1986,1980,0.18666666666666665,12,E
Liechtenstein,LIE,Europe,1987,1980,0.1111666666666667,12,E
Liechtenstein,LIE,Europe,1988,1980,0.9089999999999999,12,E
Liechtenstein,LIE,Europe,1989,1980,1.1090833333333332,12,E
Liechtenstein,LIE,Europe,1990,1990,1.0760833333333333,12,E
Liechtenstein,LIE,Europe,1991,1990,0.22958333333333333,12,E
Liechtenstein,LIE,Europe,1992,1990,1.2430833333333333,12,E
Liechtenstein,LIE,Europe,1993,1990,0.7513333333333333,12,E
Liechtenstein,LIE,Europe,1994,1990,1.9830833333333333,12,E
Liechtenstein,LIE,Europe,1995,1990,0.7148333333333334,12,E
Liechtenstein,LIE,Europe,1996,1990,-0.07258333333333332,12,E
Liechtenstein,LIE,Europe,1997,1990,1.1853333333333333,12,E
Liechtenstein,LIE,Europe,1998,1990,1.0758333333333334,12,E
Liechtenstein,LIE,Europe,1999,1990,0.984,12,E
Liechtenstein,LIE,Europe,2000,2000,1.6984166666666667,12,E
Liechtenstein,LIE,Europe,2001,2000,1.0525833333333334,12,E
Liechtenstein,LIE,Europe,2002,2000,1.7368333333333332,12,E
Liechtenstein,LIE,Europe,2003,2000,1.586,12,E
Liechtenstein,LIE,Europe,2004,2000,0.8489166666666667,12,E
Liechtenstein,LIE,Europe,2005,2000,0.49174999999999996,12,E
Liechtenstein,LIE,Europe,2006,2000,1.31375,12,E
Liechtenstein,LIE,Europe,2007,2000,1.7418333333333331,12,E
Liechtenstein,LIE,Europe,2008,2000,1.4321666666666666,12,E
Liechtenstein,LIE,Europe,2009,2000,1.3601666666666665,12,E
Liechtenstein,LIE,Europe,2010,2010,0.35441666666666666,12,E
Liechtenstein,LIE,Europe,2011,2010,2.013,12,E
Liechtenstein,LIE,Europe,2012,2010,1.463,12,E
Liechtenstein,LIE,Europe,2013,2010,1.095,12,E
Liechtenstein,LIE,Europe,2014,2010,2.2681666666666667,12,E
Liechtenstein,LIE,Europe,2015,2010,2.2870833333333334,12,E
Liechtenstein,LIE,Europe,2016,2010,1.8463333333333332,12,E
Liechtenstein,LIE,Europe,2017,2010,1.63375,12,E
Liechtenstein,LIE,Europe,2018,2010,2.454916666666667,12,E
Liechtenstein,LIE,Europe,2019,2010,2.1965,12,E
Liechtenstein,LIE,Europe,2020,2020,2.2922499999999997,12,E
Liechtenstein,LIE,Europe,2021,2020,1.2651666666666668,12,E
Liechtenstein,LIE,Europe,2022,2020,2.6910833333333333,12,E
Liechtenstein,LIE,Europe,2023,2020,2.7839166666666664,12,E
Liechtenstein,LIE,Europe,2024,2020,2.9901666666666666,12,E
Liechtenstein,LIE,Europe,2025,2020,2.378,12,E
Sri Lanka,LKA,Asia,1961,1960,-0.15383333333333335,12,E
Sri Lanka,LKA,Asia,1962,1960,-0.07425,12,E
Sri Lanka,LKA,Asia,1963,1960,-0.028749999999999998,12,E
Sri Lanka,LKA,Asia,1964,1960,0.02975,12,E
Sri Lanka,LKA,Asia,1965,1960,-0.10516666666666667,12,E
Sri Lanka,LKA,Asia,1966,1960,0.223,12,E
Sri Lanka,LKA,Asia,1967,1960,-0.10266666666666667,12,E
Sri Lanka,LKA,Asia,1968,1960,-0.07516666666666667,12,E
Sri Lanka,LKA,Asia,1969,1960,0.22716666666666666,12,E
Sri Lanka,LKA,Asia,1970,1970,0.04016666666666668,12,E
Sri Lanka,LKA,Asia,1971,1970,-0.3480833333333333,12,E
Sri Lanka,LKA,Asia,1972,1970,0.0017499999999999922,12,E
Sri Lanka,LKA,Asia,1973,1970,0.3076666666666667,12,E
Sri Lanka,LKA,Asia,1974,1970,-0.2870833333333333,12,E
Sri Lanka,LKA,Asia,1975,1970,-0.23291666666666666,12,E
Sri Lanka,LKA,Asia,1976,1970,-0.08383333333333333,12,E
Sri Lanka,LKA,Asia,1977,1970,0.06699999999999999,12,E
Sri Lanka,LKA,Asia,1978,1970,0.09408333333333334,12,E
Sri Lanka,LKA,Asia,1979,1970,0.36341666666666667,12,E
Sri Lanka,LKA,Asia,1980,1980,0.4023333333333334,12,E
Sri Lanka,LKA,Asia,1981,1980,0.10691666666666666,12,E
Sri Lanka,LKA,Asia,1982,1980,0.147,12,E
Sri Lanka,LKA,Asia,1983,1980,0.6574166666666666,12,E
Sri Lanka,LKA,Asia,1984,1980,-0.05983333333333333,12,E
Sri Lanka,LKA,Asia,1985,1980,0.09858333333333334,12,E
Sri Lanka,LKA,Asia,1986,1980,0.17525,12,E
Sri Lanka,LKA,Asia,1987,1980,0.6880000000000001,12,E
Sri Lanka,LKA,Asia,1988,1980,0.5999166666666667,12,E
Sri Lanka,LKA,Asia,1989,1980,0.20725000000000002,12,E
Sri Lanka,LKA,Asia,1990,1990,0.49774999999999997,12,E
Sri Lanka,LKA,Asia,1991,1990,0.45083333333333336,12,E
Sri Lanka,LKA,Asia,1992,1990,0.17083333333333336,12,E
Sri Lanka,LKA,Asia,1993,1990,0.205,12,E
Sri Lanka,LKA,Asia,1994,1990,0.3120833333333333,12,E
Sri Lanka,LKA,Asia,1995,1990,0.52025,12,E
Sri Lanka,LKA,Asia,1996,1990,0.34775,12,E
Sri Lanka,LKA,Asia,1997,1990,0.6223333333333333,12,E
Sri Lanka,LKA,Asia,1998,1990,1.1144166666666666,12,E
Sri Lanka,LKA,Asia,1999,1990,0.32658333333333334,12,E
Sri Lanka,LKA,Asia,2000,2000,0.48500000000000004,12,E
Sri Lanka,LKA,Asia,2001,2000,0.749,12,E
Sri Lanka,LKA,Asia,2002,2000,0.8685,12,E
Sri Lanka,LKA,Asia,2003,2000,0.8469166666666667,12,E
Sri Lanka,LKA,Asia,2004,2000,0.6653333333333333,12,E
Sri Lanka,LKA,Asia,2005,2000,0.7512500000000001,12,E
Sri Lanka,LKA,Asia,2006,2000,0.531,12,E
Sri Lanka,LKA,Asia,2007,2000,0.48825,12,E
Sri Lanka,LKA,Asia,2008,2000,0.42583333333333334,12,E
Sri Lanka,LKA,Asia,2009,2000,0.57775,12,E
Sri Lanka,LKA,Asia,2010,2010,0.7724166666666666,12,E
Sri Lanka,LKA,Asia,2011,2010,0.56975,12,E
Sri Lanka,LKA,Asia,2012,2010,0.8217500000000001,12,E
Sri Lanka,LKA,Asia,2013,2010,0.65775,12,E
Sri Lanka,LKA,Asia,2014,2010,0.8489166666666667,12,E
Sri Lanka,LKA,Asia,2015,2010,0.9148333333333333,12,E
Sri Lanka,LKA,Asia,2016,2010,1.17625,12,E
Sri Lanka,LKA,Asia,2017,2010,0.9096666666666667,12,E
Sri Lanka,LKA,Asia,2018,2010,0.6285833333333334,12,E
Sri Lanka,LKA,Asia,2019,2010,1.0135833333333333,12,E
Sri Lanka,LKA,Asia,2020,2020,1.0454166666666667,12,E
Sri Lanka,LKA,Asia,2021,2020,0.8344999999999999,12,E
Sri Lanka,LKA,Asia,2022,2020,0.6925833333333333,12,E
Sri Lanka,LKA,Asia,2023,2020,0.9816666666666666,12,E
Sri Lanka,LKA,Asia,2024,2020,1.4881666666666666,12,E
Sri Lanka,LKA,Asia,2025,2020,0.7479166666666667,12,E
Lesotho,LSO,Africa,1961,1960,0.24616666666666664,12,E
Lesotho,LSO,Africa,1962,1960,0.3689166666666666,12,E
Lesotho,LSO,Africa,1963,1960,-0.02950000000000001,12,E
Lesotho,LSO,Africa,1964,1960,-0.18225000000000002,12,E
Lesotho,LSO,Africa,1965,1960,-0.04666666666666667,12,E
Lesotho,LSO,Africa,1966,1960,0.24416666666666667,12,E
Lesotho,LSO,Africa,1967,1960,-0.18733333333333332,12,E
Lesotho,LSO,Africa,1968,1960,-0.401,12,E
Lesotho,LSO,Africa,1969,1960,0.4459166666666667,12,E
Lesotho,LSO,Africa,1970,1970,0.4039166666666667,12,E
Lesotho,LSO,Africa,1971,1970,-0.12950000000000003,12,E
Lesotho,LSO,Africa,1972,1970,0.017249999999999988,12,E
Lesotho,LSO,Africa,1973,1970,-0.06766666666666665,12,E
Lesotho,LSO,Africa,1974,1970,-0.11675,12,E
Lesotho,LSO,Africa,1975,1970,-0.2885,12,E
Lesotho,LSO,Africa,1976,1970,-0.3485833333333333,12,E
Lesotho,LSO,Africa,1977,1970,0.34566666666666673,12,E
Lesotho,LSO,Africa,1978,1970,-0.026916666666666658,12,E
Lesotho,LSO,Africa,1979,1970,0.31983333333333336,12,E
Lesotho,LSO,Africa,1980,1980,0.1980833333333333,12,E
Lesotho,LSO,Africa,1981,1980,-0.37050000000000005,12,E
Lesotho,LSO,Africa,1982,1980,0.37366666666666665,12,E
Lesotho,LSO,Africa,1983,1980,0.9518333333333334,12,E
Lesotho,LSO,Africa,1984,1980,0.3055,12,E
Lesotho,LSO,Africa,1985,1980,0.75025,12,E
Lesotho,LSO,Africa,1986,1980,0.5705,12,E
Lesotho,LSO,Africa,1987,1980,0.6194999999999999,12,E
Lesotho,LSO,Africa,1988,1980,0.24133333333333332,12,E
Lesotho,LSO,Africa,1989,1980,0.10341666666666667,12,E
Lesotho,LSO,Africa,1990,1990,0.27308333333333334,12,E
Lesotho,LSO,Africa,1991,1990,0.47908333333333336,12,E
Lesotho,LSO,Africa,1992,1990,1.04225,12,E
Lesotho,LSO,Africa,1993,1990,0.8405,12,E
Lesotho,LSO,Africa,1994,1990,0.11891666666666667,12,E
Lesotho,LSO,Africa,1995,1990,0.45116666666666666,12,E
Lesotho,LSO,Africa,1996,1990,-0.09750000000000002,12,E
Lesotho,LSO,Africa,1997,1990,0.16224999999999998,12,E
Lesotho,LSO,Africa,1998,1990,0.79675,12,E
Lesotho,LSO,Africa,1999,1990,1.2539166666666668,12,E
Lesotho,LSO,Africa,2000,2000,0.17508333333333334,12,E
Lesotho,LSO,Africa,2001,2000,0.40025,12,E
Lesotho,LSO,Africa,2002,2000,0.5305833333333333,12,E
Lesotho,LSO,Africa,2003,2000,1.0015,12,E
Lesotho,LSO,Africa,2004,2000,1.032,12,E
Lesotho,LSO,Africa,2005,2000,0.9573333333333333,12,E
Lesotho,LSO,Africa,2006,2000,0.532,12,E
Lesotho,LSO,Africa,2007,2000,0.6841666666666666,12,E
Lesotho,LSO,Africa,2008,2000,0.7974166666666668,12,E
Lesotho,LSO,Africa,2009,2000,0.3738333333333333,12,E
Lesotho,LSO,Africa,2010,2010,1.1088333333333333,12,E
Lesotho,LSO,Africa,2011,2010,0.39675,12,E
Lesotho,LSO,Africa,2012,2010,0.6445833333333333,12,E
Lesotho,LSO,Africa,2013,2010,0.6726666666666666,12,E
Lesotho,LSO,Africa,2014,2010,0.7393333333333333,12,E
Lesotho,LSO,Africa,2015,2010,1.5306666666666668,12,E
Lesotho,LSO,Africa,2016,2010,1.58875,12,E
Lesotho,LSO,Africa,2017,2010,0.7260833333333333,12,E
Lesotho,LSO,Africa,2018,2010,0.8177500000000001,12,E
Lesotho,LSO,Africa,2019,2010,1.57775,12,E
Lesotho,LSO,Africa,2020,2020,0.7424166666666667,12,E
Lesotho,LSO,Africa,2021,2020,0.66175,12,E
Lesotho,LSO,Africa,2022,2020,0.9285833333333334,12,E
Lesotho,LSO,Africa,2023,2020,0.916,12,E
Lesotho,LSO,Africa,2024,2020,1.4200833333333334,12,E
Lesotho,LSO,Africa,2025,2020,,11,
Lithuania,LTU,Europe,1992,1990,1.5107499999999998,12,E
Lithuania,LTU,Europe,1993,1990,0.3098333333333333,12,E
Lithuania,LTU,Europe,1994,1990,0.8480833333333334,12,E
Lithuania,LTU,Europe,1995,1990,1.07525,12,E
Lithuania,LTU,Europe,1996,1990,-0.49725,12,E
Lithuania,LTU,Europe,1997,1990,0.7685833333333334,12,E
Lithuania,LTU,Europe,1998,1990,0.71375,12,E
Lithuania,LTU,Europe,1999,1990,1.7183333333333335,12,E
Lithuania,LTU,Europe,2000,2000,2.143666666666667,12,E
Lithuania,LTU,Europe,2001,2000,1.1853333333333333,12,E
Lithuania,LTU,Europe,2002,2000,1.7476666666666667,12,E
Lithuania,LTU,Europe,2003,2000,0.8876666666666667,12,E
Lithuania,LTU,Europe,2004,2000,0.9039999999999999,12,E
Lithuania,LTU,Europe,2005,2000,0.9632499999999999,12,E
Lithuania,LTU,Europe,2006,2000,1.4124166666666664,12,E
Lithuania,LTU,Europe,2007,2000,1.9164166666666667,12,E
Lithuania,LTU,Europe,2008,2000,2.18075,12,E
Lithuania,LTU,Europe,2009,2000,1.13725,12,E
Lithuania,LTU,Europe,2010,2010,0.3815833333333334,12,E
Lithuania,LTU,Europe,2011,2010,1.6605833333333333,12,E
Lithuania,LTU,Europe,2012,2010,0.8079999999999999,12,E
Lithuania,LTU,Europe,2013,2010,1.4638333333333333,12,E
Lithuania,LTU,Europe,2014,2010,1.9698333333333335,12,E
Lithuania,LTU,Europe,2015,2010,2.3691666666666666,12,E
Lithuania,LTU,Europe,2016,2010,1.7214166666666666,12,E
Lithuania,LTU,Europe,2017,2010,1.5726666666666667,12,E
Lithuania,LTU,Europe,2018,2010,2.2159166666666668,12,E
Lithuania,LTU,Europe,2019,2010,2.86,12,E
Lithuania,LTU,Europe,2020,2020,3.2006666666666668,12,E
Lithuania,LTU,Europe,2021,2020,1.3975,12,E
Lithuania,LTU,Europe,2022,2020,1.9529166666666666,12,E
Lithuania,LTU,Europe,2023,2020,2.637916666666667,12,E
Lithuania,LTU,Europe,2024,2020,3.405333333333333,12,E
Lithuania,LTU,Europe,2025,2020,2.4223333333333334,12,E
Luxembourg,LUX,Europe,2000,2000,1.7840833333333332,12,E
Luxembourg,LUX,Europe,2001,2000,1.1300000000000001,12,E
Luxembourg,LUX,Europe,2002,2000,1.5978333333333332,12,E
Luxembourg,LUX,Europe,2003,2000,1.65125,12,E
Luxembourg,LUX,Europe,2004,2000,0.8798333333333334,12,E
Luxembourg,LUX,Europe,2005,2000,1.1720833333333334,12,E
Luxembourg,LUX,Europe,2006,2000,1.6234166666666667,12,E
Luxembourg,LUX,Europe,2007,2000,1.7485833333333334,12,E
Luxembourg,LUX,Europe,2008,2000,1.2108333333333332,12,E
Luxembourg,LUX,Europe,2009,2000,1.2157499999999999,12,E
Luxembourg,LUX,Europe,2010,2010,0.011750000000000002,12,E
Luxembourg,LUX,Europe,2011,2010,1.9117500000000003,12,E
Luxembourg,LUX,Europe,2012,2010,1.1488333333333334,12,E
Luxembourg,LUX,Europe,2013,2010,0.65225,12,E
Luxembourg,LUX,Europe,2014,2010,2.3895833333333334,12,E
Luxembourg,LUX,Europe,2015,2010,1.8811666666666664,12,E
Luxembourg,LUX,Europe,2016,2010,1.461,12,E
Luxembourg,LUX,Europe,2017,2010,1.7080833333333334,12,E
Luxembourg,LUX,Europe,2018,2010,2.5561666666666665,12,E
Luxembourg,LUX,Europe,2019,2010,2.1579166666666665,12,E
Luxembourg,LUX,Europe,2020,2020,2.584,12,E
Luxembourg,LUX,Europe,2021,2020,1.1565,12,E
Luxembourg,LUX,Europe,2022,2020,2.823916666666667,12,E
Luxembourg,LUX,Europe,2023,2020,2.7785833333333336,12,E
Luxembourg,LUX,Europe,2024,2020,2.607666666666667,12,E
Luxembourg,LUX,Europe,2025,2020,2.270166666666667,12,E
Latvia,LVA,Europe,1992,1990,1.5904999999999998,12,E
Latvia,LVA,Europe,1993,1990,0.3308333333333333,12,E
Latvia,LVA,Europe,1994,1990,0.6451666666666666,12,E
Latvia,LVA,Europe,1995,1990,1.2021666666666666,12,E
Latvia,LVA,Europe,1996,1990,-0.35025,12,E
Latvia,LVA,Europe,1997,1990,0.92175,12,E
Latvia,LVA,Europe,1998,1990,0.6729166666666667,12,E
Latvia,LVA,Europe,1999,1990,1.74575,12,E
Latvia,LVA,Europe,2000,2000,2.1405,12,E
Latvia,LVA,Europe,2001,2000,1.1833333333333333,12,E
Latvia,LVA,Europe,2002,2000,1.5959166666666667,12,E
Latvia,LVA,Europe,2003,2000,0.9308333333333333,12,E
Latvia,LVA,Europe,2004,2000,1.028,12,E
Latvia,LVA,Europe,2005,2000,1.0950833333333334,12,E
Latvia,LVA,Europe,2006,2000,1.5987500000000001,12,E
Latvia,LVA,Europe,2007,2000,1.95125,12,E
Latvia,LVA,Europe,2008,2000,2.3119166666666664,12,E
Latvia,LVA,Europe,2009,2000,1.2325,12,E
Latvia,LVA,Europe,2010,2010,0.3519999999999999,12,E
Latvia,LVA,Europe,2011,2010,1.8619166666666667,12,E
Latvia,LVA,Europe,2012,2010,0.8039999999999999,12,E
Latvia,LVA,Europe,2013,2010,1.6043333333333332,12,E
Latvia,LVA,Europe,2014,2010,2.0544166666666666,12,E
Latvia,LVA,Europe,2015,2010,2.4354999999999998,12,E
Latvia,LVA,Europe,2016,2010,1.7148333333333332,12,E
Latvia,LVA,Europe,2017,2010,1.52375,12,E
Latvia,LVA,Europe,2018,2010,2.13175,12,E
Latvia,LVA,Europe,2019,2010,2.7112499999999997,12,E
Latvia,LVA,Europe,2020,2020,3.33375,12,E
Latvia,LVA,Europe,2021,2020,1.5535833333333333,12,E
Latvia,LVA,Europe,2022,2020,2.012,12,E
Latvia,LVA,Europe,2023,2020,2.43275,12,E
Latvia,LVA,Europe,2024,2020,3.248583333333334,12,E
Latvia,LVA,Europe,2025,2020,2.608166666666667,12,E
Macao,MAC,Asia,1961,1960,0.2001666666666667,12,E
Macao,MAC,Asia,1962,1960,-0.12483333333333331,12,E
Macao,MAC,Asia,1963,1960,0.35050000000000003,12,E
Macao,MAC,Asia,1964,1960,0.05399999999999997,12,E
Macao,MAC,Asia,1965,1960,0.1875,12,E
Macao,MAC,Asia,1966,1960,0.7294166666666667,12,E
Macao,MAC,Asia,1967,1960,-0.26758333333333334,12,E
Macao,MAC,Asia,1968,1960,-0.06691666666666667,12,E
Macao,MAC,Asia,1969,1960,-0.4114166666666666,12,E
Macao,MAC,Asia,1970,1970,-0.28099999999999997,12,E
Macao,MAC,Asia,1971,1970,-0.2734166666666667,12,E
Macao,MAC,Asia,1972,1970,-0.12274999999999998,12,E
Macao,MAC,Asia,1973,1970,0.3411666666666666,12,E
Macao,MAC,Asia,1974,1970,-0.24749999999999997,12,E
Macao,MAC,Asia,1975,1970,-0.09883333333333333,12,E
Macao,MAC,Asia,1976,1970,-0.5239166666666667,12,E
Macao,MAC,Asia,1977,1970,0.3626666666666667,12,E
Macao,MAC,Asia,1978,1970,-0.09233333333333334,12,E
Macao,MAC,Asia,1979,1970,0.04566666666666664,12,E
Macao,MAC,Asia,1980,1980,0.18941666666666665,12,E
Macao,MAC,Asia,1981,1980,0.2463333333333333,12,E
Macao,MAC,Asia,1982,1980,0.017499999999999998,12,E
Macao,MAC,Asia,1983,1980,-0.10874999999999997,12,E
Macao,MAC,Asia,1984,1980,-0.5059166666666667,12,E
Macao,MAC,Asia,1985,1980,-0.22250000000000003,12,E
Macao,MAC,Asia,1986,1980,0.12908333333333333,12,E
Macao,MAC,Asia,1987,1980,0.7780833333333333,12,E
Macao,MAC,Asia,1988,1980,-0.03575,12,E
Macao,MAC,Asia,1989,1980,0.25133333333333335,12,E
Macao,MAC,Asia,1990,1990,0.4086666666666667,12,E
Macao,MAC,Asia,1991,1990,0.6513333333333333,12,E
Macao,MAC,Asia,1992,1990,-0.18849999999999997,12,E
Macao,MAC,Asia,1993,1990,0.06374999999999999,12,E
Macao,MAC,Asia,1994,1990,0.5101666666666667,12,E
Macao,MAC,Asia,1995,1990,-0.2020833333333333,12,E
Macao,MAC,Asia,1996,1990,0.08591666666666664,12,E
Macao,MAC,Asia,1997,1990,0.2750833333333333,12,E
Macao,MAC,Asia,1998,1990,0.9666666666666667,12,E
Macao,MAC,Asia,1999,1990,0.75825,12,E
Macao,MAC,Asia,2000,2000,0.47866666666666663,12,E
Macao,MAC,Asia,2001,2000,0.70675,12,E
Macao,MAC,Asia,2002,2000,0.9653333333333333,12,E
Macao,MAC,Asia,2003,2000,0.9333333333333332,12,E
Macao,MAC,Asia,2004,2000,0.7926666666666667,12,E
Macao,MAC,Asia,2005,2000,0.56675,12,E
Macao,MAC,Asia,2006,2000,0.9889166666666666,12,E
Macao,MAC,Asia,2007,2000,1.10975,12,E
Macao,MAC,Asia,2008,2000,0.26425000000000004,12,E
Macao,MAC,Asia,2009,2000,0.8115,12,E
Macao,MAC,Asia,2010,2010,0.4375833333333334,12,E
Macao,MAC,Asia,2011,2010,0.22083333333333335,12,E
Macao,MAC,Asia,2012,2010,0.5876666666666667,12,E
Macao,MAC,Asia,2013,2010,0.629,12,E
Macao,MAC,Asia,2014,2010,0.6794166666666666,12,E
Macao,MAC,Asia,2015,2010,1.3211666666666666,12,E
Macao,MAC,Asia,2016,2010,0.872,12,E
Macao,MAC,Asia,2017,2010,1.1350833333333334,12,E
Macao,MAC,Asia,2018,2010,1.1405,12,E
Macao,MAC,Asia,2019,2010,1.6918333333333333,12,E
Macao,MAC,Asia,2020,2020,1.6199166666666667,12,E
Macao,MAC,Asia,2021,2020,1.9035,12,E
Macao,MAC,Asia,2022,2020,1.0095833333333333,12,E
Macao,MAC,Asia,2023,2020,1.5188333333333333,12,E
Macao,MAC,Asia,2024,2020,1.6968333333333332,12,E
Macao,MAC,Asia,2025,2020,1.1620833333333334,12,E
Morocco,MAR,Africa,1961,1960,1.0568333333333333,12,E
Morocco,MAR,Africa,1962,1960,0.46825,12,E
Morocco,MAR,Africa,1963,1960,0.31224999999999997,12,E
Morocco,MAR,Africa,1964,1960,0.32225,12,E
Morocco,MAR,Africa,1965,1960,-0.07749999999999999,12,E
Morocco,MAR,Africa,1966,1960,0.3901666666666667,12,E
Morocco,MAR,Africa,1967,1960,-0.06358333333333334,12,E
Morocco,MAR,Africa,1968,1960,-0.062416666666666655,12,E
Morocco,MAR,Africa,1969,1960,-0.19700000000000004,12,E
Morocco,MAR,Africa,1970,1970,0.042583333333333334,12,E
Morocco,MAR,Africa,1971,1970,-0.9266666666666667,12,E
Morocco,MAR,Africa,1972,1970,-1.3846666666666667,12,E
Morocco,MAR,Africa,1973,1970,-0.027666666666666673,12,E
Morocco,MAR,Africa,1974,1970,-0.4305833333333333,12,E
Morocco,MAR,Africa,1975,1970,-0.3832499999999999,12,E
Morocco,MAR,Africa,1976,1970,-0.7676666666666666,12,E
Morocco,MAR,Africa,1977,1970,0.003250000000000012,12,E
Morocco,MAR,Africa,1978,1970,0.2104166666666667,12,E
Morocco,MAR,Africa,1979,1970,0.19316666666666663,12,E
Morocco,MAR,Africa,1980,1980,0.3715,12,E
Morocco,MAR,Africa,1981,1980,0.6263333333333333,12,E
Morocco,MAR,Africa,1982,1980,0.014999999999999994,12,E
Morocco,MAR,Africa,1983,1980,0.8737499999999999,12,E
Morocco,MAR,Africa,1984,1980,0.02341666666666668,12,E
Morocco,MAR,Africa,1985,1980,0.62675,12,E
Morocco,MAR,Africa,1986,1980,0.025166666666666653,12,E
Morocco,MAR,Africa,1987,1980,1.0661666666666667,12,E
Morocco,MAR,Africa,1988,1980,0.6168333333333333,12,E
Morocco,MAR,Africa,1989,1980,0.8531666666666666,12,E
Morocco,MAR,Africa,1990,1990,1.0430833333333334,12,E
Morocco,MAR,Africa,1991,1990,0.053666666666666675,12,E
Morocco,MAR,Africa,1992,1990,0.048000000000000015,12,E
Morocco,MAR,Africa,1993,1990,0.09900000000000002,12,E
Morocco,MAR,Africa,1994,1990,0.9628333333333333,12,E
Morocco,MAR,Africa,1995,1990,1.1603333333333332,12,E
Morocco,MAR,Africa,1996,1990,0.7304166666666667,12,E
Morocco,MAR,Africa,1997,1990,1.1449166666666666,12,E
Morocco,MAR,Africa,1998,1990,1.2995833333333333,12,E
Morocco,MAR,Africa,1999,1990,1.0041666666666667,12,E
Morocco,MAR,Africa,2000,2000,0.9966666666666667,12,E
Morocco,MAR,Africa,2001,2000,1.6955833333333334,12,E
Morocco,MAR,Africa,2002,2000,1.1101666666666665,12,E
Morocco,MAR,Africa,2003,2000,1.428,12,E
Morocco,MAR,Africa,2004,2000,0.8803333333333333,12,E
Morocco,MAR,Africa,2005,2000,1.2214166666666666,12,E
Morocco,MAR,Africa,2006,2000,1.33725,12,E
Morocco,MAR,Africa,2007,2000,0.9608333333333333,12,E
Morocco,MAR,Africa,2008,2000,0.92775,12,E
Morocco,MAR,Africa,2009,2000,1.45,12,E
Morocco,MAR,Africa,2010,2010,2.0141666666666667,12,E
Morocco,MAR,Africa,2011,2010,1.4689166666666666,12,E
Morocco,MAR,Africa,2012,2010,1.2915833333333333,12,E
Morocco,MAR,Africa,2013,2010,1.19025,12,E
Morocco,MAR,Africa,2014,2010,1.6084166666666666,12,E
Morocco,MAR,Africa,2015,2010,1.3355833333333333,12,E
Morocco,MAR,Africa,2016,2010,1.6688333333333334,12,E
Morocco,MAR,Africa,2017,2010,2.0208333333333335,12,E
Morocco,MAR,Africa,2018,2010,0.7046666666666667,12,E
Morocco,MAR,Africa,2019,2010,1.4597499999999999,12,E
Morocco,MAR,Africa,2020,2020,2.06575,12,E
Morocco,MAR,Africa,2021,2020,1.7947499999999998,12,E
Morocco,MAR,Africa,2022,2020,2.3898333333333333,12,E
Morocco,MAR,Africa,2023,2020,2.3815,12,E
Morocco,MAR,Africa,2024,2020,2.62725,12,E
Morocco,MAR,Africa,2025,2020,1.9978333333333333,12,E
Monaco,MCO,Europe,1961,1960,0.8220000000000001,12,E
Monaco,MCO,Europe,1962,1960,-0.21583333333333335,12,E
Monaco,MCO,Europe,1963,1960,-0.5209166666666667,12,E
Monaco,MCO,Europe,1964,1960,0.5205833333333333,12,E
Monaco,MCO,Europe,1965,1960,-0.4031666666666667,12,E
Monaco,MCO,Europe,1966,1960,0.1599166666666667,12,E
Monaco,MCO,Europe,1967,1960,0.40850000000000003,12,E
Monaco,MCO,Europe,1968,1960,-0.021,12,E
Monaco,MCO,Europe,1969,1960,-0.3589166666666667,12,E
Monaco,MCO,Europe,1970,1970,0.05233333333333334,12,E
Monaco,MCO,Europe,1971,1970,0.13500000000000004,12,E
Monaco,MCO,Europe,1972,1970,-0.21741666666666667,12,E
Monaco,MCO,Europe,1973,1970,0.15400000000000003,12,E
Monaco,MCO,Europe,1974,1970,0.01958333333333334,12,E
Monaco,MCO,Europe,1975,1970,0.09116666666666666,12,E
Monaco,MCO,Europe,1976,1970,-0.040750000000000036,12,E
Monaco,MCO,Europe,1977,1970,-0.03358333333333335,12,E
Monaco,MCO,Europe,1978,1970,-0.41250000000000003,12,E
Monaco,MCO,Europe,1979,1970,0.007416666666666673,12,E
Monaco,MCO,Europe,1980,1980,-0.5620833333333334,12,E
Monaco,MCO,Europe,1981,1980,0.018333333333333316,12,E
Monaco,MCO,Europe,1982,1980,0.6530833333333333,12,E
Monaco,MCO,Europe,1983,1980,0.41991666666666666,12,E
Monaco,MCO,Europe,1984,1980,-0.5716666666666667,12,E
Monaco,MCO,Europe,1985,1980,-0.042333333333333334,12,E
Monaco,MCO,Europe,1986,1980,0.3400000000000001,12,E
Monaco,MCO,Europe,1987,1980,0.31816666666666665,12,E
Monaco,MCO,Europe,1988,1980,0.68725,12,E
Monaco,MCO,Europe,1989,1980,0.95325,12,E
Monaco,MCO,Europe,1990,1990,1.03,12,E
Monaco,MCO,Europe,1991,1990,0.22599999999999998,12,E
Monaco,MCO,Europe,1992,1990,0.7691666666666667,12,E
Monaco,MCO,Europe,1993,1990,0.5336666666666666,12,E
Monaco,MCO,Europe,1994,1990,1.38175,12,E
Monaco,MCO,Europe,1995,1990,0.6275833333333333,12,E
Monaco,MCO,Europe,1996,1990,0.27616666666666667,12,E
Monaco,MCO,Europe,1997,1990,1.3676666666666666,12,E
Monaco,MCO,Europe,1998,1990,0.8896666666666667,12,E
Monaco,MCO,Europe,1999,1990,1.0155833333333333,12,E
Monaco,MCO,Europe,2000,2000,1.37525,12,E
Monaco,MCO,Europe,2001,2000,1.1830833333333333,12,E
Monaco,MCO,Europe,2002,2000,1.21175,12,E
Monaco,MCO,Europe,2003,2000,1.6985833333333333,12,E
Monaco,MCO,Europe,2004,2000,0.94325,12,E
Monaco,MCO,Europe,2005,2000,0.6159166666666667,12,E
Monaco,MCO,Europe,2006,2000,1.5068333333333335,12,E
Monaco,MCO,Europe,2007,2000,1.53475,12,E
Monaco,MCO,Europe,2008,2000,1.0345833333333332,12,E
Monaco,MCO,Europe,2009,2000,1.453,12,E
Monaco,MCO,Europe,2010,2010,0.33875000000000005,12,E
Monaco,MCO,Europe,2011,2010,1.6089166666666668,12,E
Monaco,MCO,Europe,2012,2010,1.2505833333333334,12,E
Monaco,MCO,Europe,2013,2010,0.8538333333333333,12,E
Monaco,MCO,Europe,2014,2010,1.8459166666666667,12,E
Monaco,MCO,Europe,2015,2010,1.9873333333333332,12,E
Monaco,MCO,Europe,2016,2010,1.6871666666666665,12,E
Monaco,MCO,Europe,2017,2010,1.7165833333333333,12,E
Monaco,MCO,Europe,2018,2010,2.13,12,E
Monaco,MCO,Europe,2019,2010,2.0230833333333336,12,E
Monaco,MCO,Europe,2020,2020,2.0555,12,E
Monaco,MCO,Europe,2021,2020,1.5681666666666667,12,E
Monaco,MCO,Europe,2022,2020,2.873333333333333,12,E
Monaco,MCO,Europe,2023,2020,2.44825,12,E
Monaco,MCO,Europe,2024,2020,2.4916666666666667,12,E
Monaco,MCO,Europe,2025,2020,2.5336666666666665,12,E
Moldova,MDA,Europe,1992,1990,0.4670000000000001,12,E
Moldova,MDA,Europe,1993,1990,-0.36574999999999996,12,E
Moldova,MDA,Europe,1994,1990,1.4046666666666667,12,E
Moldova,MDA,Europe,1995,1990,0.3515,12,E
Moldova,MDA,Europe,1996,1990,-0.5481666666666666,12,E
Moldova,MDA,Europe,1997,1990,-0.38841666666666663,12,E
Moldova,MDA,Europe,1998,1990,0.455,12,E
Moldova,MDA,Europe,1999,1990,1.3980833333333333,12,E
Moldova,MDA,Europe,2000,2000,1.5424166666666668,12,E
Moldova,MDA,Europe,2001,2000,1.018,12,E
Moldova,MDA,Europe,2002,2000,1.3208333333333333,12,E
Moldova,MDA,Europe,2003,2000,0.3519999999999999,12,E
Moldova,MDA,Europe,2004,2000,0.8063333333333333,12,E
Moldova,MDA,Europe,2005,2000,0.7833333333333333,12,E
Moldova,MDA,Europe,2006,2000,0.36399999999999993,12,E
Moldova,MDA,Europe,2007,2000,2.0928333333333335,12,E
Moldova,MDA,Europe,2008,2000,1.6778333333333333,12,E
Moldova,MDA,Europe,2009,2000,1.5254166666666666,12,E
Moldova,MDA,Europe,2010,2010,1.199,12,E
Moldova,MDA,Europe,2011,2010,0.75875,12,E
Moldova,MDA,Europe,2012,2010,1.5235833333333335,12,E
Moldova,MDA,Europe,2013,2010,1.4844166666666665,12,E
Moldova,MDA,Europe,2014,2010,1.2825,12,E
Moldova,MDA,Europe,2015,2010,2.03975,12,E
Moldova,MDA,Europe,2016,2010,1.6179166666666667,12,E
Moldova,MDA,Europe,2017,2010,1.5339999999999998,12,E
Moldova,MDA,Europe,2018,2010,1.5229166666666665,12,E
Moldova,MDA,Europe,2019,2010,2.5458333333333334,12,E
Moldova,MDA,Europe,2020,2020,2.811833333333333,12,E
Moldova,MDA,Europe,2021,2020,1.0062499999999999,12,E
Moldova,MDA,Europe,2022,2020,2.004583333333333,12,E
Moldova,MDA,Europe,2023,2020,2.8575,12,E
Moldova,MDA,Europe,2024,2020,3.1170000000000004,12,E
Moldova,MDA,Europe,2025,2020,1.9394166666666666,12,E
Madagascar,MDG,Africa,1961,1960,0.5630000000000001,12,E
Madagascar,MDG,Africa,1962,1960,-0.06883333333333333,12,E
Madagascar,MDG,Africa,1963,1960,-0.34825,12,E
Madagascar,MDG,Africa,1964,1960,-0.425,12,E
Madagascar,MDG,Africa,1965,1960,-0.57775,12,E
Madagascar,MDG,Africa,1966,1960,0.016416666666666663,12,E
Madagascar,MDG,Africa,1967,1960,0.27216666666666667,12,E
Madagascar,MDG,Africa,1968,1960,-0.40825,12,E
Madagascar,MDG,Africa,1969,1960,0.4681666666666666,12,E
Madagascar,MDG,Africa,1970,1970,0.16491666666666666,12,E
Madagascar,MDG,Africa,1971,1970,-0.2505,12,E
Madagascar,MDG,Africa,1972,1970,-0.0006666666666666673,12,E
Madagascar,MDG,Africa,1973,1970,0.08574999999999999,12,E
Madagascar,MDG,Africa,1974,1970,-0.21875,12,E
Madagascar,MDG,Africa,1975,1970,-0.23175,12,E
Madagascar,MDG,Africa,1976,1970,0.09233333333333334,12,E
Madagascar,MDG,Africa,1977,1970,0.45408333333333334,12,E
Madagascar,MDG,Africa,1978,1970,0.5135,12,E
Madagascar,MDG,Africa,1979,1970,0.3585833333333333,12,E
Madagascar,MDG,Africa,1980,1980,0.3658333333333333,12,E
Madagascar,MDG,Africa,1981,1980,0.19733333333333333,12,E
Madagascar,MDG,Africa,1982,1980,0.335,12,E
Madagascar,MDG,Africa,1983,1980,0.5155,12,E
Madagascar,MDG,Africa,1984,1980,-0.052,12,E
Madagascar,MDG,Africa,1985,1980,0.13783333333333334,12,E
Madagascar,MDG,Africa,1986,1980,0.03933333333333334,12,E
Madagascar,MDG,Africa,1987,1980,0.65925,12,E
Madagascar,MDG,Africa,1988,1980,0.5269166666666666,12,E
Madagascar,MDG,Africa,1989,1980,0.16341666666666668,12,E
Madagascar,MDG,Africa,1990,1990,0.27425000000000005,12,E
Madagascar,MDG,Africa,1991,1990,,9,
Madagascar,MDG,Africa,1992,1990,,11,
Madagascar,MDG,Africa,1993,1990,,11,
Madagascar,MDG,Africa,1994,1990,0.3075,12,E
Madagascar,MDG,Africa,1995,1990,0.3998333333333333,12,E
Madagascar,MDG,Africa,1996,1990,0.2880833333333333,12,E
Madagascar,MDG,Africa,1997,1990,0.7272500000000001,12,E
Madagascar,MDG,Africa,1998,1990,0.8399166666666668,12,E
Madagascar,MDG,Africa,1999,1990,,11,
Madagascar,MDG,Africa,2000,2000,0.5771666666666667,12,E
Madagascar,MDG,Africa,2001,2000,0.7330833333333334,12,E
Madagascar,MDG,Africa,2002,2000,0.7185833333333335,12,E
Madagascar,MDG,Africa,2003,2000,0.782,12,E
Madagascar,MDG,Africa,2004,2000,0.4851666666666667,12,E
Madagascar,MDG,Africa,2005,2000,0.6525833333333333,12,E
Madagascar,MDG,Africa,2006,2000,0.8789166666666667,12,E
Madagascar,MDG,Africa,2007,2000,0.75375,12,E
Madagascar,MDG,Africa,2008,2000,0.6088333333333333,12,E
Madagascar,MDG,Africa,2009,2000,0.9385833333333333,12,E
Madagascar,MDG,Africa,2010,2010,1.1945833333333333,12,E
Madagascar,MDG,Africa,2011,2010,1.1546666666666667,12,E
Madagascar,MDG,Africa,2012,2010,0.924,12,E
Madagascar,MDG,Africa,2013,2010,0.81325,12,E
Madagascar,MDG,Africa,2014,2010,0.8964166666666666,12,E
Madagascar,MDG,Africa,2015,2010,1.2465,12,E
Madagascar,MDG,Africa,2016,2010,1.1518333333333335,12,E
Madagascar,MDG,Africa,2017,2010,1.44275,12,E
Madagascar,MDG,Africa,2018,2010,1.1050833333333332,12,E
Madagascar,MDG,Africa,2019,2010,1.4985833333333334,12,E
Madagascar,MDG,Africa,2020,2020,1.2349166666666667,12,E
Madagascar,MDG,Africa,2021,2020,1.2335833333333335,12,E
Madagascar,MDG,Africa,2022,2020,0.8953333333333333,12,E
Madagascar,MDG,Africa,2023,2020,1.4350833333333333,12,E
Madagascar,MDG,Africa,2024,2020,1.38875,12,E
Madagascar,MDG,Africa,2025,2020,1.1253333333333333,12,E
Maldives,MDV,Asia,1961,1960,,0,
Maldives,MDV,Asia,1962,1960,0.014249999999999997,12,E
Maldives,MDV,Asia,1963,1960,,0,
Maldives,MDV,Asia,1964,1960,,0,
Maldives,MDV,Asia,1965,1960,,0,
Maldives,MDV,Asia,1966,1960,0.4036666666666667,12,E
Maldives,MDV,Asia,1967,1960,-0.050499999999999996,12,E
Maldives,MDV,Asia,1968,1960,-0.15466666666666667,12,E
Maldives,MDV,Asia,1969,1960,0.38283333333333336,12,E
Maldives,MDV,Asia,1970,1970,,4,
Maldives,MDV,Asia,1971,1970,,1,
Maldives,MDV,Asia,1972,1970,,10,
Maldives,MDV,Asia,1973,1970,0.36883333333333335,12,E
Maldives,MDV,Asia,1974,1970,,11,
Maldives,MDV,Asia,1975,1970,-0.5150833333333333,12,E
Maldives,MDV,Asia,1976,1970,-0.1025,12,E
Maldives,MDV,Asia,1977,1970,-0.04833333333333334,12,E
Maldives,MDV,Asia,1978,1970,-0.17666666666666667,12,E
Maldives,MDV,Asia,1979,1970,0.07024999999999999,12,E
Maldives,MDV,Asia,1980,1980,0.16874999999999998,12,E
Maldives,MDV,Asia,1981,1980,0.077,12,E
Maldives,MDV,Asia,1982,1980,0.22558333333333336,12,E
Maldives,MDV,Asia,1983,1980,0.4294166666666667,12,E
Maldives,MDV,Asia,1984,1980,0.0019166666666666594,12,E
Maldives,MDV,Asia,1985,1980,0.02308333333333333,12,E
Maldives,MDV,Asia,1986,1980,0.23408333333333334,12,E
Maldives,MDV,Asia,1987,1980,,7,
Maldives,MDV,Asia,1988,1980,0.5932499999999999,12,E
Maldives,MDV,Asia,1989,1980,-0.09883333333333333,12,E
Maldives,MDV,Asia,1990,1990,0.32816666666666666,12,E
Maldives,MDV,Asia,1991,1990,0.37166666666666665,12,E
Maldives,MDV,Asia,1992,1990,-0.02008333333333333,12,E
Maldives,MDV,Asia,1993,1990,0.16075,12,E
Maldives,MDV,Asia,1994,1990,0.4444166666666667,12,E
Maldives,MDV,Asia,1995,1990,0.6304166666666667,12,E
Maldives,MDV,Asia,1996,1990,0.21091666666666667,12,E
Maldives,MDV,Asia,1997,1990,0.5348333333333333,12,E
Maldives,MDV,Asia,1998,1990,0.8340833333333334,12,E
Maldives,MDV,Asia,1999,1990,0.2795,12,E
Maldives,MDV,Asia,2000,2000,0.2774166666666667,12,E
Maldives,MDV,Asia,2001,2000,0.5045000000000001,12,E
Maldives,MDV,Asia,2002,2000,0.6658333333333334,12,E
Maldives,MDV,Asia,2003,2000,0.6325833333333334,12,E
Maldives,MDV,Asia,2004,2000,0.42883333333333334,12,E
Maldives,MDV,Asia,2005,2000,0.8295833333333333,12,E
Maldives,MDV,Asia,2006,2000,0.30791666666666667,12,E
Maldives,MDV,Asia,2007,2000,0.4275,12,E
Maldives,MDV,Asia,2008,2000,0.23491666666666666,12,E
Maldives,MDV,Asia,2009,2000,0.5695833333333333,12,E
Maldives,MDV,Asia,2010,2010,0.5890833333333333,12,E
Maldives,MDV,Asia,2011,2010,0.6235833333333334,12,E
Maldives,MDV,Asia,2012,2010,0.5285000000000001,12,E
Maldives,MDV,Asia,2013,2010,0.6213333333333334,12,E
Maldives,MDV,Asia,2014,2010,0.6800833333333333,12,E
Maldives,MDV,Asia,2015,2010,0.7978333333333333,12,E
Maldives,MDV,Asia,2016,2010,1.1425,12,E
Maldives,MDV,Asia,2017,2010,0.7408333333333333,12,E
Maldives,MDV,Asia,2018,2010,0.5658333333333333,12,E
Maldives,MDV,Asia,2019,2010,0.79975,12,E
Maldives,MDV,Asia,2020,2020,0.8968333333333334,12,E
Maldives,MDV,Asia,2021,2020,0.77425,12,E
Maldives,MDV,Asia,2022,2020,0.41208333333333336,12,E
Maldives,MDV,Asia,2023,2020,0.7875833333333334,12,E
Maldives,MDV,Asia,2024,2020,1.0585833333333332,12,E
Maldives,MDV,Asia,2025,2020,0.8523333333333333,12,E
Mexico,MEX,North America,1961,1960,-0.06541666666666666,12,E
Mexico,MEX,North America,1962,1960,0.17425000000000002,12,E
Mexico,MEX,North America,1963,1960,0.13475,12,E
Mexico,MEX,North America,1964,1960,-0.231,12,E
Mexico,MEX,North America,1965,1960,-0.03841666666666666,12,E
Mexico,MEX,North America,1966,1960,-0.34191666666666665,12,E
Mexico,MEX,North America,1967,1960,-0.08433333333333333,12,E
Mexico,MEX,North America,1968,1960,-0.41724999999999995,12,E
Mexico,MEX,North America,1969,1960,0.19533333333333333,12,E
Mexico,MEX,North America,1970,1970,-0.20883333333333334,12,E
Mexico,MEX,North America,1971,1970,-0.09933333333333333,12,E
Mexico,MEX,North America,1972,1970,0.29158333333333336,12,E
Mexico,MEX,North America,1973,1970,-0.22491666666666665,12,E
Mexico,MEX,North America,1974,1970,-0.07041666666666667,12,E
Mexico,MEX,North America,1975,1970,-0.29641666666666666,12,E
Mexico,MEX,North America,1976,1970,-0.49491666666666667,12,E
Mexico,MEX,North America,1977,1970,0.18408333333333335,12,E
Mexico,MEX,North America,1978,1970,0.12941666666666665,12,E
Mexico,MEX,North America,1979,1970,-0.03983333333333333,12,E
Mexico,MEX,North America,1980,1980,0.43333333333333335,12,E
Mexico,MEX,North America,1981,1980,0.24675000000000002,12,E
Mexico,MEX,North America,1982,1980,0.4633333333333333,12,E
Mexico,MEX,North America,1983,1980,0.08441666666666665,12,E
Mexico,MEX,North America,1984,1980,-0.04133333333333333,12,E
Mexico,MEX,North America,1985,1980,0.02975,12,E
Mexico,MEX,North America,1986,1980,0.26658333333333334,12,E
Mexico,MEX,North America,1987,1980,-0.08991666666666666,12,E
Mexico,MEX,North America,1988,1980,0.14225000000000002,12,E
Mexico,MEX,North America,1989,1980,0.3655833333333333,12,E
Mexico,MEX,North America,1990,1990,0.3720833333333333,12,E
Mexico,MEX,North America,1991,1990,0.2529166666666666,12,E
Mexico,MEX,North America,1992,1990,0.10966666666666668,12,E
Mexico,MEX,North America,1993,1990,0.31908333333333333,12,E
Mexico,MEX,North America,1994,1990,0.72625,12,E
Mexico,MEX,North America,1995,1990,0.7378333333333332,12,E
Mexico,MEX,North America,1996,1990,0.5396666666666666,12,E
Mexico,MEX,North America,1997,1990,0.35000000000000003,12,E
Mexico,MEX,North America,1998,1990,0.7987500000000001,12,E
Mexico,MEX,North America,1999,1990,0.5599999999999999,12,E
Mexico,MEX,North America,2000,2000,0.6154166666666666,12,E
Mexico,MEX,North America,2001,2000,0.5233333333333333,12,E
Mexico,MEX,North America,2002,2000,0.6719166666666667,12,E
Mexico,MEX,North America,2003,2000,0.8058333333333333,12,E
Mexico,MEX,North America,2004,2000,0.33466666666666667,12,E
Mexico,MEX,North America,2005,2000,0.7926666666666667,12,E
Mexico,MEX,North America,2006,2000,0.7971666666666667,12,E
Mexico,MEX,North America,2007,2000,0.5191666666666667,12,E
Mexico,MEX,North America,2008,2000,0.4905,12,E
Mexico,MEX,North America,2009,2000,0.9140833333333332,12,E
Mexico,MEX,North America,2010,2010,0.27325,12,E
Mexico,MEX,North America,2011,2010,0.93675,12,E
Mexico,MEX,North America,2012,2010,1.0164166666666665,12,E
Mexico,MEX,North America,2013,2010,0.6435,12,E
Mexico,MEX,North America,2014,2010,0.8990833333333333,12,E
Mexico,MEX,North America,2015,2010,1.1164166666666666,12,E
Mexico,MEX,North America,2016,2010,1.28975,12,E
Mexico,MEX,North America,2017,2010,1.4283333333333335,12,E
Mexico,MEX,North America,2018,2010,1.10175,12,E
Mexico,MEX,North America,2019,2010,1.32,12,E
Mexico,MEX,North America,2020,2020,1.54775,12,E
Mexico,MEX,North America,2021,2020,1.2593333333333334,12,E
Mexico,MEX,North America,2022,2020,1.0285833333333334,12,E
Mexico,MEX,North America,2023,2020,1.7319166666666668,12,E
Mexico,MEX,North America,2024,2020,1.8755833333333334,12,E
Mexico,MEX,North America,2025,2020,1.6918333333333333,12,E
Marshall Islands,MHL,Oceania,1991,1990,0.034,12,E
Marshall Islands,MHL,Oceania,1992,1990,0.09958333333333334,12,E
Marshall Islands,MHL,Oceania,1993,1990,-0.09916666666666667,12,E
Marshall Islands,MHL,Oceania,1994,1990,0.18675,12,E
Marshall Islands,MHL,Oceania,1995,1990,-0.006749999999999992,12,E
Marshall Islands,MHL,Oceania,1996,1990,0.08775,12,E
Marshall Islands,MHL,Oceania,1997,1990,0.16291666666666668,12,E
Marshall Islands,MHL,Oceania,1998,1990,0.16508333333333333,12,E
Marshall Islands,MHL,Oceania,1999,1990,-0.12075000000000001,12,E
Marshall Islands,MHL,Oceania,2000,2000,0.014333333333333332,12,E
Marshall Islands,MHL,Oceania,2001,2000,0.34400000000000003,12,E
Marshall Islands,MHL,Oceania,2002,2000,0.4598333333333333,12,E
Marshall Islands,MHL,Oceania,2003,2000,0.46575000000000005,12,E
Marshall Islands,MHL,Oceania,2004,2000,0.594,12,E
Marshall Islands,MHL,Oceania,2005,2000,0.588,12,E
Marshall Islands,MHL,Oceania,2006,2000,0.5405,12,E
Marshall Islands,MHL,Oceania,2007,2000,0.5284166666666666,12,E
Marshall Islands,MHL,Oceania,2008,2000,0.21416666666666664,12,E
Marshall Islands,MHL,Oceania,2009,2000,0.56075,12,E
Marshall Islands,MHL,Oceania,2010,2010,0.6383333333333333,12,E
Marshall Islands,MHL,Oceania,2011,2010,0.47508333333333336,12,E
Marshall Islands,MHL,Oceania,2012,2010,0.8956666666666667,12,E
Marshall Islands,MHL,Oceania,2013,2010,0.8345833333333333,12,E
Marshall Islands,MHL,Oceania,2014,2010,0.8929999999999999,12,E
Marshall Islands,MHL,Oceania,2015,2010,0.7995,12,E
Marshall Islands,MHL,Oceania,2016,2010,1.1268333333333334,12,E
Marshall Islands,MHL,Oceania,2017,2010,1.0239166666666666,12,E
Marshall Islands,MHL,Oceania,2018,2010,0.8305000000000001,12,E
Marshall Islands,MHL,Oceania,2019,2010,1.0175833333333333,12,E
Marshall Islands,MHL,Oceania,2020,2020,1.0933333333333333,12,E
Marshall Islands,MHL,Oceania,2021,2020,0.7905833333333333,12,E
Marshall Islands,MHL,Oceania,2022,2020,0.4875833333333333,12,E
Marshall Islands,MHL,Oceania,2023,2020,0.7361666666666666,12,E
Marshall Islands,MHL,Oceania,2024,2020,0.8649166666666667,12,E
Marshall Islands,MHL,Oceania,2025,2020,0.49899999999999994,12,E
North Macedonia,MKD,Europe,1992,1990,0.25275,12,E
North Macedonia,MKD,Europe,1993,1990,0.2986666666666667,12,E
North Macedonia,MKD,Europe,1994,1990,1.3736666666666666,12,E
North Macedonia,MKD,Europe,1995,1990,0.11258333333333331,12,E
North Macedonia,MKD,Europe,1996,1990,-0.1466666666666667,12,E
North Macedonia,MKD,Europe,1997,1990,-0.10416666666666667,12,E
North Macedonia,MKD,Europe,1998,1990,0.5461666666666667,12,E
North Macedonia,MKD,Europe,1999,1990,0.999,12,E
North Macedonia,MKD,Europe,2000,2000,1.1645,12,E
North Macedonia,MKD,Europe,2001,2000,1.055,12,E
North Macedonia,MKD,Europe,2002,2000,0.8675,12,E
North Macedonia,MKD,Europe,2003,2000,0.6762499999999999,12,E
North Macedonia,MKD,Europe,2004,2000,0.5575833333333334,12,E
North Macedonia,MKD,Europe,2005,2000,0.1335,12,E
North Macedonia,MKD,Europe,2006,2000,0.41650000000000004,12,E
North Macedonia,MKD,Europe,2007,2000,1.4718333333333333,12,E
North Macedonia,MKD,Europe,2008,2000,1.4149166666666666,12,E
North Macedonia,MKD,Europe,2009,2000,1.1365833333333333,12,E
North Macedonia,MKD,Europe,2010,2010,1.2235,12,E
North Macedonia,MKD,Europe,2011,2010,0.7288333333333333,12,E
North Macedonia,MKD,Europe,2012,2010,1.3588333333333333,12,E
North Macedonia,MKD,Europe,2013,2010,1.5165833333333332,12,E
North Macedonia,MKD,Europe,2014,2010,1.4810833333333333,12,E
North Macedonia,MKD,Europe,2015,2010,1.5361666666666665,12,E
North Macedonia,MKD,Europe,2016,2010,1.4880833333333332,12,E
North Macedonia,MKD,Europe,2017,2010,1.3403333333333334,12,E
North Macedonia,MKD,Europe,2018,2010,2.0084166666666667,12,E
North Macedonia,MKD,Europe,2019,2010,2.1315833333333334,12,E
North Macedonia,MKD,Europe,2020,2020,1.7370833333333333,12,E
North Macedonia,MKD,Europe,2021,2020,1.5476666666666665,12,E
North Macedonia,MKD,Europe,2022,2020,1.7744166666666665,12,E
North Macedonia,MKD,Europe,2023,2020,2.3586666666666667,12,E
North Macedonia,MKD,Europe,2024,2020,2.92275,12,E
North Macedonia,MKD,Europe,2025,2020,2.2423333333333333,12,E
Mali,MLI,Africa,1961,1960,-0.29424999999999996,12,E
Mali,MLI,Africa,1962,1960,-0.14291666666666666,12,E
Mali,MLI,Africa,1963,1960,0.24041666666666664,12,E
Mali,MLI,Africa,1964,1960,-0.11283333333333334,12,E
Mali,MLI,Africa,1965,1960,-0.48808333333333337,12,E
Mali,MLI,Africa,1966,1960,0.1729166666666667,12,E
Mali,MLI,Africa,1967,1960,-0.2940833333333333,12,E
Mali,MLI,Africa,1968,1960,-0.05325,12,E
Mali,MLI,Africa,1969,1960,0.6386666666666666,12,E
Mali,MLI,Africa,1970,1970,0.3661666666666667,12,E
Mali,MLI,Africa,1971,1970,0.10683333333333334,12,E
Mali,MLI,Africa,1972,1970,0.27958333333333335,12,E
Mali,MLI,Africa,1973,1970,0.42074999999999996,12,E
Mali,MLI,Africa,1974,1970,-0.39799999999999996,12,E
Mali,MLI,Africa,1975,1970,-0.28925,12,E
Mali,MLI,Africa,1976,1970,-0.4761666666666667,12,E
Mali,MLI,Africa,1977,1970,0.3385,12,E
Mali,MLI,Africa,1978,1970,0.3950833333333333,12,E
Mali,MLI,Africa,1979,1970,0.5351666666666667,12,E
Mali,MLI,Africa,1980,1980,0.9562499999999999,12,E
Mali,MLI,Africa,1981,1980,0.49466666666666664,12,E
Mali,MLI,Africa,1982,1980,0.17958333333333334,12,E
Mali,MLI,Africa,1983,1980,0.9245,12,E
Mali,MLI,Africa,1984,1980,0.58225,12,E
Mali,MLI,Africa,1985,1980,0.5589166666666667,12,E
Mali,MLI,Africa,1986,1980,0.33108333333333334,12,E
Mali,MLI,Africa,1987,1980,1.33925,12,E
Mali,MLI,Africa,1988,1980,0.5305,12,E
Mali,MLI,Africa,1989,1980,0.44766666666666666,12,E
Mali,MLI,Africa,1990,1990,0.93825,12,E
Mali,MLI,Africa,1991,1990,0.6958333333333333,12,E
Mali,MLI,Africa,1992,1990,0.3243333333333333,12,E
Mali,MLI,Africa,1993,1990,0.9825,12,E
Mali,MLI,Africa,1994,1990,0.19183333333333333,12,E
Mali,MLI,Africa,1995,1990,0.7319999999999999,12,E
Mali,MLI,Africa,1996,1990,1.2321666666666666,12,E
Mali,MLI,Africa,1997,1990,0.8522500000000001,12,E
Mali,MLI,Africa,1998,1990,1.2748333333333333,12,E
Mali,MLI,Africa,1999,1990,0.36508333333333337,12,E
Mali,MLI,Africa,2000,2000,0.7316666666666666,12,E
Mali,MLI,Africa,2001,2000,0.8039166666666667,12,E
Mali,MLI,Africa,2002,2000,1.20125,12,E
Mali,MLI,Africa,2003,2000,1.1507500000000002,12,E
Mali,MLI,Africa,2004,2000,1.4164166666666667,12,E
Mali,MLI,Africa,2005,2000,1.3955,12,E
Mali,MLI,Africa,2006,2000,0.9871666666666666,12,E
Mali,MLI,Africa,2007,2000,1.0570833333333334,12,E
Mali,MLI,Africa,2008,2000,0.6594166666666667,12,E
Mali,MLI,Africa,2009,2000,1.16,12,E
Mali,MLI,Africa,2010,2010,1.6531666666666667,12,E
Mali,MLI,Africa,2011,2010,1.1028333333333333,12,E
Mali,MLI,Africa,2012,2010,0.6248333333333334,12,E
Mali,MLI,Africa,2013,2010,1.0925,12,E
Mali,MLI,Africa,2014,2010,0.9892500000000001,12,E
Mali,MLI,Africa,2015,2010,1.0779166666666666,12,E
Mali,MLI,Africa,2016,2010,1.4666666666666668,12,E
Mali,MLI,Africa,2017,2010,1.4058333333333335,12,E
Mali,MLI,Africa,2018,2010,1.22275,12,E
Mali,MLI,Africa,2019,2010,1.31,12,E
Mali,MLI,Africa,2020,2020,1.3428333333333333,12,E
Mali,MLI,Africa,2021,2020,1.8479999999999999,12,E
Mali,MLI,Africa,2022,2020,1.0239166666666668,12,E
Mali,MLI,Africa,2023,2020,1.6629166666666668,12,E
Mali,MLI,Africa,2024,2020,1.6946666666666665,12,E
Mali,MLI,Africa,2025,2020,1.5183333333333333,12,E
Malta,MLT,Europe,1961,1960,0.5982500000000001,12,E
Malta,MLT,Europe,1962,1960,0.2334166666666667,12,E
Malta,MLT,Europe,1963,1960,0.12599999999999997,12,E
Malta,MLT,Europe,1964,1960,0.10416666666666667,12,E
Malta,MLT,Europe,1965,1960,-0.08850000000000001,12,E
Malta,MLT,Europe,1966,1960,0.008249999999999999,12,E
Malta,MLT,Europe,1967,1960,0.1728333333333333,12,E
Malta,MLT,Europe,1968,1960,0.08800000000000001,12,E
Malta,MLT,Europe,1969,1960,-0.24091666666666667,12,E
Malta,MLT,Europe,1970,1970,0.0701666666666667,12,E
Malta,MLT,Europe,1971,1970,-0.34791666666666665,12,E
Malta,MLT,Europe,1972,1970,-0.19408333333333336,12,E
Malta,MLT,Europe,1973,1970,-0.03466666666666668,12,E
Malta,MLT,Europe,1974,1970,-0.34875000000000006,12,E
Malta,MLT,Europe,1975,1970,-0.25566666666666665,12,E
Malta,MLT,Europe,1976,1970,-0.7264166666666667,12,E
Malta,MLT,Europe,1977,1970,0.279,12,E
Malta,MLT,Europe,1978,1970,-0.46891666666666665,12,E
Malta,MLT,Europe,1979,1970,-0.035833333333333335,12,E
Malta,MLT,Europe,1980,1980,-0.6656666666666666,12,E
Malta,MLT,Europe,1981,1980,-0.146,12,E
Malta,MLT,Europe,1982,1980,0.48875,12,E
Malta,MLT,Europe,1983,1980,0.031416666666666655,12,E
Malta,MLT,Europe,1984,1980,-0.18475,12,E
Malta,MLT,Europe,1985,1980,0.474,12,E
Malta,MLT,Europe,1986,1980,0.1940833333333333,12,E
Malta,MLT,Europe,1987,1980,0.6755833333333334,12,E
Malta,MLT,Europe,1988,1980,0.9003333333333333,12,E
Malta,MLT,Europe,1989,1980,0.35966666666666663,12,E
Malta,MLT,Europe,1990,1990,0.9148333333333333,12,E
Malta,MLT,Europe,1991,1990,-0.03525000000000006,12,E
Malta,MLT,Europe,1992,1990,0.4355833333333334,12,E
Malta,MLT,Europe,1993,1990,0.5238333333333333,12,E
Malta,MLT,Europe,1994,1990,1.3533333333333333,12,E
Malta,MLT,Europe,1995,1990,0.4519166666666667,12,E
Malta,MLT,Europe,1996,1990,0.49899999999999994,12,E
Malta,MLT,Europe,1997,1990,0.9083333333333333,12,E
Malta,MLT,Europe,1998,1990,0.6500833333333333,12,E
Malta,MLT,Europe,1999,1990,1.3126666666666666,12,E
Malta,MLT,Europe,2000,2000,1.0549166666666667,12,E
Malta,MLT,Europe,2001,2000,1.3359166666666666,12,E
Malta,MLT,Europe,2002,2000,1.00475,12,E
Malta,MLT,Europe,2003,2000,1.2834166666666667,12,E
Malta,MLT,Europe,2004,2000,0.74125,12,E
Malta,MLT,Europe,2005,2000,0.4828333333333333,12,E
Malta,MLT,Europe,2006,2000,1.0619166666666666,12,E
Malta,MLT,Europe,2007,2000,1.1949166666666666,12,E
Malta,MLT,Europe,2008,2000,1.2204166666666667,12,E
Malta,MLT,Europe,2009,2000,1.0367499999999998,12,E
Malta,MLT,Europe,2010,2010,1.0595833333333333,12,E
Malta,MLT,Europe,2011,2010,0.8855,12,E
Malta,MLT,Europe,2012,2010,1.3898333333333335,12,E
Malta,MLT,Europe,2013,2010,1.3151666666666666,12,E
Malta,MLT,Europe,2014,2010,1.5134166666666669,12,E
Malta,MLT,Europe,2015,2010,1.4155,12,E
Malta,MLT,Europe,2016,2010,1.6914166666666668,12,E
Malta,MLT,Europe,2017,2010,1.1464999999999999,12,E
Malta,MLT,Europe,2018,2010,1.6624999999999999,12,E
Malta,MLT,Europe,2019,2010,1.4141666666666666,12,E
Malta,MLT,Europe,2020,2020,1.6066666666666667,12,E
Malta,MLT,Europe,2021,2020,1.9951666666666668,12,E
Malta,MLT,Europe,2022,2020,2.1255,12,E
Malta,MLT,Europe,2023,2020,2.118916666666667,12,E
Malta,MLT,Europe,2024,2020,2.6465,12,E
Malta,MLT,Europe,2025,2020,2.2194166666666666,12,E
Myanmar,MMR,Asia,1961,1960,-0.09033333333333333,12,E
Myanmar,MMR,Asia,1962,1960,-0.10825,12,E
Myanmar,MMR,Asia,1963,1960,-0.1555,12,E
Myanmar,MMR,Asia,1964,1960,-0.023249999999999993,12,E
Myanmar,MMR,Asia,1965,1960,-0.17016666666666666,12,E
Myanmar,MMR,Asia,1966,1960,0.3821666666666667,12,E
Myanmar,MMR,Asia,1967,1960,-0.16874999999999998,12,E
Myanmar,MMR,Asia,1968,1960,-0.10458333333333332,12,E
Myanmar,MMR,Asia,1969,1960,0.1421666666666667,12,E
Myanmar,MMR,Asia,1970,1970,0.008000000000000002,12,E
Myanmar,MMR,Asia,1971,1970,-0.46375000000000005,12,E
Myanmar,MMR,Asia,1972,1970,0.0825,12,E
Myanmar,MMR,Asia,1973,1970,0.15108333333333332,12,E
Myanmar,MMR,Asia,1974,1970,-0.16075,12,E
Myanmar,MMR,Asia,1975,1970,-0.032833333333333346,12,E
Myanmar,MMR,Asia,1976,1970,-0.30391666666666667,12,E
Myanmar,MMR,Asia,1977,1970,-0.026083333333333337,12,E
Myanmar,MMR,Asia,1978,1970,0.09358333333333334,12,E
Myanmar,MMR,Asia,1979,1970,0.4903333333333333,12,E
Myanmar,MMR,Asia,1980,1980,0.33499999999999996,12,E
Myanmar,MMR,Asia,1981,1980,0.17308333333333334,12,E
Myanmar,MMR,Asia,1982,1980,-0.044333333333333336,12,E
Myanmar,MMR,Asia,1983,1980,0.16291666666666668,12,E
Myanmar,MMR,Asia,1984,1980,0.16733333333333333,12,E
Myanmar,MMR,Asia,1985,1980,0.12116666666666666,12,E
Myanmar,MMR,Asia,1986,1980,0.08750000000000001,12,E
Myanmar,MMR,Asia,1987,1980,0.46316666666666667,12,E
Myanmar,MMR,Asia,1988,1980,0.44766666666666666,12,E
Myanmar,MMR,Asia,1989,1980,0.21724999999999997,12,E
Myanmar,MMR,Asia,1990,1990,0.25458333333333333,12,E
Myanmar,MMR,Asia,1991,1990,0.5317500000000001,12,E
Myanmar,MMR,Asia,1992,1990,-0.01074999999999999,12,E
Myanmar,MMR,Asia,1993,1990,0.24625,12,E
Myanmar,MMR,Asia,1994,1990,0.42175,12,E
Myanmar,MMR,Asia,1995,1990,0.5269166666666667,12,E
Myanmar,MMR,Asia,1996,1990,0.451,12,E
Myanmar,MMR,Asia,1997,1990,0.26075000000000004,12,E
Myanmar,MMR,Asia,1998,1990,1.141,12,E
Myanmar,MMR,Asia,1999,1990,0.633,12,E
Myanmar,MMR,Asia,2000,2000,0.2634166666666667,12,E
Myanmar,MMR,Asia,2001,2000,0.6125833333333334,12,E
Myanmar,MMR,Asia,2002,2000,0.6431666666666667,12,E
Myanmar,MMR,Asia,2003,2000,0.5882499999999999,12,E
Myanmar,MMR,Asia,2004,2000,0.5009166666666667,12,E
Myanmar,MMR,Asia,2005,2000,0.9897499999999999,12,E
Myanmar,MMR,Asia,2006,2000,0.7313333333333333,12,E
Myanmar,MMR,Asia,2007,2000,0.5183333333333334,12,E
Myanmar,MMR,Asia,2008,2000,0.46175000000000005,12,E
Myanmar,MMR,Asia,2009,2000,0.9451666666666667,12,E
Myanmar,MMR,Asia,2010,2010,1.2590000000000001,12,E
Myanmar,MMR,Asia,2011,2010,0.5228333333333334,12,E
Myanmar,MMR,Asia,2012,2010,0.9645833333333332,12,E
Myanmar,MMR,Asia,2013,2010,0.8665833333333333,12,E
Myanmar,MMR,Asia,2014,2010,0.9448333333333334,12,E
Myanmar,MMR,Asia,2015,2010,1.21125,12,E
Myanmar,MMR,Asia,2016,2010,1.4319166666666667,12,E
Myanmar,MMR,Asia,2017,2010,1.3465,12,E
Myanmar,MMR,Asia,2018,2010,1.1483333333333332,12,E
Myanmar,MMR,Asia,2019,2010,1.6824166666666667,12,E
Myanmar,MMR,Asia,2020,2020,1.638,12,E
Myanmar,MMR,Asia,2021,2020,1.64225,12,E
Myanmar,MMR,Asia,2022,2020,1.43525,12,E
Myanmar,MMR,Asia,2023,2020,1.8415,12,E
Myanmar,MMR,Asia,2024,2020,1.95075,12,E
Myanmar,MMR,Asia,2025,2020,1.40475,12,E
Montenegro,MNE,Europe,2006,2000,0.5715,12,E
Montenegro,MNE,Europe,2007,2000,1.5448333333333333,12,E
Montenegro,MNE,Europe,2008,2000,1.5175833333333333,12,E
Montenegro,MNE,Europe,2009,2000,1.288,12,E
Montenegro,MNE,Europe,2010,2010,1.07725,12,E
Montenegro,MNE,Europe,2011,2010,1.0670833333333334,12,E
Montenegro,MNE,Europe,2012,2010,1.4635833333333332,12,E
Montenegro,MNE,Europe,2013,2010,1.5705833333333334,12,E
Montenegro,MNE,Europe,2014,2010,1.6498333333333333,12,E
Montenegro,MNE,Europe,2015,2010,1.7108333333333334,12,E
Montenegro,MNE,Europe,2016,2010,1.4436666666666669,12,E
Montenegro,MNE,Europe,2017,2010,1.4135,12,E
Montenegro,MNE,Europe,2018,2010,2.1961666666666666,12,E
Montenegro,MNE,Europe,2019,2010,2.0303333333333335,12,E
Montenegro,MNE,Europe,2020,2020,1.7611666666666668,12,E
Montenegro,MNE,Europe,2021,2020,1.4238333333333333,12,E
Montenegro,MNE,Europe,2022,2020,2.0735,12,E
Montenegro,MNE,Europe,2023,2020,2.2745,12,E
Montenegro,MNE,Europe,2024,2020,3.0765833333333337,12,E
Montenegro,MNE,Europe,2025,2020,2.0943333333333336,12,E
Mongolia,MNG,Asia,1961,1960,0.242,12,E
Mongolia,MNG,Asia,1962,1960,0.2845,12,E
Mongolia,MNG,Asia,1963,1960,0.9749166666666667,12,E
Mongolia,MNG,Asia,1964,1960,-0.25125,12,E
Mongolia,MNG,Asia,1965,1960,0.7180833333333334,12,E
Mongolia,MNG,Asia,1966,1960,-0.0034166666666666976,12,E
Mongolia,MNG,Asia,1967,1960,-0.3308333333333333,12,E
Mongolia,MNG,Asia,1968,1960,-0.43850000000000006,12,E
Mongolia,MNG,Asia,1969,1960,-0.9789166666666667,12,E
Mongolia,MNG,Asia,1970,1970,-0.37658333333333327,12,E
Mongolia,MNG,Asia,1971,1970,0.07016666666666665,12,E
Mongolia,MNG,Asia,1972,1970,0.33758333333333335,12,E
Mongolia,MNG,Asia,1973,1970,0.835,12,E
Mongolia,MNG,Asia,1974,1970,-0.28883333333333333,12,E
Mongolia,MNG,Asia,1975,1970,0.6440833333333332,12,E
Mongolia,MNG,Asia,1976,1970,-0.20166666666666666,12,E
Mongolia,MNG,Asia,1977,1970,0.37125,12,E
Mongolia,MNG,Asia,1978,1970,0.8641666666666667,12,E
Mongolia,MNG,Asia,1979,1970,1.003,12,E
Mongolia,MNG,Asia,1980,1980,0.35424999999999995,12,E
Mongolia,MNG,Asia,1981,1980,0.22250000000000003,12,E
Mongolia,MNG,Asia,1982,1980,1.2005000000000001,12,E
Mongolia,MNG,Asia,1983,1980,0.6564166666666666,12,E
Mongolia,MNG,Asia,1984,1980,-0.6868333333333333,12,E
Mongolia,MNG,Asia,1985,1980,-0.26433333333333336,12,E
Mongolia,MNG,Asia,1986,1980,0.4940833333333334,12,E
Mongolia,MNG,Asia,1987,1980,0.41358333333333336,12,E
Mongolia,MNG,Asia,1988,1980,0.6568333333333334,12,E
Mongolia,MNG,Asia,1989,1980,1.45075,12,E
Mongolia,MNG,Asia,1990,1990,1.4566666666666668,12,E
Mongolia,MNG,Asia,1991,1990,0.8963333333333333,12,E
Mongolia,MNG,Asia,1992,1990,0.896,12,E
Mongolia,MNG,Asia,1993,1990,0.3944166666666667,12,E
Mongolia,MNG,Asia,1994,1990,1.3625833333333333,12,E
Mongolia,MNG,Asia,1995,1990,1.4125833333333333,12,E
Mongolia,MNG,Asia,1996,1990,0.5229166666666667,12,E
Mongolia,MNG,Asia,1997,1990,1.8810833333333334,12,E
Mongolia,MNG,Asia,1998,1990,2.2083333333333335,12,E
Mongolia,MNG,Asia,1999,1990,1.7641666666666669,12,E
Mongolia,MNG,Asia,2000,2000,0.8579166666666665,12,E
Mongolia,MNG,Asia,2001,2000,1.41875,12,E
Mongolia,MNG,Asia,2002,2000,1.8071666666666666,12,E
Mongolia,MNG,Asia,2003,2000,0.7371666666666666,12,E
Mongolia,MNG,Asia,2004,2000,1.8788333333333336,12,E
Mongolia,MNG,Asia,2005,2000,0.662,12,E
Mongolia,MNG,Asia,2006,2000,1.5958333333333332,12,E
Mongolia,MNG,Asia,2007,2000,2.718666666666667,12,E
Mongolia,MNG,Asia,2008,2000,1.7634166666666669,12,E
Mongolia,MNG,Asia,2009,2000,1.16275,12,E
Mongolia,MNG,Asia,2010,2010,0.4779166666666667,12,E
Mongolia,MNG,Asia,2011,2010,0.6455833333333333,12,E
Mongolia,MNG,Asia,2012,2010,0.11516666666666664,12,E
Mongolia,MNG,Asia,2013,2010,1.5236666666666665,12,E
Mongolia,MNG,Asia,2014,2010,1.7382499999999999,12,E
Mongolia,MNG,Asia,2015,2010,2.2665,12,E
Mongolia,MNG,Asia,2016,2010,1.4728333333333332,12,E
Mongolia,MNG,Asia,2017,2010,2.50725,12,E
Mongolia,MNG,Asia,2018,2010,1.8788333333333334,12,E
Mongolia,MNG,Asia,2019,2010,2.1296666666666666,12,E
Mongolia,MNG,Asia,2020,2020,2.0658333333333334,12,E
Mongolia,MNG,Asia,2021,2020,2.5201666666666664,12,E
Mongolia,MNG,Asia,2022,2020,1.7964166666666666,12,E
Mongolia,MNG,Asia,2023,2020,2.2993333333333337,12,E
Mongolia,MNG,Asia,2024,2020,2.7383333333333333,12,E
Mongolia,MNG,Asia,2025,2020,2.3831666666666664,12,E
Mozambique,MOZ,Africa,1961,1960,0.2729166666666667,12,E
Mozambique,MOZ,Africa,1962,1960,0.07358333333333333,12,E
Mozambique,MOZ,Africa,1963,1960,-0.4114166666666667,12,E
Mozambique,MOZ,Africa,1964,1960,-0.23566666666666666,12,E
Mozambique,MOZ,Africa,1965,1960,-0.48258333333333336,12,E
Mozambique,MOZ,Africa,1966,1960,0.17858333333333332,12,E
Mozambique,MOZ,Africa,1967,1960,0.04516666666666666,12,E
Mozambique,MOZ,Africa,1968,1960,-0.31866666666666665,12,E
Mozambique,MOZ,Africa,1969,1960,0.29491666666666666,12,E
Mozambique,MOZ,Africa,1970,1970,0.2655,12,E
Mozambique,MOZ,Africa,1971,1970,-0.11391666666666667,12,E
Mozambique,MOZ,Africa,1972,1970,-0.09166666666666667,12,E
Mozambique,MOZ,Africa,1973,1970,0.13891666666666666,12,E
Mozambique,MOZ,Africa,1974,1970,-0.2694166666666667,12,E
Mozambique,MOZ,Africa,1975,1970,-0.11141666666666665,12,E
Mozambique,MOZ,Africa,1976,1970,-0.06333333333333331,12,E
Mozambique,MOZ,Africa,1977,1970,0.47291666666666665,12,E
Mozambique,MOZ,Africa,1978,1970,0.23224999999999998,12,E
Mozambique,MOZ,Africa,1979,1970,0.137,12,E
Mozambique,MOZ,Africa,1980,1980,0.079,12,E
Mozambique,MOZ,Africa,1981,1980,-0.27241666666666664,12,E
Mozambique,MOZ,Africa,1982,1980,-0.0038333333333333184,12,E
Mozambique,MOZ,Africa,1983,1980,0.7844166666666667,12,E
Mozambique,MOZ,Africa,1984,1980,0.13599999999999998,12,E
Mozambique,MOZ,Africa,1985,1980,-0.04775000000000001,12,E
Mozambique,MOZ,Africa,1986,1980,0.08725,12,E
Mozambique,MOZ,Africa,1987,1980,0.7388333333333333,12,E
Mozambique,MOZ,Africa,1988,1980,0.41324999999999995,12,E
Mozambique,MOZ,Africa,1989,1980,0.15316666666666667,12,E
Mozambique,MOZ,Africa,1990,1990,0.4028333333333333,12,E
Mozambique,MOZ,Africa,1991,1990,0.2915,12,E
Mozambique,MOZ,Africa,1992,1990,0.8801666666666667,12,E
Mozambique,MOZ,Africa,1993,1990,0.3140833333333333,12,E
Mozambique,MOZ,Africa,1994,1990,0.07325,12,E
Mozambique,MOZ,Africa,1995,1990,0.5623333333333334,12,E
Mozambique,MOZ,Africa,1996,1990,0.1975,12,E
Mozambique,MOZ,Africa,1997,1990,0.274,12,E
Mozambique,MOZ,Africa,1998,1990,0.9624166666666666,12,E
Mozambique,MOZ,Africa,1999,1990,0.38116666666666665,12,E
Mozambique,MOZ,Africa,2000,2000,0.3460833333333333,12,E
Mozambique,MOZ,Africa,2001,2000,0.5430833333333334,12,E
Mozambique,MOZ,Africa,2002,2000,0.5952500000000001,12,E
Mozambique,MOZ,Africa,2003,2000,0.6687500000000001,12,E
Mozambique,MOZ,Africa,2004,2000,0.295,12,E
Mozambique,MOZ,Africa,2005,2000,1.0305,12,E
Mozambique,MOZ,Africa,2006,2000,0.5503333333333333,12,E
Mozambique,MOZ,Africa,2007,2000,0.5635833333333333,12,E
Mozambique,MOZ,Africa,2008,2000,0.30183333333333334,12,E
Mozambique,MOZ,Africa,2009,2000,0.5151666666666667,12,E
Mozambique,MOZ,Africa,2010,2010,0.9378333333333334,12,E
Mozambique,MOZ,Africa,2011,2010,0.715,12,E
Mozambique,MOZ,Africa,2012,2010,0.6996666666666668,12,E
Mozambique,MOZ,Africa,2013,2010,0.4190833333333333,12,E
Mozambique,MOZ,Africa,2014,2010,0.6713333333333332,12,E
Mozambique,MOZ,Africa,2015,2010,1.0338333333333332,12,E
Mozambique,MOZ,Africa,2016,2010,1.0442500000000001,12,E
Mozambique,MOZ,Africa,2017,2010,0.68975,12,E
Mozambique,MOZ,Africa,2018,2010,0.7432500000000001,12,E
Mozambique,MOZ,Africa,2019,2010,1.0939166666666666,12,E
Mozambique,MOZ,Africa,2020,2020,0.868,12,E
Mozambique,MOZ,Africa,2021,2020,0.8093333333333333,12,E
Mozambique,MOZ,Africa,2022,2020,0.7396666666666666,12,E
Mozambique,MOZ,Africa,2023,2020,1.1479166666666667,12,E
Mozambique,MOZ,Africa,2024,2020,1.3894166666666667,12,E
Mozambique,MOZ,Africa,2025,2020,1.042,12,E
Mauritania,MRT,Africa,1961,1960,0.21016666666666664,12,E
Mauritania,MRT,Africa,1962,1960,0.09749999999999999,12,E
Mauritania,MRT,Africa,1963,1960,0.06249999999999998,12,E
Mauritania,MRT,Africa,1964,1960,0.10841666666666668,12,E
Mauritania,MRT,Africa,1965,1960,-0.55525,12,E
Mauritania,MRT,Africa,1966,1960,0.23916666666666664,12,E
Mauritania,MRT,Africa,1967,1960,-0.4526666666666667,12,E
Mauritania,MRT,Africa,1968,1960,-0.19033333333333333,12,E
Mauritania,MRT,Africa,1969,1960,0.4839166666666667,12,E
Mauritania,MRT,Africa,1970,1970,0.6465833333333334,12,E
Mauritania,MRT,Africa,1971,1970,-0.35775,12,E
Mauritania,MRT,Africa,1972,1970,-0.21250000000000002,12,E
Mauritania,MRT,Africa,1973,1970,0.32858333333333334,12,E
Mauritania,MRT,Africa,1974,1970,-0.5520833333333334,12,E
Mauritania,MRT,Africa,1975,1970,-0.22641666666666663,12,E
Mauritania,MRT,Africa,1976,1970,-0.77325,12,E
Mauritania,MRT,Africa,1977,1970,0.7717499999999999,12,E
Mauritania,MRT,Africa,1978,1970,0.44483333333333336,12,E
Mauritania,MRT,Africa,1979,1970,0.9325,12,E
Mauritania,MRT,Africa,1980,1980,0.775,12,E
Mauritania,MRT,Africa,1981,1980,1.03075,12,E
Mauritania,MRT,Africa,1982,1980,0.33299999999999996,12,E
Mauritania,MRT,Africa,1983,1980,1.6925000000000001,12,E
Mauritania,MRT,Africa,1984,1980,0.4875,12,E
Mauritania,MRT,Africa,1985,1980,0.5384166666666667,12,E
Mauritania,MRT,Africa,1986,1980,0.23366666666666666,12,E
Mauritania,MRT,Africa,1987,1980,1.688583333333333,12,E
Mauritania,MRT,Africa,1988,1980,0.6350833333333333,12,E
Mauritania,MRT,Africa,1989,1980,0.93925,12,E
Mauritania,MRT,Africa,1990,1990,1.2308333333333332,12,E
Mauritania,MRT,Africa,1991,1990,0.9322499999999999,12,E
Mauritania,MRT,Africa,1992,1990,0.7740833333333333,12,E
Mauritania,MRT,Africa,1993,1990,0.8288333333333333,12,E
Mauritania,MRT,Africa,1994,1990,0.7018333333333334,12,E
Mauritania,MRT,Africa,1995,1990,1.1116666666666666,12,E
Mauritania,MRT,Africa,1996,1990,1.5390833333333334,12,E
Mauritania,MRT,Africa,1997,1990,1.1504999999999999,12,E
Mauritania,MRT,Africa,1998,1990,1.6260000000000001,12,E
Mauritania,MRT,Africa,1999,1990,0.48900000000000005,12,E
Mauritania,MRT,Africa,2000,2000,1.16325,12,E
Mauritania,MRT,Africa,2001,2000,1.4226666666666665,12,E
Mauritania,MRT,Africa,2002,2000,1.179,12,E
Mauritania,MRT,Africa,2003,2000,1.18125,12,E
Mauritania,MRT,Africa,2004,2000,1.4065,12,E
Mauritania,MRT,Africa,2005,2000,1.4244166666666667,12,E
Mauritania,MRT,Africa,2006,2000,1.1406666666666667,12,E
Mauritania,MRT,Africa,2007,2000,0.997,12,E
Mauritania,MRT,Africa,2008,2000,1.1929166666666666,12,E
Mauritania,MRT,Africa,2009,2000,1.0678333333333334,12,E
Mauritania,MRT,Africa,2010,2010,1.9079166666666667,12,E
Mauritania,MRT,Africa,2011,2010,1.4024166666666666,12,E
Mauritania,MRT,Africa,2012,2010,0.8235833333333332,12,E
Mauritania,MRT,Africa,2013,2010,1.5110833333333333,12,E
Mauritania,MRT,Africa,2014,2010,1.27425,12,E
Mauritania,MRT,Africa,2015,2010,1.3878333333333333,12,E
Mauritania,MRT,Africa,2016,2010,1.7285833333333331,12,E
Mauritania,MRT,Africa,2017,2010,1.8805833333333333,12,E
Mauritania,MRT,Africa,2018,2010,1.26075,12,E
Mauritania,MRT,Africa,2019,2010,1.5305833333333334,12,E
Mauritania,MRT,Africa,2020,2020,1.99725,12,E
Mauritania,MRT,Africa,2021,2020,1.9843333333333335,12,E
Mauritania,MRT,Africa,2022,2020,1.7588333333333335,12,E
Mauritania,MRT,Africa,2023,2020,2.1068333333333333,12,E
Mauritania,MRT,Africa,2024,2020,2.231666666666667,12,E
Mauritania,MRT,Africa,2025,2020,1.75575,12,E
Montserrat,MSR,North America,1961,1960,-0.012666666666666666,12,E
Montserrat,MSR,North America,1962,1960,-0.12141666666666666,12,E
Montserrat,MSR,North America,1963,1960,0.17141666666666666,12,E
Montserrat,MSR,North America,1964,1960,-0.08141666666666668,12,E
Montserrat,MSR,North America,1965,1960,-0.33341666666666664,12,E
Montserrat,MSR,North America,1966,1960,-0.0057500000000000025,12,E
Montserrat,MSR,North America,1967,1960,-0.27308333333333334,12,E
Montserrat,MSR,North America,1968,1960,-0.19458333333333333,12,E
Montserrat,MSR,North America,1969,1960,0.2791666666666667,12,E
Montserrat,MSR,North America,1970,1970,0.11091666666666666,12,E
Montserrat,MSR,North America,1971,1970,-0.32208333333333333,12,E
Montserrat,MSR,North America,1972,1970,-0.15766666666666668,12,E
Montserrat,MSR,North America,1973,1970,0.09316666666666666,12,E
Montserrat,MSR,North America,1974,1970,-0.3669166666666666,12,E
Montserrat,MSR,North America,1975,1970,-0.429,12,E
Montserrat,MSR,North America,1976,1970,-0.36833333333333335,12,E
Montserrat,MSR,North America,1977,1970,0.20066666666666666,12,E
Montserrat,MSR,North America,1978,1970,0.17066666666666666,12,E
Montserrat,MSR,North America,1979,1970,0.15375,12,E
Montserrat,MSR,North America,1980,1980,0.664,12,E
Montserrat,MSR,North America,1981,1980,0.6148333333333333,12,E
Montserrat,MSR,North America,1982,1980,0.09725,12,E
Montserrat,MSR,North America,1983,1980,0.5593333333333333,12,E
Montserrat,MSR,North America,1984,1980,-0.019916666666666673,12,E
Montserrat,MSR,North America,1985,1980,-0.009833333333333333,12,E
Montserrat,MSR,North America,1986,1980,-0.020416666666666666,12,E
Montserrat,MSR,North America,1987,1980,0.719,12,E
Montserrat,MSR,North America,1988,1980,0.26475,12,E
Montserrat,MSR,North America,1989,1980,0.002583333333333345,12,E
Montserrat,MSR,North America,1990,1990,0.3645,12,E
Montserrat,MSR,North America,1991,1990,0.42533333333333334,12,E
Montserrat,MSR,North America,1992,1990,0.5395,12,E
Montserrat,MSR,North America,1993,1990,0.54425,12,E
Montserrat,MSR,North America,1994,1990,0.45983333333333337,12,E
Montserrat,MSR,North America,1995,1990,0.7026666666666667,12,E
Montserrat,MSR,North America,1996,1990,0.311,12,E
Montserrat,MSR,North America,1997,1990,0.6967500000000001,12,E
Montserrat,MSR,North America,1998,1990,1.0666666666666667,12,E
Montserrat,MSR,North America,1999,1990,0.5315,12,E
Montserrat,MSR,North America,2000,2000,0.3319166666666667,12,E
Montserrat,MSR,North America,2001,2000,,1,
Montserrat,MSR,North America,2002,2000,0.6484166666666666,12,E
Montserrat,MSR,North America,2003,2000,0.8529166666666667,12,E
Montserrat,MSR,North America,2004,2000,0.5400833333333334,12,E
Montserrat,MSR,North America,2005,2000,0.8889999999999999,12,E
Montserrat,MSR,North America,2006,2000,0.6129166666666667,12,E
Montserrat,MSR,North America,2007,2000,0.7759166666666667,12,E
Montserrat,MSR,North America,2008,2000,0.18941666666666668,12,E
Montserrat,MSR,North America,2009,2000,0.48124999999999996,12,E
Montserrat,MSR,North America,2010,2010,1.0469166666666667,12,E
Montserrat,MSR,North America,2011,2010,0.45366666666666666,12,E
Montserrat,MSR,North America,2012,2010,0.5734166666666667,12,E
Montserrat,MSR,North America,2013,2010,0.658,12,E
Montserrat,MSR,North America,2014,2010,0.5663333333333334,12,E
Montserrat,MSR,North America,2015,2010,0.9483333333333334,12,E
Montserrat,MSR,North America,2016,2010,0.9173333333333332,12,E
Montserrat,MSR,North America,2017,2010,0.7825000000000001,12,E
Montserrat,MSR,North America,2018,2010,0.5045833333333333,12,E
Montserrat,MSR,North America,2019,2010,0.9085833333333334,12,E
Montserrat,MSR,North America,2020,2020,1.0455833333333333,12,E
Montserrat,MSR,North America,2021,2020,0.8984166666666668,12,E
Montserrat,MSR,North America,2022,2020,0.6974166666666667,12,E
Montserrat,MSR,North America,2023,2020,1.1509166666666666,12,E
Montserrat,MSR,North America,2024,2020,,11,
Montserrat,MSR,North America,2025,2020,1.127,12,E
Martinique,MTQ,North America,1961,1960,0.03291666666666667,12,E
Martinique,MTQ,North America,1962,1960,0.024249999999999997,12,E
Martinique,MTQ,North America,1963,1960,0.15158333333333332,12,E
Martinique,MTQ,North America,1964,1960,-0.21433333333333335,12,E
Martinique,MTQ,North America,1965,1960,-0.22533333333333336,12,E
Martinique,MTQ,North America,1966,1960,-0.03708333333333333,12,E
Martinique,MTQ,North America,1967,1960,-0.36916666666666664,12,E
Martinique,MTQ,North America,1968,1960,-0.24808333333333335,12,E
Martinique,MTQ,North America,1969,1960,0.38575,12,E
Martinique,MTQ,North America,1970,1970,0.051999999999999984,12,E
Martinique,MTQ,North America,1971,1970,-0.3625,12,E
Martinique,MTQ,North America,1972,1970,-0.09283333333333332,12,E
Martinique,MTQ,North America,1973,1970,0.08208333333333331,12,E
Martinique,MTQ,North America,1974,1970,-0.3591666666666667,12,E
Martinique,MTQ,North America,1975,1970,-0.38675,12,E
Martinique,MTQ,North America,1976,1970,-0.34991666666666665,12,E
Martinique,MTQ,North America,1977,1970,0.08933333333333333,12,E
Martinique,MTQ,North America,1978,1970,0.125,12,E
Martinique,MTQ,North America,1979,1970,0.19225,12,E
Martinique,MTQ,North America,1980,1980,0.42891666666666667,12,E
Martinique,MTQ,North America,1981,1980,0.45125,12,E
Martinique,MTQ,North America,1982,1980,0.018083333333333337,12,E
Martinique,MTQ,North America,1983,1980,0.49625,12,E
Martinique,MTQ,North America,1984,1980,-0.04466666666666666,12,E
Martinique,MTQ,North America,1985,1980,-0.00991666666666668,12,E
Martinique,MTQ,North America,1986,1980,0.03508333333333334,12,E
Martinique,MTQ,North America,1987,1980,0.6871666666666666,12,E
Martinique,MTQ,North America,1988,1980,0.3195,12,E
Martinique,MTQ,North America,1989,1980,0.07091666666666664,12,E
Martinique,MTQ,North America,1990,1990,0.5121666666666667,12,E
Martinique,MTQ,North America,1991,1990,0.3988333333333333,12,E
Martinique,MTQ,North America,1992,1990,0.44883333333333336,12,E
Martinique,MTQ,North America,1993,1990,0.5704166666666667,12,E
Martinique,MTQ,North America,1994,1990,0.5736666666666667,12,E
Martinique,MTQ,North America,1995,1990,0.7678333333333334,12,E
Martinique,MTQ,North America,1996,1990,0.41450000000000004,12,E
Martinique,MTQ,North America,1997,1990,0.7758333333333334,12,E
Martinique,MTQ,North America,1998,1990,1.1215833333333334,12,E
Martinique,MTQ,North America,1999,1990,0.48666666666666664,12,E
Martinique,MTQ,North America,2000,2000,0.35158333333333336,12,E
Martinique,MTQ,North America,2001,2000,0.779,12,E
Martinique,MTQ,North America,2002,2000,0.7450833333333334,12,E
Martinique,MTQ,North America,2003,2000,0.7605,12,E
Martinique,MTQ,North America,2004,2000,0.48241666666666666,12,E
Martinique,MTQ,North America,2005,2000,0.8685,12,E
Martinique,MTQ,North America,2006,2000,0.7165,12,E
Martinique,MTQ,North America,2007,2000,0.7329166666666667,12,E
Martinique,MTQ,North America,2008,2000,0.2833333333333333,12,E
Martinique,MTQ,North America,2009,2000,0.598,12,E
Martinique,MTQ,North America,2010,2010,1.1019166666666667,12,E
Martinique,MTQ,North America,2011,2010,0.47725,12,E
Martinique,MTQ,North America,2012,2010,0.6786666666666666,12,E
Martinique,MTQ,North America,2013,2010,0.7025833333333334,12,E
Martinique,MTQ,North America,2014,2010,0.6216666666666667,12,E
Martinique,MTQ,North America,2015,2010,0.9468333333333333,12,E
Martinique,MTQ,North America,2016,2010,1.0129166666666667,12,E
Martinique,MTQ,North America,2017,2010,0.7831666666666667,12,E
Martinique,MTQ,North America,2018,2010,0.6169166666666667,12,E
Martinique,MTQ,North America,2019,2010,0.90275,12,E
Martinique,MTQ,North America,2020,2020,1.0046666666666668,12,E
Martinique,MTQ,North America,2021,2020,0.8803333333333333,12,E
Martinique,MTQ,North America,2022,2020,0.6825833333333334,12,E
Martinique,MTQ,North America,2023,2020,1.0485833333333334,12,E
Martinique,MTQ,North America,2024,2020,,11,
Martinique,MTQ,North America,2025,2020,1.1552499999999999,12,E
Mauritius,MUS,Africa,1961,1960,0.39975,12,E
Mauritius,MUS,Africa,1962,1960,-0.09466666666666668,12,E
Mauritius,MUS,Africa,1963,1960,-0.18066666666666667,12,E
Mauritius,MUS,Africa,1964,1960,-0.2336666666666667,12,E
Mauritius,MUS,Africa,1965,1960,-0.24716666666666667,12,E
Mauritius,MUS,Africa,1966,1960,0.06758333333333333,12,E
Mauritius,MUS,Africa,1967,1960,0.15075,12,E
Mauritius,MUS,Africa,1968,1960,-0.33075000000000004,12,E
Mauritius,MUS,Africa,1969,1960,0.33041666666666664,12,E
Mauritius,MUS,Africa,1970,1970,0.1345,12,E
Mauritius,MUS,Africa,1971,1970,-0.37041666666666667,12,E
Mauritius,MUS,Africa,1972,1970,0.21324999999999997,12,E
Mauritius,MUS,Africa,1973,1970,-0.15983333333333333,12,E
Mauritius,MUS,Africa,1974,1970,-0.64225,12,E
Mauritius,MUS,Africa,1975,1970,-0.09825,12,E
Mauritius,MUS,Africa,1976,1970,0.19083333333333333,12,E
Mauritius,MUS,Africa,1977,1970,0.5825,12,E
Mauritius,MUS,Africa,1978,1970,0.42691666666666667,12,E
Mauritius,MUS,Africa,1979,1970,0.5404166666666667,12,E
Mauritius,MUS,Africa,1980,1980,0.3865,12,E
Mauritius,MUS,Africa,1981,1980,0.3095833333333333,12,E
Mauritius,MUS,Africa,1982,1980,0.36825,12,E
Mauritius,MUS,Africa,1983,1980,0.28825,12,E
Mauritius,MUS,Africa,1984,1980,-0.39033333333333337,12,E
Mauritius,MUS,Africa,1985,1980,-0.05683333333333334,12,E
Mauritius,MUS,Africa,1986,1980,0.1855,12,E
Mauritius,MUS,Africa,1987,1980,0.6378333333333334,12,E
Mauritius,MUS,Africa,1988,1980,0.45799999999999996,12,E
Mauritius,MUS,Africa,1989,1980,0.062,12,E
Mauritius,MUS,Africa,1990,1990,0.22566666666666668,12,E
Mauritius,MUS,Africa,1991,1990,0.45616666666666666,12,E
Mauritius,MUS,Africa,1992,1990,0.09349999999999999,12,E
Mauritius,MUS,Africa,1993,1990,0.1719166666666667,12,E
Mauritius,MUS,Africa,1994,1990,0.5207499999999999,12,E
Mauritius,MUS,Africa,1995,1990,0.43375,12,E
Mauritius,MUS,Africa,1996,1990,0.13241666666666665,12,E
Mauritius,MUS,Africa,1997,1990,0.7285,12,E
Mauritius,MUS,Africa,1998,1990,0.8084166666666667,12,E
Mauritius,MUS,Africa,1999,1990,0.30691666666666667,12,E
Mauritius,MUS,Africa,2000,2000,0.23174999999999998,12,E
Mauritius,MUS,Africa,2001,2000,0.5859166666666666,12,E
Mauritius,MUS,Africa,2002,2000,0.5383333333333333,12,E
Mauritius,MUS,Africa,2003,2000,0.7240833333333333,12,E
Mauritius,MUS,Africa,2004,2000,0.31883333333333336,12,E
Mauritius,MUS,Africa,2005,2000,0.4134166666666667,12,E
Mauritius,MUS,Africa,2006,2000,0.30741666666666667,12,E
Mauritius,MUS,Africa,2007,2000,0.5103333333333333,12,E
Mauritius,MUS,Africa,2008,2000,0.40425,12,E
Mauritius,MUS,Africa,2009,2000,0.8195,12,E
Mauritius,MUS,Africa,2010,2010,0.9006666666666666,12,E
Mauritius,MUS,Africa,2011,2010,0.8316666666666667,12,E
Mauritius,MUS,Africa,2012,2010,0.5810000000000001,12,E
Mauritius,MUS,Africa,2013,2010,0.6838333333333333,12,E
Mauritius,MUS,Africa,2014,2010,0.7805,12,E
Mauritius,MUS,Africa,2015,2010,1.09575,12,E
Mauritius,MUS,Africa,2016,2010,0.8421666666666666,12,E
Mauritius,MUS,Africa,2017,2010,1.13875,12,E
Mauritius,MUS,Africa,2018,2010,0.9566666666666667,12,E
Mauritius,MUS,Africa,2019,2010,1.3651666666666669,12,E
Mauritius,MUS,Africa,2020,2020,1.1074166666666667,12,E
Mauritius,MUS,Africa,2021,2020,1.04675,12,E
Mauritius,MUS,Africa,2022,2020,0.5491666666666667,12,E
Mauritius,MUS,Africa,2023,2020,1.65575,12,E
Mauritius,MUS,Africa,2024,2020,1.3003333333333333,12,E
Mauritius,MUS,Africa,2025,2020,1.109,12,E
Malawi,MWI,Africa,1961,1960,0.16349999999999998,12,E
Malawi,MWI,Africa,1962,1960,-0.10216666666666667,12,E
Malawi,MWI,Africa,1963,1960,-0.4151666666666667,12,E
Malawi,MWI,Africa,1964,1960,-0.26775,12,E
Malawi,MWI,Africa,1965,1960,-0.4950833333333333,12,E
Malawi,MWI,Africa,1966,1960,0.1855,12,E
Malawi,MWI,Africa,1967,1960,0.030833333333333324,12,E
Malawi,MWI,Africa,1968,1960,-0.23199999999999998,12,E
Malawi,MWI,Africa,1969,1960,0.30624999999999997,12,E
Malawi,MWI,Africa,1970,1970,0.09625,12,E
Malawi,MWI,Africa,1971,1970,-0.163,12,E
Malawi,MWI,Africa,1972,1970,0.13675,12,E
Malawi,MWI,Africa,1973,1970,0.26658333333333334,12,E
Malawi,MWI,Africa,1974,1970,-0.32666666666666666,12,E
Malawi,MWI,Africa,1975,1970,-0.10658333333333335,12,E
Malawi,MWI,Africa,1976,1970,-0.020166666666666676,12,E
Malawi,MWI,Africa,1977,1970,0.47208333333333335,12,E
Malawi,MWI,Africa,1978,1970,0.18999999999999997,12,E
Malawi,MWI,Africa,1979,1970,0.13191666666666665,12,E
Malawi,MWI,Africa,1980,1980,0.19241666666666665,12,E
Malawi,MWI,Africa,1981,1980,-0.18408333333333335,12,E
Malawi,MWI,Africa,1982,1980,0.003333333333333329,12,E
Malawi,MWI,Africa,1983,1980,0.8605833333333334,12,E
Malawi,MWI,Africa,1984,1980,0.21075,12,E
Malawi,MWI,Africa,1985,1980,0.010833333333333339,12,E
Malawi,MWI,Africa,1986,1980,0.1495,12,E
Malawi,MWI,Africa,1987,1980,0.76925,12,E
Malawi,MWI,Africa,1988,1980,0.65825,12,E
Malawi,MWI,Africa,1989,1980,0.2559166666666667,12,E
Malawi,MWI,Africa,1990,1990,0.7518333333333334,12,E
Malawi,MWI,Africa,1991,1990,0.22424999999999998,12,E
Malawi,MWI,Africa,1992,1990,0.6909166666666667,12,E
Malawi,MWI,Africa,1993,1990,0.16708333333333333,12,E
Malawi,MWI,Africa,1994,1990,0.12675,12,E
Malawi,MWI,Africa,1995,1990,,11,
Malawi,MWI,Africa,1996,1990,,10,
Malawi,MWI,Africa,1997,1990,0.6229166666666667,12,E
Malawi,MWI,Africa,1998,1990,1.1190833333333334,12,E
Malawi,MWI,Africa,1999,1990,0.2728333333333333,12,E
Malawi,MWI,Africa,2000,2000,0.6101666666666666,12,E
Malawi,MWI,Africa,2001,2000,0.7214999999999999,12,E
Malawi,MWI,Africa,2002,2000,0.8056666666666666,12,E
Malawi,MWI,Africa,2003,2000,1.0294999999999999,12,E
Malawi,MWI,Africa,2004,2000,0.6314166666666666,12,E
Malawi,MWI,Africa,2005,2000,1.4089166666666666,12,E
Malawi,MWI,Africa,2006,2000,0.8564166666666666,12,E
Malawi,MWI,Africa,2007,2000,0.9279166666666666,12,E
Malawi,MWI,Africa,2008,2000,0.429,12,E
Malawi,MWI,Africa,2009,2000,0.5604166666666667,12,E
Malawi,MWI,Africa,2010,2010,,11,
Malawi,MWI,Africa,2011,2010,,9,
Malawi,MWI,Africa,2012,2010,,11,
Malawi,MWI,Africa,2013,2010,0.6419166666666667,12,E
Malawi,MWI,Africa,2014,2010,0.7885833333333333,12,E
Malawi,MWI,Africa,2015,2010,0.9200833333333334,12,E
Malawi,MWI,Africa,2016,2010,1.0420833333333335,12,E
Malawi,MWI,Africa,2017,2010,0.7944166666666667,12,E
Malawi,MWI,Africa,2018,2010,0.7840833333333334,12,E
Malawi,MWI,Africa,2019,2010,0.9194166666666667,12,E
Malawi,MWI,Africa,2020,2020,1.0609166666666667,12,E
Malawi,MWI,Africa,2021,2020,1.1667500000000002,12,E
Malawi,MWI,Africa,2022,2020,0.82025,12,E
Malawi,MWI,Africa,2023,2020,1.3681666666666665,12,E
Malawi,MWI,Africa,2024,2020,1.5935,12,E
Malawi,MWI,Africa,2025,2020,0.8774166666666666,12,E
Malaysia,MYS,Asia,1961,1960,-0.04791666666666666,12,E
Malaysia,MYS,Asia,1962,1960,-0.09358333333333334,12,E
Malaysia,MYS,Asia,1963,1960,-0.11041666666666666,12,E
Malaysia,MYS,Asia,1964,1960,-0.042833333333333334,12,E
Malaysia,MYS,Asia,1965,1960,-0.17608333333333334,12,E
Malaysia,MYS,Asia,1966,1960,0.134,12,E
Malaysia,MYS,Asia,1967,1960,-0.18016666666666667,12,E
Malaysia,MYS,Asia,1968,1960,-0.07875,12,E
Malaysia,MYS,Asia,1969,1960,0.19733333333333333,12,E
Malaysia,MYS,Asia,1970,1970,0.11841666666666667,12,E
Malaysia,MYS,Asia,1971,1970,-0.29433333333333334,12,E
Malaysia,MYS,Asia,1972,1970,0.10216666666666667,12,E
Malaysia,MYS,Asia,1973,1970,0.163,12,E
Malaysia,MYS,Asia,1974,1970,-0.2275,12,E
Malaysia,MYS,Asia,1975,1970,-0.054833333333333324,12,E
Malaysia,MYS,Asia,1976,1970,-0.17283333333333337,12,E
Malaysia,MYS,Asia,1977,1970,0.09158333333333334,12,E
Malaysia,MYS,Asia,1978,1970,0.24325,12,E
Malaysia,MYS,Asia,1979,1970,0.3329166666666667,12,E
Malaysia,MYS,Asia,1980,1980,0.26375,12,E
Malaysia,MYS,Asia,1981,1980,0.21941666666666668,12,E
Malaysia,MYS,Asia,1982,1980,0.26616666666666666,12,E
Malaysia,MYS,Asia,1983,1980,0.62275,12,E
Malaysia,MYS,Asia,1984,1980,0.07508333333333332,12,E
Malaysia,MYS,Asia,1985,1980,0.2569166666666667,12,E
Malaysia,MYS,Asia,1986,1980,0.29083333333333333,12,E
Malaysia,MYS,Asia,1987,1980,0.543,12,E
Malaysia,MYS,Asia,1988,1980,0.4171666666666667,12,E
Malaysia,MYS,Asia,1989,1980,0.21208333333333332,12,E
Malaysia,MYS,Asia,1990,1990,0.5581666666666666,12,E
Malaysia,MYS,Asia,1991,1990,0.4788333333333333,12,E
Malaysia,MYS,Asia,1992,1990,0.43816666666666665,12,E
Malaysia,MYS,Asia,1993,1990,0.31666666666666665,12,E
Malaysia,MYS,Asia,1994,1990,0.4275,12,E
Malaysia,MYS,Asia,1995,1990,0.49633333333333335,12,E
Malaysia,MYS,Asia,1996,1990,0.45766666666666667,12,E
Malaysia,MYS,Asia,1997,1990,0.7314166666666666,12,E
Malaysia,MYS,Asia,1998,1990,1.1850833333333333,12,E
Malaysia,MYS,Asia,1999,1990,0.42025,12,E
Malaysia,MYS,Asia,2000,2000,0.47374999999999995,12,E
Malaysia,MYS,Asia,2001,2000,0.6053333333333334,12,E
Malaysia,MYS,Asia,2002,2000,0.7905833333333333,12,E
Malaysia,MYS,Asia,2003,2000,0.6763333333333333,12,E
Malaysia,MYS,Asia,2004,2000,0.6839166666666667,12,E
Malaysia,MYS,Asia,2005,2000,0.88775,12,E
Malaysia,MYS,Asia,2006,2000,0.6767500000000001,12,E
Malaysia,MYS,Asia,2007,2000,0.6219166666666667,12,E
Malaysia,MYS,Asia,2008,2000,0.5285833333333333,12,E
Malaysia,MYS,Asia,2009,2000,0.7581666666666668,12,E
Malaysia,MYS,Asia,2010,2010,0.9235833333333333,12,E
Malaysia,MYS,Asia,2011,2010,0.5986666666666667,12,E
Malaysia,MYS,Asia,2012,2010,0.7466666666666666,12,E
Malaysia,MYS,Asia,2013,2010,0.9613333333333333,12,E
Malaysia,MYS,Asia,2014,2010,0.9481666666666667,12,E
Malaysia,MYS,Asia,2015,2010,1.19575,12,E
Malaysia,MYS,Asia,2016,2010,1.53125,12,E
Malaysia,MYS,Asia,2017,2010,1.0975,12,E
Malaysia,MYS,Asia,2018,2010,1.1005,12,E
Malaysia,MYS,Asia,2019,2010,1.3261666666666667,12,E
Malaysia,MYS,Asia,2020,2020,1.3329166666666667,12,E
Malaysia,MYS,Asia,2021,2020,1.1085833333333335,12,E
Malaysia,MYS,Asia,2022,2020,1.0065,12,E
Malaysia,MYS,Asia,2023,2020,1.38225,12,E
Malaysia,MYS,Asia,2024,2020,1.6205,12,E
Malaysia,MYS,Asia,2025,2020,1.2206666666666666,12,E
Mayotte,MYT,Africa,1961,1960,0.26725,12,E
Mayotte,MYT,Africa,1962,1960,0.029249999999999998,12,E
Mayotte,MYT,Africa,1963,1960,-0.2733333333333334,12,E
Mayotte,MYT,Africa,1964,1960,-0.20658333333333334,12,E
Mayotte,MYT,Africa,1965,1960,-0.5463333333333333,12,E
Mayotte,MYT,Africa,1966,1960,0.11875000000000001,12,E
Mayotte,MYT,Africa,1967,1960,0.22333333333333336,12,E
Mayotte,MYT,Africa,1968,1960,-0.38875,12,E
Mayotte,MYT,Africa,1969,1960,0.294,12,E
Mayotte,MYT,Africa,1970,1970,0.206,12,E
Mayotte,MYT,Africa,1971,1970,-0.65025,12,E
Mayotte,MYT,Africa,1972,1970,-0.024166666666666645,12,E
Mayotte,MYT,Africa,1973,1970,0.19025,12,E
Mayotte,MYT,Africa,1974,1970,-0.38858333333333334,12,E
Mayotte,MYT,Africa,1975,1970,,10,
Mayotte,MYT,Africa,1976,1970,,3,
Mayotte,MYT,Africa,1977,1970,,6,
Mayotte,MYT,Africa,1978,1970,,9,
Mayotte,MYT,Africa,1979,1970,,11,
Mayotte,MYT,Africa,1980,1980,0.334,12,E
Mayotte,MYT,Africa,1981,1980,0.30341666666666667,12,E
Mayotte,MYT,Africa,1982,1980,,11,
Mayotte,MYT,Africa,1983,1980,,10,
Mayotte,MYT,Africa,1984,1980,,11,
Mayotte,MYT,Africa,1985,1980,,10,
Mayotte,MYT,Africa,1986,1980,,11,
Mayotte,MYT,Africa,1987,1980,0.48808333333333337,12,E
Mayotte,MYT,Africa,1988,1980,0.46625,12,E
Mayotte,MYT,Africa,1989,1980,-0.224,12,E
Mayotte,MYT,Africa,1990,1990,,10,
Mayotte,MYT,Africa,1991,1990,0.24183333333333334,12,E
Mayotte,MYT,Africa,1992,1990,0.15925,12,E
Mayotte,MYT,Africa,1993,1990,0.27158333333333334,12,E
Mayotte,MYT,Africa,1994,1990,0.5209166666666667,12,E
Mayotte,MYT,Africa,1995,1990,0.43283333333333335,12,E
Mayotte,MYT,Africa,1996,1990,0.0395,12,E
Mayotte,MYT,Africa,1997,1990,0.46858333333333335,12,E
Mayotte,MYT,Africa,1998,1990,0.78675,12,E
Mayotte,MYT,Africa,1999,1990,0.14983333333333335,12,E
Mayotte,MYT,Africa,2000,2000,0.35358333333333336,12,E
Mayotte,MYT,Africa,2001,2000,,11,
Mayotte,MYT,Africa,2002,2000,0.8235,12,E
Mayotte,MYT,Africa,2003,2000,0.4994166666666667,12,E
Mayotte,MYT,Africa,2004,2000,0.3223333333333333,12,E
Mayotte,MYT,Africa,2005,2000,0.49733333333333335,12,E
Mayotte,MYT,Africa,2006,2000,0.32466666666666666,12,E
Mayotte,MYT,Africa,2007,2000,0.7228333333333333,12,E
Mayotte,MYT,Africa,2008,2000,0.29133333333333333,12,E
Mayotte,MYT,Africa,2009,2000,0.5368333333333334,12,E
Mayotte,MYT,Africa,2010,2010,0.6586666666666666,12,E
Mayotte,MYT,Africa,2011,2010,0.5213333333333333,12,E
Mayotte,MYT,Africa,2012,2010,0.37958333333333333,12,E
Mayotte,MYT,Africa,2013,2010,0.49574999999999997,12,E
Mayotte,MYT,Africa,2014,2010,0.7346666666666667,12,E
Mayotte,MYT,Africa,2015,2010,0.9740000000000001,12,E
Mayotte,MYT,Africa,2016,2010,0.8264166666666667,12,E
Mayotte,MYT,Africa,2017,2010,1.0927499999999999,12,E
Mayotte,MYT,Africa,2018,2010,0.9425833333333333,12,E
Mayotte,MYT,Africa,2019,2010,1.4534166666666666,12,E
Mayotte,MYT,Africa,2020,2020,1.179,12,E
Mayotte,MYT,Africa,2021,2020,0.8296666666666667,12,E
Mayotte,MYT,Africa,2022,2020,0.6198333333333333,12,E
Mayotte,MYT,Africa,2023,2020,1.365,12,E
Mayotte,MYT,Africa,2024,2020,1.6505833333333335,12,E
Mayotte,MYT,Africa,2025,2020,1.3835833333333334,12,E
Namibia,NAM,Africa,1961,1960,0.11725000000000001,12,E
Namibia,NAM,Africa,1962,1960,0.03491666666666667,12,E
Namibia,NAM,Africa,1963,1960,0.011999999999999985,12,E
Namibia,NAM,Africa,1964,1960,-0.06825000000000002,12,E
Namibia,NAM,Africa,1965,1960,-0.06133333333333335,12,E
Namibia,NAM,Africa,1966,1960,0.17275,12,E
Namibia,NAM,Africa,1967,1960,-0.1698333333333333,12,E
Namibia,NAM,Africa,1968,1960,-0.1293333333333333,12,E
Namibia,NAM,Africa,1969,1960,0.225,12,E
Namibia,NAM,Africa,1970,1970,0.3958333333333333,12,E
Namibia,NAM,Africa,1971,1970,-0.04508333333333333,12,E
Namibia,NAM,Africa,1972,1970,0.25,12,E
Namibia,NAM,Africa,1973,1970,0.4014166666666667,12,E
Namibia,NAM,Africa,1974,1970,-0.6869166666666667,12,E
Namibia,NAM,Africa,1975,1970,-0.009000000000000008,12,E
Namibia,NAM,Africa,1976,1970,-0.498,12,E
Namibia,NAM,Africa,1977,1970,0.13949999999999999,12,E
Namibia,NAM,Africa,1978,1970,-0.05399999999999999,12,E
Namibia,NAM,Africa,1979,1970,0.37825,12,E
Namibia,NAM,Africa,1980,1980,0.16708333333333333,12,E
Namibia,NAM,Africa,1981,1980,0.02416666666666668,12,E
Namibia,NAM,Africa,1982,1980,0.22791666666666666,12,E
Namibia,NAM,Africa,1983,1980,0.6301666666666667,12,E
Namibia,NAM,Africa,1984,1980,0.7981666666666666,12,E
Namibia,NAM,Africa,1985,1980,0.3833333333333333,12,E
Namibia,NAM,Africa,1986,1980,0.4190833333333333,12,E
Namibia,NAM,Africa,1987,1980,0.8899166666666667,12,E
Namibia,NAM,Africa,1988,1980,0.2255,12,E
Namibia,NAM,Africa,1989,1980,-0.18191666666666664,12,E
Namibia,NAM,Africa,1990,1990,0.48300000000000004,12,E
Namibia,NAM,Africa,1991,1990,-0.07458333333333332,12,E
Namibia,NAM,Africa,1992,1990,0.7035,12,E
Namibia,NAM,Africa,1993,1990,0.5833333333333334,12,E
Namibia,NAM,Africa,1994,1990,0.25825000000000004,12,E
Namibia,NAM,Africa,1995,1990,0.6865833333333334,12,E
Namibia,NAM,Africa,1996,1990,0.12766666666666668,12,E
Namibia,NAM,Africa,1997,1990,0.014666666666666666,12,E
Namibia,NAM,Africa,1998,1990,1.1276666666666666,12,E
Namibia,NAM,Africa,1999,1990,0.6650833333333334,12,E
Namibia,NAM,Africa,2000,2000,-0.04466666666666668,12,E
Namibia,NAM,Africa,2001,2000,0.3055,12,E
Namibia,NAM,Africa,2002,2000,0.82425,12,E
Namibia,NAM,Africa,2003,2000,1.1623333333333334,12,E
Namibia,NAM,Africa,2004,2000,0.7794166666666666,12,E
Namibia,NAM,Africa,2005,2000,0.63475,12,E
Namibia,NAM,Africa,2006,2000,-0.2021666666666667,12,E
Namibia,NAM,Africa,2007,2000,1.0548333333333333,12,E
Namibia,NAM,Africa,2008,2000,0.6425,12,E
Namibia,NAM,Africa,2009,2000,0.6569166666666667,12,E
Namibia,NAM,Africa,2010,2010,1.1006666666666667,12,E
Namibia,NAM,Africa,2011,2010,-0.5048333333333334,12,E
Namibia,NAM,Africa,2012,2010,-0.1585,12,E
Namibia,NAM,Africa,2013,2010,0.7791666666666667,12,E
Namibia,NAM,Africa,2014,2010,0.37041666666666667,12,E
Namibia,NAM,Africa,2015,2010,1.31025,12,E
Namibia,NAM,Africa,2016,2010,1.4506666666666668,12,E
Namibia,NAM,Africa,2017,2010,0.58225,12,E
Namibia,NAM,Africa,2018,2010,1.0620833333333335,12,E
Namibia,NAM,Africa,2019,2010,1.9853333333333334,12,E
Namibia,NAM,Africa,2020,2020,0.6106666666666666,12,E
Namibia,NAM,Africa,2021,2020,-0.11083333333333334,12,E
Namibia,NAM,Africa,2022,2020,0.19341666666666668,12,E
Namibia,NAM,Africa,2023,2020,0.8728333333333333,12,E
Namibia,NAM,Africa,2024,2020,1.4244166666666667,12,E
Namibia,NAM,Africa,2025,2020,1.04575,12,E
New Caledonia,NCL,Oceania,1961,1960,-0.07541666666666667,12,E
New Caledonia,NCL,Oceania,1962,1960,0.10066666666666668,12,E
New Caledonia,NCL,Oceania,1963,1960,-0.18541666666666667,12,E
New Caledonia,NCL,Oceania,1964,1960,0.21958333333333332,12,E
New Caledonia,NCL,Oceania,1965,1960,-0.7185833333333335,12,E
New Caledonia,NCL,Oceania,1966,1960,-0.5956666666666667,12,E
New Caledonia,NCL,Oceania,1967,1960,0.19833333333333333,12,E
New Caledonia,NCL,Oceania,1968,1960,-0.35708333333333336,12,E
New Caledonia,NCL,Oceania,1969,1960,-0.04500000000000002,12,E
New Caledonia,NCL,Oceania,1970,1970,0.4655,12,E
New Caledonia,NCL,Oceania,1971,1970,0.129,12,E
New Caledonia,NCL,Oceania,1972,1970,-0.18275,12,E
New Caledonia,NCL,Oceania,1973,1970,0.9483333333333333,12,E
New Caledonia,NCL,Oceania,1974,1970,0.22,12,E
New Caledonia,NCL,Oceania,1975,1970,0.3295833333333333,12,E
New Caledonia,NCL,Oceania,1976,1970,0.12116666666666666,12,E
New Caledonia,NCL,Oceania,1977,1970,-0.19316666666666668,12,E
New Caledonia,NCL,Oceania,1978,1970,0.02525000000000001,12,E
New Caledonia,NCL,Oceania,1979,1970,-0.06033333333333333,12,E
New Caledonia,NCL,Oceania,1980,1980,0.08316666666666667,12,E
New Caledonia,NCL,Oceania,1981,1980,0.23575000000000002,12,E
New Caledonia,NCL,Oceania,1982,1980,-0.08033333333333333,12,E
New Caledonia,NCL,Oceania,1983,1980,0.3919166666666667,12,E
New Caledonia,NCL,Oceania,1984,1980,0.21208333333333332,12,E
New Caledonia,NCL,Oceania,1985,1980,0.19933333333333333,12,E
New Caledonia,NCL,Oceania,1986,1980,0.055999999999999994,12,E
New Caledonia,NCL,Oceania,1987,1980,-0.07783333333333334,12,E
New Caledonia,NCL,Oceania,1988,1980,0.8300000000000001,12,E
New Caledonia,NCL,Oceania,1989,1980,0.28741666666666665,12,E
New Caledonia,NCL,Oceania,1990,1990,0.5210833333333333,12,E
New Caledonia,NCL,Oceania,1991,1990,0.06191666666666667,12,E
New Caledonia,NCL,Oceania,1992,1990,0.17025,12,E
New Caledonia,NCL,Oceania,1993,1990,-0.020916666666666663,12,E
New Caledonia,NCL,Oceania,1994,1990,-0.16224999999999998,12,E
New Caledonia,NCL,Oceania,1995,1990,0.9139166666666667,12,E
New Caledonia,NCL,Oceania,1996,1990,0.93025,12,E
New Caledonia,NCL,Oceania,1997,1990,0.29150000000000004,12,E
New Caledonia,NCL,Oceania,1998,1990,1.6130833333333332,12,E
New Caledonia,NCL,Oceania,1999,1990,0.8016666666666667,12,E
New Caledonia,NCL,Oceania,2000,2000,0.4985,12,E
New Caledonia,NCL,Oceania,2001,2000,0.7648333333333334,12,E
New Caledonia,NCL,Oceania,2002,2000,0.6435000000000001,12,E
New Caledonia,NCL,Oceania,2003,2000,0.5175833333333334,12,E
New Caledonia,NCL,Oceania,2004,2000,0.5669166666666666,12,E
New Caledonia,NCL,Oceania,2005,2000,0.5320833333333334,12,E
New Caledonia,NCL,Oceania,2006,2000,0.2880833333333333,12,E
New Caledonia,NCL,Oceania,2007,2000,0.9078333333333334,12,E
New Caledonia,NCL,Oceania,2008,2000,0.8454999999999999,12,E
New Caledonia,NCL,Oceania,2009,2000,0.54475,12,E
New Caledonia,NCL,Oceania,2010,2010,1.0773333333333335,12,E
New Caledonia,NCL,Oceania,2011,2010,0.74525,12,E
New Caledonia,NCL,Oceania,2012,2010,0.549,12,E
New Caledonia,NCL,Oceania,2013,2010,0.6596666666666666,12,E
New Caledonia,NCL,Oceania,2014,2010,0.7910833333333334,12,E
New Caledonia,NCL,Oceania,2015,2010,0.8773333333333334,12,E
New Caledonia,NCL,Oceania,2016,2010,1.7070833333333333,12,E
New Caledonia,NCL,Oceania,2017,2010,1.5996666666666666,12,E
New Caledonia,NCL,Oceania,2018,2010,1.171,12,E
New Caledonia,NCL,Oceania,2019,2010,1.0880833333333333,12,E
New Caledonia,NCL,Oceania,2020,2020,1.1684166666666667,12,E
New Caledonia,NCL,Oceania,2021,2020,0.9974166666666666,12,E
New Caledonia,NCL,Oceania,2022,2020,1.6665,12,E
New Caledonia,NCL,Oceania,2023,2020,0.6071666666666666,12,E
New Caledonia,NCL,Oceania,2024,2020,1.3379166666666666,12,E
New Caledonia,NCL,Oceania,2025,2020,1.6159999999999999,12,E
Niger,NER,Africa,1961,1960,-1.0353333333333332,12,E
Niger,NER,Africa,1962,1960,0.11091666666666666,12,E
Niger,NER,Africa,1963,1960,0.4046666666666667,12,E
Niger,NER,Africa,1964,1960,-0.248,12,E
Niger,NER,Africa,1965,1960,-0.2753333333333333,12,E
Niger,NER,Africa,1966,1960,0.01441666666666667,12,E
Niger,NER,Africa,1967,1960,-0.1980833333333333,12,E
Niger,NER,Africa,1968,1960,-0.003916666666666698,12,E
Niger,NER,Africa,1969,1960,0.8035833333333334,12,E
Niger,NER,Africa,1970,1970,-0.18058333333333332,12,E
Niger,NER,Africa,1971,1970,-0.03216666666666666,12,E
Niger,NER,Africa,1972,1970,0.3658333333333333,12,E
Niger,NER,Africa,1973,1970,0.49241666666666667,12,E
Niger,NER,Africa,1974,1970,-0.33508333333333334,12,E
Niger,NER,Africa,1975,1970,-0.246,12,E
Niger,NER,Africa,1976,1970,0.24333333333333332,12,E
Niger,NER,Africa,1977,1970,-0.5536666666666666,12,E
Niger,NER,Africa,1978,1970,0.3025,12,E
Niger,NER,Africa,1979,1970,0.5586666666666668,12,E
Niger,NER,Africa,1980,1980,0.4628333333333334,12,E
Niger,NER,Africa,1981,1980,0.16866666666666666,12,E
Niger,NER,Africa,1982,1980,0.3600833333333333,12,E
Niger,NER,Africa,1983,1980,0.07216666666666667,12,E
Niger,NER,Africa,1984,1980,0.39749999999999996,12,E
Niger,NER,Africa,1985,1980,0.31983333333333336,12,E
Niger,NER,Africa,1986,1980,0.63475,12,E
Niger,NER,Africa,1987,1980,0.8806666666666666,12,E
Niger,NER,Africa,1988,1980,0.4159166666666667,12,E
Niger,NER,Africa,1989,1980,-0.33266666666666667,12,E
Niger,NER,Africa,1990,1990,0.7594166666666666,12,E
Niger,NER,Africa,1991,1990,0.5621666666666667,12,E
Niger,NER,Africa,1992,1990,-0.23791666666666667,12,E
Niger,NER,Africa,1993,1990,0.5315833333333334,12,E
Niger,NER,Africa,1994,1990,0.16166666666666665,12,E
Niger,NER,Africa,1995,1990,0.7795833333333334,12,E
Niger,NER,Africa,1996,1990,0.9373333333333332,12,E
Niger,NER,Africa,1997,1990,0.6969166666666666,12,E
Niger,NER,Africa,1998,1990,0.7875833333333334,12,E
Niger,NER,Africa,1999,1990,0.626,12,E
Niger,NER,Africa,2000,2000,0.488,12,E
Niger,NER,Africa,2001,2000,0.38025000000000003,12,E
Niger,NER,Africa,2002,2000,0.5161666666666667,12,E
Niger,NER,Africa,2003,2000,0.7472500000000001,12,E
Niger,NER,Africa,2004,2000,0.7875833333333334,12,E
Niger,NER,Africa,2005,2000,1.2197500000000001,12,E
Niger,NER,Africa,2006,2000,0.9611666666666667,12,E
Niger,NER,Africa,2007,2000,1.1131666666666666,12,E
Niger,NER,Africa,2008,2000,0.45275000000000004,12,E
Niger,NER,Africa,2009,2000,1.4585833333333333,12,E
Niger,NER,Africa,2010,2010,1.543,12,E
Niger,NER,Africa,2011,2010,0.9876666666666667,12,E
Niger,NER,Africa,2012,2010,0.8140833333333334,12,E
Niger,NER,Africa,2013,2010,0.9243333333333333,12,E
Niger,NER,Africa,2014,2010,1.0698333333333332,12,E
Niger,NER,Africa,2015,2010,0.6867500000000001,12,E
Niger,NER,Africa,2016,2010,1.3878333333333333,12,E
Niger,NER,Africa,2017,2010,0.774,12,E
Niger,NER,Africa,2018,2010,0.9587500000000001,12,E
Niger,NER,Africa,2019,2010,1.0762500000000002,12,E
Niger,NER,Africa,2020,2020,1.0013333333333334,12,E
Niger,NER,Africa,2021,2020,1.2975,12,E
Niger,NER,Africa,2022,2020,0.462,12,E
Niger,NER,Africa,2023,2020,1.5015,12,E
Niger,NER,Africa,2024,2020,1.0728333333333333,12,E
Niger,NER,Africa,2025,2020,1.3236666666666668,12,E
Norfolk Island,NFK,Oceania,1961,1960,-0.20616666666666664,12,E
Norfolk Island,NFK,Oceania,1962,1960,0.3455,12,E
Norfolk Island,NFK,Oceania,1963,1960,0.09549999999999999,12,E
Norfolk Island,NFK,Oceania,1964,1960,0.17049999999999998,12,E
Norfolk Island,NFK,Oceania,1965,1960,-0.45616666666666666,12,E
Norfolk Island,NFK,Oceania,1966,1960,-0.2811666666666667,12,E
Norfolk Island,NFK,Oceania,1967,1960,0.233,12,E
Norfolk Island,NFK,Oceania,1968,1960,-0.06366666666666666,12,E
Norfolk Island,NFK,Oceania,1969,1960,-0.27616666666666667,12,E
Norfolk Island,NFK,Oceania,1970,1970,0.4788333333333334,12,E
Norfolk Island,NFK,Oceania,1971,1970,0.28633333333333333,12,E
Norfolk Island,NFK,Oceania,1972,1970,-0.08366666666666667,12,E
Norfolk Island,NFK,Oceania,1973,1970,0.8871666666666665,12,E
Norfolk Island,NFK,Oceania,1974,1970,,5,
Norfolk Island,NFK,Oceania,1975,1970,,0,
Norfolk Island,NFK,Oceania,1976,1970,,11,
Norfolk Island,NFK,Oceania,1977,1970,-0.30033333333333334,12,E
Norfolk Island,NFK,Oceania,1978,1970,-0.07700000000000001,12,E
Norfolk Island,NFK,Oceania,1979,1970,0.08216666666666668,12,E
Norfolk Island,NFK,Oceania,1980,1980,-0.14116666666666666,12,E
Norfolk Island,NFK,Oceania,1981,1980,0.32466666666666666,12,E
Norfolk Island,NFK,Oceania,1982,1980,-0.12116666666666666,12,E
Norfolk Island,NFK,Oceania,1983,1980,0.2313333333333333,12,E
Norfolk Island,NFK,Oceania,1984,1980,0.25716666666666665,12,E
Norfolk Island,NFK,Oceania,1985,1980,0.17049999999999998,12,E
Norfolk Island,NFK,Oceania,1986,1980,0.20299999999999999,12,E
Norfolk Island,NFK,Oceania,1987,1980,0.034666666666666686,12,E
Norfolk Island,NFK,Oceania,1988,1980,0.8671666666666665,12,E
Norfolk Island,NFK,Oceania,1989,1980,0.42050000000000004,12,E
Norfolk Island,NFK,Oceania,1990,1990,0.6188333333333333,12,E
Norfolk Island,NFK,Oceania,1991,1990,0.007166666666666668,12,E
Norfolk Island,NFK,Oceania,1992,1990,-0.13533333333333333,12,E
Norfolk Island,NFK,Oceania,1993,1990,-0.13533333333333333,12,E
Norfolk Island,NFK,Oceania,1994,1990,-0.10366666666666668,12,E
Norfolk Island,NFK,Oceania,1995,1990,0.5338333333333334,12,E
Norfolk Island,NFK,Oceania,1996,1990,0.7805,12,E
Norfolk Island,NFK,Oceania,1997,1990,-0.032833333333333346,12,E
Norfolk Island,NFK,Oceania,1998,1990,,11,
Norfolk Island,NFK,Oceania,1999,1990,,0,
Norfolk Island,NFK,Oceania,2000,2000,,10,
Norfolk Island,NFK,Oceania,2001,2000,0.31716666666666665,12,E
Norfolk Island,NFK,Oceania,2002,2000,0.10383333333333333,12,E
Norfolk Island,NFK,Oceania,2003,2000,0.10716666666666667,12,E
Norfolk Island,NFK,Oceania,2004,2000,0.25216666666666665,12,E
Norfolk Island,NFK,Oceania,2005,2000,0.393,12,E
Norfolk Island,NFK,Oceania,2006,2000,0.015499999999999995,12,E
Norfolk Island,NFK,Oceania,2007,2000,0.42383333333333334,12,E
Norfolk Island,NFK,Oceania,2008,2000,0.13716666666666666,12,E
Norfolk Island,NFK,Oceania,2009,2000,0.44049999999999995,12,E
Norfolk Island,NFK,Oceania,2010,2010,0.6871666666666667,12,E
Norfolk Island,NFK,Oceania,2011,2010,0.6463333333333333,12,E
Norfolk Island,NFK,Oceania,2012,2010,0.24550000000000002,12,E
Norfolk Island,NFK,Oceania,2013,2010,0.24966666666666668,12,E
Norfolk Island,NFK,Oceania,2014,2010,0.25216666666666665,12,E
Norfolk Island,NFK,Oceania,2015,2010,0.6204999999999999,12,E
Norfolk Island,NFK,Oceania,2016,2010,1.1713333333333333,12,E
Norfolk Island,NFK,Oceania,2017,2010,0.9338333333333333,12,E
Norfolk Island,NFK,Oceania,2018,2010,0.8255,12,E
Norfolk Island,NFK,Oceania,2019,2010,0.8255,12,E
Norfolk Island,NFK,Oceania,2020,2020,0.8504999999999999,12,E
Norfolk Island,NFK,Oceania,2021,2020,0.8755000000000001,12,E
Norfolk Island,NFK,Oceania,2022,2020,1.2546666666666668,12,E
Norfolk Island,NFK,Oceania,2023,2020,0.4796666666666667,12,E
Norfolk Island,NFK,Oceania,2024,2020,1.3213333333333332,12,E
Norfolk Island,NFK,Oceania,2025,2020,1.5505000000000002,12,E
Nigeria,NGA,Africa,1961,1960,-0.48458333333333337,12,E
Nigeria,NGA,Africa,1962,1960,-0.07408333333333332,12,E
Nigeria,NGA,Africa,1963,1960,0.25233333333333335,12,E
Nigeria,NGA,Africa,1964,1960,-0.28125,12,E
Nigeria,NGA,Africa,1965,1960,-0.14133333333333334,12,E
Nigeria,NGA,Africa,1966,1960,-0.03625,12,E
Nigeria,NGA,Africa,1967,1960,-0.25025000000000003,12,E
Nigeria,NGA,Africa,1968,1960,-0.07683333333333331,12,E
Nigeria,NGA,Africa,1969,1960,0.367,12,E
Nigeria,NGA,Africa,1970,1970,0.07991666666666666,12,E
Nigeria,NGA,Africa,1971,1970,-0.07275,12,E
Nigeria,NGA,Africa,1972,1970,0.17041666666666666,12,E
Nigeria,NGA,Africa,1973,1970,0.8731666666666666,12,E
Nigeria,NGA,Africa,1974,1970,-0.14041666666666666,12,E
Nigeria,NGA,Africa,1975,1970,-0.16708333333333336,12,E
Nigeria,NGA,Africa,1976,1970,0.10783333333333334,12,E
Nigeria,NGA,Africa,1977,1970,0.18299999999999997,12,E
Nigeria,NGA,Africa,1978,1970,0.10491666666666666,12,E
Nigeria,NGA,Africa,1979,1970,0.46349999999999997,12,E
Nigeria,NGA,Africa,1980,1980,0.41991666666666666,12,E
Nigeria,NGA,Africa,1981,1980,0.25899999999999995,12,E
Nigeria,NGA,Africa,1982,1980,0.32625,12,E
Nigeria,NGA,Africa,1983,1980,0.33308333333333334,12,E
Nigeria,NGA,Africa,1984,1980,0.66375,12,E
Nigeria,NGA,Africa,1985,1980,0.42075,12,E
Nigeria,NGA,Africa,1986,1980,0.46691666666666665,12,E
Nigeria,NGA,Africa,1987,1980,0.97925,12,E
Nigeria,NGA,Africa,1988,1980,0.46083333333333326,12,E
Nigeria,NGA,Africa,1989,1980,-0.3525833333333334,12,E
Nigeria,NGA,Africa,1990,1990,0.8261666666666666,12,E
Nigeria,NGA,Africa,1991,1990,0.3453333333333333,12,E
Nigeria,NGA,Africa,1992,1990,-0.0335,12,E
Nigeria,NGA,Africa,1993,1990,0.5739166666666666,12,E
Nigeria,NGA,Africa,1994,1990,0.2708333333333333,12,E
Nigeria,NGA,Africa,1995,1990,0.5678333333333333,12,E
Nigeria,NGA,Africa,1996,1990,0.7154166666666667,12,E
Nigeria,NGA,Africa,1997,1990,0.6625,12,E
Nigeria,NGA,Africa,1998,1990,1.0753333333333333,12,E
Nigeria,NGA,Africa,1999,1990,0.7145,12,E
Nigeria,NGA,Africa,2000,2000,0.5225833333333333,12,E
Nigeria,NGA,Africa,2001,2000,0.4030833333333333,12,E
Nigeria,NGA,Africa,2002,2000,0.7243333333333334,12,E
Nigeria,NGA,Africa,2003,2000,0.8057500000000001,12,E
Nigeria,NGA,Africa,2004,2000,0.8193333333333334,12,E
Nigeria,NGA,Africa,2005,2000,1.21875,12,E
Nigeria,NGA,Africa,2006,2000,1.0239166666666668,12,E
Nigeria,NGA,Africa,2007,2000,0.9741666666666666,12,E
Nigeria,NGA,Africa,2008,2000,0.6473333333333333,12,E
Nigeria,NGA,Africa,2009,2000,1.2906666666666666,12,E
Nigeria,NGA,Africa,2010,2010,1.3767500000000001,12,E
Nigeria,NGA,Africa,2011,2010,0.7929166666666667,12,E
Nigeria,NGA,Africa,2012,2010,0.6343333333333333,12,E
Nigeria,NGA,Africa,2013,2010,0.99825,12,E
Nigeria,NGA,Africa,2014,2010,1.0260833333333335,12,E
Nigeria,NGA,Africa,2015,2010,1.0550833333333334,12,E
Nigeria,NGA,Africa,2016,2010,1.4097499999999998,12,E
Nigeria,NGA,Africa,2017,2010,1.1594166666666668,12,E
Nigeria,NGA,Africa,2018,2010,1.0183333333333333,12,E
Nigeria,NGA,Africa,2019,2010,1.26575,12,E
Nigeria,NGA,Africa,2020,2020,1.2426666666666666,12,E
Nigeria,NGA,Africa,2021,2020,1.5319166666666666,12,E
Nigeria,NGA,Africa,2022,2020,0.8226666666666667,12,E
Nigeria,NGA,Africa,2023,2020,1.5144166666666667,12,E
Nigeria,NGA,Africa,2024,2020,1.3071666666666666,12,E
Nigeria,NGA,Africa,2025,2020,1.3743333333333334,12,E
Nicaragua,NIC,North America,1961,1960,-0.12483333333333334,12,E
Nicaragua,NIC,North America,1962,1960,-0.08358333333333334,12,E
Nicaragua,NIC,North America,1963,1960,-0.09999999999999999,12,E
Nicaragua,NIC,North America,1964,1960,-0.18700000000000003,12,E
Nicaragua,NIC,North America,1965,1960,-0.03466666666666666,12,E
Nicaragua,NIC,North America,1966,1960,0.18833333333333332,12,E
Nicaragua,NIC,North America,1967,1960,-0.24083333333333334,12,E
Nicaragua,NIC,North America,1968,1960,-0.34674999999999995,12,E
Nicaragua,NIC,North America,1969,1960,0.13525,12,E
Nicaragua,NIC,North America,1970,1970,-0.3013333333333333,12,E
Nicaragua,NIC,North America,1971,1970,-0.4155,12,E
Nicaragua,NIC,North America,1972,1970,0.2648333333333333,12,E
Nicaragua,NIC,North America,1973,1970,0.21183333333333332,12,E
Nicaragua,NIC,North America,1974,1970,-0.14791666666666667,12,E
Nicaragua,NIC,North America,1975,1970,-0.05708333333333334,12,E
Nicaragua,NIC,North America,1976,1970,0.011916666666666664,12,E
Nicaragua,NIC,North America,1977,1970,0.5113333333333333,12,E
Nicaragua,NIC,North America,1978,1970,0.21391666666666667,12,E
Nicaragua,NIC,North America,1979,1970,0.21183333333333332,12,E
Nicaragua,NIC,North America,1980,1980,0.46808333333333335,12,E
Nicaragua,NIC,North America,1981,1980,0.2310833333333333,12,E
Nicaragua,NIC,North America,1982,1980,0.334,12,E
Nicaragua,NIC,North America,1983,1980,0.6570833333333334,12,E
Nicaragua,NIC,North America,1984,1980,0.03416666666666667,12,E
Nicaragua,NIC,North America,1985,1980,-0.036083333333333335,12,E
Nicaragua,NIC,North America,1986,1980,0.03508333333333333,12,E
Nicaragua,NIC,North America,1987,1980,0.773,12,E
Nicaragua,NIC,North America,1988,1980,0.2828333333333333,12,E
Nicaragua,NIC,North America,1989,1980,-0.013999999999999993,12,E
Nicaragua,NIC,North America,1990,1990,0.35050000000000003,12,E
Nicaragua,NIC,North America,1991,1990,0.30741666666666667,12,E
Nicaragua,NIC,North America,1992,1990,0.32266666666666666,12,E
Nicaragua,NIC,North America,1993,1990,0.33383333333333337,12,E
Nicaragua,NIC,North America,1994,1990,0.6898333333333334,12,E
Nicaragua,NIC,North America,1995,1990,0.7824166666666666,12,E
Nicaragua,NIC,North America,1996,1990,-0.04299999999999999,12,E
Nicaragua,NIC,North America,1997,1990,0.823,12,E
Nicaragua,NIC,North America,1998,1990,1.2323333333333333,12,E
Nicaragua,NIC,North America,1999,1990,0.22508333333333333,12,E
Nicaragua,NIC,North America,2000,2000,0.2075,12,E
Nicaragua,NIC,North America,2001,2000,0.38608333333333333,12,E
Nicaragua,NIC,North America,2002,2000,0.6545833333333334,12,E
Nicaragua,NIC,North America,2003,2000,0.88,12,E
Nicaragua,NIC,North America,2004,2000,0.8216666666666667,12,E
Nicaragua,NIC,North America,2005,2000,0.8913333333333333,12,E
Nicaragua,NIC,North America,2006,2000,0.9004166666666666,12,E
Nicaragua,NIC,North America,2007,2000,0.9135833333333334,12,E
Nicaragua,NIC,North America,2008,2000,0.47275,12,E
Nicaragua,NIC,North America,2009,2000,1.058,12,E
Nicaragua,NIC,North America,2010,2010,0.7114166666666666,12,E
Nicaragua,NIC,North America,2011,2010,0.6501666666666667,12,E
Nicaragua,NIC,North America,2012,2010,0.775,12,E
Nicaragua,NIC,North America,2013,2010,1.0097500000000001,12,E
Nicaragua,NIC,North America,2014,2010,0.9695833333333334,12,E
Nicaragua,NIC,North America,2015,2010,1.3760000000000001,12,E
Nicaragua,NIC,North America,2016,2010,1.2574166666666666,12,E
Nicaragua,NIC,North America,2017,2010,0.9661666666666666,12,E
Nicaragua,NIC,North America,2018,2010,0.9923333333333333,12,E
Nicaragua,NIC,North America,2019,2010,1.4594166666666668,12,E
Nicaragua,NIC,North America,2020,2020,1.4153333333333336,12,E
Nicaragua,NIC,North America,2021,2020,1.2239166666666665,12,E
Nicaragua,NIC,North America,2022,2020,0.957,12,E
Nicaragua,NIC,North America,2023,2020,1.7340833333333334,12,E
Nicaragua,NIC,North America,2024,2020,1.8561666666666667,12,E
Nicaragua,NIC,North America,2025,2020,,0,
Niue,NIU,Oceania,1961,1960,0.295,12,E
Niue,NIU,Oceania,1962,1960,-0.23666666666666666,12,E
Niue,NIU,Oceania,1963,1960,-0.33,12,E
Niue,NIU,Oceania,1964,1960,0.2325,12,E
Niue,NIU,Oceania,1965,1960,-0.3933333333333333,12,E
Niue,NIU,Oceania,1966,1960,-0.010833333333333327,12,E
Niue,NIU,Oceania,1967,1960,0.20583333333333334,12,E
Niue,NIU,Oceania,1968,1960,,7,
Niue,NIU,Oceania,1969,1960,,0,
Niue,NIU,Oceania,1970,1970,,0,
Niue,NIU,Oceania,1971,1970,,7,
Niue,NIU,Oceania,1972,1970,-0.3516666666666666,12,E
Niue,NIU,Oceania,1973,1970,0.4066666666666667,12,E
Niue,NIU,Oceania,1974,1970,-0.21499999999999997,12,E
Niue,NIU,Oceania,1975,1970,,11,
Niue,NIU,Oceania,1976,1970,-0.16333333333333336,12,E
Niue,NIU,Oceania,1977,1970,0.04333333333333334,12,E
Niue,NIU,Oceania,1978,1970,-0.08,12,E
Niue,NIU,Oceania,1979,1970,-0.07166666666666667,12,E
Niue,NIU,Oceania,1980,1980,-0.12666666666666665,12,E
Niue,NIU,Oceania,1981,1980,-0.21333333333333335,12,E
Niue,NIU,Oceania,1982,1980,-0.17666666666666667,12,E
Niue,NIU,Oceania,1983,1980,0.235,12,E
Niue,NIU,Oceania,1984,1980,0.2525,12,E
Niue,NIU,Oceania,1985,1980,0.06166666666666665,12,E
Niue,NIU,Oceania,1986,1980,-0.0775,12,E
Niue,NIU,Oceania,1987,1980,,9,
Niue,NIU,Oceania,1988,1980,0.4558333333333333,12,E
Niue,NIU,Oceania,1989,1980,-0.023333333333333355,12,E
Niue,NIU,Oceania,1990,1990,,11,
Niue,NIU,Oceania,1991,1990,0.42250000000000004,12,E
Niue,NIU,Oceania,1992,1990,0.09999999999999998,12,E
Niue,NIU,Oceania,1993,1990,,1,
Niue,NIU,Oceania,1994,1990,,0,
Niue,NIU,Oceania,1995,1990,,0,
Niue,NIU,Oceania,1996,1990,,0,
Niue,NIU,Oceania,1997,1990,,0,
Niue,NIU,Oceania,1998,1990,,0,
Niue,NIU,Oceania,1999,1990,,0,
Niue,NIU,Oceania,2000,2000,,0,
Niue,NIU,Oceania,2001,2000,,0,
Niue,NIU,Oceania,2002,2000,,0,
Niue,NIU,Oceania,2003,2000,,0,
Niue,NIU,Oceania,2004,2000,,0,
Niue,NIU,Oceania,2005,2000,,0,
Niue,NIU,Oceania,2006,2000,,0,
Niue,NIU,Oceania,2007,2000,,0,
Niue,NIU,Oceania,2008,2000,,0,
Niue,NIU,Oceania,2009,2000,,0,
Niue,NIU,Oceania,2010,2010,,0,
Niue,NIU,Oceania,2011,2010,,0,
Niue,NIU,Oceania,2012,2010,,0,
Niue,NIU,Oceania,2013,2010,,0,
Niue,NIU,Oceania,2014,2010,,0,
Niue,NIU,Oceania,2015,2010,,0,
Niue,NIU,Oceania,2016,2010,,0,
Niue,NIU,Oceania,2017,2010,,0,
Niue,NIU,Oceania,2018,2010,,0,
Niue,NIU,Oceania,2019,2010,,0,
Niue,NIU,Oceania,2020,2020,,0,
Niue,NIU,Oceania,2021,2020,,0,
Niue,NIU,Oceania,2022,2020,,0,
Niue,NIU,Oceania,2023,2020,,0,
Niue,NIU,Oceania,2024,2020,,0,
Niue,NIU,Oceania,2025,2020,,0,
Netherlands,NLD,Europe,1961,1960,0.7493333333333334,12,E
Netherlands,NLD,Europe,1962,1960,-1.0891666666666666,12,E
Netherlands,NLD,Europe,1963,1960,-1.3069166666666667,12,E
Netherlands,NLD,Europe,1964,1960,-0.07474999999999998,12,E
Netherlands,NLD,Europe,1965,1960,-0.57775,12,E
Netherlands,NLD,Europe,1966,1960,0.25433333333333336,12,E
Netherlands,NLD,Europe,1967,1960,0.6410833333333333,12,E
Netherlands,NLD,Europe,1968,1960,-0.05716666666666662,12,E
Netherlands,NLD,Europe,1969,1960,-0.14024999999999999,12,E
Netherlands,NLD,Europe,1970,1970,-0.2655833333333333,12,E
Netherlands,NLD,Europe,1971,1970,0.29683333333333334,12,E
Netherlands,NLD,Europe,1972,1970,-0.26066666666666666,12,E
Netherlands,NLD,Europe,1973,1970,0.21158333333333335,12,E
Netherlands,NLD,Europe,1974,1970,0.5800833333333334,12,E
Netherlands,NLD,Europe,1975,1970,0.731,12,E
Netherlands,NLD,Europe,1976,1970,0.5360833333333334,12,E
Netherlands,NLD,Europe,1977,1970,0.4506666666666667,12,E
Netherlands,NLD,Europe,1978,1970,-0.27066666666666667,12,E
Netherlands,NLD,Europe,1979,1970,-0.6293333333333334,12,E
Netherlands,NLD,Europe,1980,1980,-0.18891666666666665,12,E
Netherlands,NLD,Europe,1981,1980,0.03758333333333334,12,E
Netherlands,NLD,Europe,1982,1980,0.8015,12,E
Netherlands,NLD,Europe,1983,1980,0.84275,12,E
Netherlands,NLD,Europe,1984,1980,0.10533333333333328,12,E
Netherlands,NLD,Europe,1985,1980,-0.7058333333333334,12,E
Netherlands,NLD,Europe,1986,1980,-0.29450000000000004,12,E
Netherlands,NLD,Europe,1987,1980,-0.5260833333333333,12,E
Netherlands,NLD,Europe,1988,1980,0.9575833333333333,12,E
Netherlands,NLD,Europe,1989,1980,1.4269999999999998,12,E
Netherlands,NLD,Europe,1990,1990,1.461,12,E
Netherlands,NLD,Europe,1991,1990,0.25966666666666666,12,E
Netherlands,NLD,Europe,1992,1990,1.21475,12,E
Netherlands,NLD,Europe,1993,1990,0.347,12,E
Netherlands,NLD,Europe,1994,1990,1.4180833333333334,12,E
Netherlands,NLD,Europe,1995,1990,1.0764166666666666,12,E
Netherlands,NLD,Europe,1996,1990,-0.7204166666666666,12,E
Netherlands,NLD,Europe,1997,1990,0.9626666666666667,12,E
Netherlands,NLD,Europe,1998,1990,1.0204166666666667,12,E
Netherlands,NLD,Europe,1999,1990,1.6251666666666666,12,E
Netherlands,NLD,Europe,2000,2000,1.6664166666666667,12,E
Netherlands,NLD,Europe,2001,2000,1.0579166666666666,12,E
Netherlands,NLD,Europe,2002,2000,1.5576666666666668,12,E
Netherlands,NLD,Europe,2003,2000,1.31925,12,E
Netherlands,NLD,Europe,2004,2000,1.0880833333333333,12,E
Netherlands,NLD,Europe,2005,2000,1.29575,12,E
Netherlands,NLD,Europe,2006,2000,1.758,12,E
Netherlands,NLD,Europe,2007,2000,1.8665,12,E
Netherlands,NLD,Europe,2008,2000,1.3219999999999998,12,E
Netherlands,NLD,Europe,2009,2000,1.192,12,E
Netherlands,NLD,Europe,2010,2010,-0.2356666666666667,12,E
Netherlands,NLD,Europe,2011,2010,1.7006666666666668,12,E
Netherlands,NLD,Europe,2012,2010,1.0146666666666666,12,E
Netherlands,NLD,Europe,2013,2010,0.5480833333333334,12,E
Netherlands,NLD,Europe,2014,2010,2.4499166666666667,12,E
Netherlands,NLD,Europe,2015,2010,1.6679166666666667,12,E
Netherlands,NLD,Europe,2016,2010,1.5650000000000002,12,E
Netherlands,NLD,Europe,2017,2010,1.7046666666666666,12,E
Netherlands,NLD,Europe,2018,2010,2.2296666666666667,12,E
Netherlands,NLD,Europe,2019,2010,2.1206666666666667,12,E
Netherlands,NLD,Europe,2020,2020,2.4225833333333333,12,E
Netherlands,NLD,Europe,2021,2020,1.2671666666666666,12,E
Netherlands,NLD,Europe,2022,2020,2.4795833333333333,12,E
Netherlands,NLD,Europe,2023,2020,2.5319166666666666,12,E
Netherlands,NLD,Europe,2024,2020,2.6603333333333334,12,E
Netherlands,NLD,Europe,2025,2020,2.1849166666666666,12,E
Norway,NOR,Europe,1961,1960,1.107,12,E
Norway,NOR,Europe,1962,1960,-0.7795833333333332,12,E
Norway,NOR,Europe,1963,1960,-0.0005833333333333269,12,E
Norway,NOR,Europe,1964,1960,0.4473333333333333,12,E
Norway,NOR,Europe,1965,1960,-0.6818333333333332,12,E
Norway,NOR,Europe,1966,1960,-1.2555833333333333,12,E
Norway,NOR,Europe,1967,1960,0.36500000000000005,12,E
Norway,NOR,Europe,1968,1960,-0.6846666666666666,12,E
Norway,NOR,Europe,1969,1960,-0.37274999999999997,12,E
Norway,NOR,Europe,1970,1970,-0.43366666666666664,12,E
Norway,NOR,Europe,1971,1970,0.05425000000000002,12,E
Norway,NOR,Europe,1972,1970,1.08125,12,E
Norway,NOR,Europe,1973,1970,0.40308333333333346,12,E
Norway,NOR,Europe,1974,1970,1.2717500000000002,12,E
Norway,NOR,Europe,1975,1970,1.0540833333333335,12,E
Norway,NOR,Europe,1976,1970,-0.3591666666666667,12,E
Norway,NOR,Europe,1977,1970,-0.2394166666666667,12,E
Norway,NOR,Europe,1978,1970,-0.6796666666666668,12,E
Norway,NOR,Europe,1979,1970,-0.6130833333333333,12,E
Norway,NOR,Europe,1980,1980,-0.3953333333333333,12,E
Norway,NOR,Europe,1981,1980,-0.8139166666666666,12,E
Norway,NOR,Europe,1982,1980,0.4932499999999999,12,E
Norway,NOR,Europe,1983,1980,0.5115,12,E
Norway,NOR,Europe,1984,1980,0.8416666666666667,12,E
Norway,NOR,Europe,1985,1980,-1.1747500000000002,12,E
Norway,NOR,Europe,1986,1980,-0.2853333333333333,12,E
Norway,NOR,Europe,1987,1980,-0.6405,12,E
Norway,NOR,Europe,1988,1980,0.48700000000000004,12,E
Norway,NOR,Europe,1989,1980,1.728,12,E
Norway,NOR,Europe,1990,1990,1.8409166666666668,12,E
Norway,NOR,Europe,1991,1990,0.9728333333333333,12,E
Norway,NOR,Europe,1992,1990,1.1448333333333334,12,E
Norway,NOR,Europe,1993,1990,0.35483333333333333,12,E
Norway,NOR,Europe,1994,1990,0.4298333333333333,12,E
Norway,NOR,Europe,1995,1990,0.48774999999999996,12,E
Norway,NOR,Europe,1996,1990,0.030250000000000016,12,E
Norway,NOR,Europe,1997,1990,1.0155,12,E
Norway,NOR,Europe,1998,1990,0.38066666666666665,12,E
Norway,NOR,Europe,1999,1990,1.053,12,E
Norway,NOR,Europe,2000,2000,1.675,12,E
Norway,NOR,Europe,2001,2000,0.4784166666666667,12,E
Norway,NOR,Europe,2002,2000,1.2604166666666667,12,E
Norway,NOR,Europe,2003,2000,1.4055,12,E
Norway,NOR,Europe,2004,2000,1.4342499999999998,12,E
Norway,NOR,Europe,2005,2000,1.5988333333333333,12,E
Norway,NOR,Europe,2006,2000,1.8985,12,E
Norway,NOR,Europe,2007,2000,1.5279166666666668,12,E
Norway,NOR,Europe,2008,2000,1.5119166666666668,12,E
Norway,NOR,Europe,2009,2000,1.1418333333333333,12,E
Norway,NOR,Europe,2010,2010,-0.5928333333333333,12,E
Norway,NOR,Europe,2011,2010,2.0398333333333336,12,E
Norway,NOR,Europe,2012,2010,0.5648333333333334,12,E
Norway,NOR,Europe,2013,2010,1.3383333333333332,12,E
Norway,NOR,Europe,2014,2010,2.2575833333333333,12,E
Norway,NOR,Europe,2015,2010,1.9838333333333331,12,E
Norway,NOR,Europe,2016,2010,1.75525,12,E
Norway,NOR,Europe,2017,2010,1.2979166666666666,12,E
Norway,NOR,Europe,2018,2010,1.5954166666666667,12,E
Norway,NOR,Europe,2019,2010,1.3045833333333334,12,E
Norway,NOR,Europe,2020,2020,2.470083333333333,12,E
Norway,NOR,Europe,2021,2020,1.1299166666666667,12,E
Norway,NOR,Europe,2022,2020,1.8919166666666667,12,E
Norway,NOR,Europe,2023,2020,1.1703333333333334,12,E
Norway,NOR,Europe,2024,2020,2.2909166666666665,12,E
Norway,NOR,Europe,2025,2020,2.6239166666666667,12,E
Nepal,NPL,Asia,1961,1960,-0.15874999999999997,12,E
Nepal,NPL,Asia,1962,1960,-0.2784166666666667,12,E
Nepal,NPL,Asia,1963,1960,-0.14175000000000001,12,E
Nepal,NPL,Asia,1964,1960,0.11575,12,E
Nepal,NPL,Asia,1965,1960,-0.38466666666666666,12,E
Nepal,NPL,Asia,1966,1960,0.35425,12,E
Nepal,NPL,Asia,1967,1960,-0.216,12,E
Nepal,NPL,Asia,1968,1960,-0.45,12,E
Nepal,NPL,Asia,1969,1960,0.18616666666666667,12,E
Nepal,NPL,Asia,1970,1970,0.07491666666666666,12,E
Nepal,NPL,Asia,1971,1970,-0.4756666666666667,12,E
Nepal,NPL,Asia,1972,1970,0.052249999999999984,12,E
Nepal,NPL,Asia,1973,1970,0.24033333333333332,12,E
Nepal,NPL,Asia,1974,1970,0.17341666666666666,12,E
Nepal,NPL,Asia,1975,1970,0.014416666666666666,12,E
Nepal,NPL,Asia,1976,1970,0.07608333333333334,12,E
Nepal,NPL,Asia,1977,1970,0.10450000000000002,12,E
Nepal,NPL,Asia,1978,1970,-0.3144166666666666,12,E
Nepal,NPL,Asia,1979,1970,0.42100000000000004,12,E
Nepal,NPL,Asia,1980,1980,0.28099999999999997,12,E
Nepal,NPL,Asia,1981,1980,-0.071,12,E
Nepal,NPL,Asia,1982,1980,-0.07516666666666665,12,E
Nepal,NPL,Asia,1983,1980,-0.41441666666666666,12,E
Nepal,NPL,Asia,1984,1980,0.05616666666666666,12,E
Nepal,NPL,Asia,1985,1980,0.38808333333333334,12,E
Nepal,NPL,Asia,1986,1980,-0.14108333333333334,12,E
Nepal,NPL,Asia,1987,1980,0.41075,12,E
Nepal,NPL,Asia,1988,1980,0.5808333333333333,12,E
Nepal,NPL,Asia,1989,1980,-0.042,12,E
Nepal,NPL,Asia,1990,1990,0.0854166666666667,12,E
Nepal,NPL,Asia,1991,1990,0.033999999999999996,12,E
Nepal,NPL,Asia,1992,1990,0.0065833333333333395,12,E
Nepal,NPL,Asia,1993,1990,-0.05891666666666664,12,E
Nepal,NPL,Asia,1994,1990,0.12441666666666668,12,E
Nepal,NPL,Asia,1995,1990,0.42391666666666666,12,E
Nepal,NPL,Asia,1996,1990,0.19158333333333333,12,E
Nepal,NPL,Asia,1997,1990,-0.4335833333333334,12,E
Nepal,NPL,Asia,1998,1990,0.45891666666666664,12,E
Nepal,NPL,Asia,1999,1990,0.7665833333333333,12,E
Nepal,NPL,Asia,2000,2000,0.1595,12,E
Nepal,NPL,Asia,2001,2000,0.4668333333333334,12,E
Nepal,NPL,Asia,2002,2000,0.6693333333333333,12,E
Nepal,NPL,Asia,2003,2000,0.30866666666666664,12,E
Nepal,NPL,Asia,2004,2000,0.5633333333333334,12,E
Nepal,NPL,Asia,2005,2000,0.78425,12,E
Nepal,NPL,Asia,2006,2000,1.0471666666666666,12,E
Nepal,NPL,Asia,2007,2000,0.5454166666666667,12,E
Nepal,NPL,Asia,2008,2000,0.5694166666666667,12,E
Nepal,NPL,Asia,2009,2000,1.1323333333333332,12,E
Nepal,NPL,Asia,2010,2010,1.2304166666666667,12,E
Nepal,NPL,Asia,2011,2010,0.32908333333333334,12,E
Nepal,NPL,Asia,2012,2010,0.4745,12,E
Nepal,NPL,Asia,2013,2010,0.33391666666666664,12,E
Nepal,NPL,Asia,2014,2010,0.3378333333333334,12,E
Nepal,NPL,Asia,2015,2010,0.8495,12,E
Nepal,NPL,Asia,2016,2010,1.3666666666666665,12,E
Nepal,NPL,Asia,2017,2010,1.332,12,E
Nepal,NPL,Asia,2018,2010,0.6630833333333334,12,E
Nepal,NPL,Asia,2019,2010,0.7530833333333334,12,E
Nepal,NPL,Asia,2020,2020,0.39408333333333334,12,E
Nepal,NPL,Asia,2021,2020,0.6910833333333333,12,E
Nepal,NPL,Asia,2022,2020,0.9988333333333334,12,E
Nepal,NPL,Asia,2023,2020,1.2051666666666667,12,E
Nepal,NPL,Asia,2024,2020,1.2409166666666667,12,E
Nepal,NPL,Asia,2025,2020,1.4745,12,E
Nauru,NRU,Oceania,1961,1960,-0.3799166666666667,12,E
Nauru,NRU,Oceania,1962,1960,,0,
Nauru,NRU,Oceania,1963,1960,,0,
Nauru,NRU,Oceania,1964,1960,,0,
Nauru,NRU,Oceania,1965,1960,,0,
Nauru,NRU,Oceania,1966,1960,-0.54625,12,E
Nauru,NRU,Oceania,1967,1960,,0,
Nauru,NRU,Oceania,1968,1960,,0,
Nauru,NRU,Oceania,1969,1960,,0,
Nauru,NRU,Oceania,1970,1970,,0,
Nauru,NRU,Oceania,1971,1970,-0.4295833333333334,12,E
Nauru,NRU,Oceania,1972,1970,-0.7220833333333333,12,E
Nauru,NRU,Oceania,1973,1970,0.43025,12,E
Nauru,NRU,Oceania,1974,1970,0.35283333333333333,12,E
Nauru,NRU,Oceania,1975,1970,0.5933333333333334,12,E
Nauru,NRU,Oceania,1976,1970,,5,
Nauru,NRU,Oceania,1977,1970,-0.7937500000000001,12,E
Nauru,NRU,Oceania,1978,1970,0.19191666666666665,12,E
Nauru,NRU,Oceania,1979,1970,0.255,12,E
Nauru,NRU,Oceania,1980,1980,0.05249999999999999,12,E
Nauru,NRU,Oceania,1981,1980,0.18991666666666665,12,E
Nauru,NRU,Oceania,1982,1980,-0.7670833333333333,12,E
Nauru,NRU,Oceania,1983,1980,-0.37041666666666667,12,E
Nauru,NRU,Oceania,1984,1980,,11,
Nauru,NRU,Oceania,1985,1980,-0.49124999999999996,12,E
Nauru,NRU,Oceania,1986,1980,,4,
Nauru,NRU,Oceania,1987,1980,,0,
Nauru,NRU,Oceania,1988,1980,,8,
Nauru,NRU,Oceania,1989,1980,-0.24125,12,E
Nauru,NRU,Oceania,1990,1990,-0.5795833333333333,12,E
Nauru,NRU,Oceania,1991,1990,-0.39958333333333335,12,E
Nauru,NRU,Oceania,1992,1990,-0.8620833333333332,12,E
Nauru,NRU,Oceania,1993,1990,,1,
Nauru,NRU,Oceania,1994,1990,,0,
Nauru,NRU,Oceania,1995,1990,,0,
Nauru,NRU,Oceania,1996,1990,,0,
Nauru,NRU,Oceania,1997,1990,,0,
Nauru,NRU,Oceania,1998,1990,,0,
Nauru,NRU,Oceania,1999,1990,,0,
Nauru,NRU,Oceania,2000,2000,,0,
Nauru,NRU,Oceania,2001,2000,,0,
Nauru,NRU,Oceania,2002,2000,,0,
Nauru,NRU,Oceania,2003,2000,,0,
Nauru,NRU,Oceania,2004,2000,,0,
Nauru,NRU,Oceania,2005,2000,,0,
Nauru,NRU,Oceania,2006,2000,,0,
Nauru,NRU,Oceania,2007,2000,,0,
Nauru,NRU,Oceania,2008,2000,,0,
Nauru,NRU,Oceania,2009,2000,,0,
Nauru,NRU,Oceania,2010,2010,,0,
Nauru,NRU,Oceania,2011,2010,,0,
Nauru,NRU,Oceania,2012,2010,,0,
Nauru,NRU,Oceania,2013,2010,,0,
Nauru,NRU,Oceania,2014,2010,,0,
Nauru,NRU,Oceania,2015,2010,,0,
Nauru,NRU,Oceania,2016,2010,,0,
Nauru,NRU,Oceania,2017,2010,,0,
Nauru,NRU,Oceania,2018,2010,,0,
Nauru,NRU,Oceania,2019,2010,,0,
Nauru,NRU,Oceania,2020,2020,,0,
Nauru,NRU,Oceania,2021,2020,,0,
Nauru,NRU,Oceania,2022,2020,,0,
Nauru,NRU,Oceania,2023,2020,,0,
Nauru,NRU,Oceania,2024,2020,,0,
Nauru,NRU,Oceania,2025,2020,,0,
New Zealand,NZL,Oceania,1961,1960,-0.08875,12,E
New Zealand,NZL,Oceania,1962,1960,0.48383333333333334,12,E
New Zealand,NZL,Oceania,1963,1960,-0.4326666666666667,12,E
New Zealand,NZL,Oceania,1964,1960,-0.31266666666666665,12,E
New Zealand,NZL,Oceania,1965,1960,-0.5230833333333333,12,E
New Zealand,NZL,Oceania,1966,1960,-0.22541666666666668,12,E
New Zealand,NZL,Oceania,1967,1960,-0.10025,12,E
New Zealand,NZL,Oceania,1968,1960,-0.1355,12,E
New Zealand,NZL,Oceania,1969,1960,-0.18499999999999997,12,E
New Zealand,NZL,Oceania,1970,1970,0.53225,12,E
New Zealand,NZL,Oceania,1971,1970,0.6834166666666667,12,E
New Zealand,NZL,Oceania,1972,1970,-0.04558333333333334,12,E
New Zealand,NZL,Oceania,1973,1970,0.32983333333333337,12,E
New Zealand,NZL,Oceania,1974,1970,0.44525,12,E
New Zealand,NZL,Oceania,1975,1970,0.3714166666666667,12,E
New Zealand,NZL,Oceania,1976,1970,-0.4363333333333333,12,E
New Zealand,NZL,Oceania,1977,1970,-0.46475,12,E
New Zealand,NZL,Oceania,1978,1970,0.4628333333333334,12,E
New Zealand,NZL,Oceania,1979,1970,0.30633333333333335,12,E
New Zealand,NZL,Oceania,1980,1980,-0.004166666666666677,12,E
New Zealand,NZL,Oceania,1981,1980,0.5345833333333333,12,E
New Zealand,NZL,Oceania,1982,1980,-0.2936666666666667,12,E
New Zealand,NZL,Oceania,1983,1980,-0.27775,12,E
New Zealand,NZL,Oceania,1984,1980,0.33049999999999996,12,E
New Zealand,NZL,Oceania,1985,1980,0.36800000000000005,12,E
New Zealand,NZL,Oceania,1986,1980,0.30150000000000005,12,E
New Zealand,NZL,Oceania,1987,1980,0.38975,12,E
New Zealand,NZL,Oceania,1988,1980,0.6220833333333333,12,E
New Zealand,NZL,Oceania,1989,1980,0.6324166666666667,12,E
New Zealand,NZL,Oceania,1990,1990,0.6645833333333334,12,E
New Zealand,NZL,Oceania,1991,1990,-0.044250000000000005,12,E
New Zealand,NZL,Oceania,1992,1990,-0.6640833333333334,12,E
New Zealand,NZL,Oceania,1993,1990,-0.3966666666666667,12,E
New Zealand,NZL,Oceania,1994,1990,-0.01916666666666667,12,E
New Zealand,NZL,Oceania,1995,1990,0.21666666666666667,12,E
New Zealand,NZL,Oceania,1996,1990,0.11025,12,E
New Zealand,NZL,Oceania,1997,1990,-0.08233333333333331,12,E
New Zealand,NZL,Oceania,1998,1990,1.0655,12,E
New Zealand,NZL,Oceania,1999,1990,0.9193333333333333,12,E
New Zealand,NZL,Oceania,2000,2000,0.42008333333333336,12,E
New Zealand,NZL,Oceania,2001,2000,0.5853333333333334,12,E
New Zealand,NZL,Oceania,2002,2000,0.33433333333333337,12,E
New Zealand,NZL,Oceania,2003,2000,0.2886666666666666,12,E
New Zealand,NZL,Oceania,2004,2000,-0.16391666666666665,12,E
New Zealand,NZL,Oceania,2005,2000,0.7568333333333334,12,E
New Zealand,NZL,Oceania,2006,2000,0.08691666666666666,12,E
New Zealand,NZL,Oceania,2007,2000,0.42558333333333337,12,E
New Zealand,NZL,Oceania,2008,2000,0.5219166666666667,12,E
New Zealand,NZL,Oceania,2009,2000,0.011083333333333334,12,E
New Zealand,NZL,Oceania,2010,2010,0.74925,12,E
New Zealand,NZL,Oceania,2011,2010,0.5630000000000001,12,E
New Zealand,NZL,Oceania,2012,2010,0.18008333333333335,12,E
New Zealand,NZL,Oceania,2013,2010,0.9584166666666666,12,E
New Zealand,NZL,Oceania,2014,2010,0.42933333333333334,12,E
New Zealand,NZL,Oceania,2015,2010,0.47574999999999995,12,E
New Zealand,NZL,Oceania,2016,2010,1.15175,12,E
New Zealand,NZL,Oceania,2017,2010,0.7407499999999999,12,E
New Zealand,NZL,Oceania,2018,2010,0.9691666666666666,12,E
New Zealand,NZL,Oceania,2019,2010,0.9815,12,E
New Zealand,NZL,Oceania,2020,2020,0.8023333333333333,12,E
New Zealand,NZL,Oceania,2021,2020,1.0335833333333333,12,E
New Zealand,NZL,Oceania,2022,2020,1.22,12,E
New Zealand,NZL,Oceania,2023,2020,1.07725,12,E
New Zealand,NZL,Oceania,2024,2020,0.7980833333333334,12,E
New Zealand,NZL,Oceania,2025,2020,1.1461666666666666,12,E
Oman,OMN,Asia,1961,1960,,11,
Oman,OMN,Asia,1962,1960,,10,
Oman,OMN,Asia,1963,1960,0.42891666666666667,12,E
Oman,OMN,Asia,1964,1960,-0.6424166666666666,12,E
Oman,OMN,Asia,1965,1960,-0.09491666666666665,12,E
Oman,OMN,Asia,1966,1960,0.23258333333333334,12,E
Oman,OMN,Asia,1967,1960,0.026416666666666682,12,E
Oman,OMN,Asia,1968,1960,-0.5054166666666666,12,E
Oman,OMN,Asia,1969,1960,0.2373333333333333,12,E
Oman,OMN,Asia,1970,1970,0.7880833333333332,12,E
Oman,OMN,Asia,1971,1970,-0.16,12,E
Oman,OMN,Asia,1972,1970,-0.23958333333333334,12,E
Oman,OMN,Asia,1973,1970,-0.3085,12,E
Oman,OMN,Asia,1974,1970,-0.25375,12,E
Oman,OMN,Asia,1975,1970,-0.3199166666666667,12,E
Oman,OMN,Asia,1976,1970,0.21175000000000002,12,E
Oman,OMN,Asia,1977,1970,0.7124166666666666,12,E
Oman,OMN,Asia,1978,1970,0.247,12,E
Oman,OMN,Asia,1979,1970,0.307,12,E
Oman,OMN,Asia,1980,1980,0.11541666666666667,12,E
Oman,OMN,Asia,1981,1980,0.40499999999999997,12,E
Oman,OMN,Asia,1982,1980,-0.50325,12,E
Oman,OMN,Asia,1983,1980,-0.3306666666666666,12,E
Oman,OMN,Asia,1984,1980,-0.4995833333333333,12,E
Oman,OMN,Asia,1985,1980,0.08541666666666668,12,E
Oman,OMN,Asia,1986,1980,0.05383333333333332,12,E
Oman,OMN,Asia,1987,1980,0.23383333333333334,12,E
Oman,OMN,Asia,1988,1980,0.44725,12,E
Oman,OMN,Asia,1989,1980,-0.2675,12,E
Oman,OMN,Asia,1990,1990,0.24316666666666667,12,E
Oman,OMN,Asia,1991,1990,-0.16416666666666663,12,E
Oman,OMN,Asia,1992,1990,-0.33316666666666667,12,E
Oman,OMN,Asia,1993,1990,0.4243333333333333,12,E
Oman,OMN,Asia,1994,1990,0.322,12,E
Oman,OMN,Asia,1995,1990,0.07616666666666667,12,E
Oman,OMN,Asia,1996,1990,-0.06999999999999999,12,E
Oman,OMN,Asia,1997,1990,-0.015666666666666655,12,E
Oman,OMN,Asia,1998,1990,1.1335833333333334,12,E
Oman,OMN,Asia,1999,1990,0.66525,12,E
Oman,OMN,Asia,2000,2000,0.8119166666666667,12,E
Oman,OMN,Asia,2001,2000,1.0050833333333333,12,E
Oman,OMN,Asia,2002,2000,1.0405,12,E
Oman,OMN,Asia,2003,2000,1.0174166666666666,12,E
Oman,OMN,Asia,2004,2000,1.01525,12,E
Oman,OMN,Asia,2005,2000,1.0646666666666667,12,E
Oman,OMN,Asia,2006,2000,0.9389166666666666,12,E
Oman,OMN,Asia,2007,2000,1.04525,12,E
Oman,OMN,Asia,2008,2000,0.6214166666666666,12,E
Oman,OMN,Asia,2009,2000,1.1318333333333335,12,E
Oman,OMN,Asia,2010,2010,1.285,12,E
Oman,OMN,Asia,2011,2010,1.1008333333333333,12,E
Oman,OMN,Asia,2012,2010,1.127,12,E
Oman,OMN,Asia,2013,2010,0.7035833333333333,12,E
Oman,OMN,Asia,2014,2010,0.8192499999999999,12,E
Oman,OMN,Asia,2015,2010,1.5726666666666667,12,E
Oman,OMN,Asia,2016,2010,1.3060833333333333,12,E
Oman,OMN,Asia,2017,2010,1.5683333333333334,12,E
Oman,OMN,Asia,2018,2010,1.5746666666666667,12,E
Oman,OMN,Asia,2019,2010,1.19125,12,E
Oman,OMN,Asia,2020,2020,0.8180000000000001,12,E
Oman,OMN,Asia,2021,2020,1.6421666666666666,12,E
Oman,OMN,Asia,2022,2020,1.3965833333333333,12,E
Oman,OMN,Asia,2023,2020,1.4575833333333332,12,E
Oman,OMN,Asia,2024,2020,1.5824166666666668,12,E
Oman,OMN,Asia,2025,2020,1.2676666666666667,12,E
Pakistan,PAK,Asia,1961,1960,-0.25416666666666665,12,E
Pakistan,PAK,Asia,1962,1960,-0.283,12,E
Pakistan,PAK,Asia,1963,1960,0.5425,12,E
Pakistan,PAK,Asia,1964,1960,-0.5671666666666667,12,E
Pakistan,PAK,Asia,1965,1960,-0.22833333333333336,12,E
Pakistan,PAK,Asia,1966,1960,-0.14908333333333332,12,E
Pakistan,PAK,Asia,1967,1960,-0.31266666666666665,12,E
Pakistan,PAK,Asia,1968,1960,-0.3865,12,E
Pakistan,PAK,Asia,1969,1960,0.3651666666666667,12,E
Pakistan,PAK,Asia,1970,1970,0.4658333333333333,12,E
Pakistan,PAK,Asia,1971,1970,0.23575000000000002,12,E
Pakistan,PAK,Asia,1972,1970,-0.6583333333333333,12,E
Pakistan,PAK,Asia,1973,1970,0.016916666666666674,12,E
Pakistan,PAK,Asia,1974,1970,-0.22291666666666665,12,E
Pakistan,PAK,Asia,1975,1970,-0.47241666666666665,12,E
Pakistan,PAK,Asia,1976,1970,-0.32866666666666666,12,E
Pakistan,PAK,Asia,1977,1970,0.5159166666666667,12,E
Pakistan,PAK,Asia,1978,1970,-0.053749999999999964,12,E
Pakistan,PAK,Asia,1979,1970,-0.06516666666666669,12,E
Pakistan,PAK,Asia,1980,1980,0.45525,12,E
Pakistan,PAK,Asia,1981,1980,0.31075,12,E
Pakistan,PAK,Asia,1982,1980,-0.4801666666666667,12,E
Pakistan,PAK,Asia,1983,1980,-0.451,12,E
Pakistan,PAK,Asia,1984,1980,-0.22191666666666665,12,E
Pakistan,PAK,Asia,1985,1980,0.24008333333333332,12,E
Pakistan,PAK,Asia,1986,1980,-0.4828333333333334,12,E
Pakistan,PAK,Asia,1987,1980,0.28358333333333335,12,E
Pakistan,PAK,Asia,1988,1980,0.7410833333333334,12,E
Pakistan,PAK,Asia,1989,1980,-0.4086666666666667,12,E
Pakistan,PAK,Asia,1990,1990,0.2814166666666667,12,E
Pakistan,PAK,Asia,1991,1990,-0.2615,12,E
Pakistan,PAK,Asia,1992,1990,-0.37908333333333327,12,E
Pakistan,PAK,Asia,1993,1990,0.36391666666666667,12,E
Pakistan,PAK,Asia,1994,1990,0.04458333333333331,12,E
Pakistan,PAK,Asia,1995,1990,-0.13858333333333334,12,E
Pakistan,PAK,Asia,1996,1990,-0.16516666666666666,12,E
Pakistan,PAK,Asia,1997,1990,-0.42391666666666666,12,E
Pakistan,PAK,Asia,1998,1990,0.6084999999999999,12,E
Pakistan,PAK,Asia,1999,1990,0.758,12,E
Pakistan,PAK,Asia,2000,2000,0.68375,12,E
Pakistan,PAK,Asia,2001,2000,0.8327499999999999,12,E
Pakistan,PAK,Asia,2002,2000,0.8911666666666666,12,E
Pakistan,PAK,Asia,2003,2000,0.4263333333333333,12,E
Pakistan,PAK,Asia,2004,2000,1.1099166666666667,12,E
Pakistan,PAK,Asia,2005,2000,0.10599999999999998,12,E
Pakistan,PAK,Asia,2006,2000,1.027,12,E
Pakistan,PAK,Asia,2007,2000,0.6333333333333333,12,E
Pakistan,PAK,Asia,2008,2000,0.4615833333333334,12,E
Pakistan,PAK,Asia,2009,2000,0.98975,12,E
Pakistan,PAK,Asia,2010,2010,1.1589166666666666,12,E
Pakistan,PAK,Asia,2011,2010,0.8489166666666668,12,E
Pakistan,PAK,Asia,2012,2010,0.32549999999999996,12,E
Pakistan,PAK,Asia,2013,2010,0.7586666666666667,12,E
Pakistan,PAK,Asia,2014,2010,0.3555833333333333,12,E
Pakistan,PAK,Asia,2015,2010,0.624,12,E
Pakistan,PAK,Asia,2016,2010,1.5040000000000002,12,E
Pakistan,PAK,Asia,2017,2010,1.0955833333333334,12,E
Pakistan,PAK,Asia,2018,2010,1.4514166666666666,12,E
Pakistan,PAK,Asia,2019,2010,0.54825,12,E
Pakistan,PAK,Asia,2020,2020,0.4335,12,E
Pakistan,PAK,Asia,2021,2020,1.2057499999999999,12,E
Pakistan,PAK,Asia,2022,2020,1.4420833333333334,12,E
Pakistan,PAK,Asia,2023,2020,1.1471666666666667,12,E
Pakistan,PAK,Asia,2024,2020,1.341,12,E
Pakistan,PAK,Asia,2025,2020,1.7625833333333334,12,E
Panama,PAN,North America,1961,1960,,11,
Panama,PAN,North America,1962,1960,,11,
Panama,PAN,North America,1963,1960,,11,
Panama,PAN,North America,1964,1960,,10,
Panama,PAN,North America,1965,1960,-0.17558333333333334,12,E
Panama,PAN,North America,1966,1960,-0.004833333333333334,12,E
Panama,PAN,North America,1967,1960,-0.29133333333333333,12,E
Panama,PAN,North America,1968,1960,-0.22766666666666668,12,E
Panama,PAN,North America,1969,1960,0.21533333333333335,12,E
Panama,PAN,North America,1970,1970,0.06116666666666667,12,E
Panama,PAN,North America,1971,1970,-0.389,12,E
Panama,PAN,North America,1972,1970,0.224,12,E
Panama,PAN,North America,1973,1970,0.035,12,E
Panama,PAN,North America,1974,1970,-0.3468333333333333,12,E
Panama,PAN,North America,1975,1970,-0.36000000000000004,12,E
Panama,PAN,North America,1976,1970,0.06283333333333334,12,E
Panama,PAN,North America,1977,1970,0.3076666666666667,12,E
Panama,PAN,North America,1978,1970,0.16416666666666668,12,E
Panama,PAN,North America,1979,1970,0.2625,12,E
Panama,PAN,North America,1980,1980,0.5095833333333334,12,E
Panama,PAN,North America,1981,1980,0.33825,12,E
Panama,PAN,North America,1982,1980,0.3443333333333333,12,E
Panama,PAN,North America,1983,1980,0.9235833333333333,12,E
Panama,PAN,North America,1984,1980,-0.018250000000000006,12,E
Panama,PAN,North America,1985,1980,-0.07350000000000001,12,E
Panama,PAN,North America,1986,1980,0.21833333333333335,12,E
Panama,PAN,North America,1987,1980,0.7410833333333334,12,E
Panama,PAN,North America,1988,1980,0.22291666666666665,12,E
Panama,PAN,North America,1989,1980,0.16541666666666668,12,E
Panama,PAN,North America,1990,1990,0.4644166666666667,12,E
Panama,PAN,North America,1991,1990,0.5319166666666667,12,E
Panama,PAN,North America,1992,1990,0.41558333333333336,12,E
Panama,PAN,North America,1993,1990,0.5560833333333334,12,E
Panama,PAN,North America,1994,1990,0.345,12,E
Panama,PAN,North America,1995,1990,0.5940833333333333,12,E
Panama,PAN,North America,1996,1990,0.3345,12,E
Panama,PAN,North America,1997,1990,0.7506666666666666,12,E
Panama,PAN,North America,1998,1990,0.9909166666666667,12,E
Panama,PAN,North America,1999,1990,-0.03466666666666667,12,E
Panama,PAN,North America,2000,2000,0.22116666666666665,12,E
Panama,PAN,North America,2001,2000,0.7331666666666666,12,E
Panama,PAN,North America,2002,2000,1.0105,12,E
Panama,PAN,North America,2003,2000,0.9290833333333334,12,E
Panama,PAN,North America,2004,2000,0.7791666666666667,12,E
Panama,PAN,North America,2005,2000,0.8429166666666666,12,E
Panama,PAN,North America,2006,2000,0.8224166666666667,12,E
Panama,PAN,North America,2007,2000,0.7094166666666667,12,E
Panama,PAN,North America,2008,2000,0.4781666666666667,12,E
Panama,PAN,North America,2009,2000,1.0446666666666666,12,E
Panama,PAN,North America,2010,2010,0.9306666666666666,12,E
Panama,PAN,North America,2011,2010,0.6670833333333333,12,E
Panama,PAN,North America,2012,2010,0.70425,12,E
Panama,PAN,North America,2013,2010,0.8558333333333333,12,E
Panama,PAN,North America,2014,2010,0.8713333333333333,12,E
Panama,PAN,North America,2015,2010,1.2116666666666667,12,E
Panama,PAN,North America,2016,2010,0.9769166666666665,12,E
Panama,PAN,North America,2017,2010,0.8879166666666666,12,E
Panama,PAN,North America,2018,2010,1.2701666666666667,12,E
Panama,PAN,North America,2019,2010,1.5379166666666666,12,E
Panama,PAN,North America,2020,2020,1.5491666666666666,12,E
Panama,PAN,North America,2021,2020,1.161,12,E
Panama,PAN,North America,2022,2020,0.8989166666666667,12,E
Panama,PAN,North America,2023,2020,1.7677500000000002,12,E
Panama,PAN,North America,2024,2020,1.9338333333333333,12,E
Panama,PAN,North America,2025,2020,1.8889166666666668,12,E
Pitcairn,PCN,Oceania,1961,1960,0.5776666666666667,12,E
Pitcairn,PCN,Oceania,1962,1960,0.030083333333333337,12,E
Pitcairn,PCN,Oceania,1963,1960,0.19016666666666668,12,E
Pitcairn,PCN,Oceania,1964,1960,0.33675000000000005,12,E
Pitcairn,PCN,Oceania,1965,1960,-0.014000000000000012,12,E
Pitcairn,PCN,Oceania,1966,1960,-0.31825,12,E
Pitcairn,PCN,Oceania,1967,1960,0.3425833333333333,12,E
Pitcairn,PCN,Oceania,1968,1960,-0.3015833333333333,12,E
Pitcairn,PCN,Oceania,1969,1960,-0.22566666666666668,12,E
Pitcairn,PCN,Oceania,1970,1970,0.18925,12,E
Pitcairn,PCN,Oceania,1971,1970,0.11099999999999999,12,E
Pitcairn,PCN,Oceania,1972,1970,,11,
Pitcairn,PCN,Oceania,1973,1970,-0.17566666666666664,12,E
Pitcairn,PCN,Oceania,1974,1970,-0.024916666666666674,12,E
Pitcairn,PCN,Oceania,1975,1970,0.06683333333333334,12,E
Pitcairn,PCN,Oceania,1976,1970,-0.27325,12,E
Pitcairn,PCN,Oceania,1977,1970,-0.5431666666666667,12,E
Pitcairn,PCN,Oceania,1978,1970,-0.08741666666666668,12,E
Pitcairn,PCN,Oceania,1979,1970,-0.44658333333333333,12,E
Pitcairn,PCN,Oceania,1980,1980,-0.014083333333333345,12,E
Pitcairn,PCN,Oceania,1981,1980,0.15591666666666668,12,E
Pitcairn,PCN,Oceania,1982,1980,-0.06400000000000002,12,E
Pitcairn,PCN,Oceania,1983,1980,-0.44816666666666666,12,E
Pitcairn,PCN,Oceania,1984,1980,0.29841666666666666,12,E
Pitcairn,PCN,Oceania,1985,1980,,11,
Pitcairn,PCN,Oceania,1986,1980,0.2525833333333333,12,E
Pitcairn,PCN,Oceania,1987,1980,,10,
Pitcairn,PCN,Oceania,1988,1980,0.22008333333333333,12,E
Pitcairn,PCN,Oceania,1989,1980,,11,
Pitcairn,PCN,Oceania,1990,1990,0.3184166666666666,12,E
Pitcairn,PCN,Oceania,1991,1990,-0.22816666666666666,12,E
Pitcairn,PCN,Oceania,1992,1990,-0.21908333333333332,12,E
Pitcairn,PCN,Oceania,1993,1990,,10,
Pitcairn,PCN,Oceania,1994,1990,-0.11983333333333333,12,E
Pitcairn,PCN,Oceania,1995,1990,0.0018333333333333164,12,E
Pitcairn,PCN,Oceania,1996,1990,-0.08325,12,E
Pitcairn,PCN,Oceania,1997,1990,-0.15991666666666668,12,E
Pitcairn,PCN,Oceania,1998,1990,-0.284,12,E
Pitcairn,PCN,Oceania,1999,1990,,0,
Pitcairn,PCN,Oceania,2000,2000,0.601,12,E
Pitcairn,PCN,Oceania,2001,2000,0.3085,12,E
Pitcairn,PCN,Oceania,2002,2000,0.6551666666666666,12,E
Pitcairn,PCN,Oceania,2003,2000,,9,
Pitcairn,PCN,Oceania,2004,2000,,8,
Pitcairn,PCN,Oceania,2005,2000,,11,
Pitcairn,PCN,Oceania,2006,2000,0.5950833333333333,12,E
Pitcairn,PCN,Oceania,2007,2000,,10,
Pitcairn,PCN,Oceania,2008,2000,,11,
Pitcairn,PCN,Oceania,2009,2000,,8,
Pitcairn,PCN,Oceania,2010,2010,,9,
Pitcairn,PCN,Oceania,2011,2010,,3,
Pitcairn,PCN,Oceania,2012,2010,,0,
Pitcairn,PCN,Oceania,2013,2010,,0,
Pitcairn,PCN,Oceania,2014,2010,,0,
Pitcairn,PCN,Oceania,2015,2010,,0,
Pitcairn,PCN,Oceania,2016,2010,,0,
Pitcairn,PCN,Oceania,2017,2010,,0,
Pitcairn,PCN,Oceania,2018,2010,,0,
Pitcairn,PCN,Oceania,2019,2010,,0,
Pitcairn,PCN,Oceania,2020,2020,,0,
Pitcairn,PCN,Oceania,2021,2020,,0,
Pitcairn,PCN,Oceania,2022,2020,,0,
Pitcairn,PCN,Oceania,2023,2020,,0,
Pitcairn,PCN,Oceania,2024,2020,,0,
Pitcairn,PCN,Oceania,2025,2020,,0,
Peru,PER,South America,1961,1960,-0.06475,12,E
Peru,PER,South America,1962,1960,-0.10949999999999999,12,E
Peru,PER,South America,1963,1960,0.006416666666666668,12,E
Peru,PER,South America,1964,1960,-0.28191666666666665,12,E
Peru,PER,South America,1965,1960,0.17466666666666666,12,E
Peru,PER,South America,1966,1960,0.01683333333333333,12,E
Peru,PER,South America,1967,1960,-0.24808333333333332,12,E
Peru,PER,South America,1968,1960,-0.2734166666666667,12,E
Peru,PER,South America,1969,1960,0.4431666666666667,12,E
Peru,PER,South America,1970,1970,-0.10458333333333332,12,E
Peru,PER,South America,1971,1970,-0.46925,12,E
Peru,PER,South America,1972,1970,0.40958333333333335,12,E
Peru,PER,South America,1973,1970,0.011416666666666667,12,E
Peru,PER,South America,1974,1970,-0.2545,12,E
Peru,PER,South America,1975,1970,-0.28708333333333336,12,E
Peru,PER,South America,1976,1970,0.007500000000000007,12,E
Peru,PER,South America,1977,1970,0.28558333333333336,12,E
Peru,PER,South America,1978,1970,0.10316666666666667,12,E
Peru,PER,South America,1979,1970,0.313,12,E
Peru,PER,South America,1980,1980,0.41841666666666666,12,E
Peru,PER,South America,1981,1980,0.061416666666666675,12,E
Peru,PER,South America,1982,1980,0.27358333333333335,12,E
Peru,PER,South America,1983,1980,1.2020833333333334,12,E
Peru,PER,South America,1984,1980,0.19283333333333333,12,E
Peru,PER,South America,1985,1980,0.08625,12,E
Peru,PER,South America,1986,1980,0.1688333333333333,12,E
Peru,PER,South America,1987,1980,0.9164166666666667,12,E
Peru,PER,South America,1988,1980,0.36833333333333335,12,E
Peru,PER,South America,1989,1980,0.11166666666666668,12,E
Peru,PER,South America,1990,1990,0.29741666666666666,12,E
Peru,PER,South America,1991,1990,0.5684166666666667,12,E
Peru,PER,South America,1992,1990,0.8544999999999999,12,E
Peru,PER,South America,1993,1990,0.5380833333333334,12,E
Peru,PER,South America,1994,1990,0.5179166666666667,12,E
Peru,PER,South America,1995,1990,0.68675,12,E
Peru,PER,South America,1996,1990,0.11866666666666668,12,E
Peru,PER,South America,1997,1990,0.9904166666666666,12,E
Peru,PER,South America,1998,1990,1.1892500000000001,12,E
Peru,PER,South America,1999,1990,0.18916666666666668,12,E
Peru,PER,South America,2000,2000,0.32808333333333334,12,E
Peru,PER,South America,2001,2000,0.3598333333333333,12,E
Peru,PER,South America,2002,2000,0.7400000000000001,12,E
Peru,PER,South America,2003,2000,0.6889166666666666,12,E
Peru,PER,South America,2004,2000,0.7079166666666666,12,E
Peru,PER,South America,2005,2000,0.7245,12,E
Peru,PER,South America,2006,2000,0.80375,12,E
Peru,PER,South America,2007,2000,0.42591666666666667,12,E
Peru,PER,South America,2008,2000,0.63875,12,E
Peru,PER,South America,2009,2000,0.9124166666666667,12,E
Peru,PER,South America,2010,2010,0.9713333333333334,12,E
Peru,PER,South America,2011,2010,0.8426666666666667,12,E
Peru,PER,South America,2012,2010,0.9648333333333333,12,E
Peru,PER,South America,2013,2010,0.6847500000000001,12,E
Peru,PER,South America,2014,2010,0.9482499999999999,12,E
Peru,PER,South America,2015,2010,1.3862500000000002,12,E
Peru,PER,South America,2016,2010,1.3948333333333334,12,E
Peru,PER,South America,2017,2010,1.0446666666666666,12,E
Peru,PER,South America,2018,2010,0.8033333333333333,12,E
Peru,PER,South America,2019,2010,1.1594166666666668,12,E
Peru,PER,South America,2020,2020,1.5465,12,E
Peru,PER,South America,2021,2020,1.0808333333333333,12,E
Peru,PER,South America,2022,2020,0.52025,12,E
Peru,PER,South America,2023,2020,2.0892500000000003,12,E
Peru,PER,South America,2024,2020,1.8579999999999999,12,E
Peru,PER,South America,2025,2020,1.1661666666666666,12,E
Philippines,PHL,Asia,1961,1960,-0.08391666666666665,12,E
Philippines,PHL,Asia,1962,1960,-0.14641666666666667,12,E
Philippines,PHL,Asia,1963,1960,-0.3006666666666667,12,E
Philippines,PHL,Asia,1964,1960,-0.04058333333333334,12,E
Philippines,PHL,Asia,1965,1960,-0.23299999999999998,12,E
Philippines,PHL,Asia,1966,1960,0.20358333333333334,12,E
Philippines,PHL,Asia,1967,1960,-0.23324999999999999,12,E
Philippines,PHL,Asia,1968,1960,-0.07966666666666666,12,E
Philippines,PHL,Asia,1969,1960,0.167,12,E
Philippines,PHL,Asia,1970,1970,0.21116666666666664,12,E
Philippines,PHL,Asia,1971,1970,-0.326,12,E
Philippines,PHL,Asia,1972,1970,0.04049999999999999,12,E
Philippines,PHL,Asia,1973,1970,0.22158333333333333,12,E
Philippines,PHL,Asia,1974,1970,-0.08083333333333333,12,E
Philippines,PHL,Asia,1975,1970,0.0006666666666666673,12,E
Philippines,PHL,Asia,1976,1970,-0.1045,12,E
Philippines,PHL,Asia,1977,1970,0.2688333333333333,12,E
Philippines,PHL,Asia,1978,1970,0.18933333333333333,12,E
Philippines,PHL,Asia,1979,1970,0.286,12,E
Philippines,PHL,Asia,1980,1980,0.12825,12,E
Philippines,PHL,Asia,1981,1980,0.22408333333333333,12,E
Philippines,PHL,Asia,1982,1980,0.21941666666666668,12,E
Philippines,PHL,Asia,1983,1980,0.5599166666666667,12,E
Philippines,PHL,Asia,1984,1980,0.21033333333333334,12,E
Philippines,PHL,Asia,1985,1980,0.3589166666666667,12,E
Philippines,PHL,Asia,1986,1980,0.27625,12,E
Philippines,PHL,Asia,1987,1980,0.6256666666666667,12,E
Philippines,PHL,Asia,1988,1980,0.64875,12,E
Philippines,PHL,Asia,1989,1980,0.23216666666666666,12,E
Philippines,PHL,Asia,1990,1990,0.45050000000000007,12,E
Philippines,PHL,Asia,1991,1990,0.3129166666666667,12,E
Philippines,PHL,Asia,1992,1990,0.34958333333333336,12,E
Philippines,PHL,Asia,1993,1990,0.3155833333333333,12,E
Philippines,PHL,Asia,1994,1990,0.36191666666666666,12,E
Philippines,PHL,Asia,1995,1990,0.3589166666666667,12,E
Philippines,PHL,Asia,1996,1990,0.34025,12,E
Philippines,PHL,Asia,1997,1990,0.4859166666666666,12,E
Philippines,PHL,Asia,1998,1990,1.2333333333333334,12,E
Philippines,PHL,Asia,1999,1990,0.41758333333333336,12,E
Philippines,PHL,Asia,2000,2000,0.5711666666666667,12,E
Philippines,PHL,Asia,2001,2000,0.59475,12,E
Philippines,PHL,Asia,2002,2000,0.6148333333333333,12,E
Philippines,PHL,Asia,2003,2000,0.5631666666666667,12,E
Philippines,PHL,Asia,2004,2000,0.62125,12,E
Philippines,PHL,Asia,2005,2000,0.6545833333333334,12,E
Philippines,PHL,Asia,2006,2000,0.7888333333333333,12,E
Philippines,PHL,Asia,2007,2000,0.7345,12,E
Philippines,PHL,Asia,2008,2000,0.4098333333333333,12,E
Philippines,PHL,Asia,2009,2000,0.56375,12,E
Philippines,PHL,Asia,2010,2010,0.9285833333333332,12,E
Philippines,PHL,Asia,2011,2010,0.4831666666666667,12,E
Philippines,PHL,Asia,2012,2010,0.8120833333333333,12,E
Philippines,PHL,Asia,2013,2010,0.88725,12,E
Philippines,PHL,Asia,2014,2010,0.7242500000000001,12,E
Philippines,PHL,Asia,2015,2010,1.0017500000000001,12,E
Philippines,PHL,Asia,2016,2010,1.41475,12,E
Philippines,PHL,Asia,2017,2010,0.988,12,E
Philippines,PHL,Asia,2018,2010,1.0464166666666668,12,E
Philippines,PHL,Asia,2019,2010,1.1299166666666667,12,E
Philippines,PHL,Asia,2020,2020,1.288,12,E
Philippines,PHL,Asia,2021,2020,1.10125,12,E
Philippines,PHL,Asia,2022,2020,1.1100833333333333,12,E
Philippines,PHL,Asia,2023,2020,1.3971666666666664,12,E
Philippines,PHL,Asia,2024,2020,1.36675,12,E
Philippines,PHL,Asia,2025,2020,0.8965,12,E
Palau,PLW,Oceania,1991,1990,,6,
Palau,PLW,Oceania,1992,1990,0.07316666666666667,12,E
Palau,PLW,Oceania,1993,1990,0.13816666666666666,12,E
Palau,PLW,Oceania,1994,1990,0.2131666666666667,12,E
Palau,PLW,Oceania,1995,1990,0.13149999999999998,12,E
Palau,PLW,Oceania,1996,1990,0.20233333333333334,12,E
Palau,PLW,Oceania,1997,1990,0.41733333333333333,12,E
Palau,PLW,Oceania,1998,1990,0.5321666666666667,12,E
Palau,PLW,Oceania,1999,1990,0.2828333333333333,12,E
Palau,PLW,Oceania,2000,2000,0.3116666666666667,12,E
Palau,PLW,Oceania,2001,2000,0.31325,12,E
Palau,PLW,Oceania,2002,2000,0.5245833333333333,12,E
Palau,PLW,Oceania,2003,2000,0.3000833333333333,12,E
Palau,PLW,Oceania,2004,2000,0.6305,12,E
Palau,PLW,Oceania,2005,2000,0.3601666666666667,12,E
Palau,PLW,Oceania,2006,2000,0.49025,12,E
Palau,PLW,Oceania,2007,2000,0.5738333333333333,12,E
Palau,PLW,Oceania,2008,2000,,5,
Palau,PLW,Oceania,2009,2000,0.625,12,E
Palau,PLW,Oceania,2010,2010,0.6961666666666666,12,E
Palau,PLW,Oceania,2011,2010,,8,
Palau,PLW,Oceania,2012,2010,,3,
Palau,PLW,Oceania,2013,2010,0.5700833333333334,12,E
Palau,PLW,Oceania,2014,2010,0.6036666666666667,12,E
Palau,PLW,Oceania,2015,2010,0.8628333333333332,12,E
Palau,PLW,Oceania,2016,2010,0.9205833333333334,12,E
Palau,PLW,Oceania,2017,2010,0.8985833333333333,12,E
Palau,PLW,Oceania,2018,2010,1.1415833333333334,12,E
Palau,PLW,Oceania,2019,2010,,3,
Palau,PLW,Oceania,2020,2020,1.0903333333333334,12,E
Palau,PLW,Oceania,2021,2020,,11,
Palau,PLW,Oceania,2022,2020,,11,
Palau,PLW,Oceania,2023,2020,0.7710833333333333,12,E
Palau,PLW,Oceania,2024,2020,1.2158333333333333,12,E
Palau,PLW,Oceania,2025,2020,,11,
Papua New Guinea,PNG,Oceania,1961,1960,-0.17500000000000002,12,E
Papua New Guinea,PNG,Oceania,1962,1960,0.18683333333333332,12,E
Papua New Guinea,PNG,Oceania,1963,1960,-0.032,12,E
Papua New Guinea,PNG,Oceania,1964,1960,0.04650000000000001,12,E
Papua New Guinea,PNG,Oceania,1965,1960,-0.4675,12,E
Papua New Guinea,PNG,Oceania,1966,1960,-0.11933333333333333,12,E
Papua New Guinea,PNG,Oceania,1967,1960,-0.22025000000000003,12,E
Papua New Guinea,PNG,Oceania,1968,1960,-0.06325,12,E
Papua New Guinea,PNG,Oceania,1969,1960,0.18841666666666668,12,E
Papua New Guinea,PNG,Oceania,1970,1970,0.18491666666666665,12,E
Papua New Guinea,PNG,Oceania,1971,1970,-0.00883333333333333,12,E
Papua New Guinea,PNG,Oceania,1972,1970,-0.35441666666666666,12,E
Papua New Guinea,PNG,Oceania,1973,1970,0.1835,12,E
Papua New Guinea,PNG,Oceania,1974,1970,-0.003583333333333334,12,E
Papua New Guinea,PNG,Oceania,1975,1970,0.03575,12,E
Papua New Guinea,PNG,Oceania,1976,1970,-0.29441666666666666,12,E
Papua New Guinea,PNG,Oceania,1977,1970,-0.09691666666666666,12,E
Papua New Guinea,PNG,Oceania,1978,1970,0.12241666666666667,12,E
Papua New Guinea,PNG,Oceania,1979,1970,0.10975,12,E
Papua New Guinea,PNG,Oceania,1980,1980,0.11866666666666666,12,E
Papua New Guinea,PNG,Oceania,1981,1980,0.22475,12,E
Papua New Guinea,PNG,Oceania,1982,1980,-0.12133333333333333,12,E
Papua New Guinea,PNG,Oceania,1983,1980,0.24325,12,E
Papua New Guinea,PNG,Oceania,1984,1980,0.22283333333333333,12,E
Papua New Guinea,PNG,Oceania,1985,1980,0.14416666666666667,12,E
Papua New Guinea,PNG,Oceania,1986,1980,0.20858333333333334,12,E
Papua New Guinea,PNG,Oceania,1987,1980,0.28641666666666665,12,E
Papua New Guinea,PNG,Oceania,1988,1980,0.4890833333333333,12,E
Papua New Guinea,PNG,Oceania,1989,1980,0.29441666666666666,12,E
Papua New Guinea,PNG,Oceania,1990,1990,0.31708333333333333,12,E
Papua New Guinea,PNG,Oceania,1991,1990,0.09549999999999999,12,E
Papua New Guinea,PNG,Oceania,1992,1990,0.3865,12,E
Papua New Guinea,PNG,Oceania,1993,1990,0.23108333333333334,12,E
Papua New Guinea,PNG,Oceania,1994,1990,0.16825,12,E
Papua New Guinea,PNG,Oceania,1995,1990,0.4360833333333333,12,E
Papua New Guinea,PNG,Oceania,1996,1990,0.35125,12,E
Papua New Guinea,PNG,Oceania,1997,1990,-0.051083333333333335,12,E
Papua New Guinea,PNG,Oceania,1998,1990,0.8113333333333334,12,E
Papua New Guinea,PNG,Oceania,1999,1990,0.13241666666666665,12,E
Papua New Guinea,PNG,Oceania,2000,2000,0.19425,12,E
Papua New Guinea,PNG,Oceania,2001,2000,0.3293333333333333,12,E
Papua New Guinea,PNG,Oceania,2002,2000,0.503,12,E
Papua New Guinea,PNG,Oceania,2003,2000,0.5459166666666667,12,E
Papua New Guinea,PNG,Oceania,2004,2000,0.20491666666666666,12,E
Papua New Guinea,PNG,Oceania,2005,2000,0.48308333333333336,12,E
Papua New Guinea,PNG,Oceania,2006,2000,0.1748333333333333,12,E
Papua New Guinea,PNG,Oceania,2007,2000,0.24166666666666667,12,E
Papua New Guinea,PNG,Oceania,2008,2000,0.14100000000000001,12,E
Papua New Guinea,PNG,Oceania,2009,2000,0.1925,12,E
Papua New Guinea,PNG,Oceania,2010,2010,0.7833333333333333,12,E
Papua New Guinea,PNG,Oceania,2011,2010,0.12575,12,E
Papua New Guinea,PNG,Oceania,2012,2010,0.10158333333333332,12,E
Papua New Guinea,PNG,Oceania,2013,2010,0.47533333333333333,12,E
Papua New Guinea,PNG,Oceania,2014,2010,0.26891666666666664,12,E
Papua New Guinea,PNG,Oceania,2015,2010,0.21716666666666665,12,E
Papua New Guinea,PNG,Oceania,2016,2010,0.8099166666666666,12,E
Papua New Guinea,PNG,Oceania,2017,2010,0.6666666666666666,12,E
Papua New Guinea,PNG,Oceania,2018,2010,0.4698333333333333,12,E
Papua New Guinea,PNG,Oceania,2019,2010,0.44158333333333327,12,E
Papua New Guinea,PNG,Oceania,2020,2020,0.7960833333333334,12,E
Papua New Guinea,PNG,Oceania,2021,2020,0.92975,12,E
Papua New Guinea,PNG,Oceania,2022,2020,0.945,12,E
Papua New Guinea,PNG,Oceania,2023,2020,0.5873333333333334,12,E
Papua New Guinea,PNG,Oceania,2024,2020,1.0316666666666665,12,E
Papua New Guinea,PNG,Oceania,2025,2020,0.8510833333333334,12,E
Poland,POL,Europe,1961,1960,0.8925833333333334,12,E
Poland,POL,Europe,1962,1960,-0.6394166666666666,12,E
Poland,POL,Europe,1963,1960,-0.8984166666666665,12,E
Poland,POL,Europe,1964,1960,-0.34025,12,E
Poland,POL,Europe,1965,1960,-1.0260833333333332,12,E
Poland,POL,Europe,1966,1960,0.5515,12,E
Poland,POL,Europe,1967,1960,0.9980833333333333,12,E
Poland,POL,Europe,1968,1960,0.31916666666666665,12,E
Poland,POL,Europe,1969,1960,-0.8222499999999999,12,E
Poland,POL,Europe,1970,1970,-0.6439166666666667,12,E
Poland,POL,Europe,1971,1970,0.3735833333333333,12,E
Poland,POL,Europe,1972,1970,0.27025,12,E
Poland,POL,Europe,1973,1970,0.25975,12,E
Poland,POL,Europe,1974,1970,0.8475,12,E
Poland,POL,Europe,1975,1970,1.2894999999999999,12,E
Poland,POL,Europe,1976,1970,-0.4335833333333334,12,E
Poland,POL,Europe,1977,1970,0.5081666666666668,12,E
Poland,POL,Europe,1978,1970,-0.4766666666666666,12,E
Poland,POL,Europe,1979,1970,-0.3459999999999999,12,E
Poland,POL,Europe,1980,1980,-0.9742500000000001,12,E
Poland,POL,Europe,1981,1980,0.19158333333333336,12,E
Poland,POL,Europe,1982,1980,0.7555833333333334,12,E
Poland,POL,Europe,1983,1980,1.2373333333333334,12,E
Poland,POL,Europe,1984,1980,0.22775000000000004,12,E
Poland,POL,Europe,1985,1980,-0.8249166666666667,12,E
Poland,POL,Europe,1986,1980,-0.16008333333333336,12,E
Poland,POL,Europe,1987,1980,-1.0143333333333333,12,E
Poland,POL,Europe,1988,1980,0.6439166666666667,12,E
Poland,POL,Europe,1989,1980,1.73625,12,E
Poland,POL,Europe,1990,1990,1.5941666666666665,12,E
Poland,POL,Europe,1991,1990,0.3526666666666667,12,E
Poland,POL,Europe,1992,1990,1.1815,12,E
Poland,POL,Europe,1993,1990,0.24208333333333334,12,E
Poland,POL,Europe,1994,1990,1.3101666666666667,12,E
Poland,POL,Europe,1995,1990,0.6596666666666665,12,E
Poland,POL,Europe,1996,1990,-0.8205833333333333,12,E
Poland,POL,Europe,1997,1990,0.39475,12,E
Poland,POL,Europe,1998,1990,0.7563333333333334,12,E
Poland,POL,Europe,1999,1990,1.406,12,E
Poland,POL,Europe,2000,2000,1.9849166666666667,12,E
Poland,POL,Europe,2001,2000,0.8145833333333333,12,E
Poland,POL,Europe,2002,2000,1.59525,12,E
Poland,POL,Europe,2003,2000,0.8438333333333333,12,E
Poland,POL,Europe,2004,2000,0.78475,12,E
Poland,POL,Europe,2005,2000,0.7284166666666666,12,E
Poland,POL,Europe,2006,2000,1.1736666666666666,12,E
Poland,POL,Europe,2007,2000,1.8459166666666667,12,E
Poland,POL,Europe,2008,2000,1.80375,12,E
Poland,POL,Europe,2009,2000,1.06825,12,E
Poland,POL,Europe,2010,2010,0.03925000000000001,12,E
Poland,POL,Europe,2011,2010,1.3899166666666665,12,E
Poland,POL,Europe,2012,2010,0.9584166666666666,12,E
Poland,POL,Europe,2013,2010,1.0219166666666666,12,E
Poland,POL,Europe,2014,2010,2.23475,12,E
Poland,POL,Europe,2015,2010,2.265833333333333,12,E
Poland,POL,Europe,2016,2010,1.737,12,E
Poland,POL,Europe,2017,2010,1.5428333333333333,12,E
Poland,POL,Europe,2018,2010,2.3627499999999997,12,E
Poland,POL,Europe,2019,2010,2.7619166666666666,12,E
Poland,POL,Europe,2020,2020,2.5634166666666665,12,E
Poland,POL,Europe,2021,2020,1.2150833333333333,12,E
Poland,POL,Europe,2022,2020,2.0828333333333333,12,E
Poland,POL,Europe,2023,2020,2.590333333333333,12,E
Poland,POL,Europe,2024,2020,3.3986666666666667,12,E
Poland,POL,Europe,2025,2020,2.05475,12,E
Puerto Rico,PRI,North America,1961,1960,0.009250000000000005,12,E
Puerto Rico,PRI,North America,1962,1960,-0.04566666666666667,12,E
Puerto Rico,PRI,North America,1963,1960,0.18375,12,E
Puerto Rico,PRI,North America,1964,1960,0.011333333333333325,12,E
Puerto Rico,PRI,North America,1965,1960,-0.2853333333333333,12,E
Puerto Rico,PRI,North America,1966,1960,-0.09808333333333334,12,E
Puerto Rico,PRI,North America,1967,1960,-0.33125,12,E
Puerto Rico,PRI,North America,1968,1960,-0.26591666666666663,12,E
Puerto Rico,PRI,North America,1969,1960,0.36741666666666667,12,E
Puerto Rico,PRI,North America,1970,1970,0.011250000000000008,12,E
Puerto Rico,PRI,North America,1971,1970,-0.3411666666666667,12,E
Puerto Rico,PRI,North America,1972,1970,-0.027583333333333335,12,E
Puerto Rico,PRI,North America,1973,1970,0.09649999999999999,12,E
Puerto Rico,PRI,North America,1974,1970,-0.35391666666666666,12,E
Puerto Rico,PRI,North America,1975,1970,-0.27158333333333334,12,E
Puerto Rico,PRI,North America,1976,1970,-0.3496666666666666,12,E
Puerto Rico,PRI,North America,1977,1970,0.1895,12,E
Puerto Rico,PRI,North America,1978,1970,0.24175000000000002,12,E
Puerto Rico,PRI,North America,1979,1970,0.12658333333333335,12,E
Puerto Rico,PRI,North America,1980,1980,0.6325833333333334,12,E
Puerto Rico,PRI,North America,1981,1980,0.5255833333333334,12,E
Puerto Rico,PRI,North America,1982,1980,0.07075,12,E
Puerto Rico,PRI,North America,1983,1980,0.6045833333333334,12,E
Puerto Rico,PRI,North America,1984,1980,0.05858333333333334,12,E
Puerto Rico,PRI,North America,1985,1980,-0.027333333333333334,12,E
Puerto Rico,PRI,North America,1986,1980,0.13483333333333333,12,E
Puerto Rico,PRI,North America,1987,1980,0.7035833333333333,12,E
Puerto Rico,PRI,North America,1988,1980,0.38833333333333336,12,E
Puerto Rico,PRI,North America,1989,1980,0.08641666666666666,12,E
Puerto Rico,PRI,North America,1990,1990,0.4126666666666667,12,E
Puerto Rico,PRI,North America,1991,1990,0.32633333333333336,12,E
Puerto Rico,PRI,North America,1992,1990,0.3133333333333333,12,E
Puerto Rico,PRI,North America,1993,1990,0.4915,12,E
Puerto Rico,PRI,North America,1994,1990,0.5524166666666667,12,E
Puerto Rico,PRI,North America,1995,1990,0.6253333333333333,12,E
Puerto Rico,PRI,North America,1996,1990,0.20458333333333334,12,E
Puerto Rico,PRI,North America,1997,1990,0.726,12,E
Puerto Rico,PRI,North America,1998,1990,1.1010833333333332,12,E
Puerto Rico,PRI,North America,1999,1990,0.45875,12,E
Puerto Rico,PRI,North America,2000,2000,0.25325,12,E
Puerto Rico,PRI,North America,2001,2000,0.6695000000000001,12,E
Puerto Rico,PRI,North America,2002,2000,0.8303333333333334,12,E
Puerto Rico,PRI,North America,2003,2000,0.9043333333333333,12,E
Puerto Rico,PRI,North America,2004,2000,0.45733333333333337,12,E
Puerto Rico,PRI,North America,2005,2000,0.80125,12,E
Puerto Rico,PRI,North America,2006,2000,0.8178333333333333,12,E
Puerto Rico,PRI,North America,2007,2000,0.8895,12,E
Puerto Rico,PRI,North America,2008,2000,0.3818333333333333,12,E
Puerto Rico,PRI,North America,2009,2000,0.5934166666666667,12,E
Puerto Rico,PRI,North America,2010,2010,0.8983333333333333,12,E
Puerto Rico,PRI,North America,2011,2010,0.4355,12,E
Puerto Rico,PRI,North America,2012,2010,0.6663333333333333,12,E
Puerto Rico,PRI,North America,2013,2010,0.6251666666666666,12,E
Puerto Rico,PRI,North America,2014,2010,0.7006666666666667,12,E
Puerto Rico,PRI,North America,2015,2010,1.0336666666666667,12,E
Puerto Rico,PRI,North America,2016,2010,1.0262499999999999,12,E
Puerto Rico,PRI,North America,2017,2010,0.8535833333333334,12,E
Puerto Rico,PRI,North America,2018,2010,0.6003333333333333,12,E
Puerto Rico,PRI,North America,2019,2010,0.89,12,E
Puerto Rico,PRI,North America,2020,2020,1.1705833333333333,12,E
Puerto Rico,PRI,North America,2021,2020,0.8119999999999999,12,E
Puerto Rico,PRI,North America,2022,2020,0.6884166666666666,12,E
Puerto Rico,PRI,North America,2023,2020,1.2860833333333332,12,E
Puerto Rico,PRI,North America,2024,2020,1.5911666666666668,12,E
Puerto Rico,PRI,North America,2025,2020,1.114,12,E
North Korea,PRK,Asia,1961,1960,0.7140833333333333,12,E
North Korea,PRK,Asia,1962,1960,0.02566666666666667,12,E
North Korea,PRK,Asia,1963,1960,-0.20566666666666666,12,E
North Korea,PRK,Asia,1964,1960,0.14708333333333332,12,E
North Korea,PRK,Asia,1965,1960,-0.389,12,E
North Korea,PRK,Asia,1966,1960,-0.1781666666666667,12,E
North Korea,PRK,Asia,1967,1960,-0.018166666666666664,12,E
North Korea,PRK,Asia,1968,1960,0.09674999999999996,12,E
North Korea,PRK,Asia,1969,1960,-0.8856666666666667,12,E
North Korea,PRK,Asia,1970,1970,-0.3451666666666666,12,E
North Korea,PRK,Asia,1971,1970,-0.2505833333333333,12,E
North Korea,PRK,Asia,1972,1970,-0.010666666666666658,12,E
North Korea,PRK,Asia,1973,1970,0.40258333333333335,12,E
North Korea,PRK,Asia,1974,1970,-0.38033333333333336,12,E
North Korea,PRK,Asia,1975,1970,0.886,12,E
North Korea,PRK,Asia,1976,1970,-0.23183333333333334,12,E
North Korea,PRK,Asia,1977,1970,0.4313333333333333,12,E
North Korea,PRK,Asia,1978,1970,0.6215833333333333,12,E
North Korea,PRK,Asia,1979,1970,0.7691666666666667,12,E
North Korea,PRK,Asia,1980,1980,-0.45075,12,E
North Korea,PRK,Asia,1981,1980,-0.19433333333333333,12,E
North Korea,PRK,Asia,1982,1980,0.8286666666666668,12,E
North Korea,PRK,Asia,1983,1980,0.6075833333333334,12,E
North Korea,PRK,Asia,1984,1980,-0.14083333333333334,12,E
North Korea,PRK,Asia,1985,1980,-0.06558333333333333,12,E
North Korea,PRK,Asia,1986,1980,-0.24133333333333332,12,E
North Korea,PRK,Asia,1987,1980,0.19383333333333333,12,E
North Korea,PRK,Asia,1988,1980,0.5268333333333333,12,E
North Korea,PRK,Asia,1989,1980,1.3179166666666668,12,E
North Korea,PRK,Asia,1990,1990,1.3174166666666667,12,E
North Korea,PRK,Asia,1991,1990,0.661,12,E
North Korea,PRK,Asia,1992,1990,0.7839999999999999,12,E
North Korea,PRK,Asia,1993,1990,0.46408333333333335,12,E
North Korea,PRK,Asia,1994,1990,1.4580833333333334,12,E
North Korea,PRK,Asia,1995,1990,0.7012499999999999,12,E
North Korea,PRK,Asia,1996,1990,0.42408333333333337,12,E
North Korea,PRK,Asia,1997,1990,0.9528333333333334,12,E
North Korea,PRK,Asia,1998,1990,1.88225,12,E
North Korea,PRK,Asia,1999,1990,1.3984166666666666,12,E
North Korea,PRK,Asia,2000,2000,0.588,12,E
North Korea,PRK,Asia,2001,2000,0.8656666666666667,12,E
North Korea,PRK,Asia,2002,2000,0.9611666666666667,12,E
North Korea,PRK,Asia,2003,2000,1.0955833333333334,12,E
North Korea,PRK,Asia,2004,2000,1.5947500000000001,12,E
North Korea,PRK,Asia,2005,2000,0.5465833333333333,12,E
North Korea,PRK,Asia,2006,2000,1.15775,12,E
North Korea,PRK,Asia,2007,2000,1.7070833333333333,12,E
North Korea,PRK,Asia,2008,2000,1.4601666666666666,12,E
North Korea,PRK,Asia,2009,2000,0.9799166666666667,12,E
North Korea,PRK,Asia,2010,2010,0.4875833333333333,12,E
North Korea,PRK,Asia,2011,2010,0.5577500000000001,12,E
North Korea,PRK,Asia,2012,2010,0.2544166666666667,12,E
North Korea,PRK,Asia,2013,2010,0.6893333333333334,12,E
North Korea,PRK,Asia,2014,2010,1.4946666666666666,12,E
North Korea,PRK,Asia,2015,2010,1.7341666666666669,12,E
North Korea,PRK,Asia,2016,2010,1.60675,12,E
North Korea,PRK,Asia,2017,2010,1.5636666666666665,12,E
North Korea,PRK,Asia,2018,2010,1.1775833333333334,12,E
North Korea,PRK,Asia,2019,2010,2.1638333333333333,12,E
North Korea,PRK,Asia,2020,2020,1.9948333333333335,12,E
North Korea,PRK,Asia,2021,2020,2.1175,12,E
North Korea,PRK,Asia,2022,2020,1.5539166666666666,12,E
North Korea,PRK,Asia,2023,2020,2.387,12,E
North Korea,PRK,Asia,2024,2020,2.919833333333333,12,E
North Korea,PRK,Asia,2025,2020,2.2062500000000003,12,E
Portugal,PRT,Europe,1961,1960,1.05975,12,E
Portugal,PRT,Europe,1962,1960,0.33033333333333337,12,E
Portugal,PRT,Europe,1963,1960,-0.03508333333333332,12,E
Portugal,PRT,Europe,1964,1960,0.42924999999999996,12,E
Portugal,PRT,Europe,1965,1960,-0.028999999999999988,12,E
Portugal,PRT,Europe,1966,1960,0.19999999999999998,12,E
Portugal,PRT,Europe,1967,1960,-0.11116666666666668,12,E
Portugal,PRT,Europe,1968,1960,0.14008333333333334,12,E
Portugal,PRT,Europe,1969,1960,-0.4635833333333334,12,E
Portugal,PRT,Europe,1970,1970,-0.050583333333333313,12,E
Portugal,PRT,Europe,1971,1970,-0.6379166666666667,12,E
Portugal,PRT,Europe,1972,1970,-0.94225,12,E
Portugal,PRT,Europe,1973,1970,-0.18758333333333332,12,E
Portugal,PRT,Europe,1974,1970,-0.3104166666666667,12,E
Portugal,PRT,Europe,1975,1970,-0.2788333333333333,12,E
Portugal,PRT,Europe,1976,1970,-0.16316666666666668,12,E
Portugal,PRT,Europe,1977,1970,-0.17425,12,E
Portugal,PRT,Europe,1978,1970,0.09733333333333333,12,E
Portugal,PRT,Europe,1979,1970,0.027166666666666645,12,E
Portugal,PRT,Europe,1980,1980,0.08041666666666669,12,E
Portugal,PRT,Europe,1981,1980,0.77225,12,E
Portugal,PRT,Europe,1982,1980,0.3535,12,E
Portugal,PRT,Europe,1983,1980,0.36674999999999996,12,E
Portugal,PRT,Europe,1984,1980,-0.1433333333333333,12,E
Portugal,PRT,Europe,1985,1980,0.46525,12,E
Portugal,PRT,Europe,1986,1980,0.0010000000000000193,12,E
Portugal,PRT,Europe,1987,1980,0.8884166666666667,12,E
Portugal,PRT,Europe,1988,1980,0.37908333333333327,12,E
Portugal,PRT,Europe,1989,1980,1.3595,12,E
Portugal,PRT,Europe,1990,1990,1.0445833333333334,12,E
Portugal,PRT,Europe,1991,1990,0.5091666666666667,12,E
Portugal,PRT,Europe,1992,1990,0.40058333333333335,12,E
Portugal,PRT,Europe,1993,1990,-0.24625,12,E
Portugal,PRT,Europe,1994,1990,0.6910833333333333,12,E
Portugal,PRT,Europe,1995,1990,1.68825,12,E
Portugal,PRT,Europe,1996,1990,0.6120833333333333,12,E
Portugal,PRT,Europe,1997,1990,1.59875,12,E
Portugal,PRT,Europe,1998,1990,1.0150833333333333,12,E
Portugal,PRT,Europe,1999,1990,0.665,12,E
Portugal,PRT,Europe,2000,2000,0.71975,12,E
Portugal,PRT,Europe,2001,2000,0.8410833333333333,12,E
Portugal,PRT,Europe,2002,2000,0.9133333333333334,12,E
Portugal,PRT,Europe,2003,2000,1.25075,12,E
Portugal,PRT,Europe,2004,2000,0.90775,12,E
Portugal,PRT,Europe,2005,2000,0.9658333333333333,12,E
Portugal,PRT,Europe,2006,2000,1.5015,12,E
Portugal,PRT,Europe,2007,2000,0.7327499999999999,12,E
Portugal,PRT,Europe,2008,2000,0.5946666666666667,12,E
Portugal,PRT,Europe,2009,2000,1.4115,12,E
Portugal,PRT,Europe,2010,2010,1.0626666666666666,12,E
Portugal,PRT,Europe,2011,2010,1.5907499999999999,12,E
Portugal,PRT,Europe,2012,2010,0.8020833333333334,12,E
Portugal,PRT,Europe,2013,2010,0.83575,12,E
Portugal,PRT,Europe,2014,2010,1.3021666666666667,12,E
Portugal,PRT,Europe,2015,2010,1.6423333333333332,12,E
Portugal,PRT,Europe,2016,2010,1.5266666666666666,12,E
Portugal,PRT,Europe,2017,2010,1.9973333333333334,12,E
Portugal,PRT,Europe,2018,2010,0.9403333333333334,12,E
Portugal,PRT,Europe,2019,2010,1.2756666666666667,12,E
Portugal,PRT,Europe,2020,2020,1.827,12,E
Portugal,PRT,Europe,2021,2020,1.2843333333333333,12,E
Portugal,PRT,Europe,2022,2020,2.2680833333333332,12,E
Portugal,PRT,Europe,2023,2020,2.241,12,E
Portugal,PRT,Europe,2024,2020,2.096,12,E
Portugal,PRT,Europe,2025,2020,2.1414166666666667,12,E
Paraguay,PRY,South America,1961,1960,0.5095833333333334,12,E
Paraguay,PRY,South America,1962,1960,-0.6235,12,E
Paraguay,PRY,South America,1963,1960,0.79575,12,E
Paraguay,PRY,South America,1964,1960,-0.4575,12,E
Paraguay,PRY,South America,1965,1960,-0.026999999999999972,12,E
Paraguay,PRY,South America,1966,1960,-0.008416666666666678,12,E
Paraguay,PRY,South America,1967,1960,0.5198333333333333,12,E
Paraguay,PRY,South America,1968,1960,-0.0735,12,E
Paraguay,PRY,South America,1969,1960,0.3333333333333333,12,E
Paraguay,PRY,South America,1970,1970,0.383,12,E
Paraguay,PRY,South America,1971,1970,-0.4349166666666667,12,E
Paraguay,PRY,South America,1972,1970,0.38633333333333336,12,E
Paraguay,PRY,South America,1973,1970,0.10283333333333333,12,E
Paraguay,PRY,South America,1974,1970,-0.1668333333333333,12,E
Paraguay,PRY,South America,1975,1970,0.01683333333333333,12,E
Paraguay,PRY,South America,1976,1970,-0.3746666666666667,12,E
Paraguay,PRY,South America,1977,1970,0.8425833333333332,12,E
Paraguay,PRY,South America,1978,1970,0.7005,12,E
Paraguay,PRY,South America,1979,1970,0.1208333333333333,12,E
Paraguay,PRY,South America,1980,1980,0.29633333333333334,12,E
Paraguay,PRY,South America,1981,1980,0.4133333333333333,12,E
Paraguay,PRY,South America,1982,1980,0.44908333333333333,12,E
Paraguay,PRY,South America,1983,1980,-0.14925000000000002,12,E
Paraguay,PRY,South America,1984,1980,0.35200000000000004,12,E
Paraguay,PRY,South America,1985,1980,0.7370833333333334,12,E
Paraguay,PRY,South America,1986,1980,0.73725,12,E
Paraguay,PRY,South America,1987,1980,0.17174999999999999,12,E
Paraguay,PRY,South America,1988,1980,0.16449999999999998,12,E
Paraguay,PRY,South America,1989,1980,-0.09249999999999999,12,E
Paraguay,PRY,South America,1990,1990,0.12666666666666668,12,E
Paraguay,PRY,South America,1991,1990,0.7806666666666667,12,E
Paraguay,PRY,South America,1992,1990,-0.3336666666666666,12,E
Paraguay,PRY,South America,1993,1990,0.3326666666666667,12,E
Paraguay,PRY,South America,1994,1990,1.0775,12,E
Paraguay,PRY,South America,1995,1990,0.5454166666666667,12,E
Paraguay,PRY,South America,1996,1990,0.19199999999999998,12,E
Paraguay,PRY,South America,1997,1990,1.0726666666666667,12,E
Paraguay,PRY,South America,1998,1990,0.1753333333333333,12,E
Paraguay,PRY,South America,1999,1990,0.21199999999999997,12,E
Paraguay,PRY,South America,2000,2000,0.14925000000000002,12,E
Paraguay,PRY,South America,2001,2000,0.73775,12,E
Paraguay,PRY,South America,2002,2000,1.3175833333333333,12,E
Paraguay,PRY,South America,2003,2000,0.7226666666666667,12,E
Paraguay,PRY,South America,2004,2000,0.4975,12,E
Paraguay,PRY,South America,2005,2000,0.6870833333333333,12,E
Paraguay,PRY,South America,2006,2000,1.0899166666666666,12,E
Paraguay,PRY,South America,2007,2000,0.2936666666666667,12,E
Paraguay,PRY,South America,2008,2000,0.44908333333333333,12,E
Paraguay,PRY,South America,2009,2000,1.02625,12,E
Paraguay,PRY,South America,2010,2010,0.5153333333333333,12,E
Paraguay,PRY,South America,2011,2010,0.6179166666666667,12,E
Paraguay,PRY,South America,2012,2010,1.1096666666666668,12,E
Paraguay,PRY,South America,2013,2010,0.47266666666666673,12,E
Paraguay,PRY,South America,2014,2010,1.2098333333333333,12,E
Paraguay,PRY,South America,2015,2010,1.6799166666666665,12,E
Paraguay,PRY,South America,2016,2010,0.3146666666666667,12,E
Paraguay,PRY,South America,2017,2010,1.331,12,E
Paraguay,PRY,South America,2018,2010,0.6291666666666667,12,E
Paraguay,PRY,South America,2019,2010,1.3703333333333332,12,E
Paraguay,PRY,South America,2020,2020,1.5993333333333333,12,E
Paraguay,PRY,South America,2021,2020,0.9315833333333333,12,E
Paraguay,PRY,South America,2022,2020,0.8203333333333332,12,E
Paraguay,PRY,South America,2023,2020,1.9749166666666669,12,E
Paraguay,PRY,South America,2024,2020,1.8831666666666667,12,E
Paraguay,PRY,South America,2025,2020,0.7649166666666667,12,E
Palestine,PSE,Asia,1961,1960,-0.37316666666666665,12,E
Palestine,PSE,Asia,1962,1960,0.9446666666666667,12,E
Palestine,PSE,Asia,1963,1960,0.7443333333333334,12,E
Palestine,PSE,Asia,1964,1960,-0.5985833333333334,12,E
Palestine,PSE,Asia,1965,1960,0.0009166666666666675,12,E
Palestine,PSE,Asia,1966,1960,0.6539166666666666,12,E
Palestine,PSE,Asia,1967,1960,-0.9401666666666667,12,E
Palestine,PSE,Asia,1968,1960,-0.04558333333333333,12,E
Palestine,PSE,Asia,1969,1960,0.2930833333333333,12,E
Palestine,PSE,Asia,1970,1970,0.014750000000000004,12,E
Palestine,PSE,Asia,1971,1970,-0.3333333333333333,12,E
Palestine,PSE,Asia,1972,1970,-0.50725,12,E
Palestine,PSE,Asia,1973,1970,-0.2560833333333334,12,E
Palestine,PSE,Asia,1974,1970,-0.3356666666666667,12,E
Palestine,PSE,Asia,1975,1970,-0.359,12,E
Palestine,PSE,Asia,1976,1970,-0.41291666666666665,12,E
Palestine,PSE,Asia,1977,1970,-0.12566666666666668,12,E
Palestine,PSE,Asia,1978,1970,0.06816666666666667,12,E
Palestine,PSE,Asia,1979,1970,0.51775,12,E
Palestine,PSE,Asia,1980,1980,-0.08816666666666666,12,E
Palestine,PSE,Asia,1981,1980,-0.12333333333333334,12,E
Palestine,PSE,Asia,1982,1980,-0.7670833333333333,12,E
Palestine,PSE,Asia,1983,1980,-0.89675,12,E
Palestine,PSE,Asia,1984,1980,-0.306,12,E
Palestine,PSE,Asia,1985,1980,0.18725000000000003,12,E
Palestine,PSE,Asia,1986,1980,-0.08674999999999998,12,E
Palestine,PSE,Asia,1987,1980,-0.12691666666666665,12,E
Palestine,PSE,Asia,1988,1980,-0.03324999999999998,12,E
Palestine,PSE,Asia,1989,1980,-0.1506666666666667,12,E
Palestine,PSE,Asia,1990,1990,0.12158333333333333,12,E
Palestine,PSE,Asia,1991,1990,0.08324999999999998,12,E
Palestine,PSE,Asia,1992,1990,-1.0048333333333332,12,E
Palestine,PSE,Asia,1993,1990,0.006500000000000006,12,E
Palestine,PSE,Asia,1994,1990,0.5401666666666666,12,E
Palestine,PSE,Asia,1995,1990,0.024916666666666653,12,E
Palestine,PSE,Asia,1996,1990,0.578,12,E
Palestine,PSE,Asia,1997,1990,-0.14416666666666667,12,E
Palestine,PSE,Asia,1998,1990,1.0214166666666666,12,E
Palestine,PSE,Asia,1999,1990,0.9344166666666668,12,E
Palestine,PSE,Asia,2000,2000,0.24891666666666667,12,E
Palestine,PSE,Asia,2001,2000,0.9310833333333334,12,E
Palestine,PSE,Asia,2002,2000,0.7829166666666666,12,E
Palestine,PSE,Asia,2003,2000,0.576,12,E
Palestine,PSE,Asia,2004,2000,0.49958333333333343,12,E
Palestine,PSE,Asia,2005,2000,0.4988333333333334,12,E
Palestine,PSE,Asia,2006,2000,0.42691666666666667,12,E
Palestine,PSE,Asia,2007,2000,0.6870833333333333,12,E
Palestine,PSE,Asia,2008,2000,0.92575,12,E
Palestine,PSE,Asia,2009,2000,0.9267500000000001,12,E
Palestine,PSE,Asia,2010,2010,2.3928333333333334,12,E
Palestine,PSE,Asia,2011,2010,0.4363333333333333,12,E
Palestine,PSE,Asia,2012,2010,1.11425,12,E
Palestine,PSE,Asia,2013,2010,0.9720833333333333,12,E
Palestine,PSE,Asia,2014,2010,1.1301666666666668,12,E
Palestine,PSE,Asia,2015,2010,1.2238333333333333,12,E
Palestine,PSE,Asia,2016,2010,1.6594166666666668,12,E
Palestine,PSE,Asia,2017,2010,1.0839999999999999,12,E
Palestine,PSE,Asia,2018,2010,1.9790833333333333,12,E
Palestine,PSE,Asia,2019,2010,1.1772500000000001,12,E
Palestine,PSE,Asia,2020,2020,1.5305833333333334,12,E
Palestine,PSE,Asia,2021,2020,1.6937499999999999,12,E
Palestine,PSE,Asia,2022,2020,1.10875,12,E
Palestine,PSE,Asia,2023,2020,1.9811666666666667,12,E
Palestine,PSE,Asia,2024,2020,1.9858333333333336,12,E
Palestine,PSE,Asia,2025,2020,1.7581666666666667,12,E
French Polynesia,PYF,Oceania,1961,1960,0.07333333333333333,12,E
French Polynesia,PYF,Oceania,1962,1960,-0.16516666666666666,12,E
French Polynesia,PYF,Oceania,1963,1960,-0.05025000000000001,12,E
French Polynesia,PYF,Oceania,1964,1960,-0.2856666666666667,12,E
French Polynesia,PYF,Oceania,1965,1960,-0.0765,12,E
French Polynesia,PYF,Oceania,1966,1960,0.009083333333333332,12,E
French Polynesia,PYF,Oceania,1967,1960,-0.3660833333333333,12,E
French Polynesia,PYF,Oceania,1968,1960,-0.46649999999999997,12,E
French Polynesia,PYF,Oceania,1969,1960,0.33391666666666664,12,E
French Polynesia,PYF,Oceania,1970,1970,0.15216666666666664,12,E
French Polynesia,PYF,Oceania,1971,1970,-0.24983333333333335,12,E
French Polynesia,PYF,Oceania,1972,1970,0.2730833333333333,12,E
French Polynesia,PYF,Oceania,1973,1970,0.3253333333333333,12,E
French Polynesia,PYF,Oceania,1974,1970,-0.31758333333333333,12,E
French Polynesia,PYF,Oceania,1975,1970,-0.18708333333333335,12,E
French Polynesia,PYF,Oceania,1976,1970,-0.12966666666666668,12,E
French Polynesia,PYF,Oceania,1977,1970,0.19491666666666665,12,E
French Polynesia,PYF,Oceania,1978,1970,-0.03158333333333333,12,E
French Polynesia,PYF,Oceania,1979,1970,0.12308333333333334,12,E
French Polynesia,PYF,Oceania,1980,1980,0.263,12,E
French Polynesia,PYF,Oceania,1981,1980,0.13016666666666668,12,E
French Polynesia,PYF,Oceania,1982,1980,0.29041666666666666,12,E
French Polynesia,PYF,Oceania,1983,1980,0.1376666666666667,12,E
French Polynesia,PYF,Oceania,1984,1980,0.21383333333333335,12,E
French Polynesia,PYF,Oceania,1985,1980,0.11391666666666667,12,E
French Polynesia,PYF,Oceania,1986,1980,0.13508333333333333,12,E
French Polynesia,PYF,Oceania,1987,1980,0.2695,12,E
French Polynesia,PYF,Oceania,1988,1980,0.18133333333333335,12,E
French Polynesia,PYF,Oceania,1989,1980,0.015250000000000005,12,E
French Polynesia,PYF,Oceania,1990,1990,0.25025000000000003,12,E
French Polynesia,PYF,Oceania,1991,1990,0.20158333333333334,12,E
French Polynesia,PYF,Oceania,1992,1990,0.16391666666666668,12,E
French Polynesia,PYF,Oceania,1993,1990,0.06774999999999999,12,E
French Polynesia,PYF,Oceania,1994,1990,0.3775,12,E
French Polynesia,PYF,Oceania,1995,1990,0.31483333333333335,12,E
French Polynesia,PYF,Oceania,1996,1990,-0.025000000000000005,12,E
French Polynesia,PYF,Oceania,1997,1990,0.19925,12,E
French Polynesia,PYF,Oceania,1998,1990,0.4871666666666667,12,E
French Polynesia,PYF,Oceania,1999,1990,0.2970833333333333,12,E
French Polynesia,PYF,Oceania,2000,2000,0.18241666666666667,12,E
French Polynesia,PYF,Oceania,2001,2000,0.32258333333333333,12,E
French Polynesia,PYF,Oceania,2002,2000,0.6570833333333334,12,E
French Polynesia,PYF,Oceania,2003,2000,0.6000833333333334,12,E
French Polynesia,PYF,Oceania,2004,2000,0.34833333333333333,12,E
French Polynesia,PYF,Oceania,2005,2000,0.53925,12,E
French Polynesia,PYF,Oceania,2006,2000,0.662,12,E
French Polynesia,PYF,Oceania,2007,2000,0.62675,12,E
French Polynesia,PYF,Oceania,2008,2000,0.2020833333333333,12,E
French Polynesia,PYF,Oceania,2009,2000,0.7119166666666668,12,E
French Polynesia,PYF,Oceania,2010,2010,0.5271666666666667,12,E
French Polynesia,PYF,Oceania,2011,2010,0.0365,12,E
French Polynesia,PYF,Oceania,2012,2010,0.5826666666666667,12,E
French Polynesia,PYF,Oceania,2013,2010,0.33525,12,E
French Polynesia,PYF,Oceania,2014,2010,0.51775,12,E
French Polynesia,PYF,Oceania,2015,2010,0.6035,12,E
French Polynesia,PYF,Oceania,2016,2010,1.0023333333333333,12,E
French Polynesia,PYF,Oceania,2017,2010,0.7545833333333333,12,E
French Polynesia,PYF,Oceania,2018,2010,0.5040833333333333,12,E
French Polynesia,PYF,Oceania,2019,2010,0.6704166666666667,12,E
French Polynesia,PYF,Oceania,2020,2020,0.694,12,E
French Polynesia,PYF,Oceania,2021,2020,0.6514166666666666,12,E
French Polynesia,PYF,Oceania,2022,2020,0.18100000000000002,12,E
French Polynesia,PYF,Oceania,2023,2020,0.9403333333333334,12,E
French Polynesia,PYF,Oceania,2024,2020,0.9385833333333333,12,E
French Polynesia,PYF,Oceania,2025,2020,0.8384999999999999,12,E
Qatar,QAT,Asia,1961,1960,-0.49633333333333335,12,E
Qatar,QAT,Asia,1962,1960,0.40775,12,E
Qatar,QAT,Asia,1963,1960,0.13091666666666665,12,E
Qatar,QAT,Asia,1964,1960,-0.5500833333333334,12,E
Qatar,QAT,Asia,1965,1960,0.41575,12,E
Qatar,QAT,Asia,1966,1960,0.321,12,E
Qatar,QAT,Asia,1967,1960,-0.6616666666666666,12,E
Qatar,QAT,Asia,1968,1960,-0.42733333333333334,12,E
Qatar,QAT,Asia,1969,1960,0.42441666666666666,12,E
Qatar,QAT,Asia,1970,1970,0.003999999999999985,12,E
Qatar,QAT,Asia,1971,1970,-0.28583333333333333,12,E
Qatar,QAT,Asia,1972,1970,-0.5288333333333334,12,E
Qatar,QAT,Asia,1973,1970,0.19824999999999995,12,E
Qatar,QAT,Asia,1974,1970,0.03608333333333333,12,E
Qatar,QAT,Asia,1975,1970,-0.25,12,E
Qatar,QAT,Asia,1976,1970,-0.41983333333333334,12,E
Qatar,QAT,Asia,1977,1970,0.40474999999999994,12,E
Qatar,QAT,Asia,1978,1970,0.19483333333333333,12,E
Qatar,QAT,Asia,1979,1970,0.7318333333333333,12,E
Qatar,QAT,Asia,1980,1980,0.5038333333333332,12,E
Qatar,QAT,Asia,1981,1980,0.7142499999999999,12,E
Qatar,QAT,Asia,1982,1980,-0.5479166666666666,12,E
Qatar,QAT,Asia,1983,1980,-0.6954166666666667,12,E
Qatar,QAT,Asia,1984,1980,-0.06808333333333333,12,E
Qatar,QAT,Asia,1985,1980,0.3965833333333333,12,E
Qatar,QAT,Asia,1986,1980,0.33708333333333335,12,E
Qatar,QAT,Asia,1987,1980,0.4655833333333333,12,E
Qatar,QAT,Asia,1988,1980,0.446,12,E
Qatar,QAT,Asia,1989,1980,-0.22958333333333333,12,E
Qatar,QAT,Asia,1990,1990,0.4925,12,E
Qatar,QAT,Asia,1991,1990,-0.26058333333333333,12,E
Qatar,QAT,Asia,1992,1990,-0.7191666666666666,12,E
Qatar,QAT,Asia,1993,1990,0.011083333333333334,12,E
Qatar,QAT,Asia,1994,1990,0.4379166666666667,12,E
Qatar,QAT,Asia,1995,1990,0.010083333333333333,12,E
Qatar,QAT,Asia,1996,1990,0.5288333333333334,12,E
Qatar,QAT,Asia,1997,1990,-0.06050000000000002,12,E
Qatar,QAT,Asia,1998,1990,1.3215000000000001,12,E
Qatar,QAT,Asia,1999,1990,1.4685,12,E
Qatar,QAT,Asia,2000,2000,0.8624166666666667,12,E
Qatar,QAT,Asia,2001,2000,1.19175,12,E
Qatar,QAT,Asia,2002,2000,1.1821666666666666,12,E
Qatar,QAT,Asia,2003,2000,1.1403333333333332,12,E
Qatar,QAT,Asia,2004,2000,1.0309166666666667,12,E
Qatar,QAT,Asia,2005,2000,1.0344166666666668,12,E
Qatar,QAT,Asia,2006,2000,1.21275,12,E
Qatar,QAT,Asia,2007,2000,1.2181666666666666,12,E
Qatar,QAT,Asia,2008,2000,1.00975,12,E
Qatar,QAT,Asia,2009,2000,1.25025,12,E
Qatar,QAT,Asia,2010,2010,1.9891666666666667,12,E
Qatar,QAT,Asia,2011,2010,1.2056666666666667,12,E
Qatar,QAT,Asia,2012,2010,1.58525,12,E
Qatar,QAT,Asia,2013,2010,1.1253333333333333,12,E
Qatar,QAT,Asia,2014,2010,1.6753333333333333,12,E
Qatar,QAT,Asia,2015,2010,1.9555833333333335,12,E
Qatar,QAT,Asia,2016,2010,1.6598333333333333,12,E
Qatar,QAT,Asia,2017,2010,1.8310833333333332,12,E
Qatar,QAT,Asia,2018,2010,2.1403333333333334,12,E
Qatar,QAT,Asia,2019,2010,1.8353333333333335,12,E
Qatar,QAT,Asia,2020,2020,1.7321666666666664,12,E
Qatar,QAT,Asia,2021,2020,2.2055000000000002,12,E
Qatar,QAT,Asia,2022,2020,1.9321666666666666,12,E
Qatar,QAT,Asia,2023,2020,2.1374999999999997,12,E
Qatar,QAT,Asia,2024,2020,2.0840833333333335,12,E
Qatar,QAT,Asia,2025,2020,1.8675833333333334,12,E
Reunion,REU,Africa,1961,1960,0.47891666666666666,12,E
Reunion,REU,Africa,1962,1960,-0.26458333333333334,12,E
Reunion,REU,Africa,1963,1960,-0.4665000000000001,12,E
Reunion,REU,Africa,1964,1960,-0.39516666666666667,12,E
Reunion,REU,Africa,1965,1960,-0.6138333333333333,12,E
Reunion,REU,Africa,1966,1960,-0.01925,12,E
Reunion,REU,Africa,1967,1960,0.28725,12,E
Reunion,REU,Africa,1968,1960,-0.3638333333333333,12,E
Reunion,REU,Africa,1969,1960,0.32,12,E
Reunion,REU,Africa,1970,1970,0.123,12,E
Reunion,REU,Africa,1971,1970,-0.3990833333333333,12,E
Reunion,REU,Africa,1972,1970,0.24149999999999996,12,E
Reunion,REU,Africa,1973,1970,0.22383333333333333,12,E
Reunion,REU,Africa,1974,1970,-0.43566666666666665,12,E
Reunion,REU,Africa,1975,1970,0.01883333333333334,12,E
Reunion,REU,Africa,1976,1970,,8,
Reunion,REU,Africa,1977,1970,0.8617500000000001,12,E
Reunion,REU,Africa,1978,1970,0.4295,12,E
Reunion,REU,Africa,1979,1970,0.5013333333333333,12,E
Reunion,REU,Africa,1980,1980,0.21983333333333333,12,E
Reunion,REU,Africa,1981,1980,,4,
Reunion,REU,Africa,1982,1980,0.1376666666666667,12,E
Reunion,REU,Africa,1983,1980,0.33616666666666667,12,E
Reunion,REU,Africa,1984,1980,-0.11866666666666666,12,E
Reunion,REU,Africa,1985,1980,,11,
Reunion,REU,Africa,1986,1980,0.26333333333333336,12,E
Reunion,REU,Africa,1987,1980,0.7827500000000001,12,E
Reunion,REU,Africa,1988,1980,0.5754166666666667,12,E
Reunion,REU,Africa,1989,1980,0.3681666666666667,12,E
Reunion,REU,Africa,1990,1990,,10,
Reunion,REU,Africa,1991,1990,0.4618333333333333,12,E
Reunion,REU,Africa,1992,1990,0.4979166666666666,12,E
Reunion,REU,Africa,1993,1990,0.40891666666666665,12,E
Reunion,REU,Africa,1994,1990,0.6374166666666666,12,E
Reunion,REU,Africa,1995,1990,0.36425,12,E
Reunion,REU,Africa,1996,1990,0.28858333333333336,12,E
Reunion,REU,Africa,1997,1990,0.42808333333333337,12,E
Reunion,REU,Africa,1998,1990,1.0675833333333333,12,E
Reunion,REU,Africa,1999,1990,0.51525,12,E
Reunion,REU,Africa,2000,2000,0.68375,12,E
Reunion,REU,Africa,2001,2000,0.9905833333333334,12,E
Reunion,REU,Africa,2002,2000,0.7340833333333333,12,E
Reunion,REU,Africa,2003,2000,0.8209166666666666,12,E
Reunion,REU,Africa,2004,2000,,5,
Reunion,REU,Africa,2005,2000,,3,
Reunion,REU,Africa,2006,2000,0.54075,12,E
Reunion,REU,Africa,2007,2000,0.6425833333333334,12,E
Reunion,REU,Africa,2008,2000,0.5385833333333333,12,E
Reunion,REU,Africa,2009,2000,1.0645833333333334,12,E
Reunion,REU,Africa,2010,2010,0.9072499999999999,12,E
Reunion,REU,Africa,2011,2010,0.9665833333333333,12,E
Reunion,REU,Africa,2012,2010,1.1859166666666667,12,E
Reunion,REU,Africa,2013,2010,,3,
Reunion,REU,Africa,2014,2010,,0,
Reunion,REU,Africa,2015,2010,,11,
Reunion,REU,Africa,2016,2010,1.0425833333333334,12,E
Reunion,REU,Africa,2017,2010,1.5519999999999998,12,E
Reunion,REU,Africa,2018,2010,1.2905,12,E
Reunion,REU,Africa,2019,2010,1.8081666666666667,12,E
Reunion,REU,Africa,2020,2020,1.0216666666666667,12,E
Reunion,REU,Africa,2021,2020,1.3518333333333334,12,E
Reunion,REU,Africa,2022,2020,0.9528333333333334,12,E
Reunion,REU,Africa,2023,2020,1.7288333333333332,12,E
Reunion,REU,Africa,2024,2020,1.5415,12,E
Reunion,REU,Africa,2025,2020,1.7349166666666667,12,E
Romania,ROU,Europe,1961,1960,0.5919166666666668,12,E
Romania,ROU,Europe,1962,1960,-0.00708333333333333,12,E
Romania,ROU,Europe,1963,1960,-0.2844166666666666,12,E
Romania,ROU,Europe,1964,1960,-0.4354166666666666,12,E
Romania,ROU,Europe,1965,1960,-0.61675,12,E
Romania,ROU,Europe,1966,1960,0.9354999999999999,12,E
Romania,ROU,Europe,1967,1960,0.23324999999999996,12,E
Romania,ROU,Europe,1968,1960,0.395,12,E
Romania,ROU,Europe,1969,1960,-0.5148333333333334,12,E
Romania,ROU,Europe,1970,1970,0.11391666666666668,12,E
Romania,ROU,Europe,1971,1970,0.05999999999999997,12,E
Romania,ROU,Europe,1972,1970,0.28991666666666666,12,E
Romania,ROU,Europe,1973,1970,-0.3205,12,E
Romania,ROU,Europe,1974,1970,0.1430833333333333,12,E
Romania,ROU,Europe,1975,1970,0.6779166666666668,12,E
Romania,ROU,Europe,1976,1970,-0.77975,12,E
Romania,ROU,Europe,1977,1970,0.3113333333333333,12,E
Romania,ROU,Europe,1978,1970,-0.5851666666666667,12,E
Romania,ROU,Europe,1979,1970,0.3765833333333333,12,E
Romania,ROU,Europe,1980,1980,-0.8715833333333333,12,E
Romania,ROU,Europe,1981,1980,0.10516666666666667,12,E
Romania,ROU,Europe,1982,1980,0.1695,12,E
Romania,ROU,Europe,1983,1980,0.5351666666666667,12,E
Romania,ROU,Europe,1984,1980,-0.15133333333333332,12,E
Romania,ROU,Europe,1985,1980,-0.8870833333333333,12,E
Romania,ROU,Europe,1986,1980,0.11358333333333333,12,E
Romania,ROU,Europe,1987,1980,-0.549,12,E
Romania,ROU,Europe,1988,1980,0.11641666666666667,12,E
Romania,ROU,Europe,1989,1980,0.8360833333333333,12,E
Romania,ROU,Europe,1990,1990,1.1308333333333334,12,E
Romania,ROU,Europe,1991,1990,-0.22916666666666663,12,E
Romania,ROU,Europe,1992,1990,0.524,12,E
Romania,ROU,Europe,1993,1990,-0.08641666666666668,12,E
Romania,ROU,Europe,1994,1990,1.6027500000000001,12,E
Romania,ROU,Europe,1995,1990,0.32558333333333334,12,E
Romania,ROU,Europe,1996,1990,-0.3194166666666667,12,E
Romania,ROU,Europe,1997,1990,-0.2690000000000001,12,E
Romania,ROU,Europe,1998,1990,0.41291666666666665,12,E
Romania,ROU,Europe,1999,1990,1.0933333333333333,12,E
Romania,ROU,Europe,2000,2000,1.4969166666666667,12,E
Romania,ROU,Europe,2001,2000,0.9329999999999999,12,E
Romania,ROU,Europe,2002,2000,1.3856666666666666,12,E
Romania,ROU,Europe,2003,2000,0.44183333333333336,12,E
Romania,ROU,Europe,2004,2000,0.6906666666666667,12,E
Romania,ROU,Europe,2005,2000,0.2569166666666667,12,E
Romania,ROU,Europe,2006,2000,0.6290833333333333,12,E
Romania,ROU,Europe,2007,2000,1.8905833333333335,12,E
Romania,ROU,Europe,2008,2000,1.5737500000000002,12,E
Romania,ROU,Europe,2009,2000,1.5148333333333335,12,E
Romania,ROU,Europe,2010,2010,1.0368333333333333,12,E
Romania,ROU,Europe,2011,2010,0.7384166666666667,12,E
Romania,ROU,Europe,2012,2010,1.5201666666666667,12,E
Romania,ROU,Europe,2013,2010,1.5186666666666666,12,E
Romania,ROU,Europe,2014,2010,1.65125,12,E
Romania,ROU,Europe,2015,2010,1.8894166666666667,12,E
Romania,ROU,Europe,2016,2010,1.5153333333333334,12,E
Romania,ROU,Europe,2017,2010,1.45425,12,E
Romania,ROU,Europe,2018,2010,1.9845833333333334,12,E
Romania,ROU,Europe,2019,2010,2.4825833333333334,12,E
Romania,ROU,Europe,2020,2020,2.2369166666666667,12,E
Romania,ROU,Europe,2021,2020,1.22,12,E
Romania,ROU,Europe,2022,2020,2.001916666666667,12,E
Romania,ROU,Europe,2023,2020,2.6846666666666668,12,E
Romania,ROU,Europe,2024,2020,3.1772500000000004,12,E
Romania,ROU,Europe,2025,2020,2.0489166666666665,12,E
Russia,RUS,Europe,1992,1990,0.5276666666666666,12,E
Russia,RUS,Europe,1993,1990,0.769,12,E
Russia,RUS,Europe,1994,1990,0.5491666666666667,12,E
Russia,RUS,Europe,1995,1990,2.2863333333333333,12,E
Russia,RUS,Europe,1996,1990,0.6942499999999999,12,E
Russia,RUS,Europe,1997,1990,1.1338333333333332,12,E
Russia,RUS,Europe,1998,1990,0.1728333333333333,12,E
Russia,RUS,Europe,1999,1990,0.5936666666666667,12,E
Russia,RUS,Europe,2000,2000,0.93675,12,E
Russia,RUS,Europe,2001,2000,0.9369166666666667,12,E
Russia,RUS,Europe,2002,2000,1.3173333333333335,12,E
Russia,RUS,Europe,2003,2000,1.5847499999999999,12,E
Russia,RUS,Europe,2004,2000,0.9954166666666667,12,E
Russia,RUS,Europe,2005,2000,1.9023333333333332,12,E
Russia,RUS,Europe,2006,2000,0.7249166666666667,12,E
Russia,RUS,Europe,2007,2000,2.456583333333333,12,E
Russia,RUS,Europe,2008,2000,2.1296666666666666,12,E
Russia,RUS,Europe,2009,2000,0.8491666666666666,12,E
Russia,RUS,Europe,2010,2010,0.96075,12,E
Russia,RUS,Europe,2011,2010,2.0078333333333336,12,E
Russia,RUS,Europe,2012,2010,1.55075,12,E
Russia,RUS,Europe,2013,2010,1.6901666666666666,12,E
Russia,RUS,Europe,2014,2010,1.5567499999999999,12,E
Russia,RUS,Europe,2015,2010,2.3451666666666666,12,E
Russia,RUS,Europe,2016,2010,2.169166666666667,12,E
Russia,RUS,Europe,2017,2010,2.3808333333333334,12,E
Russia,RUS,Europe,2018,2010,1.806,12,E
Russia,RUS,Europe,2019,2010,2.3528333333333333,12,E
Russia,RUS,Europe,2020,2020,3.5528333333333335,12,E
Russia,RUS,Europe,2021,2020,1.5779166666666669,12,E
Russia,RUS,Europe,2022,2020,2.4034166666666668,12,E
Russia,RUS,Europe,2023,2020,2.402083333333333,12,E
Russia,RUS,Europe,2024,2020,2.6420833333333333,12,E
Russia,RUS,Europe,2025,2020,2.626333333333333,12,E
Rwanda,RWA,Africa,1961,1960,-0.085,12,E
Rwanda,RWA,Africa,1962,1960,-0.3834166666666667,12,E
Rwanda,RWA,Africa,1963,1960,-0.1728333333333333,12,E
Rwanda,RWA,Africa,1964,1960,-0.29716666666666663,12,E
Rwanda,RWA,Africa,1965,1960,-0.2265,12,E
Rwanda,RWA,Africa,1966,1960,0.03316666666666667,12,E
Rwanda,RWA,Africa,1967,1960,-0.19675,12,E
Rwanda,RWA,Africa,1968,1960,-0.07175,12,E
Rwanda,RWA,Africa,1969,1960,0.19425,12,E
Rwanda,RWA,Africa,1970,1970,0.07991666666666668,12,E
Rwanda,RWA,Africa,1971,1970,-0.3105,12,E
Rwanda,RWA,Africa,1972,1970,0.16358333333333333,12,E
Rwanda,RWA,Africa,1973,1970,0.43091666666666667,12,E
Rwanda,RWA,Africa,1974,1970,-0.019999999999999993,12,E
Rwanda,RWA,Africa,1975,1970,,2,
Rwanda,RWA,Africa,1976,1970,,0,
Rwanda,RWA,Africa,1977,1970,,0,
Rwanda,RWA,Africa,1978,1970,,0,
Rwanda,RWA,Africa,1979,1970,,5,
Rwanda,RWA,Africa,1980,1980,,2,
Rwanda,RWA,Africa,1981,1980,,6,
Rwanda,RWA,Africa,1982,1980,,10,
Rwanda,RWA,Africa,1983,1980,,11,
Rwanda,RWA,Africa,1984,1980,,6,
Rwanda,RWA,Africa,1985,1980,,1,
Rwanda,RWA,Africa,1986,1980,,11,
Rwanda,RWA,Africa,1987,1980,0.6998333333333333,12,E
Rwanda,RWA,Africa,1988,1980,0.35158333333333336,12,E
Rwanda,RWA,Africa,1989,1980,,11,
Rwanda,RWA,Africa,1990,1990,,11,
Rwanda,RWA,Africa,1991,1990,0.09566666666666668,12,E
Rwanda,RWA,Africa,1992,1990,,10,
Rwanda,RWA,Africa,1993,1990,,2,
Rwanda,RWA,Africa,1994,1990,,4,
Rwanda,RWA,Africa,1995,1990,,6,
Rwanda,RWA,Africa,1996,1990,,6,
Rwanda,RWA,Africa,1997,1990,,5,
Rwanda,RWA,Africa,1998,1990,,9,
Rwanda,RWA,Africa,1999,1990,,5,
Rwanda,RWA,Africa,2000,2000,,5,
Rwanda,RWA,Africa,2001,2000,,10,
Rwanda,RWA,Africa,2002,2000,,11,
Rwanda,RWA,Africa,2003,2000,0.9735833333333334,12,E
Rwanda,RWA,Africa,2004,2000,0.8824166666666667,12,E
Rwanda,RWA,Africa,2005,2000,,0,
Rwanda,RWA,Africa,2006,2000,,0,
Rwanda,RWA,Africa,2007,2000,,9,
Rwanda,RWA,Africa,2008,2000,,3,
Rwanda,RWA,Africa,2009,2000,,7,
Rwanda,RWA,Africa,2010,2010,,4,
Rwanda,RWA,Africa,2011,2010,,2,
Rwanda,RWA,Africa,2012,2010,,4,
Rwanda,RWA,Africa,2013,2010,,6,
Rwanda,RWA,Africa,2014,2010,,0,
Rwanda,RWA,Africa,2015,2010,,0,
Rwanda,RWA,Africa,2016,2010,,0,
Rwanda,RWA,Africa,2017,2010,,0,
Rwanda,RWA,Africa,2018,2010,,0,
Rwanda,RWA,Africa,2019,2010,,0,
Rwanda,RWA,Africa,2020,2020,,0,
Rwanda,RWA,Africa,2021,2020,,0,
Rwanda,RWA,Africa,2022,2020,,0,
Rwanda,RWA,Africa,2023,2020,,0,
Rwanda,RWA,Africa,2024,2020,,0,
Rwanda,RWA,Africa,2025,2020,,0,
Saudi Arabia,SAU,Asia,1961,1960,-0.30075,12,E
Saudi Arabia,SAU,Asia,1962,1960,0.7132499999999999,12,E
Saudi Arabia,SAU,Asia,1963,1960,0.3468333333333333,12,E
Saudi Arabia,SAU,Asia,1964,1960,-0.4985,12,E
Saudi Arabia,SAU,Asia,1965,1960,0.20033333333333334,12,E
Saudi Arabia,SAU,Asia,1966,1960,0.6858333333333334,12,E
Saudi Arabia,SAU,Asia,1967,1960,-0.8456666666666667,12,E
Saudi Arabia,SAU,Asia,1968,1960,-0.31475,12,E
Saudi Arabia,SAU,Asia,1969,1960,0.5366666666666666,12,E
Saudi Arabia,SAU,Asia,1970,1970,0.11825000000000001,12,E
Saudi Arabia,SAU,Asia,1971,1970,-0.5309166666666667,12,E
Saudi Arabia,SAU,Asia,1972,1970,-0.6155,12,E
Saudi Arabia,SAU,Asia,1973,1970,0.011583333333333315,12,E
Saudi Arabia,SAU,Asia,1974,1970,-0.23224999999999998,12,E
Saudi Arabia,SAU,Asia,1975,1970,-0.32949999999999996,12,E
Saudi Arabia,SAU,Asia,1976,1970,-0.21774999999999997,12,E
Saudi Arabia,SAU,Asia,1977,1970,0.06699999999999999,12,E
Saudi Arabia,SAU,Asia,1978,1970,-0.026916666666666682,12,E
Saudi Arabia,SAU,Asia,1979,1970,0.741,12,E
Saudi Arabia,SAU,Asia,1980,1980,0.15783333333333333,12,E
Saudi Arabia,SAU,Asia,1981,1980,0.18600000000000003,12,E
Saudi Arabia,SAU,Asia,1982,1980,-0.8112499999999999,12,E
Saudi Arabia,SAU,Asia,1983,1980,-0.7266666666666667,12,E
Saudi Arabia,SAU,Asia,1984,1980,-0.4615833333333333,12,E
Saudi Arabia,SAU,Asia,1985,1980,0.01583333333333332,12,E
Saudi Arabia,SAU,Asia,1986,1980,0.04241666666666666,12,E
Saudi Arabia,SAU,Asia,1987,1980,0.6338333333333334,12,E
Saudi Arabia,SAU,Asia,1988,1980,0.36000000000000004,12,E
Saudi Arabia,SAU,Asia,1989,1980,-0.26316666666666666,12,E
Saudi Arabia,SAU,Asia,1990,1990,0.2504166666666667,12,E
Saudi Arabia,SAU,Asia,1991,1990,0.08924999999999998,12,E
Saudi Arabia,SAU,Asia,1992,1990,-1.13,12,E
Saudi Arabia,SAU,Asia,1993,1990,-0.02833333333333334,12,E
Saudi Arabia,SAU,Asia,1994,1990,0.3010833333333333,12,E
Saudi Arabia,SAU,Asia,1995,1990,0.18725,12,E
Saudi Arabia,SAU,Asia,1996,1990,0.6915,12,E
Saudi Arabia,SAU,Asia,1997,1990,-0.18633333333333332,12,E
Saudi Arabia,SAU,Asia,1998,1990,1.13625,12,E
Saudi Arabia,SAU,Asia,1999,1990,1.2525,12,E
Saudi Arabia,SAU,Asia,2000,2000,0.6878333333333333,12,E
Saudi Arabia,SAU,Asia,2001,2000,0.999,12,E
Saudi Arabia,SAU,Asia,2002,2000,0.8523333333333333,12,E
Saudi Arabia,SAU,Asia,2003,2000,0.9960833333333333,12,E
Saudi Arabia,SAU,Asia,2004,2000,0.70675,12,E
Saudi Arabia,SAU,Asia,2005,2000,0.7552499999999999,12,E
Saudi Arabia,SAU,Asia,2006,2000,0.7952499999999999,12,E
Saudi Arabia,SAU,Asia,2007,2000,0.8988333333333333,12,E
Saudi Arabia,SAU,Asia,2008,2000,0.7643333333333334,12,E
Saudi Arabia,SAU,Asia,2009,2000,1.09025,12,E
Saudi Arabia,SAU,Asia,2010,2010,2.0226666666666664,12,E
Saudi Arabia,SAU,Asia,2011,2010,0.6464166666666666,12,E
Saudi Arabia,SAU,Asia,2012,2010,1.286,12,E
Saudi Arabia,SAU,Asia,2013,2010,1.0779166666666666,12,E
Saudi Arabia,SAU,Asia,2014,2010,1.4000000000000001,12,E
Saudi Arabia,SAU,Asia,2015,2010,1.6755833333333332,12,E
Saudi Arabia,SAU,Asia,2016,2010,1.6251666666666666,12,E
Saudi Arabia,SAU,Asia,2017,2010,1.7603333333333335,12,E
Saudi Arabia,SAU,Asia,2018,2010,1.8470000000000002,12,E
Saudi Arabia,SAU,Asia,2019,2010,1.6210833333333332,12,E
Saudi Arabia,SAU,Asia,2020,2020,1.5200833333333332,12,E
Saudi Arabia,SAU,Asia,2021,2020,2.224666666666667,12,E
Saudi Arabia,SAU,Asia,2022,2020,1.8155000000000001,12,E
Saudi Arabia,SAU,Asia,2023,2020,1.9428333333333334,12,E
Saudi Arabia,SAU,Asia,2024,2020,2.07925,12,E
Saudi Arabia,SAU,Asia,2025,2020,1.5613333333333335,12,E
Sudan,SDN,Africa,2012,2010,0.9844166666666667,12,E
Sudan,SDN,Africa,2013,2010,1.1868333333333334,12,E
Sudan,SDN,Africa,2014,2010,1.1333333333333335,12,E
Sudan,SDN,Africa,2015,2010,1.2835833333333333,12,E
Sudan,SDN,Africa,2016,2010,1.5447499999999998,12,E
Sudan,SDN,Africa,2017,2010,1.43025,12,E
Sudan,SDN,Africa,2018,2010,1.1951666666666667,12,E
Sudan,SDN,Africa,2019,2010,1.0811666666666666,12,E
Sudan,SDN,Africa,2020,2020,0.8328333333333333,12,E
Sudan,SDN,Africa,2021,2020,1.3895,12,E
Sudan,SDN,Africa,2022,2020,0.95775,12,E
Sudan,SDN,Africa,2023,2020,1.5328333333333333,12,E
Sudan,SDN,Africa,2024,2020,1.2300833333333332,12,E
Sudan,SDN,Africa,2025,2020,1.2028333333333334,12,E
Senegal,SEN,Africa,1961,1960,-0.09249999999999999,12,E
Senegal,SEN,Africa,1962,1960,-0.031999999999999994,12,E
Senegal,SEN,Africa,1963,1960,0.04033333333333335,12,E
Senegal,SEN,Africa,1964,1960,-0.13458333333333336,12,E
Senegal,SEN,Africa,1965,1960,-0.5461666666666667,12,E
Senegal,SEN,Africa,1966,1960,0.043583333333333335,12,E
Senegal,SEN,Africa,1967,1960,-0.5498333333333334,12,E
Senegal,SEN,Africa,1968,1960,-0.32475,12,E
Senegal,SEN,Africa,1969,1960,0.6516666666666667,12,E
Senegal,SEN,Africa,1970,1970,0.541,12,E
Senegal,SEN,Africa,1971,1970,-0.10316666666666667,12,E
Senegal,SEN,Africa,1972,1970,0.32566666666666666,12,E
Senegal,SEN,Africa,1973,1970,0.6083333333333333,12,E
Senegal,SEN,Africa,1974,1970,-0.37725000000000003,12,E
Senegal,SEN,Africa,1975,1970,-0.19316666666666668,12,E
Senegal,SEN,Africa,1976,1970,-0.16516666666666666,12,E
Senegal,SEN,Africa,1977,1970,0.7094166666666667,12,E
Senegal,SEN,Africa,1978,1970,0.3913333333333333,12,E
Senegal,SEN,Africa,1979,1970,0.8602500000000001,12,E
Senegal,SEN,Africa,1980,1980,0.82275,12,E
Senegal,SEN,Africa,1981,1980,0.8610000000000001,12,E
Senegal,SEN,Africa,1982,1980,0.22041666666666668,12,E
Senegal,SEN,Africa,1983,1980,1.373,12,E
Senegal,SEN,Africa,1984,1980,0.6075833333333334,12,E
Senegal,SEN,Africa,1985,1980,0.5190833333333333,12,E
Senegal,SEN,Africa,1986,1980,0.4731666666666667,12,E
Senegal,SEN,Africa,1987,1980,1.11975,12,E
Senegal,SEN,Africa,1988,1980,0.7630833333333333,12,E
Senegal,SEN,Africa,1989,1980,0.7213333333333334,12,E
Senegal,SEN,Africa,1990,1990,1.1813333333333333,12,E
Senegal,SEN,Africa,1991,1990,0.8935833333333333,12,E
Senegal,SEN,Africa,1992,1990,0.8709166666666667,12,E
Senegal,SEN,Africa,1993,1990,1.0675833333333333,12,E
Senegal,SEN,Africa,1994,1990,0.6370833333333333,12,E
Senegal,SEN,Africa,1995,1990,0.9098333333333333,12,E
Senegal,SEN,Africa,1996,1990,1.2865,12,E
Senegal,SEN,Africa,1997,1990,1.3065833333333334,12,E
Senegal,SEN,Africa,1998,1990,1.5550833333333334,12,E
Senegal,SEN,Africa,1999,1990,0.5816666666666667,12,E
Senegal,SEN,Africa,2000,2000,0.8785,12,E
Senegal,SEN,Africa,2001,2000,1.3211666666666666,12,E
Senegal,SEN,Africa,2002,2000,1.3375000000000001,12,E
Senegal,SEN,Africa,2003,2000,1.0140833333333334,12,E
Senegal,SEN,Africa,2004,2000,1.1735,12,E
Senegal,SEN,Africa,2005,2000,1.3730833333333334,12,E
Senegal,SEN,Africa,2006,2000,1.1215,12,E
Senegal,SEN,Africa,2007,2000,1.2215833333333332,12,E
Senegal,SEN,Africa,2008,2000,1.2614166666666666,12,E
Senegal,SEN,Africa,2009,2000,0.72675,12,E
Senegal,SEN,Africa,2010,2010,1.5440833333333333,12,E
Senegal,SEN,Africa,2011,2010,1.0986666666666667,12,E
Senegal,SEN,Africa,2012,2010,0.94525,12,E
Senegal,SEN,Africa,2013,2010,1.2885833333333334,12,E
Senegal,SEN,Africa,2014,2010,1.172,12,E
Senegal,SEN,Africa,2015,2010,1.2715,12,E
Senegal,SEN,Africa,2016,2010,1.6840833333333334,12,E
Senegal,SEN,Africa,2017,2010,1.6607500000000002,12,E
Senegal,SEN,Africa,2018,2010,1.1450833333333332,12,E
Senegal,SEN,Africa,2019,2010,1.4801666666666666,12,E
Senegal,SEN,Africa,2020,2020,1.8374166666666667,12,E
Senegal,SEN,Africa,2021,2020,1.9455833333333334,12,E
Senegal,SEN,Africa,2022,2020,1.46175,12,E
Senegal,SEN,Africa,2023,2020,2.0540833333333333,12,E
Senegal,SEN,Africa,2024,2020,1.8326666666666667,12,E
Senegal,SEN,Africa,2025,2020,1.4551666666666667,12,E
Singapore,SGP,Asia,1961,1960,0.08616666666666667,12,E
Singapore,SGP,Asia,1962,1960,-0.07566666666666666,12,E
Singapore,SGP,Asia,1963,1960,-0.006916666666666666,12,E
Singapore,SGP,Asia,1964,1960,-0.11258333333333333,12,E
Singapore,SGP,Asia,1965,1960,-0.02666666666666666,12,E
Singapore,SGP,Asia,1966,1960,0.09250000000000001,12,E
Singapore,SGP,Asia,1967,1960,-0.19516666666666668,12,E
Singapore,SGP,Asia,1968,1960,,3,
Singapore,SGP,Asia,1969,1960,,11,
Singapore,SGP,Asia,1970,1970,0.09883333333333333,12,E
Singapore,SGP,Asia,1971,1970,-0.2985,12,E
Singapore,SGP,Asia,1972,1970,0.17041666666666666,12,E
Singapore,SGP,Asia,1973,1970,0.16191666666666665,12,E
Singapore,SGP,Asia,1974,1970,-0.10133333333333333,12,E
Singapore,SGP,Asia,1975,1970,-0.13916666666666666,12,E
Singapore,SGP,Asia,1976,1970,,0,
Singapore,SGP,Asia,1977,1970,,9,
Singapore,SGP,Asia,1978,1970,,11,
Singapore,SGP,Asia,1979,1970,,11,
Singapore,SGP,Asia,1980,1980,,11,
Singapore,SGP,Asia,1981,1980,0.26333333333333336,12,E
Singapore,SGP,Asia,1982,1980,0.16025,12,E
Singapore,SGP,Asia,1983,1980,0.5271666666666667,12,E
Singapore,SGP,Asia,1984,1980,-0.23949999999999996,12,E
Singapore,SGP,Asia,1985,1980,0.13716666666666666,12,E
Singapore,SGP,Asia,1986,1980,0.2956666666666667,12,E
Singapore,SGP,Asia,1987,1980,0.424,12,E
Singapore,SGP,Asia,1988,1980,0.3409166666666667,12,E
Singapore,SGP,Asia,1989,1980,0.09816666666666667,12,E
Singapore,SGP,Asia,1990,1990,,6,
Singapore,SGP,Asia,1991,1990,,0,
Singapore,SGP,Asia,1992,1990,,0,
Singapore,SGP,Asia,1993,1990,,0,
Singapore,SGP,Asia,1994,1990,,0,
Singapore,SGP,Asia,1995,1990,,0,
Singapore,SGP,Asia,1996,1990,,0,
Singapore,SGP,Asia,1997,1990,,0,
Singapore,SGP,Asia,1998,1990,,0,
Singapore,SGP,Asia,1999,1990,,0,
Singapore,SGP,Asia,2000,2000,,0,
Singapore,SGP,Asia,2001,2000,,0,
Singapore,SGP,Asia,2002,2000,,0,
Singapore,SGP,Asia,2003,2000,,0,
Singapore,SGP,Asia,2004,2000,,0,
Singapore,SGP,Asia,2005,2000,,0,
Singapore,SGP,Asia,2006,2000,,0,
Singapore,SGP,Asia,2007,2000,,0,
Singapore,SGP,Asia,2008,2000,,0,
Singapore,SGP,Asia,2009,2000,,0,
Singapore,SGP,Asia,2010,2010,,0,
Singapore,SGP,Asia,2011,2010,,0,
Singapore,SGP,Asia,2012,2010,,0,
Singapore,SGP,Asia,2013,2010,,0,
Singapore,SGP,Asia,2014,2010,,0,
Singapore,SGP,Asia,2015,2010,,0,
Singapore,SGP,Asia,2016,2010,,0,
Singapore,SGP,Asia,2017,2010,,0,
Singapore,SGP,Asia,2018,2010,,0,
Singapore,SGP,Asia,2019,2010,,0,
Singapore,SGP,Asia,2020,2020,,0,
Singapore,SGP,Asia,2021,2020,,0,
Singapore,SGP,Asia,2022,2020,,0,
Singapore,SGP,Asia,2023,2020,,0,
Singapore,SGP,Asia,2024,2020,,0,
Singapore,SGP,Asia,2025,2020,,0,
South Georgia and the South Sandwich Islands,SGS,South America,1961,1960,-0.27775,12,E
South Georgia and the South Sandwich Islands,SGS,South America,1962,1960,,11,
South Georgia and the South Sandwich Islands,SGS,South America,1963,1960,,11,
South Georgia and the South Sandwich Islands,SGS,South America,1964,1960,,6,
South Georgia and the South Sandwich Islands,SGS,South America,1965,1960,0.25558333333333333,12,E
South Georgia and the South Sandwich Islands,SGS,South America,1966,1960,-0.4360833333333334,12,E
South Georgia and the South Sandwich Islands,SGS,South America,1967,1960,-0.08608333333333333,12,E
South Georgia and the South Sandwich Islands,SGS,South America,1968,1960,0.5389166666666667,12,E
South Georgia and the South Sandwich Islands,SGS,South America,1969,1960,0.28891666666666665,12,E
South Georgia and the South Sandwich Islands,SGS,South America,1970,1970,0.013916666666666633,12,E
South Georgia and the South Sandwich Islands,SGS,South America,1971,1970,0.047249999999999986,12,E
South Georgia and the South Sandwich Islands,SGS,South America,1972,1970,-0.47775000000000006,12,E
South Georgia and the South Sandwich Islands,SGS,South America,1973,1970,0.13891666666666666,12,E
South Georgia and the South Sandwich Islands,SGS,South America,1974,1970,0.09725,12,E
South Georgia and the South Sandwich Islands,SGS,South America,1975,1970,0.22224999999999998,12,E
South Georgia and the South Sandwich Islands,SGS,South America,1976,1970,-0.06941666666666668,12,E
South Georgia and the South Sandwich Islands,SGS,South America,1977,1970,-0.05274999999999999,12,E
South Georgia and the South Sandwich Islands,SGS,South America,1978,1970,0.35558333333333336,12,E
South Georgia and the South Sandwich Islands,SGS,South America,1979,1970,0.2414166666666667,12,E
South Georgia and the South Sandwich Islands,SGS,South America,1980,1980,-0.2610833333333333,12,E
South Georgia and the South Sandwich Islands,SGS,South America,1981,1980,0.5555833333333333,12,E
South Georgia and the South Sandwich Islands,SGS,South America,1982,1980,,2,
South Georgia and the South Sandwich Islands,SGS,South America,1983,1980,,0,
South Georgia and the South Sandwich Islands,SGS,South America,1984,1980,,9,
South Georgia and the South Sandwich Islands,SGS,South America,1985,1980,0.28058333333333335,12,E
South Georgia and the South Sandwich Islands,SGS,South America,1986,1980,0.3389166666666667,12,E
South Georgia and the South Sandwich Islands,SGS,South America,1987,1980,-0.5644166666666667,12,E
South Georgia and the South Sandwich Islands,SGS,South America,1988,1980,,11,
South Georgia and the South Sandwich Islands,SGS,South America,1989,1980,,11,
South Georgia and the South Sandwich Islands,SGS,South America,1990,1990,0.45975000000000005,12,E
South Georgia and the South Sandwich Islands,SGS,South America,1991,1990,-0.14858333333333332,12,E
South Georgia and the South Sandwich Islands,SGS,South America,1992,1990,0.26225000000000004,12,E
South Georgia and the South Sandwich Islands,SGS,South America,1993,1990,0.5780833333333334,12,E
South Georgia and the South Sandwich Islands,SGS,South America,1994,1990,-0.4344166666666666,12,E
South Georgia and the South Sandwich Islands,SGS,South America,1995,1990,0.18808333333333335,12,E
South Georgia and the South Sandwich Islands,SGS,South America,1996,1990,,11,
South Georgia and the South Sandwich Islands,SGS,South America,1997,1990,,7,
South Georgia and the South Sandwich Islands,SGS,South America,1998,1990,,2,
South Georgia and the South Sandwich Islands,SGS,South America,1999,1990,,6,
South Georgia and the South Sandwich Islands,SGS,South America,2000,2000,,3,
South Georgia and the South Sandwich Islands,SGS,South America,2001,2000,,9,
South Georgia and the South Sandwich Islands,SGS,South America,2002,2000,,9,
South Georgia and the South Sandwich Islands,SGS,South America,2003,2000,,9,
South Georgia and the South Sandwich Islands,SGS,South America,2004,2000,,0,
South Georgia and the South Sandwich Islands,SGS,South America,2005,2000,,9,
South Georgia and the South Sandwich Islands,SGS,South America,2006,2000,,10,
South Georgia and the South Sandwich Islands,SGS,South America,2007,2000,,11,
South Georgia and the South Sandwich Islands,SGS,South America,2008,2000,0.7630833333333333,12,E
South Georgia and the South Sandwich Islands,SGS,South America,2009,2000,0.1755833333333333,12,E
South Georgia and the South Sandwich Islands,SGS,South America,2010,2010,,11,
South Georgia and the South Sandwich Islands,SGS,South America,2011,2010,0.7605833333333333,12,E
South Georgia and the South Sandwich Islands,SGS,South America,2012,2010,-0.3160833333333333,12,E
South Georgia and the South Sandwich Islands,SGS,South America,2013,2010,-0.26275,12,E
South Georgia and the South Sandwich Islands,SGS,South America,2014,2010,-0.06858333333333334,12,E
South Georgia and the South Sandwich Islands,SGS,South America,2015,2010,0.20975,12,E
South Georgia and the South Sandwich Islands,SGS,South America,2016,2010,-0.11941666666666666,12,E
South Georgia and the South Sandwich Islands,SGS,South America,2017,2010,0.9389166666666666,12,E
South Georgia and the South Sandwich Islands,SGS,South America,2018,2010,0.8264166666666667,12,E
South Georgia and the South Sandwich Islands,SGS,South America,2019,2010,0.14308333333333334,12,E
South Georgia and the South Sandwich Islands,SGS,South America,2020,2020,,11,
South Georgia and the South Sandwich Islands,SGS,South America,2021,2020,,11,
South Georgia and the South Sandwich Islands,SGS,South America,2022,2020,0.9347500000000001,12,E
South Georgia and the South Sandwich Islands,SGS,South America,2023,2020,0.6764166666666666,12,E
South Georgia and the South Sandwich Islands,SGS,South America,2024,2020,,10,
South Georgia and the South Sandwich Islands,SGS,South America,2025,2020,0.40058333333333335,12,E
Saint Helena,SHN,Africa,1961,1960,0.12366666666666666,12,E
Saint Helena,SHN,Africa,1962,1960,-0.10208333333333335,12,E
Saint Helena,SHN,Africa,1963,1960,-0.22616666666666665,12,E
Saint Helena,SHN,Africa,1964,1960,-0.39233333333333337,12,E
Saint Helena,SHN,Africa,1965,1960,-0.19158333333333333,12,E
Saint Helena,SHN,Africa,1966,1960,0.013916666666666659,12,E
Saint Helena,SHN,Africa,1967,1960,-0.42641666666666667,12,E
Saint Helena,SHN,Africa,1968,1960,0.18599999999999997,12,E
Saint Helena,SHN,Africa,1969,1960,0.00808333333333334,12,E
Saint Helena,SHN,Africa,1970,1970,-0.22883333333333333,12,E
Saint Helena,SHN,Africa,1971,1970,-0.1765,12,E
Saint Helena,SHN,Africa,1972,1970,-0.08174999999999999,12,E
Saint Helena,SHN,Africa,1973,1970,-0.06141666666666667,12,E
Saint Helena,SHN,Africa,1974,1970,0.1845,12,E
Saint Helena,SHN,Africa,1975,1970,0.17841666666666667,12,E
Saint Helena,SHN,Africa,1976,1970,0.051083333333333335,12,E
Saint Helena,SHN,Africa,1977,1970,-0.08116666666666668,12,E
Saint Helena,SHN,Africa,1978,1970,0.08233333333333333,12,E
Saint Helena,SHN,Africa,1979,1970,0.14100000000000001,12,E
Saint Helena,SHN,Africa,1980,1980,0.25675,12,E
Saint Helena,SHN,Africa,1981,1980,0.061833333333333323,12,E
Saint Helena,SHN,Africa,1982,1980,0.06624999999999999,12,E
Saint Helena,SHN,Africa,1983,1980,0.5890833333333334,12,E
Saint Helena,SHN,Africa,1984,1980,0.5613333333333334,12,E
Saint Helena,SHN,Africa,1985,1980,0.22616666666666665,12,E
Saint Helena,SHN,Africa,1986,1980,0.5100833333333333,12,E
Saint Helena,SHN,Africa,1987,1980,0.20875,12,E
Saint Helena,SHN,Africa,1988,1980,0.69875,12,E
Saint Helena,SHN,Africa,1989,1980,0.5811666666666666,12,E
Saint Helena,SHN,Africa,1990,1990,0.6859999999999999,12,E
Saint Helena,SHN,Africa,1991,1990,0.4658333333333333,12,E
Saint Helena,SHN,Africa,1992,1990,0.17708333333333334,12,E
Saint Helena,SHN,Africa,1993,1990,0.7912500000000001,12,E
Saint Helena,SHN,Africa,1994,1990,0.75625,12,E
Saint Helena,SHN,Africa,1995,1990,0.7715833333333334,12,E
Saint Helena,SHN,Africa,1996,1990,0.6703333333333333,12,E
Saint Helena,SHN,Africa,1997,1990,0.7308333333333333,12,E
Saint Helena,SHN,Africa,1998,1990,1.1606666666666665,12,E
Saint Helena,SHN,Africa,1999,1990,1.2324166666666667,12,E
Saint Helena,SHN,Africa,2000,2000,1.2560833333333334,12,E
Saint Helena,SHN,Africa,2001,2000,1.0605,12,E
Saint Helena,SHN,Africa,2002,2000,1.105,12,E
Saint Helena,SHN,Africa,2003,2000,1.3681666666666665,12,E
Saint Helena,SHN,Africa,2004,2000,1.1126666666666667,12,E
Saint Helena,SHN,Africa,2005,2000,1.1955833333333332,12,E
Saint Helena,SHN,Africa,2006,2000,1.2277500000000001,12,E
Saint Helena,SHN,Africa,2007,2000,0.92975,12,E
Saint Helena,SHN,Africa,2008,2000,1.0909166666666665,12,E
Saint Helena,SHN,Africa,2009,2000,1.4552500000000002,12,E
Saint Helena,SHN,Africa,2010,2010,1.3050833333333334,12,E
Saint Helena,SHN,Africa,2011,2010,1.2319166666666665,12,E
Saint Helena,SHN,Africa,2012,2010,0.95375,12,E
Saint Helena,SHN,Africa,2013,2010,1.2135,12,E
Saint Helena,SHN,Africa,2014,2010,1.114,12,E
Saint Helena,SHN,Africa,2015,2010,1.4076666666666666,12,E
Saint Helena,SHN,Africa,2016,2010,1.4045833333333333,12,E
Saint Helena,SHN,Africa,2017,2010,1.333,12,E
Saint Helena,SHN,Africa,2018,2010,1.3784166666666666,12,E
Saint Helena,SHN,Africa,2019,2010,1.5563333333333336,12,E
Saint Helena,SHN,Africa,2020,2020,1.3220833333333333,12,E
Saint Helena,SHN,Africa,2021,2020,1.44275,12,E
Saint Helena,SHN,Africa,2022,2020,1.34525,12,E
Saint Helena,SHN,Africa,2023,2020,1.5657500000000002,12,E
Saint Helena,SHN,Africa,2024,2020,,11,
Saint Helena,SHN,Africa,2025,2020,1.4400833333333332,12,E
Svalbard and Jan Mayen,SJM,Europe,1961,1960,0.3869166666666666,12,E
Svalbard and Jan Mayen,SJM,Europe,1962,1960,-1.3783333333333332,12,E
Svalbard and Jan Mayen,SJM,Europe,1963,1960,-2.2673333333333336,12,E
Svalbard and Jan Mayen,SJM,Europe,1964,1960,0.13724999999999998,12,E
Svalbard and Jan Mayen,SJM,Europe,1965,1960,-0.5254166666666666,12,E
Svalbard and Jan Mayen,SJM,Europe,1966,1960,-1.819416666666667,12,E
Svalbard and Jan Mayen,SJM,Europe,1967,1960,-0.8933333333333332,12,E
Svalbard and Jan Mayen,SJM,Europe,1968,1960,-3.6525833333333337,12,E
Svalbard and Jan Mayen,SJM,Europe,1969,1960,-0.8930833333333332,12,E
Svalbard and Jan Mayen,SJM,Europe,1970,1970,-0.49425,12,E
Svalbard and Jan Mayen,SJM,Europe,1971,1970,-1.1282500000000002,12,E
Svalbard and Jan Mayen,SJM,Europe,1972,1970,2.6459166666666665,12,E
Svalbard and Jan Mayen,SJM,Europe,1973,1970,-0.17841666666666667,12,E
Svalbard and Jan Mayen,SJM,Europe,1974,1970,2.36525,12,E
Svalbard and Jan Mayen,SJM,Europe,1975,1970,-0.4611666666666667,12,E
Svalbard and Jan Mayen,SJM,Europe,1976,1970,1.7103333333333335,12,E
Svalbard and Jan Mayen,SJM,Europe,1977,1970,-0.34208333333333335,12,E
Svalbard and Jan Mayen,SJM,Europe,1978,1970,-0.975,12,E
Svalbard and Jan Mayen,SJM,Europe,1979,1970,-1.1204166666666666,12,E
Svalbard and Jan Mayen,SJM,Europe,1980,1980,-0.6195833333333333,12,E
Svalbard and Jan Mayen,SJM,Europe,1981,1980,-0.8540833333333334,12,E
Svalbard and Jan Mayen,SJM,Europe,1982,1980,-0.46574999999999994,12,E
Svalbard and Jan Mayen,SJM,Europe,1983,1980,-0.28625000000000006,12,E
Svalbard and Jan Mayen,SJM,Europe,1984,1980,3.077083333333333,12,E
Svalbard and Jan Mayen,SJM,Europe,1985,1980,0.9454166666666667,12,E
Svalbard and Jan Mayen,SJM,Europe,1986,1980,-0.22608333333333333,12,E
Svalbard and Jan Mayen,SJM,Europe,1987,1980,-0.3365833333333333,12,E
Svalbard and Jan Mayen,SJM,Europe,1988,1980,-2.3888333333333334,12,E
Svalbard and Jan Mayen,SJM,Europe,1989,1980,-0.29150000000000004,12,E
Svalbard and Jan Mayen,SJM,Europe,1990,1990,2.1307500000000004,12,E
Svalbard and Jan Mayen,SJM,Europe,1991,1990,1.0383333333333333,12,E
Svalbard and Jan Mayen,SJM,Europe,1992,1990,0.9709166666666667,12,E
Svalbard and Jan Mayen,SJM,Europe,1993,1990,0.09499999999999997,12,E
Svalbard and Jan Mayen,SJM,Europe,1994,1990,0.2859166666666666,12,E
Svalbard and Jan Mayen,SJM,Europe,1995,1990,-0.01933333333333335,12,E
Svalbard and Jan Mayen,SJM,Europe,1996,1990,1.1094166666666665,12,E
Svalbard and Jan Mayen,SJM,Europe,1997,1990,0.09899999999999998,12,E
Svalbard and Jan Mayen,SJM,Europe,1998,1990,0.03983333333333327,12,E
Svalbard and Jan Mayen,SJM,Europe,1999,1990,2.221416666666667,12,E
Svalbard and Jan Mayen,SJM,Europe,2000,2000,1.9647499999999998,12,E
Svalbard and Jan Mayen,SJM,Europe,2001,2000,1.47825,12,E
Svalbard and Jan Mayen,SJM,Europe,2002,2000,1.6965833333333336,12,E
Svalbard and Jan Mayen,SJM,Europe,2003,2000,-0.0013333333333333346,12,E
Svalbard and Jan Mayen,SJM,Europe,2004,2000,1.6113333333333335,12,E
Svalbard and Jan Mayen,SJM,Europe,2005,2000,2.716583333333334,12,E
Svalbard and Jan Mayen,SJM,Europe,2006,2000,3.6603333333333334,12,E
Svalbard and Jan Mayen,SJM,Europe,2007,2000,2.9290833333333333,12,E
Svalbard and Jan Mayen,SJM,Europe,2008,2000,1.8583333333333334,12,E
Svalbard and Jan Mayen,SJM,Europe,2009,2000,2.1235,12,E
Svalbard and Jan Mayen,SJM,Europe,2010,2010,1.7702499999999999,12,E
Svalbard and Jan Mayen,SJM,Europe,2011,2010,2.4838333333333336,12,E
Svalbard and Jan Mayen,SJM,Europe,2012,2010,3.7304999999999997,12,E
Svalbard and Jan Mayen,SJM,Europe,2013,2010,2.214583333333333,12,E
Svalbard and Jan Mayen,SJM,Europe,2014,2010,3.3085,12,E
Svalbard and Jan Mayen,SJM,Europe,2015,2010,3.5436666666666667,12,E
Svalbard and Jan Mayen,SJM,Europe,2016,2010,5.3595,12,E
Svalbard and Jan Mayen,SJM,Europe,2017,2010,3.4125,12,E
Svalbard and Jan Mayen,SJM,Europe,2018,2010,3.997,12,E
Svalbard and Jan Mayen,SJM,Europe,2019,2010,2.5439166666666666,12,E
Svalbard and Jan Mayen,SJM,Europe,2020,2020,2.235,12,E
Svalbard and Jan Mayen,SJM,Europe,2021,2020,3.0523333333333333,12,E
Svalbard and Jan Mayen,SJM,Europe,2022,2020,3.3828333333333336,12,E
Svalbard and Jan Mayen,SJM,Europe,2023,2020,3.748583333333333,12,E
Svalbard and Jan Mayen,SJM,Europe,2024,2020,3.5230833333333336,12,E
Svalbard and Jan Mayen,SJM,Europe,2025,2020,4.14425,12,E
Solomon Islands,SLB,Oceania,1961,1960,0.24591666666666667,12,E
Solomon Islands,SLB,Oceania,1962,1960,0.04691666666666667,12,E
Solomon Islands,SLB,Oceania,1963,1960,-0.07341666666666667,12,E
Solomon Islands,SLB,Oceania,1964,1960,0.10383333333333333,12,E
Solomon Islands,SLB,Oceania,1965,1960,-0.496,12,E
Solomon Islands,SLB,Oceania,1966,1960,-0.17225,12,E
Solomon Islands,SLB,Oceania,1967,1960,-0.18175,12,E
Solomon Islands,SLB,Oceania,1968,1960,-0.17775,12,E
Solomon Islands,SLB,Oceania,1969,1960,0.215,12,E
Solomon Islands,SLB,Oceania,1970,1970,0.07508333333333334,12,E
Solomon Islands,SLB,Oceania,1971,1970,-0.18816666666666668,12,E
Solomon Islands,SLB,Oceania,1972,1970,-0.3115,12,E
Solomon Islands,SLB,Oceania,1973,1970,0.155,12,E
Solomon Islands,SLB,Oceania,1974,1970,0.05266666666666667,12,E
Solomon Islands,SLB,Oceania,1975,1970,0.021750000000000005,12,E
Solomon Islands,SLB,Oceania,1976,1970,-0.017500000000000005,12,E
Solomon Islands,SLB,Oceania,1977,1970,0.24516666666666667,12,E
Solomon Islands,SLB,Oceania,1978,1970,0.336,12,E
Solomon Islands,SLB,Oceania,1979,1970,0.18883333333333333,12,E
Solomon Islands,SLB,Oceania,1980,1980,0.18958333333333333,12,E
Solomon Islands,SLB,Oceania,1981,1980,0.4271666666666667,12,E
Solomon Islands,SLB,Oceania,1982,1980,-0.10416666666666667,12,E
Solomon Islands,SLB,Oceania,1983,1980,0.15133333333333335,12,E
Solomon Islands,SLB,Oceania,1984,1980,0.10508333333333332,12,E
Solomon Islands,SLB,Oceania,1985,1980,,10,
Solomon Islands,SLB,Oceania,1986,1980,-0.32958333333333334,12,E
Solomon Islands,SLB,Oceania,1987,1980,-0.36341666666666667,12,E
Solomon Islands,SLB,Oceania,1988,1980,0.13408333333333333,12,E
Solomon Islands,SLB,Oceania,1989,1980,-0.016583333333333342,12,E
Solomon Islands,SLB,Oceania,1990,1990,,7,
Solomon Islands,SLB,Oceania,1991,1990,,11,
Solomon Islands,SLB,Oceania,1992,1990,-0.2874166666666667,12,E
Solomon Islands,SLB,Oceania,1993,1990,,10,
Solomon Islands,SLB,Oceania,1994,1990,-0.2330833333333333,12,E
Solomon Islands,SLB,Oceania,1995,1990,0.335,12,E
Solomon Islands,SLB,Oceania,1996,1990,0.05391666666666667,12,E
Solomon Islands,SLB,Oceania,1997,1990,0.021916666666666668,12,E
Solomon Islands,SLB,Oceania,1998,1990,0.3898333333333333,12,E
Solomon Islands,SLB,Oceania,1999,1990,-0.08316666666666667,12,E
Solomon Islands,SLB,Oceania,2000,2000,,7,
Solomon Islands,SLB,Oceania,2001,2000,,0,
Solomon Islands,SLB,Oceania,2002,2000,,2,
Solomon Islands,SLB,Oceania,2003,2000,,9,
Solomon Islands,SLB,Oceania,2004,2000,0.39633333333333337,12,E
Solomon Islands,SLB,Oceania,2005,2000,,10,
Solomon Islands,SLB,Oceania,2006,2000,,11,
Solomon Islands,SLB,Oceania,2007,2000,0.5519166666666667,12,E
Solomon Islands,SLB,Oceania,2008,2000,,6,
Solomon Islands,SLB,Oceania,2009,2000,0.06566666666666666,12,E
Solomon Islands,SLB,Oceania,2010,2010,0.19516666666666668,12,E
Solomon Islands,SLB,Oceania,2011,2010,0.4535833333333333,12,E
Solomon Islands,SLB,Oceania,2012,2010,0.49025,12,E
Solomon Islands,SLB,Oceania,2013,2010,0.6276666666666667,12,E
Solomon Islands,SLB,Oceania,2014,2010,0.67625,12,E
Solomon Islands,SLB,Oceania,2015,2010,,11,
Solomon Islands,SLB,Oceania,2016,2010,0.7705000000000001,12,E
Solomon Islands,SLB,Oceania,2017,2010,0.5945833333333334,12,E
Solomon Islands,SLB,Oceania,2018,2010,0.4395833333333334,12,E
Solomon Islands,SLB,Oceania,2019,2010,0.6639166666666667,12,E
Solomon Islands,SLB,Oceania,2020,2020,0.6020833333333333,12,E
Solomon Islands,SLB,Oceania,2021,2020,0.2665,12,E
Solomon Islands,SLB,Oceania,2022,2020,0.4555833333333333,12,E
Solomon Islands,SLB,Oceania,2023,2020,0.4974166666666667,12,E
Solomon Islands,SLB,Oceania,2024,2020,0.6196666666666667,12,E
Solomon Islands,SLB,Oceania,2025,2020,,7,
Sierra Leone,SLE,Africa,1961,1960,-0.08866666666666667,12,E
Sierra Leone,SLE,Africa,1962,1960,-0.10049999999999999,12,E
Sierra Leone,SLE,Africa,1963,1960,0.17741666666666667,12,E
Sierra Leone,SLE,Africa,1964,1960,-0.18216666666666667,12,E
Sierra Leone,SLE,Africa,1965,1960,-0.32683333333333336,12,E
Sierra Leone,SLE,Africa,1966,1960,0.02575,12,E
Sierra Leone,SLE,Africa,1967,1960,-0.16174999999999998,12,E
Sierra Leone,SLE,Africa,1968,1960,-0.0006666666666666765,12,E
Sierra Leone,SLE,Africa,1969,1960,0.2813333333333333,12,E
Sierra Leone,SLE,Africa,1970,1970,0.26558333333333334,12,E
Sierra Leone,SLE,Africa,1971,1970,-0.17575,12,E
Sierra Leone,SLE,Africa,1972,1970,0.1376666666666667,12,E
Sierra Leone,SLE,Africa,1973,1970,0.4675,12,E
Sierra Leone,SLE,Africa,1974,1970,0.01066666666666666,12,E
Sierra Leone,SLE,Africa,1975,1970,-0.09216666666666667,12,E
Sierra Leone,SLE,Africa,1976,1970,-0.27408333333333335,12,E
Sierra Leone,SLE,Africa,1977,1970,0.23741666666666664,12,E
Sierra Leone,SLE,Africa,1978,1970,0.21233333333333335,12,E
Sierra Leone,SLE,Africa,1979,1970,0.4870833333333333,12,E
Sierra Leone,SLE,Africa,1980,1980,0.35925,12,E
Sierra Leone,SLE,Africa,1981,1980,0.2745,12,E
Sierra Leone,SLE,Africa,1982,1980,0.24016666666666667,12,E
Sierra Leone,SLE,Africa,1983,1980,0.5666666666666667,12,E
Sierra Leone,SLE,Africa,1984,1980,0.39599999999999996,12,E
Sierra Leone,SLE,Africa,1985,1980,0.3075833333333334,12,E
Sierra Leone,SLE,Africa,1986,1980,-0.0185,12,E
Sierra Leone,SLE,Africa,1987,1980,0.9246666666666666,12,E
Sierra Leone,SLE,Africa,1988,1980,0.5809166666666666,12,E
Sierra Leone,SLE,Africa,1989,1980,0.4035,12,E
Sierra Leone,SLE,Africa,1990,1990,0.6511666666666667,12,E
Sierra Leone,SLE,Africa,1991,1990,0.5136666666666666,12,E
Sierra Leone,SLE,Africa,1992,1990,0.28391666666666665,12,E
Sierra Leone,SLE,Africa,1993,1990,0.46950000000000003,12,E
Sierra Leone,SLE,Africa,1994,1990,0.3870833333333334,12,E
Sierra Leone,SLE,Africa,1995,1990,0.5023333333333333,12,E
Sierra Leone,SLE,Africa,1996,1990,0.5555833333333333,12,E
Sierra Leone,SLE,Africa,1997,1990,0.75375,12,E
Sierra Leone,SLE,Africa,1998,1990,0.85975,12,E
Sierra Leone,SLE,Africa,1999,1990,,8,
Sierra Leone,SLE,Africa,2000,2000,,4,
Sierra Leone,SLE,Africa,2001,2000,,10,
Sierra Leone,SLE,Africa,2002,2000,,11,
Sierra Leone,SLE,Africa,2003,2000,0.7919166666666667,12,E
Sierra Leone,SLE,Africa,2004,2000,1.0260833333333335,12,E
Sierra Leone,SLE,Africa,2005,2000,1.1376666666666666,12,E
Sierra Leone,SLE,Africa,2006,2000,1.0059166666666666,12,E
Sierra Leone,SLE,Africa,2007,2000,0.7752500000000001,12,E
Sierra Leone,SLE,Africa,2008,2000,1.15175,12,E
Sierra Leone,SLE,Africa,2009,2000,0.729,12,E
Sierra Leone,SLE,Africa,2010,2010,1.2329999999999999,12,E
Sierra Leone,SLE,Africa,2011,2010,0.8834166666666666,12,E
Sierra Leone,SLE,Africa,2012,2010,0.44508333333333333,12,E
Sierra Leone,SLE,Africa,2013,2010,0.6903333333333334,12,E
Sierra Leone,SLE,Africa,2014,2010,0.6554166666666666,12,E
Sierra Leone,SLE,Africa,2015,2010,0.8039166666666667,12,E
Sierra Leone,SLE,Africa,2016,2010,1.055,12,E
Sierra Leone,SLE,Africa,2017,2010,1.3695000000000002,12,E
Sierra Leone,SLE,Africa,2018,2010,0.9958333333333332,12,E
Sierra Leone,SLE,Africa,2019,2010,1.41925,12,E
Sierra Leone,SLE,Africa,2020,2020,1.5689166666666665,12,E
Sierra Leone,SLE,Africa,2021,2020,1.6464999999999999,12,E
Sierra Leone,SLE,Africa,2022,2020,1.4340833333333334,12,E
Sierra Leone,SLE,Africa,2023,2020,1.3039166666666666,12,E
Sierra Leone,SLE,Africa,2024,2020,1.65825,12,E
Sierra Leone,SLE,Africa,2025,2020,1.1256666666666666,12,E
El Salvador,SLV,North America,1961,1960,-0.11708333333333332,12,E
El Salvador,SLV,North America,1962,1960,-0.05325,12,E
El Salvador,SLV,North America,1963,1960,-0.17200000000000001,12,E
El Salvador,SLV,North America,1964,1960,-0.09458333333333334,12,E
El Salvador,SLV,North America,1965,1960,-0.09741666666666667,12,E
El Salvador,SLV,North America,1966,1960,-0.030416666666666675,12,E
El Salvador,SLV,North America,1967,1960,-0.36716666666666664,12,E
El Salvador,SLV,North America,1968,1960,-0.18341666666666667,12,E
El Salvador,SLV,North America,1969,1960,0.2694166666666667,12,E
El Salvador,SLV,North America,1970,1970,-0.35775,12,E
El Salvador,SLV,North America,1971,1970,-0.36633333333333334,12,E
El Salvador,SLV,North America,1972,1970,0.2915,12,E
El Salvador,SLV,North America,1973,1970,-0.0695,12,E
El Salvador,SLV,North America,1974,1970,-0.2324166666666667,12,E
El Salvador,SLV,North America,1975,1970,0.0029999999999999936,12,E
El Salvador,SLV,North America,1976,1970,-0.26266666666666666,12,E
El Salvador,SLV,North America,1977,1970,0.6866666666666666,12,E
El Salvador,SLV,North America,1978,1970,0.13683333333333333,12,E
El Salvador,SLV,North America,1979,1970,0.30833333333333335,12,E
El Salvador,SLV,North America,1980,1980,0.3,12,E
El Salvador,SLV,North America,1981,1980,0.008166666666666674,12,E
El Salvador,SLV,North America,1982,1980,0.2886666666666667,12,E
El Salvador,SLV,North America,1983,1980,0.7049166666666666,12,E
El Salvador,SLV,North America,1984,1980,0.15875,12,E
El Salvador,SLV,North America,1985,1980,0.107,12,E
El Salvador,SLV,North America,1986,1980,0.0195,12,E
El Salvador,SLV,North America,1987,1980,0.7736666666666666,12,E
El Salvador,SLV,North America,1988,1980,0.43225,12,E
El Salvador,SLV,North America,1989,1980,0.020916666666666667,12,E
El Salvador,SLV,North America,1990,1990,0.49025,12,E
El Salvador,SLV,North America,1991,1990,0.41008333333333336,12,E
El Salvador,SLV,North America,1992,1990,0.4655,12,E
El Salvador,SLV,North America,1993,1990,0.19958333333333333,12,E
El Salvador,SLV,North America,1994,1990,0.6304166666666666,12,E
El Salvador,SLV,North America,1995,1990,0.5179166666666667,12,E
El Salvador,SLV,North America,1996,1990,0.03991666666666666,12,E
El Salvador,SLV,North America,1997,1990,0.7520833333333333,12,E
El Salvador,SLV,North America,1998,1990,0.8344999999999999,12,E
El Salvador,SLV,North America,1999,1990,0.12058333333333333,12,E
El Salvador,SLV,North America,2000,2000,-0.161,12,E
El Salvador,SLV,North America,2001,2000,0.34841666666666665,12,E
El Salvador,SLV,North America,2002,2000,0.54225,12,E
El Salvador,SLV,North America,2003,2000,0.6975833333333333,12,E
El Salvador,SLV,North America,2004,2000,0.59275,12,E
El Salvador,SLV,North America,2005,2000,0.5135833333333334,12,E
El Salvador,SLV,North America,2006,2000,0.5298333333333334,12,E
El Salvador,SLV,North America,2007,2000,0.46475,12,E
El Salvador,SLV,North America,2008,2000,0.2778333333333333,12,E
El Salvador,SLV,North America,2009,2000,0.8606666666666666,12,E
El Salvador,SLV,North America,2010,2010,0.3031666666666667,12,E
El Salvador,SLV,North America,2011,2010,0.5371666666666667,12,E
El Salvador,SLV,North America,2012,2010,0.60675,12,E
El Salvador,SLV,North America,2013,2010,0.5725833333333333,12,E
El Salvador,SLV,North America,2014,2010,0.6145833333333334,12,E
El Salvador,SLV,North America,2015,2010,1.39075,12,E
El Salvador,SLV,North America,2016,2010,1.1299166666666667,12,E
El Salvador,SLV,North America,2017,2010,0.6436666666666667,12,E
El Salvador,SLV,North America,2018,2010,0.6869999999999999,12,E
El Salvador,SLV,North America,2019,2010,0.9994999999999999,12,E
El Salvador,SLV,North America,2020,2020,1.3831666666666667,12,E
El Salvador,SLV,North America,2021,2020,1.1014166666666665,12,E
El Salvador,SLV,North America,2022,2020,0.672,12,E
El Salvador,SLV,North America,2023,2020,1.5235833333333335,12,E
El Salvador,SLV,North America,2024,2020,1.5122499999999999,12,E
El Salvador,SLV,North America,2025,2020,1.2705833333333334,12,E
San Marino,SMR,Europe,1961,1960,0.8058333333333333,12,E
San Marino,SMR,Europe,1962,1960,-0.26616666666666666,12,E
San Marino,SMR,Europe,1963,1960,-0.2944166666666667,12,E
San Marino,SMR,Europe,1964,1960,0.05608333333333334,12,E
San Marino,SMR,Europe,1965,1960,-0.3405,12,E
San Marino,SMR,Europe,1966,1960,0.2675,12,E
San Marino,SMR,Europe,1967,1960,0.3640833333333333,12,E
San Marino,SMR,Europe,1968,1960,-0.05575,12,E
San Marino,SMR,Europe,1969,1960,-0.21083333333333334,12,E
San Marino,SMR,Europe,1970,1970,0.047499999999999994,12,E
San Marino,SMR,Europe,1971,1970,-0.0681666666666667,12,E
San Marino,SMR,Europe,1972,1970,-0.02949999999999998,12,E
San Marino,SMR,Europe,1973,1970,-0.082,12,E
San Marino,SMR,Europe,1974,1970,0.05366666666666665,12,E
San Marino,SMR,Europe,1975,1970,0.244,12,E
San Marino,SMR,Europe,1976,1970,-0.42758333333333326,12,E
San Marino,SMR,Europe,1977,1970,0.2775833333333333,12,E
San Marino,SMR,Europe,1978,1970,-0.5130833333333333,12,E
San Marino,SMR,Europe,1979,1970,0.09058333333333331,12,E
San Marino,SMR,Europe,1980,1980,-0.7292500000000001,12,E
San Marino,SMR,Europe,1981,1980,-0.13575,12,E
San Marino,SMR,Europe,1982,1980,0.46208333333333335,12,E
San Marino,SMR,Europe,1983,1980,0.2854166666666667,12,E
San Marino,SMR,Europe,1984,1980,-0.4939166666666667,12,E
San Marino,SMR,Europe,1985,1980,0.2605,12,E
San Marino,SMR,Europe,1986,1980,0.1595833333333333,12,E
San Marino,SMR,Europe,1987,1980,0.23216666666666663,12,E
San Marino,SMR,Europe,1988,1980,0.7115,12,E
San Marino,SMR,Europe,1989,1980,0.3645,12,E
San Marino,SMR,Europe,1990,1990,0.8291666666666666,12,E
San Marino,SMR,Europe,1991,1990,-0.10541666666666667,12,E
San Marino,SMR,Europe,1992,1990,0.7180833333333334,12,E
San Marino,SMR,Europe,1993,1990,0.5378333333333333,12,E
San Marino,SMR,Europe,1994,1990,1.4723333333333333,12,E
San Marino,SMR,Europe,1995,1990,0.26533333333333337,12,E
San Marino,SMR,Europe,1996,1990,0.13683333333333333,12,E
San Marino,SMR,Europe,1997,1990,1.0020833333333334,12,E
San Marino,SMR,Europe,1998,1990,0.8874166666666667,12,E
San Marino,SMR,Europe,1999,1990,0.9579166666666667,12,E
San Marino,SMR,Europe,2000,2000,1.53275,12,E
San Marino,SMR,Europe,2001,2000,1.3180833333333333,12,E
San Marino,SMR,Europe,2002,2000,1.4312500000000001,12,E
San Marino,SMR,Europe,2003,2000,1.53975,12,E
San Marino,SMR,Europe,2004,2000,0.8915833333333333,12,E
San Marino,SMR,Europe,2005,2000,0.2250833333333333,12,E
San Marino,SMR,Europe,2006,2000,1.1019166666666667,12,E
San Marino,SMR,Europe,2007,2000,1.5962500000000002,12,E
San Marino,SMR,Europe,2008,2000,1.3155,12,E
San Marino,SMR,Europe,2009,2000,1.3464166666666666,12,E
San Marino,SMR,Europe,2010,2010,0.5675833333333333,12,E
San Marino,SMR,Europe,2011,2010,1.4240833333333331,12,E
San Marino,SMR,Europe,2012,2010,1.46675,12,E
San Marino,SMR,Europe,2013,2010,1.1060833333333333,12,E
San Marino,SMR,Europe,2014,2010,1.6088333333333333,12,E
San Marino,SMR,Europe,2015,2010,1.7925833333333332,12,E
San Marino,SMR,Europe,2016,2010,1.6225833333333333,12,E
San Marino,SMR,Europe,2017,2010,1.5619166666666666,12,E
San Marino,SMR,Europe,2018,2010,1.90825,12,E
San Marino,SMR,Europe,2019,2010,1.83775,12,E
San Marino,SMR,Europe,2020,2020,1.7769166666666667,12,E
San Marino,SMR,Europe,2021,2020,1.3549166666666668,12,E
San Marino,SMR,Europe,2022,2020,2.174916666666667,12,E
San Marino,SMR,Europe,2023,2020,2.2503333333333333,12,E
San Marino,SMR,Europe,2024,2020,2.635333333333333,12,E
San Marino,SMR,Europe,2025,2020,2.2125,12,E
Somalia,SOM,Africa,1961,1960,0.30525,12,E
Somalia,SOM,Africa,1962,1960,0.03075000000000001,12,E
Somalia,SOM,Africa,1963,1960,-0.2333333333333333,12,E
Somalia,SOM,Africa,1964,1960,0.0035833333333333364,12,E
Somalia,SOM,Africa,1965,1960,-0.3473333333333333,12,E
Somalia,SOM,Africa,1966,1960,0.17124999999999999,12,E
Somalia,SOM,Africa,1967,1960,-0.1585,12,E
Somalia,SOM,Africa,1968,1960,-0.5449166666666666,12,E
Somalia,SOM,Africa,1969,1960,0.039166666666666676,12,E
Somalia,SOM,Africa,1970,1970,0.023833333333333335,12,E
Somalia,SOM,Africa,1971,1970,-0.31125,12,E
Somalia,SOM,Africa,1972,1970,0.33041666666666664,12,E
Somalia,SOM,Africa,1973,1970,0.47408333333333336,12,E
Somalia,SOM,Africa,1974,1970,0.025666666666666674,12,E
Somalia,SOM,Africa,1975,1970,0.12791666666666668,12,E
Somalia,SOM,Africa,1976,1970,0.29516666666666663,12,E
Somalia,SOM,Africa,1977,1970,0.324,12,E
Somalia,SOM,Africa,1978,1970,0.06758333333333334,12,E
Somalia,SOM,Africa,1979,1970,-0.0015000000000000013,12,E
Somalia,SOM,Africa,1980,1980,0.7232500000000001,12,E
Somalia,SOM,Africa,1981,1980,0.20566666666666666,12,E
Somalia,SOM,Africa,1982,1980,0.28891666666666665,12,E
Somalia,SOM,Africa,1983,1980,0.5618333333333333,12,E
Somalia,SOM,Africa,1984,1980,-0.07525,12,E
Somalia,SOM,Africa,1985,1980,-0.0028333333333333322,12,E
Somalia,SOM,Africa,1986,1980,0.17475,12,E
Somalia,SOM,Africa,1987,1980,0.9076666666666666,12,E
Somalia,SOM,Africa,1988,1980,0.6439166666666667,12,E
Somalia,SOM,Africa,1989,1980,-0.07058333333333332,12,E
Somalia,SOM,Africa,1990,1990,0.05958333333333333,12,E
Somalia,SOM,Africa,1991,1990,0.27975,12,E
Somalia,SOM,Africa,1992,1990,0.5171666666666667,12,E
Somalia,SOM,Africa,1993,1990,0.08625,12,E
Somalia,SOM,Africa,1994,1990,0.3734166666666667,12,E
Somalia,SOM,Africa,1995,1990,0.5184166666666666,12,E
Somalia,SOM,Africa,1996,1990,0.5469166666666666,12,E
Somalia,SOM,Africa,1997,1990,0.2901666666666667,12,E
Somalia,SOM,Africa,1998,1990,0.5768333333333333,12,E
Somalia,SOM,Africa,1999,1990,0.20958333333333334,12,E
Somalia,SOM,Africa,2000,2000,0.50475,12,E
Somalia,SOM,Africa,2001,2000,0.6321666666666667,12,E
Somalia,SOM,Africa,2002,2000,0.6754166666666667,12,E
Somalia,SOM,Africa,2003,2000,0.8028333333333334,12,E
Somalia,SOM,Africa,2004,2000,0.4174166666666667,12,E
Somalia,SOM,Africa,2005,2000,0.9674166666666667,12,E
Somalia,SOM,Africa,2006,2000,0.72225,12,E
Somalia,SOM,Africa,2007,2000,0.7590833333333333,12,E
Somalia,SOM,Africa,2008,2000,0.5739166666666667,12,E
Somalia,SOM,Africa,2009,2000,1.2109166666666666,12,E
Somalia,SOM,Africa,2010,2010,0.8223333333333334,12,E
Somalia,SOM,Africa,2011,2010,0.5715,12,E
Somalia,SOM,Africa,2012,2010,0.7090833333333334,12,E
Somalia,SOM,Africa,2013,2010,0.4888333333333333,12,E
Somalia,SOM,Africa,2014,2010,0.7421666666666668,12,E
Somalia,SOM,Africa,2015,2010,,11,
Somalia,SOM,Africa,2016,2010,0.8733333333333334,12,E
Somalia,SOM,Africa,2017,2010,1.01925,12,E
Somalia,SOM,Africa,2018,2010,0.25283333333333335,12,E
Somalia,SOM,Africa,2019,2010,1.0315,12,E
Somalia,SOM,Africa,2020,2020,1.2982500000000001,12,E
Somalia,SOM,Africa,2021,2020,1.0819166666666666,12,E
Somalia,SOM,Africa,2022,2020,1.1703333333333334,12,E
Somalia,SOM,Africa,2023,2020,0.7585833333333333,12,E
Somalia,SOM,Africa,2024,2020,2.297333333333333,12,E
Somalia,SOM,Africa,2025,2020,,10,
Saint Pierre and Miquelon,SPM,North America,1961,1960,0.056999999999999974,12,E
Saint Pierre and Miquelon,SPM,North America,1962,1960,-0.21716666666666665,12,E
Saint Pierre and Miquelon,SPM,North America,1963,1960,-0.23908333333333331,12,E
Saint Pierre and Miquelon,SPM,North America,1964,1960,-0.4539166666666667,12,E
Saint Pierre and Miquelon,SPM,North America,1965,1960,-0.5298333333333334,12,E
Saint Pierre and Miquelon,SPM,North America,1966,1960,0.3466666666666667,12,E
Saint Pierre and Miquelon,SPM,North America,1967,1960,0.12725,12,E
Saint Pierre and Miquelon,SPM,North America,1968,1960,0.11408333333333331,12,E
Saint Pierre and Miquelon,SPM,North America,1969,1960,0.8365,12,E
Saint Pierre and Miquelon,SPM,North America,1970,1970,0.5140833333333333,12,E
Saint Pierre and Miquelon,SPM,North America,1971,1970,0.21166666666666664,12,E
Saint Pierre and Miquelon,SPM,North America,1972,1970,-1.46175,12,E
Saint Pierre and Miquelon,SPM,North America,1973,1970,-0.1915,12,E
Saint Pierre and Miquelon,SPM,North America,1974,1970,-1.0960833333333333,12,E
Saint Pierre and Miquelon,SPM,North America,1975,1970,-0.8595,12,E
Saint Pierre and Miquelon,SPM,North America,1976,1970,-0.09749999999999998,12,E
Saint Pierre and Miquelon,SPM,North America,1977,1970,-0.05066666666666667,12,E
Saint Pierre and Miquelon,SPM,North America,1978,1970,-0.3848333333333333,12,E
Saint Pierre and Miquelon,SPM,North America,1979,1970,0.5885833333333333,12,E
Saint Pierre and Miquelon,SPM,North America,1980,1980,-0.29508333333333336,12,E
Saint Pierre and Miquelon,SPM,North America,1981,1980,1.2460833333333332,12,E
Saint Pierre and Miquelon,SPM,North America,1982,1980,-0.6376666666666667,12,E
Saint Pierre and Miquelon,SPM,North America,1983,1980,0.76775,12,E
Saint Pierre and Miquelon,SPM,North America,1984,1980,0.19566666666666663,12,E
Saint Pierre and Miquelon,SPM,North America,1985,1980,-1.0960833333333333,12,E
Saint Pierre and Miquelon,SPM,North America,1986,1980,-0.6833333333333335,12,E
Saint Pierre and Miquelon,SPM,North America,1987,1980,0.08125,12,E
Saint Pierre and Miquelon,SPM,North America,1988,1980,0.19083333333333333,12,E
Saint Pierre and Miquelon,SPM,North America,1989,1980,-0.48983333333333334,12,E
Saint Pierre and Miquelon,SPM,North America,1990,1990,-0.3695833333333334,12,E
Saint Pierre and Miquelon,SPM,North America,1991,1990,-0.8914166666666666,12,E
Saint Pierre and Miquelon,SPM,North America,1992,1990,-1.1849166666666666,12,E
Saint Pierre and Miquelon,SPM,North America,1993,1990,-0.7816666666666666,12,E
Saint Pierre and Miquelon,SPM,North America,1994,1990,-0.45849999999999996,12,E
Saint Pierre and Miquelon,SPM,North America,1995,1990,-0.2065,12,E
Saint Pierre and Miquelon,SPM,North America,1996,1990,0.5240833333333333,12,E
Saint Pierre and Miquelon,SPM,North America,1997,1990,-0.5163333333333333,12,E
Saint Pierre and Miquelon,SPM,North America,1998,1990,0.80825,12,E
Saint Pierre and Miquelon,SPM,North America,1999,1990,1.9092500000000001,12,E
Saint Pierre and Miquelon,SPM,North America,2000,2000,1.01775,12,E
Saint Pierre and Miquelon,SPM,North America,2001,2000,0.81625,12,E
Saint Pierre and Miquelon,SPM,North America,2002,2000,-0.19241666666666668,12,E
Saint Pierre and Miquelon,SPM,North America,2003,2000,0.42258333333333337,12,E
Saint Pierre and Miquelon,SPM,North America,2004,2000,0.5896666666666667,12,E
Saint Pierre and Miquelon,SPM,North America,2005,2000,1.0589166666666667,12,E
Saint Pierre and Miquelon,SPM,North America,2006,2000,1.82725,12,E
Saint Pierre and Miquelon,SPM,North America,2007,2000,0.16766666666666666,12,E
Saint Pierre and Miquelon,SPM,North America,2008,2000,0.76225,12,E
Saint Pierre and Miquelon,SPM,North America,2009,2000,0.6818333333333334,12,E
Saint Pierre and Miquelon,SPM,North America,2010,2010,1.6808333333333334,12,E
Saint Pierre and Miquelon,SPM,North America,2011,2010,0.87325,12,E
Saint Pierre and Miquelon,SPM,North America,2012,2010,2.0709166666666667,12,E
Saint Pierre and Miquelon,SPM,North America,2013,2010,1.0181666666666667,12,E
Saint Pierre and Miquelon,SPM,North America,2014,2010,0.7120833333333333,12,E
Saint Pierre and Miquelon,SPM,North America,2015,2010,0.029666666666666692,12,E
Saint Pierre and Miquelon,SPM,North America,2016,2010,0.7576666666666667,12,E
Saint Pierre and Miquelon,SPM,North America,2017,2010,0.5285833333333333,12,E
Saint Pierre and Miquelon,SPM,North America,2018,2010,0.5541666666666667,12,E
Saint Pierre and Miquelon,SPM,North America,2019,2010,0.19491666666666665,12,E
Saint Pierre and Miquelon,SPM,North America,2020,2020,1.0246666666666666,12,E
Saint Pierre and Miquelon,SPM,North America,2021,2020,2.107083333333333,12,E
Saint Pierre and Miquelon,SPM,North America,2022,2020,1.9819166666666668,12,E
Saint Pierre and Miquelon,SPM,North America,2023,2020,1.5338333333333332,12,E
Saint Pierre and Miquelon,SPM,North America,2024,2020,2.197416666666667,12,E
Saint Pierre and Miquelon,SPM,North America,2025,2020,1.6135833333333334,12,E
Serbia,SRB,Europe,2006,2000,0.64175,12,E
Serbia,SRB,Europe,2007,2000,1.708,12,E
Serbia,SRB,Europe,2008,2000,1.6266666666666667,12,E
Serbia,SRB,Europe,2009,2000,1.39925,12,E
Serbia,SRB,Europe,2010,2010,1.05775,12,E
Serbia,SRB,Europe,2011,2010,0.9095833333333333,12,E
Serbia,SRB,Europe,2012,2010,1.4896666666666667,12,E
Serbia,SRB,Europe,2013,2010,1.5594166666666667,12,E
Serbia,SRB,Europe,2014,2010,1.7408333333333335,12,E
Serbia,SRB,Europe,2015,2010,1.8045,12,E
Serbia,SRB,Europe,2016,2010,1.5140833333333334,12,E
Serbia,SRB,Europe,2017,2010,1.5515833333333333,12,E
Serbia,SRB,Europe,2018,2010,2.1979166666666665,12,E
Serbia,SRB,Europe,2019,2010,2.341416666666667,12,E
Serbia,SRB,Europe,2020,2020,1.9034166666666668,12,E
Serbia,SRB,Europe,2021,2020,1.4722499999999998,12,E
Serbia,SRB,Europe,2022,2020,2.1590833333333332,12,E
Serbia,SRB,Europe,2023,2020,2.5919166666666666,12,E
Serbia,SRB,Europe,2024,2020,3.2589166666666665,12,E
Serbia,SRB,Europe,2025,2020,2.1414166666666667,12,E
South Sudan,SSD,Africa,2012,2010,1.0896666666666668,12,E
South Sudan,SSD,Africa,2013,2010,1.3029166666666667,12,E
South Sudan,SSD,Africa,2014,2010,0.9143333333333333,12,E
South Sudan,SSD,Africa,2015,2010,1.2834166666666667,12,E
South Sudan,SSD,Africa,2016,2010,1.6335,12,E
South Sudan,SSD,Africa,2017,2010,1.3583333333333334,12,E
South Sudan,SSD,Africa,2018,2010,1.1581666666666666,12,E
South Sudan,SSD,Africa,2019,2010,1.08825,12,E
South Sudan,SSD,Africa,2020,2020,0.69625,12,E
South Sudan,SSD,Africa,2021,2020,1.0584166666666668,12,E
South Sudan,SSD,Africa,2022,2020,0.8019166666666666,12,E
South Sudan,SSD,Africa,2023,2020,1.5565833333333332,12,E
South Sudan,SSD,Africa,2024,2020,1.9284999999999999,12,E
South Sudan,SSD,Africa,2025,2020,,10,
Sao Tome and Principe,STP,Africa,1961,1960,-0.12783333333333333,12,E
Sao Tome and Principe,STP,Africa,1962,1960,-0.05633333333333334,12,E
Sao Tome and Principe,STP,Africa,1963,1960,0.24975,12,E
Sao Tome and Principe,STP,Africa,1964,1960,-0.17958333333333334,12,E
Sao Tome and Principe,STP,Africa,1965,1960,-0.077,12,E
Sao Tome and Principe,STP,Africa,1966,1960,0.24275,12,E
Sao Tome and Principe,STP,Africa,1967,1960,-0.10658333333333332,12,E
Sao Tome and Principe,STP,Africa,1968,1960,-0.050666666666666665,12,E
Sao Tome and Principe,STP,Africa,1969,1960,0.14008333333333334,12,E
Sao Tome and Principe,STP,Africa,1970,1970,0.21808333333333332,12,E
Sao Tome and Principe,STP,Africa,1971,1970,-0.11499999999999999,12,E
Sao Tome and Principe,STP,Africa,1972,1970,0.06466666666666666,12,E
Sao Tome and Principe,STP,Africa,1973,1970,0.4025833333333333,12,E
Sao Tome and Principe,STP,Africa,1974,1970,-0.11025,12,E
Sao Tome and Principe,STP,Africa,1975,1970,-0.11983333333333333,12,E
Sao Tome and Principe,STP,Africa,1976,1970,-0.3169166666666667,12,E
Sao Tome and Principe,STP,Africa,1977,1970,0.2354166666666667,12,E
Sao Tome and Principe,STP,Africa,1978,1970,0.10083333333333333,12,E
Sao Tome and Principe,STP,Africa,1979,1970,0.39608333333333334,12,E
Sao Tome and Principe,STP,Africa,1980,1980,0.24683333333333335,12,E
Sao Tome and Principe,STP,Africa,1981,1980,0.1425,12,E
Sao Tome and Principe,STP,Africa,1982,1980,-0.007333333333333331,12,E
Sao Tome and Principe,STP,Africa,1983,1980,0.04425000000000001,12,E
Sao Tome and Principe,STP,Africa,1984,1980,0.41841666666666666,12,E
Sao Tome and Principe,STP,Africa,1985,1980,0.07433333333333335,12,E
Sao Tome and Principe,STP,Africa,1986,1980,,11,
Sao Tome and Principe,STP,Africa,1987,1980,0.48233333333333334,12,E
Sao Tome and Principe,STP,Africa,1988,1980,,11,
Sao Tome and Principe,STP,Africa,1989,1980,,9,
Sao Tome and Principe,STP,Africa,1990,1990,,7,
Sao Tome and Principe,STP,Africa,1991,1990,,1,
Sao Tome and Principe,STP,Africa,1992,1990,,11,
Sao Tome and Principe,STP,Africa,1993,1990,,6,
Sao Tome and Principe,STP,Africa,1994,1990,,9,
Sao Tome and Principe,STP,Africa,1995,1990,,7,
Sao Tome and Principe,STP,Africa,1996,1990,,6,
Sao Tome and Principe,STP,Africa,1997,1990,,5,
Sao Tome and Principe,STP,Africa,1998,1990,,11,
Sao Tome and Principe,STP,Africa,1999,1990,,10,
Sao Tome and Principe,STP,Africa,2000,2000,0.486,12,E
Sao Tome and Principe,STP,Africa,2001,2000,0.3578333333333334,12,E
Sao Tome and Principe,STP,Africa,2002,2000,0.6986666666666667,12,E
Sao Tome and Principe,STP,Africa,2003,2000,,11,
Sao Tome and Principe,STP,Africa,2004,2000,0.7720833333333333,12,E
Sao Tome and Principe,STP,Africa,2005,2000,0.6269166666666667,12,E
Sao Tome and Principe,STP,Africa,2006,2000,0.7604166666666666,12,E
Sao Tome and Principe,STP,Africa,2007,2000,0.9113333333333333,12,E
Sao Tome and Principe,STP,Africa,2008,2000,0.7247499999999999,12,E
Sao Tome and Principe,STP,Africa,2009,2000,0.8570833333333333,12,E
Sao Tome and Principe,STP,Africa,2010,2010,0.9474166666666667,12,E
Sao Tome and Principe,STP,Africa,2011,2010,0.6740833333333334,12,E
Sao Tome and Principe,STP,Africa,2012,2010,0.74275,12,E
Sao Tome and Principe,STP,Africa,2013,2010,0.8601666666666666,12,E
Sao Tome and Principe,STP,Africa,2014,2010,0.8726666666666666,12,E
Sao Tome and Principe,STP,Africa,2015,2010,0.9904166666666666,12,E
Sao Tome and Principe,STP,Africa,2016,2010,1.4919166666666666,12,E
Sao Tome and Principe,STP,Africa,2017,2010,,11,
Sao Tome and Principe,STP,Africa,2018,2010,,9,
Sao Tome and Principe,STP,Africa,2019,2010,1.2713333333333334,12,E
Sao Tome and Principe,STP,Africa,2020,2020,1.3993333333333335,12,E
Sao Tome and Principe,STP,Africa,2021,2020,1.1874166666666668,12,E
Sao Tome and Principe,STP,Africa,2022,2020,1.1905833333333333,12,E
Sao Tome and Principe,STP,Africa,2023,2020,1.0475,12,E
Sao Tome and Principe,STP,Africa,2024,2020,1.7324166666666665,12,E
Sao Tome and Principe,STP,Africa,2025,2020,1.1460833333333333,12,E
Suriname,SUR,South America,1961,1960,-0.211,12,E
Suriname,SUR,South America,1962,1960,-0.043583333333333335,12,E
Suriname,SUR,South America,1963,1960,-0.09191666666666666,12,E
Suriname,SUR,South America,1964,1960,-0.06608333333333333,12,E
Suriname,SUR,South America,1965,1960,-0.058750000000000004,12,E
Suriname,SUR,South America,1966,1960,0.20850000000000002,12,E
Suriname,SUR,South America,1967,1960,-0.16808333333333333,12,E
Suriname,SUR,South America,1968,1960,-0.23158333333333334,12,E
Suriname,SUR,South America,1969,1960,0.5890833333333333,12,E
Suriname,SUR,South America,1970,1970,0.13175,12,E
Suriname,SUR,South America,1971,1970,-0.31216666666666665,12,E
Suriname,SUR,South America,1972,1970,-0.05100000000000001,12,E
Suriname,SUR,South America,1973,1970,0.18208333333333335,12,E
Suriname,SUR,South America,1974,1970,-0.1595,12,E
Suriname,SUR,South America,1975,1970,-0.16091666666666668,12,E
Suriname,SUR,South America,1976,1970,0.03158333333333333,12,E
Suriname,SUR,South America,1977,1970,0.19425,12,E
Suriname,SUR,South America,1978,1970,0.13591666666666669,12,E
Suriname,SUR,South America,1979,1970,0.4110833333333333,12,E
Suriname,SUR,South America,1980,1980,0.25608333333333333,12,E
Suriname,SUR,South America,1981,1980,0.28275,12,E
Suriname,SUR,South America,1982,1980,0.23883333333333331,12,E
Suriname,SUR,South America,1983,1980,0.40825,12,E
Suriname,SUR,South America,1984,1980,-0.20216666666666663,12,E
Suriname,SUR,South America,1985,1980,-0.012333333333333335,12,E
Suriname,SUR,South America,1986,1980,0.17566666666666667,12,E
Suriname,SUR,South America,1987,1980,0.87575,12,E
Suriname,SUR,South America,1988,1980,0.5270833333333333,12,E
Suriname,SUR,South America,1989,1980,0.13,12,E
Suriname,SUR,South America,1990,1990,0.4684166666666667,12,E
Suriname,SUR,South America,1991,1990,0.435,12,E
Suriname,SUR,South America,1992,1990,0.78825,12,E
Suriname,SUR,South America,1993,1990,0.4496666666666667,12,E
Suriname,SUR,South America,1994,1990,0.3741666666666667,12,E
Suriname,SUR,South America,1995,1990,1.2091666666666667,12,E
Suriname,SUR,South America,1996,1990,1.0336666666666667,12,E
Suriname,SUR,South America,1997,1990,1.0445833333333334,12,E
Suriname,SUR,South America,1998,1990,1.6475833333333334,12,E
Suriname,SUR,South America,1999,1990,0.9054166666666666,12,E
Suriname,SUR,South America,2000,2000,0.7144166666666667,12,E
Suriname,SUR,South America,2001,2000,0.92775,12,E
Suriname,SUR,South America,2002,2000,1.1655833333333334,12,E
Suriname,SUR,South America,2003,2000,1.2886666666666666,12,E
Suriname,SUR,South America,2004,2000,1.28625,12,E
Suriname,SUR,South America,2005,2000,1.5229166666666665,12,E
Suriname,SUR,South America,2006,2000,1.25,12,E
Suriname,SUR,South America,2007,2000,1.42025,12,E
Suriname,SUR,South America,2008,2000,1.2694166666666666,12,E
Suriname,SUR,South America,2009,2000,1.6916666666666667,12,E
Suriname,SUR,South America,2010,2010,1.8179999999999998,12,E
Suriname,SUR,South America,2011,2010,1.2945833333333334,12,E
Suriname,SUR,South America,2012,2010,1.4974999999999998,12,E
Suriname,SUR,South America,2013,2010,1.6039166666666667,12,E
Suriname,SUR,South America,2014,2010,1.5781666666666665,12,E
Suriname,SUR,South America,2015,2010,1.7564166666666665,12,E
Suriname,SUR,South America,2016,2010,2.1060833333333333,12,E
Suriname,SUR,South America,2017,2010,1.78,12,E
Suriname,SUR,South America,2018,2010,1.54775,12,E
Suriname,SUR,South America,2019,2010,1.9659166666666668,12,E
Suriname,SUR,South America,2020,2020,1.9981666666666669,12,E
Suriname,SUR,South America,2021,2020,1.5624166666666666,12,E
Suriname,SUR,South America,2022,2020,1.6085,12,E
Suriname,SUR,South America,2023,2020,2.2225,12,E
Suriname,SUR,South America,2024,2020,2.7495833333333333,12,E
Suriname,SUR,South America,2025,2020,1.8609166666666666,12,E
Slovakia,SVK,Europe,1993,1990,0.28650000000000003,12,E
Slovakia,SVK,Europe,1994,1990,1.6138333333333332,12,E
Slovakia,SVK,Europe,1995,1990,0.49933333333333335,12,E
Slovakia,SVK,Europe,1996,1990,-0.5474166666666667,12,E
Slovakia,SVK,Europe,1997,1990,0.15024999999999997,12,E
Slovakia,SVK,Europe,1998,1990,0.6627500000000001,12,E
Slovakia,SVK,Europe,1999,1990,1.0190833333333333,12,E
Slovakia,SVK,Europe,2000,2000,1.835,12,E
Slovakia,SVK,Europe,2001,2000,0.7126666666666667,12,E
Slovakia,SVK,Europe,2002,2000,1.5830833333333334,12,E
Slovakia,SVK,Europe,2003,2000,0.8819166666666667,12,E
Slovakia,SVK,Europe,2004,2000,0.5744166666666667,12,E
Slovakia,SVK,Europe,2005,2000,0.30158333333333337,12,E
Slovakia,SVK,Europe,2006,2000,0.8958333333333334,12,E
Slovakia,SVK,Europe,2007,2000,1.8910833333333334,12,E
Slovakia,SVK,Europe,2008,2000,1.7276666666666667,12,E
Slovakia,SVK,Europe,2009,2000,1.3558333333333332,12,E
Slovakia,SVK,Europe,2010,2010,0.4211666666666667,12,E
Slovakia,SVK,Europe,2011,2010,1.2346666666666666,12,E
Slovakia,SVK,Europe,2012,2010,1.29275,12,E
Slovakia,SVK,Europe,2013,2010,1.20525,12,E
Slovakia,SVK,Europe,2014,2010,2.3999166666666665,12,E
Slovakia,SVK,Europe,2015,2010,2.19425,12,E
Slovakia,SVK,Europe,2016,2010,1.6285833333333333,12,E
Slovakia,SVK,Europe,2017,2010,1.4239166666666667,12,E
Slovakia,SVK,Europe,2018,2010,2.4899166666666663,12,E
Slovakia,SVK,Europe,2019,2010,2.5775,12,E
Slovakia,SVK,Europe,2020,2020,2.0585833333333334,12,E
Slovakia,SVK,Europe,2021,2020,1.0850833333333334,12,E
Slovakia,SVK,Europe,2022,2020,2.120083333333333,12,E
Slovakia,SVK,Europe,2023,2020,2.5180833333333332,12,E
Slovakia,SVK,Europe,2024,2020,3.3360833333333333,12,E
Slovakia,SVK,Europe,2025,2020,1.9655833333333332,12,E
Slovenia,SVN,Europe,1992,1990,1.2891666666666668,12,E
Slovenia,SVN,Europe,1993,1990,0.655,12,E
Slovenia,SVN,Europe,1994,1990,1.883,12,E
Slovenia,SVN,Europe,1995,1990,0.6485,12,E
Slovenia,SVN,Europe,1996,1990,-0.25183333333333335,12,E
Slovenia,SVN,Europe,1997,1990,0.74275,12,E
Slovenia,SVN,Europe,1998,1990,1.0379166666666666,12,E
Slovenia,SVN,Europe,1999,1990,1.044,12,E
Slovenia,SVN,Europe,2000,2000,2.0233333333333334,12,E
Slovenia,SVN,Europe,2001,2000,1.2255,12,E
Slovenia,SVN,Europe,2002,2000,1.8133333333333332,12,E
Slovenia,SVN,Europe,2003,2000,1.4384166666666667,12,E
Slovenia,SVN,Europe,2004,2000,0.70925,12,E
Slovenia,SVN,Europe,2005,2000,0.35008333333333336,12,E
Slovenia,SVN,Europe,2006,2000,1.1394166666666667,12,E
Slovenia,SVN,Europe,2007,2000,1.8944999999999999,12,E
Slovenia,SVN,Europe,2008,2000,1.726,12,E
Slovenia,SVN,Europe,2009,2000,1.5854166666666665,12,E
Slovenia,SVN,Europe,2010,2010,0.5860833333333333,12,E
Slovenia,SVN,Europe,2011,2010,1.6620833333333334,12,E
Slovenia,SVN,Europe,2012,2010,1.75875,12,E
Slovenia,SVN,Europe,2013,2010,1.4276666666666664,12,E
Slovenia,SVN,Europe,2014,2010,2.4179166666666667,12,E
Slovenia,SVN,Europe,2015,2010,2.1734166666666668,12,E
Slovenia,SVN,Europe,2016,2010,1.8274166666666665,12,E
Slovenia,SVN,Europe,2017,2010,1.7584166666666665,12,E
Slovenia,SVN,Europe,2018,2010,2.40275,12,E
Slovenia,SVN,Europe,2019,2010,2.461333333333333,12,E
Slovenia,SVN,Europe,2020,2020,2.1239166666666667,12,E
Slovenia,SVN,Europe,2021,2020,1.44825,12,E
Slovenia,SVN,Europe,2022,2020,2.6083333333333334,12,E
Slovenia,SVN,Europe,2023,2020,2.6045833333333337,12,E
Slovenia,SVN,Europe,2024,2020,3.095916666666667,12,E
Slovenia,SVN,Europe,2025,2020,2.2590833333333333,12,E
Sweden,SWE,Europe,1961,1960,1.29275,12,E
Sweden,SWE,Europe,1962,1960,-0.7089166666666666,12,E
Sweden,SWE,Europe,1963,1960,-0.25800000000000006,12,E
Sweden,SWE,Europe,1964,1960,0.4495,12,E
Sweden,SWE,Europe,1965,1960,-0.6490833333333333,12,E
Sweden,SWE,Europe,1966,1960,-1.23925,12,E
Sweden,SWE,Europe,1967,1960,0.45658333333333334,12,E
Sweden,SWE,Europe,1968,1960,-0.53625,12,E
Sweden,SWE,Europe,1969,1960,-0.5370833333333334,12,E
Sweden,SWE,Europe,1970,1970,-0.7055000000000001,12,E
Sweden,SWE,Europe,1971,1970,0.1491666666666667,12,E
Sweden,SWE,Europe,1972,1970,0.9702500000000001,12,E
Sweden,SWE,Europe,1973,1970,0.5449999999999999,12,E
Sweden,SWE,Europe,1974,1970,1.3274166666666667,12,E
Sweden,SWE,Europe,1975,1970,1.5618333333333334,12,E
Sweden,SWE,Europe,1976,1970,-0.4373333333333333,12,E
Sweden,SWE,Europe,1977,1970,-0.16258333333333333,12,E
Sweden,SWE,Europe,1978,1970,-0.7514166666666666,12,E
Sweden,SWE,Europe,1979,1970,-0.5837500000000001,12,E
Sweden,SWE,Europe,1980,1980,-0.5958333333333333,12,E
Sweden,SWE,Europe,1981,1980,-0.6761666666666667,12,E
Sweden,SWE,Europe,1982,1980,0.5098333333333334,12,E
Sweden,SWE,Europe,1983,1980,0.7782499999999999,12,E
Sweden,SWE,Europe,1984,1980,0.8445833333333334,12,E
Sweden,SWE,Europe,1985,1980,-1.641,12,E
Sweden,SWE,Europe,1986,1980,-0.2768333333333334,12,E
Sweden,SWE,Europe,1987,1980,-1.0431666666666666,12,E
Sweden,SWE,Europe,1988,1980,0.6840833333333333,12,E
Sweden,SWE,Europe,1989,1980,1.9913333333333334,12,E
Sweden,SWE,Europe,1990,1990,2.004,12,E
Sweden,SWE,Europe,1991,1990,1.04125,12,E
Sweden,SWE,Europe,1992,1990,1.39925,12,E
Sweden,SWE,Europe,1993,1990,0.5210833333333333,12,E
Sweden,SWE,Europe,1994,1990,0.5086666666666666,12,E
Sweden,SWE,Europe,1995,1990,0.6939166666666666,12,E
Sweden,SWE,Europe,1996,1990,-0.028416666666666663,12,E
Sweden,SWE,Europe,1997,1990,1.2328333333333334,12,E
Sweden,SWE,Europe,1998,1990,0.5246666666666667,12,E
Sweden,SWE,Europe,1999,1990,1.2068333333333332,12,E
Sweden,SWE,Europe,2000,2000,2.0423333333333336,12,E
Sweden,SWE,Europe,2001,2000,0.77075,12,E
Sweden,SWE,Europe,2002,2000,1.4100000000000001,12,E
Sweden,SWE,Europe,2003,2000,1.3235,12,E
Sweden,SWE,Europe,2004,2000,1.2726666666666666,12,E
Sweden,SWE,Europe,2005,2000,1.6474166666666668,12,E
Sweden,SWE,Europe,2006,2000,1.9340833333333334,12,E
Sweden,SWE,Europe,2007,2000,1.7329999999999999,12,E
Sweden,SWE,Europe,2008,2000,1.8359166666666666,12,E
Sweden,SWE,Europe,2009,2000,1.1504166666666666,12,E
Sweden,SWE,Europe,2010,2010,-0.6623333333333333,12,E
Sweden,SWE,Europe,2011,2010,2.0909166666666668,12,E
Sweden,SWE,Europe,2012,2010,0.7436666666666666,12,E
Sweden,SWE,Europe,2013,2010,1.4704166666666667,12,E
Sweden,SWE,Europe,2014,2010,2.50625,12,E
Sweden,SWE,Europe,2015,2010,2.3063333333333333,12,E
Sweden,SWE,Europe,2016,2010,1.7721666666666664,12,E
Sweden,SWE,Europe,2017,2010,1.4460833333333334,12,E
Sweden,SWE,Europe,2018,2010,1.8584166666666668,12,E
Sweden,SWE,Europe,2019,2010,1.7335833333333335,12,E
Sweden,SWE,Europe,2020,2020,3.044916666666667,12,E
Sweden,SWE,Europe,2021,2020,1.3618333333333332,12,E
Sweden,SWE,Europe,2022,2020,2.1506666666666665,12,E
Sweden,SWE,Europe,2023,2020,1.4313333333333336,12,E
Sweden,SWE,Europe,2024,2020,2.3772499999999996,12,E
Sweden,SWE,Europe,2025,2020,2.863166666666667,12,E
Eswatini,SWZ,Africa,1961,1960,0.20075,12,E
Eswatini,SWZ,Africa,1962,1960,0.5139166666666667,12,E
Eswatini,SWZ,Africa,1963,1960,-0.22358333333333333,12,E
Eswatini,SWZ,Africa,1964,1960,-0.10708333333333332,12,E
Eswatini,SWZ,Africa,1965,1960,-0.06824999999999999,12,E
Eswatini,SWZ,Africa,1966,1960,0.27808333333333335,12,E
Eswatini,SWZ,Africa,1967,1960,-0.29875,12,E
Eswatini,SWZ,Africa,1968,1960,-0.3454166666666667,12,E
Eswatini,SWZ,Africa,1969,1960,0.33475000000000005,12,E
Eswatini,SWZ,Africa,1970,1970,0.6745833333333334,12,E
Eswatini,SWZ,Africa,1971,1970,-0.10033333333333334,12,E
Eswatini,SWZ,Africa,1972,1970,-0.22875,12,E
Eswatini,SWZ,Africa,1973,1970,-0.05033333333333334,12,E
Eswatini,SWZ,Africa,1974,1970,-0.048166666666666684,12,E
Eswatini,SWZ,Africa,1975,1970,-0.3423333333333333,12,E
Eswatini,SWZ,Africa,1976,1970,-0.18858333333333333,12,E
Eswatini,SWZ,Africa,1977,1970,0.4535833333333333,12,E
Eswatini,SWZ,Africa,1978,1970,0.18725,12,E
Eswatini,SWZ,Africa,1979,1970,0.34941666666666665,12,E
Eswatini,SWZ,Africa,1980,1980,0.06233333333333333,12,E
Eswatini,SWZ,Africa,1981,1980,-0.37066666666666664,12,E
Eswatini,SWZ,Africa,1982,1980,0.44308333333333333,12,E
Eswatini,SWZ,Africa,1983,1980,0.9334166666666667,12,E
Eswatini,SWZ,Africa,1984,1980,0.08216666666666665,12,E
Eswatini,SWZ,Africa,1985,1980,0.6276666666666667,12,E
Eswatini,SWZ,Africa,1986,1980,0.4086666666666667,12,E
Eswatini,SWZ,Africa,1987,1980,0.6703333333333333,12,E
Eswatini,SWZ,Africa,1988,1980,0.45049999999999996,12,E
Eswatini,SWZ,Africa,1989,1980,0.23416666666666666,12,E
Eswatini,SWZ,Africa,1990,1990,0.3383333333333334,12,E
Eswatini,SWZ,Africa,1991,1990,0.5103333333333333,12,E
Eswatini,SWZ,Africa,1992,1990,1.3186666666666667,12,E
Eswatini,SWZ,Africa,1993,1990,0.6994166666666667,12,E
Eswatini,SWZ,Africa,1994,1990,-0.04050000000000001,12,E
Eswatini,SWZ,Africa,1995,1990,0.521,12,E
Eswatini,SWZ,Africa,1996,1990,0.08783333333333333,12,E
Eswatini,SWZ,Africa,1997,1990,0.20566666666666666,12,E
Eswatini,SWZ,Africa,1998,1990,0.8956666666666666,12,E
Eswatini,SWZ,Africa,1999,1990,0.56425,12,E
Eswatini,SWZ,Africa,2000,2000,-0.16175000000000003,12,E
Eswatini,SWZ,Africa,2001,2000,0.4071666666666667,12,E
Eswatini,SWZ,Africa,2002,2000,0.38233333333333336,12,E
Eswatini,SWZ,Africa,2003,2000,0.66375,12,E
Eswatini,SWZ,Africa,2004,2000,0.42825,12,E
Eswatini,SWZ,Africa,2005,2000,0.77475,12,E
Eswatini,SWZ,Africa,2006,2000,0.32183333333333336,12,E
Eswatini,SWZ,Africa,2007,2000,0.73175,12,E
Eswatini,SWZ,Africa,2008,2000,0.5693333333333334,12,E
Eswatini,SWZ,Africa,2009,2000,0.34041666666666665,12,E
Eswatini,SWZ,Africa,2010,2010,0.8835833333333333,12,E
Eswatini,SWZ,Africa,2011,2010,,7,
Eswatini,SWZ,Africa,2012,2010,,11,
Eswatini,SWZ,Africa,2013,2010,0.050000000000000024,12,E
Eswatini,SWZ,Africa,2014,2010,0.66675,12,E
Eswatini,SWZ,Africa,2015,2010,1.1190833333333332,12,E
Eswatini,SWZ,Africa,2016,2010,0.7951666666666667,12,E
Eswatini,SWZ,Africa,2017,2010,0.57375,12,E
Eswatini,SWZ,Africa,2018,2010,0.9755833333333334,12,E
Eswatini,SWZ,Africa,2019,2010,1.3285833333333332,12,E
Eswatini,SWZ,Africa,2020,2020,0.2885,12,E
Eswatini,SWZ,Africa,2021,2020,0.6071666666666666,12,E
Eswatini,SWZ,Africa,2022,2020,0.9813333333333333,12,E
Eswatini,SWZ,Africa,2023,2020,0.6955833333333333,12,E
Eswatini,SWZ,Africa,2024,2020,1.16275,12,E
Eswatini,SWZ,Africa,2025,2020,0.7665000000000001,12,E
Seychelles,SYC,Africa,1961,1960,0.24550000000000002,12,E
Seychelles,SYC,Africa,1962,1960,0.068,12,E
Seychelles,SYC,Africa,1963,1960,-0.11091666666666666,12,E
Seychelles,SYC,Africa,1964,1960,-0.26375,12,E
Seychelles,SYC,Africa,1965,1960,-0.5225000000000001,12,E
Seychelles,SYC,Africa,1966,1960,0.06166666666666667,12,E
Seychelles,SYC,Africa,1967,1960,-0.005166666666666667,12,E
Seychelles,SYC,Africa,1968,1960,-0.16808333333333333,12,E
Seychelles,SYC,Africa,1969,1960,0.19433333333333333,12,E
Seychelles,SYC,Africa,1970,1970,0.25325000000000003,12,E
Seychelles,SYC,Africa,1971,1970,-0.5035,12,E
Seychelles,SYC,Africa,1972,1970,0.0022500000000000068,12,E
Seychelles,SYC,Africa,1973,1970,0.33183333333333337,12,E
Seychelles,SYC,Africa,1974,1970,-0.2990833333333333,12,E
Seychelles,SYC,Africa,1975,1970,-0.1095,12,E
Seychelles,SYC,Africa,1976,1970,-0.08375,12,E
Seychelles,SYC,Africa,1977,1970,0.3195,12,E
Seychelles,SYC,Africa,1978,1970,0.4131666666666667,12,E
Seychelles,SYC,Africa,1979,1970,0.33675000000000005,12,E
Seychelles,SYC,Africa,1980,1980,0.30591666666666667,12,E
Seychelles,SYC,Africa,1981,1980,0.25383333333333336,12,E
Seychelles,SYC,Africa,1982,1980,0.4885,12,E
Seychelles,SYC,Africa,1983,1980,0.5035833333333334,12,E
Seychelles,SYC,Africa,1984,1980,-0.3155833333333333,12,E
Seychelles,SYC,Africa,1985,1980,-0.06591666666666667,12,E
Seychelles,SYC,Africa,1986,1980,0.26066666666666666,12,E
Seychelles,SYC,Africa,1987,1980,0.5459166666666667,12,E
Seychelles,SYC,Africa,1988,1980,0.3953333333333333,12,E
Seychelles,SYC,Africa,1989,1980,0.019416666666666665,12,E
Seychelles,SYC,Africa,1990,1990,0.42625,12,E
Seychelles,SYC,Africa,1991,1990,0.5125000000000001,12,E
Seychelles,SYC,Africa,1992,1990,0.06708333333333333,12,E
Seychelles,SYC,Africa,1993,1990,0.09641666666666666,12,E
Seychelles,SYC,Africa,1994,1990,0.3448333333333333,12,E
Seychelles,SYC,Africa,1995,1990,0.3653333333333333,12,E
Seychelles,SYC,Africa,1996,1990,0.05425,12,E
Seychelles,SYC,Africa,1997,1990,0.5918333333333333,12,E
Seychelles,SYC,Africa,1998,1990,0.8115833333333334,12,E
Seychelles,SYC,Africa,1999,1990,0.33116666666666666,12,E
Seychelles,SYC,Africa,2000,2000,0.3801666666666667,12,E
Seychelles,SYC,Africa,2001,2000,0.70675,12,E
Seychelles,SYC,Africa,2002,2000,0.5100833333333333,12,E
Seychelles,SYC,Africa,2003,2000,0.6431666666666667,12,E
Seychelles,SYC,Africa,2004,2000,0.249,12,E
Seychelles,SYC,Africa,2005,2000,0.4053333333333333,12,E
Seychelles,SYC,Africa,2006,2000,0.5144166666666666,12,E
Seychelles,SYC,Africa,2007,2000,0.7540833333333333,12,E
Seychelles,SYC,Africa,2008,2000,0.29883333333333334,12,E
Seychelles,SYC,Africa,2009,2000,0.6263333333333333,12,E
Seychelles,SYC,Africa,2010,2010,0.68425,12,E
Seychelles,SYC,Africa,2011,2010,0.6974999999999999,12,E
Seychelles,SYC,Africa,2012,2010,0.6385833333333334,12,E
Seychelles,SYC,Africa,2013,2010,0.4770833333333333,12,E
Seychelles,SYC,Africa,2014,2010,0.6133333333333334,12,E
Seychelles,SYC,Africa,2015,2010,0.98725,12,E
Seychelles,SYC,Africa,2016,2010,0.8314166666666667,12,E
Seychelles,SYC,Africa,2017,2010,0.9843333333333333,12,E
Seychelles,SYC,Africa,2018,2010,0.7490833333333334,12,E
Seychelles,SYC,Africa,2019,2010,1.2183333333333333,12,E
Seychelles,SYC,Africa,2020,2020,1.24825,12,E
Seychelles,SYC,Africa,2021,2020,0.72575,12,E
Seychelles,SYC,Africa,2022,2020,0.50425,12,E
Seychelles,SYC,Africa,2023,2020,1.055,12,E
Seychelles,SYC,Africa,2024,2020,1.5398333333333334,12,E
Seychelles,SYC,Africa,2025,2020,1.0564166666666666,12,E
Syria,SYR,Asia,1961,1960,-0.14975000000000002,12,E
Syria,SYR,Asia,1962,1960,1.0191666666666668,12,E
Syria,SYR,Asia,1963,1960,0.3990833333333333,12,E
Syria,SYR,Asia,1964,1960,-0.6663333333333333,12,E
Syria,SYR,Asia,1965,1960,-0.09708333333333331,12,E
Syria,SYR,Asia,1966,1960,0.9744166666666666,12,E
Syria,SYR,Asia,1967,1960,-1.08375,12,E
Syria,SYR,Asia,1968,1960,-0.09974999999999999,12,E
Syria,SYR,Asia,1969,1960,0.16033333333333333,12,E
Syria,SYR,Asia,1970,1970,0.4285833333333333,12,E
Syria,SYR,Asia,1971,1970,-0.19666666666666668,12,E
Syria,SYR,Asia,1972,1970,-0.9223333333333333,12,E
Syria,SYR,Asia,1973,1970,-0.24408333333333335,12,E
Syria,SYR,Asia,1974,1970,-0.19541666666666666,12,E
Syria,SYR,Asia,1975,1970,-0.25725,12,E
Syria,SYR,Asia,1976,1970,-0.6114166666666666,12,E
Syria,SYR,Asia,1977,1970,0.04025000000000003,12,E
Syria,SYR,Asia,1978,1970,0.3036666666666667,12,E
Syria,SYR,Asia,1979,1970,0.7440833333333333,12,E
Syria,SYR,Asia,1980,1980,-0.08583333333333333,12,E
Syria,SYR,Asia,1981,1980,0.2340833333333333,12,E
Syria,SYR,Asia,1982,1980,-0.82825,12,E
Syria,SYR,Asia,1983,1980,-0.6609166666666667,12,E
Syria,SYR,Asia,1984,1980,-0.23866666666666667,12,E
Syria,SYR,Asia,1985,1980,0.12424999999999999,12,E
Syria,SYR,Asia,1986,1980,0.3086666666666667,12,E
Syria,SYR,Asia,1987,1980,-0.059583333333333315,12,E
Syria,SYR,Asia,1988,1980,-0.27108333333333334,12,E
Syria,SYR,Asia,1989,1980,0.34525,12,E
Syria,SYR,Asia,1990,1990,0.31383333333333335,12,E
Syria,SYR,Asia,1991,1990,0.25908333333333333,12,E
Syria,SYR,Asia,1992,1990,-1.18425,12,E
Syria,SYR,Asia,1993,1990,-0.22791666666666668,12,E
Syria,SYR,Asia,1994,1990,0.9513333333333334,12,E
Syria,SYR,Asia,1995,1990,0.33925,12,E
Syria,SYR,Asia,1996,1990,0.7149166666666668,12,E
Syria,SYR,Asia,1997,1990,-0.24875,12,E
Syria,SYR,Asia,1998,1990,1.2458333333333333,12,E
Syria,SYR,Asia,1999,1990,1.2304166666666667,12,E
Syria,SYR,Asia,2000,2000,0.606,12,E
Syria,SYR,Asia,2001,2000,1.1875,12,E
Syria,SYR,Asia,2002,2000,0.6780833333333333,12,E
Syria,SYR,Asia,2003,2000,0.6520833333333332,12,E
Syria,SYR,Asia,2004,2000,0.5098333333333332,12,E
Syria,SYR,Asia,2005,2000,0.5791666666666667,12,E
Syria,SYR,Asia,2006,2000,0.6816666666666666,12,E
Syria,SYR,Asia,2007,2000,0.8981666666666667,12,E
Syria,SYR,Asia,2008,2000,1.0174999999999998,12,E
Syria,SYR,Asia,2009,2000,0.8414166666666666,12,E
Syria,SYR,Asia,2010,2010,2.4055,12,E
Syria,SYR,Asia,2011,2010,0.36775,12,E
Syria,SYR,Asia,2012,2010,1.1089166666666668,12,E
Syria,SYR,Asia,2013,2010,1.0193333333333334,12,E
Syria,SYR,Asia,2014,2010,1.4635833333333332,12,E
Syria,SYR,Asia,2015,2010,1.0664166666666668,12,E
Syria,SYR,Asia,2016,2010,1.5901666666666667,12,E
Syria,SYR,Asia,2017,2010,1.4356666666666669,12,E
Syria,SYR,Asia,2018,2010,2.2666666666666666,12,E
Syria,SYR,Asia,2019,2010,1.4968333333333332,12,E
Syria,SYR,Asia,2020,2020,1.8430833333333334,12,E
Syria,SYR,Asia,2021,2020,2.1046666666666667,12,E
Syria,SYR,Asia,2022,2020,1.5533333333333335,12,E
Syria,SYR,Asia,2023,2020,1.9089166666666666,12,E
Syria,SYR,Asia,2024,2020,2.11775,12,E
Syria,SYR,Asia,2025,2020,2.153166666666667,12,E
Turks and Caicos Islands,TCA,North America,1961,1960,,11,
Turks and Caicos Islands,TCA,North America,1962,1960,-0.09525,12,E
Turks and Caicos Islands,TCA,North America,1963,1960,0.1056666666666667,12,E
Turks and Caicos Islands,TCA,North America,1964,1960,,11,
Turks and Caicos Islands,TCA,North America,1965,1960,,11,
Turks and Caicos Islands,TCA,North America,1966,1960,,6,
Turks and Caicos Islands,TCA,North America,1967,1960,,1,
Turks and Caicos Islands,TCA,North America,1968,1960,,0,
Turks and Caicos Islands,TCA,North America,1969,1960,,0,
Turks and Caicos Islands,TCA,North America,1970,1970,,0,
Turks and Caicos Islands,TCA,North America,1971,1970,-0.1225,12,E
Turks and Caicos Islands,TCA,North America,1972,1970,,11,
Turks and Caicos Islands,TCA,North America,1973,1970,-0.02250000000000001,12,E
Turks and Caicos Islands,TCA,North America,1974,1970,,11,
Turks and Caicos Islands,TCA,North America,1975,1970,0.28583333333333333,12,E
Turks and Caicos Islands,TCA,North America,1976,1970,-0.21416666666666664,12,E
Turks and Caicos Islands,TCA,North America,1977,1970,,11,
Turks and Caicos Islands,TCA,North America,1978,1970,,11,
Turks and Caicos Islands,TCA,North America,1979,1970,-0.08916666666666667,12,E
Turks and Caicos Islands,TCA,North America,1980,1980,,10,
Turks and Caicos Islands,TCA,North America,1981,1980,,0,
Turks and Caicos Islands,TCA,North America,1982,1980,,0,
Turks and Caicos Islands,TCA,North America,1983,1980,,0,
Turks and Caicos Islands,TCA,North America,1984,1980,,0,
Turks and Caicos Islands,TCA,North America,1985,1980,,0,
Turks and Caicos Islands,TCA,North America,1986,1980,,0,
Turks and Caicos Islands,TCA,North America,1987,1980,,0,
Turks and Caicos Islands,TCA,North America,1988,1980,,0,
Turks and Caicos Islands,TCA,North America,1989,1980,,0,
Turks and Caicos Islands,TCA,North America,1990,1990,,0,
Turks and Caicos Islands,TCA,North America,1991,1990,,1,
Turks and Caicos Islands,TCA,North America,1992,1990,,4,
Turks and Caicos Islands,TCA,North America,1993,1990,,2,
Turks and Caicos Islands,TCA,North America,1994,1990,,0,
Turks and Caicos Islands,TCA,North America,1995,1990,,0,
Turks and Caicos Islands,TCA,North America,1996,1990,,0,
Turks and Caicos Islands,TCA,North America,1997,1990,,0,
Turks and Caicos Islands,TCA,North America,1998,1990,,0,
Turks and Caicos Islands,TCA,North America,1999,1990,,0,
Turks and Caicos Islands,TCA,North America,2000,2000,,0,
Turks and Caicos Islands,TCA,North America,2001,2000,,0,
Turks and Caicos Islands,TCA,North America,2002,2000,,0,
Turks and Caicos Islands,TCA,North America,2003,2000,,0,
Turks and Caicos Islands,TCA,North America,2004,2000,,0,
Turks and Caicos Islands,TCA,North America,2005,2000,,0,
Turks and Caicos Islands,TCA,North America,2006,2000,,0,
Turks and Caicos Islands,TCA,North America,2007,2000,,0,
Turks and Caicos Islands,TCA,North America,2008,2000,,0,
Turks and Caicos Islands,TCA,North America,2009,2000,,0,
Turks and Caicos Islands,TCA,North America,2010,2010,,0,
Turks and Caicos Islands,TCA,North America,2011,2010,,0,
Turks and Caicos Islands,TCA,North America,2012,2010,,0,
Turks and Caicos Islands,TCA,North America,2013,2010,,0,
Turks and Caicos Islands,TCA,North America,2014,2010,,0,
Turks and Caicos Islands,TCA,North America,2015,2010,,0,
Turks and Caicos Islands,TCA,North America,2016,2010,,0,
Turks and Caicos Islands,TCA,North America,2017,2010,,0,
Turks and Caicos Islands,TCA,North America,2018,2010,,0,
Turks and Caicos Islands,TCA,North America,2019,2010,,0,
Turks and Caicos Islands,TCA,North America,2020,2020,,0,
Turks and Caicos Islands,TCA,North America,2021,2020,,0,
Turks and Caicos Islands,TCA,North America,2022,2020,,0,
Turks and Caicos Islands,TCA,North America,2023,2020,,0,
Turks and Caicos Islands,TCA,North America,2024,2020,,0,
Turks and Caicos Islands,TCA,North America,2025,2020,,0,
Chad,TCD,Africa,1961,1960,-0.8078333333333334,12,E
Chad,TCD,Africa,1962,1960,-0.05908333333333335,12,E
Chad,TCD,Africa,1963,1960,0.27108333333333334,12,E
Chad,TCD,Africa,1964,1960,-0.21241666666666667,12,E
Chad,TCD,Africa,1965,1960,-0.16975000000000004,12,E
Chad,TCD,Africa,1966,1960,-0.050249999999999996,12,E
Chad,TCD,Africa,1967,1960,-0.26108333333333333,12,E
Chad,TCD,Africa,1968,1960,-0.20566666666666666,12,E
Chad,TCD,Africa,1969,1960,0.5870833333333333,12,E
Chad,TCD,Africa,1970,1970,-0.020416666666666666,12,E
Chad,TCD,Africa,1971,1970,-0.277,12,E
Chad,TCD,Africa,1972,1970,0.3249166666666667,12,E
Chad,TCD,Africa,1973,1970,0.6986666666666667,12,E
Chad,TCD,Africa,1974,1970,-0.21308333333333332,12,E
Chad,TCD,Africa,1975,1970,-0.09758333333333336,12,E
Chad,TCD,Africa,1976,1970,0.38458333333333333,12,E
Chad,TCD,Africa,1977,1970,-0.21341666666666667,12,E
Chad,TCD,Africa,1978,1970,0.006833333333333344,12,E
Chad,TCD,Africa,1979,1970,0.4116666666666667,12,E
Chad,TCD,Africa,1980,1980,0.37375,12,E
Chad,TCD,Africa,1981,1980,0.18899999999999997,12,E
Chad,TCD,Africa,1982,1980,0.31425000000000003,12,E
Chad,TCD,Africa,1983,1980,0.013333333333333327,12,E
Chad,TCD,Africa,1984,1980,0.3948333333333333,12,E
Chad,TCD,Africa,1985,1980,0.296,12,E
Chad,TCD,Africa,1986,1980,0.49441666666666667,12,E
Chad,TCD,Africa,1987,1980,0.5261666666666667,12,E
Chad,TCD,Africa,1988,1980,0.10416666666666667,12,E
Chad,TCD,Africa,1989,1980,-0.2645,12,E
Chad,TCD,Africa,1990,1990,0.6161666666666666,12,E
Chad,TCD,Africa,1991,1990,0.30516666666666664,12,E
Chad,TCD,Africa,1992,1990,-0.2534166666666667,12,E
Chad,TCD,Africa,1993,1990,0.3119166666666667,12,E
Chad,TCD,Africa,1994,1990,0.1526666666666667,12,E
Chad,TCD,Africa,1995,1990,0.2515833333333333,12,E
Chad,TCD,Africa,1996,1990,0.5383333333333333,12,E
Chad,TCD,Africa,1997,1990,0.27066666666666667,12,E
Chad,TCD,Africa,1998,1990,0.8853333333333332,12,E
Chad,TCD,Africa,1999,1990,0.4254166666666666,12,E
Chad,TCD,Africa,2000,2000,0.21383333333333332,12,E
Chad,TCD,Africa,2001,2000,0.39716666666666667,12,E
Chad,TCD,Africa,2002,2000,0.6470833333333333,12,E
Chad,TCD,Africa,2003,2000,0.8235833333333332,12,E
Chad,TCD,Africa,2004,2000,0.8361666666666667,12,E
Chad,TCD,Africa,2005,2000,1.22825,12,E
Chad,TCD,Africa,2006,2000,1.0788333333333333,12,E
Chad,TCD,Africa,2007,2000,0.6894166666666667,12,E
Chad,TCD,Africa,2008,2000,0.4748333333333334,12,E
Chad,TCD,Africa,2009,2000,1.1595,12,E
Chad,TCD,Africa,2010,2010,1.27325,12,E
Chad,TCD,Africa,2011,2010,0.8384166666666667,12,E
Chad,TCD,Africa,2012,2010,0.6076666666666667,12,E
Chad,TCD,Africa,2013,2010,0.9871666666666666,12,E
Chad,TCD,Africa,2014,2010,0.8315833333333332,12,E
Chad,TCD,Africa,2015,2010,0.7312500000000001,12,E
Chad,TCD,Africa,2016,2010,1.0660833333333333,12,E
Chad,TCD,Africa,2017,2010,0.8984166666666668,12,E
Chad,TCD,Africa,2018,2010,1.08425,12,E
Chad,TCD,Africa,2019,2010,0.9477500000000001,12,E
Chad,TCD,Africa,2020,2020,0.96,12,E
Chad,TCD,Africa,2021,2020,1.0256666666666667,12,E
Chad,TCD,Africa,2022,2020,0.5801666666666666,12,E
Chad,TCD,Africa,2023,2020,1.3972499999999999,12,E
Chad,TCD,Africa,2024,2020,1.5466666666666666,12,E
Chad,TCD,Africa,2025,2020,1.2151666666666667,12,E
Togo,TGO,Africa,1961,1960,-0.12591666666666668,12,E
Togo,TGO,Africa,1962,1960,-0.14408333333333334,12,E
Togo,TGO,Africa,1963,1960,0.14083333333333334,12,E
Togo,TGO,Africa,1964,1960,-0.14125000000000001,12,E
Togo,TGO,Africa,1965,1960,-0.09966666666666668,12,E
Togo,TGO,Africa,1966,1960,0.14975,12,E
Togo,TGO,Africa,1967,1960,-0.17425,12,E
Togo,TGO,Africa,1968,1960,-0.043333333333333335,12,E
Togo,TGO,Africa,1969,1960,0.3055833333333333,12,E
Togo,TGO,Africa,1970,1970,0.27191666666666664,12,E
Togo,TGO,Africa,1971,1970,-0.17800000000000002,12,E
Togo,TGO,Africa,1972,1970,0.17158333333333334,12,E
Togo,TGO,Africa,1973,1970,0.5095833333333334,12,E
Togo,TGO,Africa,1974,1970,-0.1065,12,E
Togo,TGO,Africa,1975,1970,-0.20883333333333334,12,E
Togo,TGO,Africa,1976,1970,-0.3185,12,E
Togo,TGO,Africa,1977,1970,0.35508333333333336,12,E
Togo,TGO,Africa,1978,1970,0.039666666666666676,12,E
Togo,TGO,Africa,1979,1970,0.4001666666666666,12,E
Togo,TGO,Africa,1980,1980,0.4171666666666667,12,E
Togo,TGO,Africa,1981,1980,0.40616666666666673,12,E
Togo,TGO,Africa,1982,1980,0.13458333333333333,12,E
Togo,TGO,Africa,1983,1980,0.6989166666666667,12,E
Togo,TGO,Africa,1984,1980,0.5075833333333334,12,E
Togo,TGO,Africa,1985,1980,0.35191666666666666,12,E
Togo,TGO,Africa,1986,1980,0.28025,12,E
Togo,TGO,Africa,1987,1980,1.0949166666666665,12,E
Togo,TGO,Africa,1988,1980,0.5563333333333333,12,E
Togo,TGO,Africa,1989,1980,0.14775,12,E
Togo,TGO,Africa,1990,1990,0.6808333333333333,12,E
Togo,TGO,Africa,1991,1990,0.19333333333333333,12,E
Togo,TGO,Africa,1992,1990,0.14074999999999996,12,E
Togo,TGO,Africa,1993,1990,0.45649999999999996,12,E
Togo,TGO,Africa,1994,1990,0.43091666666666667,12,E
Togo,TGO,Africa,1995,1990,0.6510833333333333,12,E
Togo,TGO,Africa,1996,1990,0.6537499999999999,12,E
Togo,TGO,Africa,1997,1990,0.5691666666666667,12,E
Togo,TGO,Africa,1998,1990,1.1469166666666666,12,E
Togo,TGO,Africa,1999,1990,0.5925833333333334,12,E
Togo,TGO,Africa,2000,2000,0.6076666666666667,12,E
Togo,TGO,Africa,2001,2000,0.8271666666666667,12,E
Togo,TGO,Africa,2002,2000,0.773,12,E
Togo,TGO,Africa,2003,2000,1.0365833333333334,12,E
Togo,TGO,Africa,2004,2000,0.8195,12,E
Togo,TGO,Africa,2005,2000,1.01975,12,E
Togo,TGO,Africa,2006,2000,0.9590833333333334,12,E
Togo,TGO,Africa,2007,2000,0.9323333333333333,12,E
Togo,TGO,Africa,2008,2000,0.8273333333333334,12,E
Togo,TGO,Africa,2009,2000,0.9363333333333334,12,E
Togo,TGO,Africa,2010,2010,1.2193333333333334,12,E
Togo,TGO,Africa,2011,2010,0.8786666666666667,12,E
Togo,TGO,Africa,2012,2010,0.6770833333333334,12,E
Togo,TGO,Africa,2013,2010,0.8001666666666667,12,E
Togo,TGO,Africa,2014,2010,1.0040833333333332,12,E
Togo,TGO,Africa,2015,2010,1.12225,12,E
Togo,TGO,Africa,2016,2010,1.3485833333333332,12,E
Togo,TGO,Africa,2017,2010,1.2193333333333334,12,E
Togo,TGO,Africa,2018,2010,1.0816666666666668,12,E
Togo,TGO,Africa,2019,2010,1.2634166666666666,12,E
Togo,TGO,Africa,2020,2020,1.17875,12,E
Togo,TGO,Africa,2021,2020,1.5189166666666667,12,E
Togo,TGO,Africa,2022,2020,0.9054166666666666,12,E
Togo,TGO,Africa,2023,2020,1.3861666666666668,12,E
Togo,TGO,Africa,2024,2020,1.6194166666666667,12,E
Togo,TGO,Africa,2025,2020,1.4248333333333332,12,E
Thailand,THA,Asia,1961,1960,-0.07341666666666669,12,E
Thailand,THA,Asia,1962,1960,-0.26108333333333333,12,E
Thailand,THA,Asia,1963,1960,-0.24366666666666667,12,E
Thailand,THA,Asia,1964,1960,-0.09608333333333334,12,E
Thailand,THA,Asia,1965,1960,-0.03758333333333332,12,E
Thailand,THA,Asia,1966,1960,0.41916666666666663,12,E
Thailand,THA,Asia,1967,1960,-0.21916666666666665,12,E
Thailand,THA,Asia,1968,1960,0.05658333333333334,12,E
Thailand,THA,Asia,1969,1960,0.27499999999999997,12,E
Thailand,THA,Asia,1970,1970,0.13283333333333333,12,E
Thailand,THA,Asia,1971,1970,-0.5695833333333333,12,E
Thailand,THA,Asia,1972,1970,0.10741666666666667,12,E
Thailand,THA,Asia,1973,1970,0.15766666666666665,12,E
Thailand,THA,Asia,1974,1970,-0.30575,12,E
Thailand,THA,Asia,1975,1970,-0.17108333333333334,12,E
Thailand,THA,Asia,1976,1970,-0.35225,12,E
Thailand,THA,Asia,1977,1970,0.09066666666666667,12,E
Thailand,THA,Asia,1978,1970,0.206,12,E
Thailand,THA,Asia,1979,1970,0.5155833333333334,12,E
Thailand,THA,Asia,1980,1980,0.5083333333333333,12,E
Thailand,THA,Asia,1981,1980,0.11275000000000002,12,E
Thailand,THA,Asia,1982,1980,0.10016666666666668,12,E
Thailand,THA,Asia,1983,1980,0.4350833333333333,12,E
Thailand,THA,Asia,1984,1980,0.15483333333333335,12,E
Thailand,THA,Asia,1985,1980,0.22341666666666668,12,E
Thailand,THA,Asia,1986,1980,0.08766666666666667,12,E
Thailand,THA,Asia,1987,1980,0.5875833333333333,12,E
Thailand,THA,Asia,1988,1980,0.33441666666666664,12,E
Thailand,THA,Asia,1989,1980,0.3046666666666667,12,E
Thailand,THA,Asia,1990,1990,0.5711666666666667,12,E
Thailand,THA,Asia,1991,1990,0.6414166666666666,12,E
Thailand,THA,Asia,1992,1990,0.3109166666666667,12,E
Thailand,THA,Asia,1993,1990,0.2540833333333333,12,E
Thailand,THA,Asia,1994,1990,0.454,12,E
Thailand,THA,Asia,1995,1990,0.5105,12,E
Thailand,THA,Asia,1996,1990,0.20866666666666667,12,E
Thailand,THA,Asia,1997,1990,0.5354166666666667,12,E
Thailand,THA,Asia,1998,1990,1.3091666666666668,12,E
Thailand,THA,Asia,1999,1990,0.15175000000000002,12,E
Thailand,THA,Asia,2000,2000,0.2383333333333333,12,E
Thailand,THA,Asia,2001,2000,0.5326666666666667,12,E
Thailand,THA,Asia,2002,2000,0.7007500000000001,12,E
Thailand,THA,Asia,2003,2000,0.5541666666666666,12,E
Thailand,THA,Asia,2004,2000,0.4584166666666667,12,E
Thailand,THA,Asia,2005,2000,0.8249166666666667,12,E
Thailand,THA,Asia,2006,2000,0.6408333333333334,12,E
Thailand,THA,Asia,2007,2000,0.5316666666666666,12,E
Thailand,THA,Asia,2008,2000,0.1749166666666667,12,E
Thailand,THA,Asia,2009,2000,0.5605833333333333,12,E
Thailand,THA,Asia,2010,2010,1.2190833333333333,12,E
Thailand,THA,Asia,2011,2010,0.12691666666666668,12,E
Thailand,THA,Asia,2012,2010,1.0411666666666666,12,E
Thailand,THA,Asia,2013,2010,0.7765,12,E
Thailand,THA,Asia,2014,2010,0.8445833333333334,12,E
Thailand,THA,Asia,2015,2010,1.3594166666666665,12,E
Thailand,THA,Asia,2016,2010,1.4819166666666668,12,E
Thailand,THA,Asia,2017,2010,1.0596666666666665,12,E
Thailand,THA,Asia,2018,2010,1.03175,12,E
Thailand,THA,Asia,2019,2010,1.6575833333333334,12,E
Thailand,THA,Asia,2020,2020,1.5415,12,E
Thailand,THA,Asia,2021,2020,1.0285,12,E
Thailand,THA,Asia,2022,2020,0.9575833333333333,12,E
Thailand,THA,Asia,2023,2020,1.6009166666666665,12,E
Thailand,THA,Asia,2024,2020,1.9675,12,E
Thailand,THA,Asia,2025,2020,1.01325,12,E
Tajikistan,TJK,Asia,1992,1990,-0.1845833333333334,12,E
Tajikistan,TJK,Asia,1993,1990,-0.3103333333333333,12,E
Tajikistan,TJK,Asia,1994,1990,0.33358333333333334,12,E
Tajikistan,TJK,Asia,1995,1990,0.18941666666666665,12,E
Tajikistan,TJK,Asia,1996,1990,-0.19699999999999998,12,E
Tajikistan,TJK,Asia,1997,1990,1.1875833333333334,12,E
Tajikistan,TJK,Asia,1998,1990,0.9558333333333334,12,E
Tajikistan,TJK,Asia,1999,1990,0.88625,12,E
Tajikistan,TJK,Asia,2000,2000,0.8379166666666666,12,E
Tajikistan,TJK,Asia,2001,2000,1.4135,12,E
Tajikistan,TJK,Asia,2002,2000,1.0249166666666667,12,E
Tajikistan,TJK,Asia,2003,2000,0.66125,12,E
Tajikistan,TJK,Asia,2004,2000,1.523,12,E
Tajikistan,TJK,Asia,2005,2000,0.7985833333333333,12,E
Tajikistan,TJK,Asia,2006,2000,1.4179166666666667,12,E
Tajikistan,TJK,Asia,2007,2000,1.2802499999999999,12,E
Tajikistan,TJK,Asia,2008,2000,1.0288333333333333,12,E
Tajikistan,TJK,Asia,2009,2000,0.7955833333333334,12,E
Tajikistan,TJK,Asia,2010,2010,1.4755833333333335,12,E
Tajikistan,TJK,Asia,2011,2010,1.1753333333333333,12,E
Tajikistan,TJK,Asia,2012,2010,0.12700000000000003,12,E
Tajikistan,TJK,Asia,2013,2010,1.2504166666666665,12,E
Tajikistan,TJK,Asia,2014,2010,0.45008333333333334,12,E
Tajikistan,TJK,Asia,2015,2010,1.4120833333333334,12,E
Tajikistan,TJK,Asia,2016,2010,1.7744166666666665,12,E
Tajikistan,TJK,Asia,2017,2010,1.2562499999999999,12,E
Tajikistan,TJK,Asia,2018,2010,1.7292499999999997,12,E
Tajikistan,TJK,Asia,2019,2010,1.453,12,E
Tajikistan,TJK,Asia,2020,2020,0.7860833333333334,12,E
Tajikistan,TJK,Asia,2021,2020,1.3450833333333332,12,E
Tajikistan,TJK,Asia,2022,2020,2.16325,12,E
Tajikistan,TJK,Asia,2023,2020,2.1329166666666666,12,E
Tajikistan,TJK,Asia,2024,2020,1.8335833333333333,12,E
Tajikistan,TJK,Asia,2025,2020,2.63975,12,E
Tokelau,TKL,Oceania,1961,1960,-0.040083333333333325,12,E
Tokelau,TKL,Oceania,1962,1960,0.12766666666666668,12,E
Tokelau,TKL,Oceania,1963,1960,0.218,12,E
Tokelau,TKL,Oceania,1964,1960,-0.2505,12,E
Tokelau,TKL,Oceania,1965,1960,-0.08566666666666667,12,E
Tokelau,TKL,Oceania,1966,1960,-0.1749166666666667,12,E
Tokelau,TKL,Oceania,1967,1960,-0.36525,12,E
Tokelau,TKL,Oceania,1968,1960,-0.2569166666666667,12,E
Tokelau,TKL,Oceania,1969,1960,0.013416666666666672,12,E
Tokelau,TKL,Oceania,1970,1970,-0.5489166666666666,12,E
Tokelau,TKL,Oceania,1971,1970,-0.33408333333333334,12,E
Tokelau,TKL,Oceania,1972,1970,0.14958333333333332,12,E
Tokelau,TKL,Oceania,1973,1970,0.019999999999999993,12,E
Tokelau,TKL,Oceania,1974,1970,-0.33158333333333334,12,E
Tokelau,TKL,Oceania,1975,1970,-0.34274999999999994,12,E
Tokelau,TKL,Oceania,1976,1970,0.14325000000000002,12,E
Tokelau,TKL,Oceania,1977,1970,0.21475,12,E
Tokelau,TKL,Oceania,1978,1970,0.21524999999999997,12,E
Tokelau,TKL,Oceania,1979,1970,0.61675,12,E
Tokelau,TKL,Oceania,1980,1980,0.36800000000000005,12,E
Tokelau,TKL,Oceania,1981,1980,0.24158333333333334,12,E
Tokelau,TKL,Oceania,1982,1980,0.4024166666666667,12,E
Tokelau,TKL,Oceania,1983,1980,0.1385,12,E
Tokelau,TKL,Oceania,1984,1980,0.1465,12,E
Tokelau,TKL,Oceania,1985,1980,0.2373333333333333,12,E
Tokelau,TKL,Oceania,1986,1980,0.3329166666666667,12,E
Tokelau,TKL,Oceania,1987,1980,0.5088333333333334,12,E
Tokelau,TKL,Oceania,1988,1980,-0.016416666666666673,12,E
Tokelau,TKL,Oceania,1989,1980,-0.07983333333333333,12,E
Tokelau,TKL,Oceania,1990,1990,0.48625,12,E
Tokelau,TKL,Oceania,1991,1990,0.8605833333333334,12,E
Tokelau,TKL,Oceania,1992,1990,,0,
Tokelau,TKL,Oceania,1993,1990,,0,
Tokelau,TKL,Oceania,1994,1990,,0,
Tokelau,TKL,Oceania,1995,1990,,1,
Tokelau,TKL,Oceania,1996,1990,,0,
Tokelau,TKL,Oceania,1997,1990,,3,
Tokelau,TKL,Oceania,1998,1990,,4,
Tokelau,TKL,Oceania,1999,1990,,5,
Tokelau,TKL,Oceania,2000,2000,,6,
Tokelau,TKL,Oceania,2001,2000,,7,
Tokelau,TKL,Oceania,2002,2000,,8,
Tokelau,TKL,Oceania,2003,2000,,6,
Tokelau,TKL,Oceania,2004,2000,,7,
Tokelau,TKL,Oceania,2005,2000,,6,
Tokelau,TKL,Oceania,2006,2000,,11,
Tokelau,TKL,Oceania,2007,2000,,10,
Tokelau,TKL,Oceania,2008,2000,,10,
Tokelau,TKL,Oceania,2009,2000,,5,
Tokelau,TKL,Oceania,2010,2010,,10,
Tokelau,TKL,Oceania,2011,2010,,0,
Tokelau,TKL,Oceania,2012,2010,,0,
Tokelau,TKL,Oceania,2013,2010,,0,
Tokelau,TKL,Oceania,2014,2010,,0,
Tokelau,TKL,Oceania,2015,2010,,0,
Tokelau,TKL,Oceania,2016,2010,,0,
Tokelau,TKL,Oceania,2017,2010,,0,
Tokelau,TKL,Oceania,2018,2010,,0,
Tokelau,TKL,Oceania,2019,2010,,0,
Tokelau,TKL,Oceania,2020,2020,,0,
Tokelau,TKL,Oceania,2021,2020,,0,
Tokelau,TKL,Oceania,2022,2020,,0,
Tokelau,TKL,Oceania,2023,2020,,0,
Tokelau,TKL,Oceania,2024,2020,,0,
Tokelau,TKL,Oceania,2025,2020,,0,
Turkmenistan,TKM,Asia,1992,1990,0.023500000000000004,12,E
Turkmenistan,TKM,Asia,1993,1990,-0.3635,12,E
Turkmenistan,TKM,Asia,1994,1990,0.33608333333333335,12,E
Turkmenistan,TKM,Asia,1995,1990,1.4319166666666667,12,E
Turkmenistan,TKM,Asia,1996,1990,0.24049999999999994,12,E
Turkmenistan,TKM,Asia,1997,1990,1.2228333333333332,12,E
Turkmenistan,TKM,Asia,1998,1990,1.1645833333333333,12,E
Turkmenistan,TKM,Asia,1999,1990,1.3151666666666666,12,E
Turkmenistan,TKM,Asia,2000,2000,1.3246666666666667,12,E
Turkmenistan,TKM,Asia,2001,2000,1.5076666666666665,12,E
Turkmenistan,TKM,Asia,2002,2000,1.3183333333333334,12,E
Turkmenistan,TKM,Asia,2003,2000,0.5734166666666667,12,E
Turkmenistan,TKM,Asia,2004,2000,1.6063333333333334,12,E
Turkmenistan,TKM,Asia,2005,2000,1.5322500000000001,12,E
Turkmenistan,TKM,Asia,2006,2000,1.3929166666666666,12,E
Turkmenistan,TKM,Asia,2007,2000,1.19625,12,E
Turkmenistan,TKM,Asia,2008,2000,0.8015,12,E
Turkmenistan,TKM,Asia,2009,2000,1.3101666666666667,12,E
Turkmenistan,TKM,Asia,2010,2010,1.9967500000000002,12,E
Turkmenistan,TKM,Asia,2011,2010,0.76175,12,E
Turkmenistan,TKM,Asia,2012,2010,0.86875,12,E
Turkmenistan,TKM,Asia,2013,2010,1.84325,12,E
Turkmenistan,TKM,Asia,2014,2010,0.7966666666666667,12,E
Turkmenistan,TKM,Asia,2015,2010,1.586,12,E
Turkmenistan,TKM,Asia,2016,2010,1.961,12,E
Turkmenistan,TKM,Asia,2017,2010,1.5700833333333335,12,E
Turkmenistan,TKM,Asia,2018,2010,1.7520833333333332,12,E
Turkmenistan,TKM,Asia,2019,2010,1.9170833333333333,12,E
Turkmenistan,TKM,Asia,2020,2020,0.9650833333333333,12,E
Turkmenistan,TKM,Asia,2021,2020,2.2225,12,E
Turkmenistan,TKM,Asia,2022,2020,2.17975,12,E
Turkmenistan,TKM,Asia,2023,2020,2.8050833333333336,12,E
Turkmenistan,TKM,Asia,2024,2020,2.14225,12,E
Turkmenistan,TKM,Asia,2025,2020,2.41575,12,E
East Timor,TLS,Asia,1961,1960,-0.24450000000000002,12,E
East Timor,TLS,Asia,1962,1960,0.04641666666666667,12,E
East Timor,TLS,Asia,1963,1960,-0.5436666666666666,12,E
East Timor,TLS,Asia,1964,1960,-0.17108333333333334,12,E
East Timor,TLS,Asia,1965,1960,,2,
East Timor,TLS,Asia,1966,1960,0.0645,12,E
East Timor,TLS,Asia,1967,1960,-0.43883333333333335,12,E
East Timor,TLS,Asia,1968,1960,-0.03666666666666667,12,E
East Timor,TLS,Asia,1969,1960,0.11341666666666667,12,E
East Timor,TLS,Asia,1970,1970,0.1975,12,E
East Timor,TLS,Asia,1971,1970,0.02099999999999999,12,E
East Timor,TLS,Asia,1972,1970,-0.15416666666666667,12,E
East Timor,TLS,Asia,1973,1970,0.4690833333333333,12,E
East Timor,TLS,Asia,1974,1970,-0.50275,12,E
East Timor,TLS,Asia,1975,1970,-0.4985,12,E
East Timor,TLS,Asia,1976,1970,,10,
East Timor,TLS,Asia,1977,1970,,7,
East Timor,TLS,Asia,1978,1970,0.7538333333333332,12,E
East Timor,TLS,Asia,1979,1970,0.1995,12,E
East Timor,TLS,Asia,1980,1980,0.22583333333333333,12,E
East Timor,TLS,Asia,1981,1980,,9,
East Timor,TLS,Asia,1982,1980,,9,
East Timor,TLS,Asia,1983,1980,,11,
East Timor,TLS,Asia,1984,1980,,9,
East Timor,TLS,Asia,1985,1980,,8,
East Timor,TLS,Asia,1986,1980,,9,
East Timor,TLS,Asia,1987,1980,,8,
East Timor,TLS,Asia,1988,1980,,5,
East Timor,TLS,Asia,1989,1980,,2,
East Timor,TLS,Asia,1990,1990,-1.0368333333333333,12,E
East Timor,TLS,Asia,1991,1990,,1,
East Timor,TLS,Asia,1992,1990,,1,
East Timor,TLS,Asia,1993,1990,,7,
East Timor,TLS,Asia,1994,1990,,1,
East Timor,TLS,Asia,1995,1990,,11,
East Timor,TLS,Asia,1996,1990,0.5336666666666666,12,E
East Timor,TLS,Asia,1997,1990,,11,
East Timor,TLS,Asia,1998,1990,1.2446666666666666,12,E
East Timor,TLS,Asia,1999,1990,,10,
East Timor,TLS,Asia,2000,2000,,4,
East Timor,TLS,Asia,2001,2000,,3,
East Timor,TLS,Asia,2002,2000,,4,
East Timor,TLS,Asia,2003,2000,,10,
East Timor,TLS,Asia,2004,2000,,11,
East Timor,TLS,Asia,2005,2000,1.2343333333333333,12,E
East Timor,TLS,Asia,2006,2000,0.5710833333333333,12,E
East Timor,TLS,Asia,2007,2000,0.6533333333333333,12,E
East Timor,TLS,Asia,2008,2000,0.31,12,E
East Timor,TLS,Asia,2009,2000,0.8801666666666667,12,E
East Timor,TLS,Asia,2010,2010,0.9455,12,E
East Timor,TLS,Asia,2011,2010,-0.015333333333333324,12,E
East Timor,TLS,Asia,2012,2010,0.4615,12,E
East Timor,TLS,Asia,2013,2010,0.7276666666666666,12,E
East Timor,TLS,Asia,2014,2010,0.7100833333333334,12,E
East Timor,TLS,Asia,2015,2010,0.95425,12,E
East Timor,TLS,Asia,2016,2010,1.99425,12,E
East Timor,TLS,Asia,2017,2010,1.243,12,E
East Timor,TLS,Asia,2018,2010,0.9812500000000001,12,E
East Timor,TLS,Asia,2019,2010,1.11325,12,E
East Timor,TLS,Asia,2020,2020,1.732,12,E
East Timor,TLS,Asia,2021,2020,1.2349166666666667,12,E
East Timor,TLS,Asia,2022,2020,1.122,12,E
East Timor,TLS,Asia,2023,2020,0.8905833333333333,12,E
East Timor,TLS,Asia,2024,2020,1.5047499999999998,12,E
East Timor,TLS,Asia,2025,2020,,11,
Tonga,TON,Oceania,1961,1960,0.35474999999999995,12,E
Tonga,TON,Oceania,1962,1960,-0.10983333333333332,12,E
Tonga,TON,Oceania,1963,1960,-0.19091666666666665,12,E
Tonga,TON,Oceania,1964,1960,0.256,12,E
Tonga,TON,Oceania,1965,1960,-0.5245833333333333,12,E
Tonga,TON,Oceania,1966,1960,-0.3785,12,E
Tonga,TON,Oceania,1967,1960,-0.09949999999999999,12,E
Tonga,TON,Oceania,1968,1960,0.06816666666666667,12,E
Tonga,TON,Oceania,1969,1960,-0.24158333333333334,12,E
Tonga,TON,Oceania,1970,1970,0.36775,12,E
Tonga,TON,Oceania,1971,1970,0.08008333333333333,12,E
Tonga,TON,Oceania,1972,1970,-0.035583333333333335,12,E
Tonga,TON,Oceania,1973,1970,0.3491666666666667,12,E
Tonga,TON,Oceania,1974,1970,-0.037416666666666674,12,E
Tonga,TON,Oceania,1975,1970,0.00891666666666667,12,E
Tonga,TON,Oceania,1976,1970,-0.31616666666666665,12,E
Tonga,TON,Oceania,1977,1970,0.022666666666666665,12,E
Tonga,TON,Oceania,1978,1970,0.02816666666666667,12,E
Tonga,TON,Oceania,1979,1970,0.07583333333333332,12,E
Tonga,TON,Oceania,1980,1980,0.08891666666666666,12,E
Tonga,TON,Oceania,1981,1980,0.1703333333333333,12,E
Tonga,TON,Oceania,1982,1980,-0.05299999999999999,12,E
Tonga,TON,Oceania,1983,1980,0.08291666666666665,12,E
Tonga,TON,Oceania,1984,1980,0.23349999999999996,12,E
Tonga,TON,Oceania,1985,1980,0.16525,12,E
Tonga,TON,Oceania,1986,1980,0.011333333333333343,12,E
Tonga,TON,Oceania,1987,1980,-0.06916666666666667,12,E
Tonga,TON,Oceania,1988,1980,0.6780833333333334,12,E
Tonga,TON,Oceania,1989,1980,0.36874999999999997,12,E
Tonga,TON,Oceania,1990,1990,0.3974166666666667,12,E
Tonga,TON,Oceania,1991,1990,0.3265,12,E
Tonga,TON,Oceania,1992,1990,0.23675000000000002,12,E
Tonga,TON,Oceania,1993,1990,-0.07066666666666666,12,E
Tonga,TON,Oceania,1994,1990,0.11858333333333337,12,E
Tonga,TON,Oceania,1995,1990,0.45858333333333334,12,E
Tonga,TON,Oceania,1996,1990,0.24691666666666667,12,E
Tonga,TON,Oceania,1997,1990,0.14558333333333331,12,E
Tonga,TON,Oceania,1998,1990,0.1708333333333333,12,E
Tonga,TON,Oceania,1999,1990,-0.028499999999999994,12,E
Tonga,TON,Oceania,2000,2000,0.32441666666666663,12,E
Tonga,TON,Oceania,2001,2000,0.5393333333333333,12,E
Tonga,TON,Oceania,2002,2000,0.58175,12,E
Tonga,TON,Oceania,2003,2000,0.1970833333333333,12,E
Tonga,TON,Oceania,2004,2000,0.4615833333333333,12,E
Tonga,TON,Oceania,2005,2000,0.5288333333333334,12,E
Tonga,TON,Oceania,2006,2000,0.32383333333333336,12,E
Tonga,TON,Oceania,2007,2000,0.6848333333333333,12,E
Tonga,TON,Oceania,2008,2000,0.2816666666666667,12,E
Tonga,TON,Oceania,2009,2000,0.20291666666666666,12,E
Tonga,TON,Oceania,2010,2010,0.8556666666666667,12,E
Tonga,TON,Oceania,2011,2010,0.49625,12,E
Tonga,TON,Oceania,2012,2010,0.57175,12,E
Tonga,TON,Oceania,2013,2010,0.8139166666666666,12,E
Tonga,TON,Oceania,2014,2010,0.5075,12,E
Tonga,TON,Oceania,2015,2010,0.5912499999999999,12,E
Tonga,TON,Oceania,2016,2010,1.0791666666666666,12,E
Tonga,TON,Oceania,2017,2010,0.8320833333333333,12,E
Tonga,TON,Oceania,2018,2010,0.8793333333333333,12,E
Tonga,TON,Oceania,2019,2010,1.4253333333333333,12,E
Tonga,TON,Oceania,2020,2020,1.1540833333333333,12,E
Tonga,TON,Oceania,2021,2020,0.9741666666666666,12,E
Tonga,TON,Oceania,2022,2020,0.68275,12,E
Tonga,TON,Oceania,2023,2020,1.05775,12,E
Tonga,TON,Oceania,2024,2020,1.3494166666666667,12,E
Tonga,TON,Oceania,2025,2020,0.8369166666666666,12,E
Trinidad and Tobago,TTO,North America,1961,1960,0.16241666666666668,12,E
Trinidad and Tobago,TTO,North America,1962,1960,-0.17041666666666666,12,E
Trinidad and Tobago,TTO,North America,1963,1960,0.26916666666666667,12,E
Trinidad and Tobago,TTO,North America,1964,1960,-0.20366666666666666,12,E
Trinidad and Tobago,TTO,North America,1965,1960,-0.10033333333333334,12,E
Trinidad and Tobago,TTO,North America,1966,1960,0.09425,12,E
Trinidad and Tobago,TTO,North America,1967,1960,-0.17033333333333334,12,E
Trinidad and Tobago,TTO,North America,1968,1960,-0.18216666666666667,12,E
Trinidad and Tobago,TTO,North America,1969,1960,0.5579166666666667,12,E
Trinidad and Tobago,TTO,North America,1970,1970,0.2444166666666667,12,E
Trinidad and Tobago,TTO,North America,1971,1970,-0.44858333333333333,12,E
Trinidad and Tobago,TTO,North America,1972,1970,-0.11816666666666668,12,E
Trinidad and Tobago,TTO,North America,1973,1970,0.044250000000000005,12,E
Trinidad and Tobago,TTO,North America,1974,1970,-0.31525,12,E
Trinidad and Tobago,TTO,North America,1975,1970,-0.322,12,E
Trinidad and Tobago,TTO,North America,1976,1970,0.03683333333333333,12,E
Trinidad and Tobago,TTO,North America,1977,1970,0.16966666666666666,12,E
Trinidad and Tobago,TTO,North America,1978,1970,0.2828333333333333,12,E
Trinidad and Tobago,TTO,North America,1979,1970,0.46641666666666665,12,E
Trinidad and Tobago,TTO,North America,1980,1980,0.4558333333333333,12,E
Trinidad and Tobago,TTO,North America,1981,1980,0.5477500000000001,12,E
Trinidad and Tobago,TTO,North America,1982,1980,0.22783333333333333,12,E
Trinidad and Tobago,TTO,North America,1983,1980,0.5321666666666667,12,E
Trinidad and Tobago,TTO,North America,1984,1980,0.13308333333333333,12,E
Trinidad and Tobago,TTO,North America,1985,1980,-0.29075,12,E
Trinidad and Tobago,TTO,North America,1986,1980,-0.011333333333333325,12,E
Trinidad and Tobago,TTO,North America,1987,1980,0.8723333333333333,12,E
Trinidad and Tobago,TTO,North America,1988,1980,0.5026666666666667,12,E
Trinidad and Tobago,TTO,North America,1989,1980,0.10124999999999999,12,E
Trinidad and Tobago,TTO,North America,1990,1990,0.4633333333333333,12,E
Trinidad and Tobago,TTO,North America,1991,1990,0.56025,12,E
Trinidad and Tobago,TTO,North America,1992,1990,0.6643333333333333,12,E
Trinidad and Tobago,TTO,North America,1993,1990,0.9893333333333333,12,E
Trinidad and Tobago,TTO,North America,1994,1990,0.8236666666666667,12,E
Trinidad and Tobago,TTO,North America,1995,1990,1.25025,12,E
Trinidad and Tobago,TTO,North America,1996,1990,0.92525,12,E
Trinidad and Tobago,TTO,North America,1997,1990,1.1853333333333333,12,E
Trinidad and Tobago,TTO,North America,1998,1990,1.7599166666666666,12,E
Trinidad and Tobago,TTO,North America,1999,1990,1.223,12,E
Trinidad and Tobago,TTO,North America,2000,2000,1.0243333333333333,12,E
Trinidad and Tobago,TTO,North America,2001,2000,1.2278333333333333,12,E
Trinidad and Tobago,TTO,North America,2002,2000,0.9406666666666667,12,E
Trinidad and Tobago,TTO,North America,2003,2000,1.2024166666666667,12,E
Trinidad and Tobago,TTO,North America,2004,2000,0.8371666666666666,12,E
Trinidad and Tobago,TTO,North America,2005,2000,1.4329166666666666,12,E
Trinidad and Tobago,TTO,North America,2006,2000,1.1134166666666667,12,E
Trinidad and Tobago,TTO,North America,2007,2000,0.9213333333333332,12,E
Trinidad and Tobago,TTO,North America,2008,2000,0.94175,12,E
Trinidad and Tobago,TTO,North America,2009,2000,1.1039166666666667,12,E
Trinidad and Tobago,TTO,North America,2010,2010,1.6313333333333333,12,E
Trinidad and Tobago,TTO,North America,2011,2010,1.0916666666666666,12,E
Trinidad and Tobago,TTO,North America,2012,2010,1.1990833333333333,12,E
Trinidad and Tobago,TTO,North America,2013,2010,1.2026666666666668,12,E
Trinidad and Tobago,TTO,North America,2014,2010,1.3010833333333334,12,E
Trinidad and Tobago,TTO,North America,2015,2010,1.4229166666666666,12,E
Trinidad and Tobago,TTO,North America,2016,2010,1.4649999999999999,12,E
Trinidad and Tobago,TTO,North America,2017,2010,1.67275,12,E
Trinidad and Tobago,TTO,North America,2018,2010,1.1500000000000001,12,E
Trinidad and Tobago,TTO,North America,2019,2010,1.7091666666666665,12,E
Trinidad and Tobago,TTO,North America,2020,2020,1.8012499999999998,12,E
Trinidad and Tobago,TTO,North America,2021,2020,1.35375,12,E
Trinidad and Tobago,TTO,North America,2022,2020,1.0619166666666666,12,E
Trinidad and Tobago,TTO,North America,2023,2020,1.82075,12,E
Trinidad and Tobago,TTO,North America,2024,2020,2.379583333333333,12,E
Trinidad and Tobago,TTO,North America,2025,2020,,11,
Tunisia,TUN,Africa,1961,1960,0.51175,12,E
Tunisia,TUN,Africa,1962,1960,0.08400000000000003,12,E
Tunisia,TUN,Africa,1963,1960,0.37433333333333335,12,E
Tunisia,TUN,Africa,1964,1960,0.17700000000000002,12,E
Tunisia,TUN,Africa,1965,1960,0.11699999999999999,12,E
Tunisia,TUN,Africa,1966,1960,0.41591666666666666,12,E
Tunisia,TUN,Africa,1967,1960,0.004083333333333328,12,E
Tunisia,TUN,Africa,1968,1960,0.25533333333333336,12,E
Tunisia,TUN,Africa,1969,1960,-0.1744166666666667,12,E
Tunisia,TUN,Africa,1970,1970,-0.09683333333333333,12,E
Tunisia,TUN,Africa,1971,1970,-0.4695833333333333,12,E
Tunisia,TUN,Africa,1972,1970,-0.5087499999999999,12,E
Tunisia,TUN,Africa,1973,1970,-0.16074999999999998,12,E
Tunisia,TUN,Africa,1974,1970,-0.46675,12,E
Tunisia,TUN,Africa,1975,1970,-0.34991666666666665,12,E
Tunisia,TUN,Africa,1976,1970,-0.8395,12,E
Tunisia,TUN,Africa,1977,1970,0.4759166666666667,12,E
Tunisia,TUN,Africa,1978,1970,-0.34600000000000003,12,E
Tunisia,TUN,Africa,1979,1970,0.14683333333333334,12,E
Tunisia,TUN,Africa,1980,1980,-0.5295,12,E
Tunisia,TUN,Africa,1981,1980,0.25925000000000004,12,E
Tunisia,TUN,Africa,1982,1980,0.4315833333333334,12,E
Tunisia,TUN,Africa,1983,1980,0.1741666666666667,12,E
Tunisia,TUN,Africa,1984,1980,-0.2665,12,E
Tunisia,TUN,Africa,1985,1980,0.3426666666666666,12,E
Tunisia,TUN,Africa,1986,1980,0.18149999999999997,12,E
Tunisia,TUN,Africa,1987,1980,0.72375,12,E
Tunisia,TUN,Africa,1988,1980,0.8956666666666667,12,E
Tunisia,TUN,Africa,1989,1980,0.6780833333333334,12,E
Tunisia,TUN,Africa,1990,1990,0.9299166666666667,12,E
Tunisia,TUN,Africa,1991,1990,-0.1795,12,E
Tunisia,TUN,Africa,1992,1990,-0.003916666666666675,12,E
Tunisia,TUN,Africa,1993,1990,0.484,12,E
Tunisia,TUN,Africa,1994,1990,1.2012500000000002,12,E
Tunisia,TUN,Africa,1995,1990,0.6213333333333333,12,E
Tunisia,TUN,Africa,1996,1990,0.4815833333333333,12,E
Tunisia,TUN,Africa,1997,1990,1.0266666666666666,12,E
Tunisia,TUN,Africa,1998,1990,0.6875833333333333,12,E
Tunisia,TUN,Africa,1999,1990,1.6770833333333333,12,E
Tunisia,TUN,Africa,2000,2000,1.0495833333333333,12,E
Tunisia,TUN,Africa,2001,2000,1.6677499999999998,12,E
Tunisia,TUN,Africa,2002,2000,1.2585,12,E
Tunisia,TUN,Africa,2003,2000,1.4024166666666666,12,E
Tunisia,TUN,Africa,2004,2000,0.8779166666666667,12,E
Tunisia,TUN,Africa,2005,2000,0.75475,12,E
Tunisia,TUN,Africa,2006,2000,1.2650833333333333,12,E
Tunisia,TUN,Africa,2007,2000,1.1259166666666667,12,E
Tunisia,TUN,Africa,2008,2000,1.1749166666666666,12,E
Tunisia,TUN,Africa,2009,2000,0.9539166666666666,12,E
Tunisia,TUN,Africa,2010,2010,1.4902499999999999,12,E
Tunisia,TUN,Africa,2011,2010,0.8066666666666666,12,E
Tunisia,TUN,Africa,2012,2010,1.407,12,E
Tunisia,TUN,Africa,2013,2010,1.1785833333333333,12,E
Tunisia,TUN,Africa,2014,2010,1.686,12,E
Tunisia,TUN,Africa,2015,2010,1.1028333333333333,12,E
Tunisia,TUN,Africa,2016,2010,1.7783333333333333,12,E
Tunisia,TUN,Africa,2017,2010,1.04975,12,E
Tunisia,TUN,Africa,2018,2010,1.4826666666666668,12,E
Tunisia,TUN,Africa,2019,2010,1.2980833333333333,12,E
Tunisia,TUN,Africa,2020,2020,1.7134166666666666,12,E
Tunisia,TUN,Africa,2021,2020,2.324333333333333,12,E
Tunisia,TUN,Africa,2022,2020,2.2848333333333333,12,E
Tunisia,TUN,Africa,2023,2020,2.04975,12,E
Tunisia,TUN,Africa,2024,2020,2.6254166666666667,12,E
Tunisia,TUN,Africa,2025,2020,2.06125,12,E
Turkey,TUR,Asia,1961,1960,0.06666666666666667,12,E
Turkey,TUR,Asia,1962,1960,1.0858333333333332,12,E
Turkey,TUR,Asia,1963,1960,0.3413333333333333,12,E
Turkey,TUR,Asia,1964,1960,-0.6851666666666666,12,E
Turkey,TUR,Asia,1965,1960,-0.2691666666666667,12,E
Turkey,TUR,Asia,1966,1960,1.4271666666666667,12,E
Turkey,TUR,Asia,1967,1960,-0.8855,12,E
Turkey,TUR,Asia,1968,1960,-0.002750000000000021,12,E
Turkey,TUR,Asia,1969,1960,0.02833333333333332,12,E
Turkey,TUR,Asia,1970,1970,0.5984166666666667,12,E
Turkey,TUR,Asia,1971,1970,0.0010000000000000009,12,E
Turkey,TUR,Asia,1972,1970,-0.72275,12,E
Turkey,TUR,Asia,1973,1970,-0.3999166666666667,12,E
Turkey,TUR,Asia,1974,1970,-0.32391666666666663,12,E
Turkey,TUR,Asia,1975,1970,-0.2504166666666667,12,E
Turkey,TUR,Asia,1976,1970,-0.8798333333333334,12,E
Turkey,TUR,Asia,1977,1970,0.01225000000000002,12,E
Turkey,TUR,Asia,1978,1970,0.18100000000000002,12,E
Turkey,TUR,Asia,1979,1970,0.85575,12,E
Turkey,TUR,Asia,1980,1980,-0.0024166666666666594,12,E
Turkey,TUR,Asia,1981,1980,0.5513333333333333,12,E
Turkey,TUR,Asia,1982,1980,-0.48608333333333337,12,E
Turkey,TUR,Asia,1983,1980,-0.3505,12,E
Turkey,TUR,Asia,1984,1980,0.07525000000000003,12,E
Turkey,TUR,Asia,1985,1980,0.11691666666666672,12,E
Turkey,TUR,Asia,1986,1980,0.31475000000000003,12,E
Turkey,TUR,Asia,1987,1980,-0.29216666666666663,12,E
Turkey,TUR,Asia,1988,1980,-0.26133333333333336,12,E
Turkey,TUR,Asia,1989,1980,0.24983333333333332,12,E
Turkey,TUR,Asia,1990,1990,0.14875000000000002,12,E
Turkey,TUR,Asia,1991,1990,-0.074,12,E
Turkey,TUR,Asia,1992,1990,-1.2753333333333334,12,E
Turkey,TUR,Asia,1993,1990,-0.46725,12,E
Turkey,TUR,Asia,1994,1990,0.9033333333333333,12,E
Turkey,TUR,Asia,1995,1990,0.3485833333333333,12,E
Turkey,TUR,Asia,1996,1990,0.5755833333333333,12,E
Turkey,TUR,Asia,1997,1990,-0.18008333333333335,12,E
Turkey,TUR,Asia,1998,1990,1.08275,12,E
Turkey,TUR,Asia,1999,1990,1.3316666666666668,12,E
Turkey,TUR,Asia,2000,2000,0.41558333333333336,12,E
Turkey,TUR,Asia,2001,2000,1.4834166666666668,12,E
Turkey,TUR,Asia,2002,2000,0.5910000000000001,12,E
Turkey,TUR,Asia,2003,2000,0.5691666666666666,12,E
Turkey,TUR,Asia,2004,2000,0.5168333333333334,12,E
Turkey,TUR,Asia,2005,2000,0.6405833333333333,12,E
Turkey,TUR,Asia,2006,2000,0.707,12,E
Turkey,TUR,Asia,2007,2000,1.03125,12,E
Turkey,TUR,Asia,2008,2000,0.902,12,E
Turkey,TUR,Asia,2009,2000,0.9559166666666666,12,E
Turkey,TUR,Asia,2010,2010,2.4509166666666666,12,E
Turkey,TUR,Asia,2011,2010,0.12341666666666669,12,E
Turkey,TUR,Asia,2012,2010,1.0885833333333335,12,E
Turkey,TUR,Asia,2013,2010,1.0595,12,E
Turkey,TUR,Asia,2014,2010,1.8155833333333333,12,E
Turkey,TUR,Asia,2015,2010,0.5034166666666667,12,E
Turkey,TUR,Asia,2016,2010,1.3974166666666665,12,E
Turkey,TUR,Asia,2017,2010,1.21075,12,E
Turkey,TUR,Asia,2018,2010,2.4879166666666666,12,E
Turkey,TUR,Asia,2019,2010,1.7435833333333333,12,E
Turkey,TUR,Asia,2020,2020,1.85975,12,E
Turkey,TUR,Asia,2021,2020,1.7680833333333332,12,E
Turkey,TUR,Asia,2022,2020,1.4056666666666668,12,E
Turkey,TUR,Asia,2023,2020,2.036166666666667,12,E
Turkey,TUR,Asia,2024,2020,2.4895833333333335,12,E
Turkey,TUR,Asia,2025,2020,1.9405000000000001,12,E
Tuvalu,TUV,Oceania,1961,1960,-0.11633333333333334,12,E
Tuvalu,TUV,Oceania,1962,1960,0.0715,12,E
Tuvalu,TUV,Oceania,1963,1960,-0.05083333333333334,12,E
Tuvalu,TUV,Oceania,1964,1960,-0.13216666666666665,12,E
Tuvalu,TUV,Oceania,1965,1960,-0.26475,12,E
Tuvalu,TUV,Oceania,1966,1960,-0.024499999999999997,12,E
Tuvalu,TUV,Oceania,1967,1960,-0.29716666666666663,12,E
Tuvalu,TUV,Oceania,1968,1960,-0.23983333333333334,12,E
Tuvalu,TUV,Oceania,1969,1960,0.1731666666666667,12,E
Tuvalu,TUV,Oceania,1970,1970,-0.08800000000000001,12,E
Tuvalu,TUV,Oceania,1971,1970,-0.34508333333333335,12,E
Tuvalu,TUV,Oceania,1972,1970,0.055999999999999994,12,E
Tuvalu,TUV,Oceania,1973,1970,0.26816666666666666,12,E
Tuvalu,TUV,Oceania,1974,1970,0.06416666666666666,12,E
Tuvalu,TUV,Oceania,1975,1970,,2,
Tuvalu,TUV,Oceania,1976,1970,-0.07683333333333332,12,E
Tuvalu,TUV,Oceania,1977,1970,0.18258333333333332,12,E
Tuvalu,TUV,Oceania,1978,1970,0.18800000000000003,12,E
Tuvalu,TUV,Oceania,1979,1970,0.40358333333333335,12,E
Tuvalu,TUV,Oceania,1980,1980,0.48225,12,E
Tuvalu,TUV,Oceania,1981,1980,0.21491666666666667,12,E
Tuvalu,TUV,Oceania,1982,1980,0.24491666666666667,12,E
Tuvalu,TUV,Oceania,1983,1980,0.02133333333333334,12,E
Tuvalu,TUV,Oceania,1984,1980,0.24083333333333334,12,E
Tuvalu,TUV,Oceania,1985,1980,0.3495,12,E
Tuvalu,TUV,Oceania,1986,1980,0.4990833333333333,12,E
Tuvalu,TUV,Oceania,1987,1980,0.18908333333333335,12,E
Tuvalu,TUV,Oceania,1988,1980,0.23775000000000002,12,E
Tuvalu,TUV,Oceania,1989,1980,0.08433333333333333,12,E
Tuvalu,TUV,Oceania,1990,1990,0.4103333333333334,12,E
Tuvalu,TUV,Oceania,1991,1990,0.7150833333333333,12,E
Tuvalu,TUV,Oceania,1992,1990,0.39858333333333335,12,E
Tuvalu,TUV,Oceania,1993,1990,,11,
Tuvalu,TUV,Oceania,1994,1990,,1,
Tuvalu,TUV,Oceania,1995,1990,0.36641666666666667,12,E
Tuvalu,TUV,Oceania,1996,1990,0.3939166666666667,12,E
Tuvalu,TUV,Oceania,1997,1990,,11,
Tuvalu,TUV,Oceania,1998,1990,,11,
Tuvalu,TUV,Oceania,1999,1990,0.40149999999999997,12,E
Tuvalu,TUV,Oceania,2000,2000,0.52325,12,E
Tuvalu,TUV,Oceania,2001,2000,,11,
Tuvalu,TUV,Oceania,2002,2000,0.79575,12,E
Tuvalu,TUV,Oceania,2003,2000,0.52325,12,E
Tuvalu,TUV,Oceania,2004,2000,0.7106666666666667,12,E
Tuvalu,TUV,Oceania,2005,2000,0.8985833333333333,12,E
Tuvalu,TUV,Oceania,2006,2000,0.7885833333333333,12,E
Tuvalu,TUV,Oceania,2007,2000,0.78375,12,E
Tuvalu,TUV,Oceania,2008,2000,,11,
Tuvalu,TUV,Oceania,2009,2000,0.7415833333333334,12,E
Tuvalu,TUV,Oceania,2010,2010,0.8968333333333334,12,E
Tuvalu,TUV,Oceania,2011,2010,0.6971666666666666,12,E
Tuvalu,TUV,Oceania,2012,2010,0.5913333333333334,12,E
Tuvalu,TUV,Oceania,2013,2010,0.6096666666666667,12,E
Tuvalu,TUV,Oceania,2014,2010,0.6471666666666667,12,E
Tuvalu,TUV,Oceania,2015,2010,0.7488333333333334,12,E
Tuvalu,TUV,Oceania,2016,2010,,11,
Tuvalu,TUV,Oceania,2017,2010,0.9638333333333334,12,E
Tuvalu,TUV,Oceania,2018,2010,0.9438333333333334,12,E
Tuvalu,TUV,Oceania,2019,2010,1.0296666666666667,12,E
Tuvalu,TUV,Oceania,2020,2020,1.1055,12,E
Tuvalu,TUV,Oceania,2021,2020,0.6238333333333334,12,E
Tuvalu,TUV,Oceania,2022,2020,0.6421666666666667,12,E
Tuvalu,TUV,Oceania,2023,2020,1.2638333333333334,12,E
Tuvalu,TUV,Oceania,2024,2020,1.278,12,E
Tuvalu,TUV,Oceania,2025,2020,,7,
Taiwan,TWN,Asia,1961,1960,0.29516666666666663,12,E
Taiwan,TWN,Asia,1962,1960,-0.24983333333333332,12,E
Taiwan,TWN,Asia,1963,1960,-0.18541666666666667,12,E
Taiwan,TWN,Asia,1964,1960,0.22075,12,E
Taiwan,TWN,Asia,1965,1960,-0.09141666666666666,12,E
Taiwan,TWN,Asia,1966,1960,0.3309166666666667,12,E
Taiwan,TWN,Asia,1967,1960,-0.219,12,E
Taiwan,TWN,Asia,1968,1960,-0.55375,12,E
Taiwan,TWN,Asia,1969,1960,-0.26575,12,E
Taiwan,TWN,Asia,1970,1970,-0.25375,12,E
Taiwan,TWN,Asia,1971,1970,-0.3318333333333333,12,E
Taiwan,TWN,Asia,1972,1970,-0.20225,12,E
Taiwan,TWN,Asia,1973,1970,0.24108333333333332,12,E
Taiwan,TWN,Asia,1974,1970,-0.21683333333333335,12,E
Taiwan,TWN,Asia,1975,1970,-0.10391666666666666,12,E
Taiwan,TWN,Asia,1976,1970,-0.47983333333333333,12,E
Taiwan,TWN,Asia,1977,1970,0.24908333333333332,12,E
Taiwan,TWN,Asia,1978,1970,-0.2044166666666667,12,E
Taiwan,TWN,Asia,1979,1970,-0.00016666666666665755,12,E
Taiwan,TWN,Asia,1980,1980,0.03658333333333336,12,E
Taiwan,TWN,Asia,1981,1980,0.09958333333333332,12,E
Taiwan,TWN,Asia,1982,1980,-0.10575000000000001,12,E
Taiwan,TWN,Asia,1983,1980,0.16241666666666668,12,E
Taiwan,TWN,Asia,1984,1980,-0.48341666666666666,12,E
Taiwan,TWN,Asia,1985,1980,-0.07983333333333333,12,E
Taiwan,TWN,Asia,1986,1980,-0.18283333333333332,12,E
Taiwan,TWN,Asia,1987,1980,0.33341666666666664,12,E
Taiwan,TWN,Asia,1988,1980,0.2793333333333333,12,E
Taiwan,TWN,Asia,1989,1980,0.02641666666666666,12,E
Taiwan,TWN,Asia,1990,1990,0.4325833333333333,12,E
Taiwan,TWN,Asia,1991,1990,0.5374166666666667,12,E
Taiwan,TWN,Asia,1992,1990,-0.18933333333333335,12,E
Taiwan,TWN,Asia,1993,1990,0.08775,12,E
Taiwan,TWN,Asia,1994,1990,0.45658333333333334,12,E
Taiwan,TWN,Asia,1995,1990,-0.17408333333333334,12,E
Taiwan,TWN,Asia,1996,1990,-0.010166666666666668,12,E
Taiwan,TWN,Asia,1997,1990,0.12283333333333335,12,E
Taiwan,TWN,Asia,1998,1990,1.1634166666666668,12,E
Taiwan,TWN,Asia,1999,1990,0.48499999999999993,12,E
Taiwan,TWN,Asia,2000,2000,0.47666666666666674,12,E
Taiwan,TWN,Asia,2001,2000,0.6211666666666666,12,E
Taiwan,TWN,Asia,2002,2000,0.9426666666666667,12,E
Taiwan,TWN,Asia,2003,2000,0.805,12,E
Taiwan,TWN,Asia,2004,2000,0.59925,12,E
Taiwan,TWN,Asia,2005,2000,0.49724999999999997,12,E
Taiwan,TWN,Asia,2006,2000,0.9187500000000001,12,E
Taiwan,TWN,Asia,2007,2000,0.9165833333333334,12,E
Taiwan,TWN,Asia,2008,2000,0.5251666666666667,12,E
Taiwan,TWN,Asia,2009,2000,0.7035,12,E
Taiwan,TWN,Asia,2010,2010,0.5553333333333333,12,E
Taiwan,TWN,Asia,2011,2010,0.04441666666666668,12,E
Taiwan,TWN,Asia,2012,2010,0.455,12,E
Taiwan,TWN,Asia,2013,2010,0.6086666666666667,12,E
Taiwan,TWN,Asia,2014,2010,0.48658333333333337,12,E
Taiwan,TWN,Asia,2015,2010,0.6766666666666666,12,E
Taiwan,TWN,Asia,2016,2010,0.8786666666666667,12,E
Taiwan,TWN,Asia,2017,2010,0.9454166666666667,12,E
Taiwan,TWN,Asia,2018,2010,0.9944999999999999,12,E
Taiwan,TWN,Asia,2019,2010,1.0701666666666667,12,E
Taiwan,TWN,Asia,2020,2020,1.4705000000000001,12,E
Taiwan,TWN,Asia,2021,2020,1.7144166666666667,12,E
Taiwan,TWN,Asia,2022,2020,1.0603333333333333,12,E
Taiwan,TWN,Asia,2023,2020,1.4663333333333333,12,E
Taiwan,TWN,Asia,2024,2020,1.5765833333333334,12,E
Taiwan,TWN,Asia,2025,2020,1.4285833333333333,12,E
Tanzania,TZA,Africa,1961,1960,0.21591666666666667,12,E
Tanzania,TZA,Africa,1962,1960,-0.21358333333333335,12,E
Tanzania,TZA,Africa,1963,1960,-0.33475000000000005,12,E
Tanzania,TZA,Africa,1964,1960,-0.39775,12,E
Tanzania,TZA,Africa,1965,1960,-0.2155,12,E
Tanzania,TZA,Africa,1966,1960,0.10791666666666666,12,E
Tanzania,TZA,Africa,1967,1960,-0.011583333333333334,12,E
Tanzania,TZA,Africa,1968,1960,-0.4154166666666667,12,E
Tanzania,TZA,Africa,1969,1960,0.4174166666666667,12,E
Tanzania,TZA,Africa,1970,1970,0.13508333333333333,12,E
Tanzania,TZA,Africa,1971,1970,-0.24875,12,E
Tanzania,TZA,Africa,1972,1970,0.10391666666666666,12,E
Tanzania,TZA,Africa,1973,1970,0.3185,12,E
Tanzania,TZA,Africa,1974,1970,-0.11116666666666665,12,E
Tanzania,TZA,Africa,1975,1970,-0.08583333333333332,12,E
Tanzania,TZA,Africa,1976,1970,0.09050000000000001,12,E
Tanzania,TZA,Africa,1977,1970,0.2515,12,E
Tanzania,TZA,Africa,1978,1970,0.05291666666666665,12,E
Tanzania,TZA,Africa,1979,1970,-0.10675000000000001,12,E
Tanzania,TZA,Africa,1980,1980,0.3818333333333333,12,E
Tanzania,TZA,Africa,1981,1980,0.3446666666666667,12,E
Tanzania,TZA,Africa,1982,1980,0.3655,12,E
Tanzania,TZA,Africa,1983,1980,0.6748333333333334,12,E
Tanzania,TZA,Africa,1984,1980,0.03866666666666666,12,E
Tanzania,TZA,Africa,1985,1980,0.035583333333333335,12,E
Tanzania,TZA,Africa,1986,1980,0.14283333333333334,12,E
Tanzania,TZA,Africa,1987,1980,0.6959166666666666,12,E
Tanzania,TZA,Africa,1988,1980,0.5796666666666667,12,E
Tanzania,TZA,Africa,1989,1980,-0.09433333333333334,12,E
Tanzania,TZA,Africa,1990,1990,0.17791666666666664,12,E
Tanzania,TZA,Africa,1991,1990,0.29691666666666666,12,E
Tanzania,TZA,Africa,1992,1990,0.25616666666666665,12,E
Tanzania,TZA,Africa,1993,1990,0.09408333333333334,12,E
Tanzania,TZA,Africa,1994,1990,0.26966666666666667,12,E
Tanzania,TZA,Africa,1995,1990,0.36674999999999996,12,E
Tanzania,TZA,Africa,1996,1990,0.23725,12,E
Tanzania,TZA,Africa,1997,1990,0.55725,12,E
Tanzania,TZA,Africa,1998,1990,0.5872499999999999,12,E
Tanzania,TZA,Africa,1999,1990,-0.3045,12,E
Tanzania,TZA,Africa,2000,2000,0.5984166666666666,12,E
Tanzania,TZA,Africa,2001,2000,0.474,12,E
Tanzania,TZA,Africa,2002,2000,0.6616666666666667,12,E
Tanzania,TZA,Africa,2003,2000,1.0544166666666668,12,E
Tanzania,TZA,Africa,2004,2000,0.8359166666666668,12,E
Tanzania,TZA,Africa,2005,2000,1.2276666666666667,12,E
Tanzania,TZA,Africa,2006,2000,0.78475,12,E
Tanzania,TZA,Africa,2007,2000,0.8888333333333334,12,E
Tanzania,TZA,Africa,2008,2000,0.602,12,E
Tanzania,TZA,Africa,2009,2000,0.9540000000000001,12,E
Tanzania,TZA,Africa,2010,2010,1.11225,12,E
Tanzania,TZA,Africa,2011,2010,0.8046666666666668,12,E
Tanzania,TZA,Africa,2012,2010,0.9408333333333334,12,E
Tanzania,TZA,Africa,2013,2010,0.9566666666666667,12,E
Tanzania,TZA,Africa,2014,2010,0.9354166666666667,12,E
Tanzania,TZA,Africa,2015,2010,1.1566666666666667,12,E
Tanzania,TZA,Africa,2016,2010,1.0576666666666668,12,E
Tanzania,TZA,Africa,2017,2010,1.4686666666666666,12,E
Tanzania,TZA,Africa,2018,2010,1.0440833333333333,12,E
Tanzania,TZA,Africa,2019,2010,1.352833333333333,12,E
Tanzania,TZA,Africa,2020,2020,1.1015833333333334,12,E
Tanzania,TZA,Africa,2021,2020,1.2085,12,E
Tanzania,TZA,Africa,2022,2020,0.9353333333333333,12,E
Tanzania,TZA,Africa,2023,2020,1.4329166666666666,12,E
Tanzania,TZA,Africa,2024,2020,1.3227499999999999,12,E
Tanzania,TZA,Africa,2025,2020,1.0109166666666667,12,E
Uganda,UGA,Africa,1961,1960,-0.15175,12,E
Uganda,UGA,Africa,1962,1960,-0.2504166666666667,12,E
Uganda,UGA,Africa,1963,1960,-0.23158333333333334,12,E
Uganda,UGA,Africa,1964,1960,-0.28575,12,E
Uganda,UGA,Africa,1965,1960,-0.061416666666666675,12,E
Uganda,UGA,Africa,1966,1960,0.04358333333333333,12,E
Uganda,UGA,Africa,1967,1960,-0.12741666666666665,12,E
Uganda,UGA,Africa,1968,1960,-0.2509166666666667,12,E
Uganda,UGA,Africa,1969,1960,0.19125,12,E
Uganda,UGA,Africa,1970,1970,-0.0008333333333333318,12,E
Uganda,UGA,Africa,1971,1970,-0.18874999999999997,12,E
Uganda,UGA,Africa,1972,1970,0.20791666666666667,12,E
Uganda,UGA,Africa,1973,1970,0.35791666666666666,12,E
Uganda,UGA,Africa,1974,1970,-0.06366666666666666,12,E
Uganda,UGA,Africa,1975,1970,-0.0012500000000000057,12,E
Uganda,UGA,Africa,1976,1970,0.10558333333333332,12,E
Uganda,UGA,Africa,1977,1970,0.15916666666666668,12,E
Uganda,UGA,Africa,1978,1970,0.1215,12,E
Uganda,UGA,Africa,1979,1970,0.41383333333333333,12,E
Uganda,UGA,Africa,1980,1980,0.778,12,E
Uganda,UGA,Africa,1981,1980,0.6983333333333333,12,E
Uganda,UGA,Africa,1982,1980,0.5504166666666667,12,E
Uganda,UGA,Africa,1983,1980,0.8264166666666667,12,E
Uganda,UGA,Africa,1984,1980,0.5501666666666667,12,E
Uganda,UGA,Africa,1985,1980,0.32825,12,E
Uganda,UGA,Africa,1986,1980,0.457,12,E
Uganda,UGA,Africa,1987,1980,0.91325,12,E
Uganda,UGA,Africa,1988,1980,0.5471666666666667,12,E
Uganda,UGA,Africa,1989,1980,0.16175,12,E
Uganda,UGA,Africa,1990,1990,0.5048333333333334,12,E
Uganda,UGA,Africa,1991,1990,0.3466666666666667,12,E
Uganda,UGA,Africa,1992,1990,0.46025,12,E
Uganda,UGA,Africa,1993,1990,0.41133333333333333,12,E
Uganda,UGA,Africa,1994,1990,0.27216666666666667,12,E
Uganda,UGA,Africa,1995,1990,0.67625,12,E
Uganda,UGA,Africa,1996,1990,0.4415,12,E
Uganda,UGA,Africa,1997,1990,0.79725,12,E
Uganda,UGA,Africa,1998,1990,0.7188333333333333,12,E
Uganda,UGA,Africa,1999,1990,0.3099166666666667,12,E
Uganda,UGA,Africa,2000,2000,0.5278333333333333,12,E
Uganda,UGA,Africa,2001,2000,0.42058333333333336,12,E
Uganda,UGA,Africa,2002,2000,0.8271666666666667,12,E
Uganda,UGA,Africa,2003,2000,0.9910833333333334,12,E
Uganda,UGA,Africa,2004,2000,0.8849166666666667,12,E
Uganda,UGA,Africa,2005,2000,1.5657500000000002,12,E
Uganda,UGA,Africa,2006,2000,0.9905833333333334,12,E
Uganda,UGA,Africa,2007,2000,0.6578333333333334,12,E
Uganda,UGA,Africa,2008,2000,0.8259166666666666,12,E
Uganda,UGA,Africa,2009,2000,1.3624999999999998,12,E
Uganda,UGA,Africa,2010,2010,1.4415833333333332,12,E
Uganda,UGA,Africa,2011,2010,1.13025,12,E
Uganda,UGA,Africa,2012,2010,1.1251666666666666,12,E
Uganda,UGA,Africa,2013,2010,1.0946666666666667,12,E
Uganda,UGA,Africa,2014,2010,1.1154166666666667,12,E
Uganda,UGA,Africa,2015,2010,1.2366666666666666,12,E
Uganda,UGA,Africa,2016,2010,1.3389166666666668,12,E
Uganda,UGA,Africa,2017,2010,1.7089166666666664,12,E
Uganda,UGA,Africa,2018,2010,1.1145833333333333,12,E
Uganda,UGA,Africa,2019,2010,1.56325,12,E
Uganda,UGA,Africa,2020,2020,1.2631666666666665,12,E
Uganda,UGA,Africa,2021,2020,1.5065833333333334,12,E
Uganda,UGA,Africa,2022,2020,1.3493333333333333,12,E
Uganda,UGA,Africa,2023,2020,1.6701666666666668,12,E
Uganda,UGA,Africa,2024,2020,1.5384166666666665,12,E
Uganda,UGA,Africa,2025,2020,,10,
Ukraine,UKR,Europe,1992,1990,0.4345833333333333,12,E
Ukraine,UKR,Europe,1993,1990,-0.4553333333333333,12,E
Ukraine,UKR,Europe,1994,1990,0.8780833333333334,12,E
Ukraine,UKR,Europe,1995,1990,0.81225,12,E
Ukraine,UKR,Europe,1996,1990,-0.31558333333333327,12,E
Ukraine,UKR,Europe,1997,1990,-0.27133333333333337,12,E
Ukraine,UKR,Europe,1998,1990,0.56575,12,E
Ukraine,UKR,Europe,1999,1990,1.5817499999999998,12,E
Ukraine,UKR,Europe,2000,2000,1.4810833333333333,12,E
Ukraine,UKR,Europe,2001,2000,1.1319166666666665,12,E
Ukraine,UKR,Europe,2002,2000,1.4301666666666666,12,E
Ukraine,UKR,Europe,2003,2000,0.36241666666666666,12,E
Ukraine,UKR,Europe,2004,2000,0.9504999999999999,12,E
Ukraine,UKR,Europe,2005,2000,0.9629166666666666,12,E
Ukraine,UKR,Europe,2006,2000,0.40275,12,E
Ukraine,UKR,Europe,2007,2000,2.1209166666666666,12,E
Ukraine,UKR,Europe,2008,2000,1.6685833333333333,12,E
Ukraine,UKR,Europe,2009,2000,1.4825,12,E
Ukraine,UKR,Europe,2010,2010,1.6155,12,E
Ukraine,UKR,Europe,2011,2010,0.8679166666666666,12,E
Ukraine,UKR,Europe,2012,2010,1.4552500000000002,12,E
Ukraine,UKR,Europe,2013,2010,1.7455,12,E
Ukraine,UKR,Europe,2014,2010,1.6251666666666666,12,E
Ukraine,UKR,Europe,2015,2010,2.2643333333333335,12,E
Ukraine,UKR,Europe,2016,2010,1.7024166666666665,12,E
Ukraine,UKR,Europe,2017,2010,1.8055,12,E
Ukraine,UKR,Europe,2018,2010,1.82275,12,E
Ukraine,UKR,Europe,2019,2010,2.6425,12,E
Ukraine,UKR,Europe,2020,2020,2.8361666666666667,12,E
Ukraine,UKR,Europe,2021,2020,1.328,12,E
Ukraine,UKR,Europe,2022,2020,1.90825,12,E
Ukraine,UKR,Europe,2023,2020,2.7583333333333333,12,E
Ukraine,UKR,Europe,2024,2020,3.3876666666666666,12,E
Ukraine,UKR,Europe,2025,2020,2.277083333333333,12,E
Uruguay,URY,South America,1961,1960,0.42616666666666675,12,E
Uruguay,URY,South America,1962,1960,-0.44300000000000006,12,E
Uruguay,URY,South America,1963,1960,0.244,12,E
Uruguay,URY,South America,1964,1960,-0.7807499999999999,12,E
Uruguay,URY,South America,1965,1960,0.14858333333333332,12,E
Uruguay,URY,South America,1966,1960,-0.44541666666666674,12,E
Uruguay,URY,South America,1967,1960,0.29691666666666666,12,E
Uruguay,URY,South America,1968,1960,0.27,12,E
Uruguay,URY,South America,1969,1960,0.24949999999999997,12,E
Uruguay,URY,South America,1970,1970,0.30483333333333335,12,E
Uruguay,URY,South America,1971,1970,-0.18958333333333335,12,E
Uruguay,URY,South America,1972,1970,0.15691666666666668,12,E
Uruguay,URY,South America,1973,1970,-0.11958333333333336,12,E
Uruguay,URY,South America,1974,1970,-0.11966666666666666,12,E
Uruguay,URY,South America,1975,1970,0.22258333333333333,12,E
Uruguay,URY,South America,1976,1970,-0.44775000000000004,12,E
Uruguay,URY,South America,1977,1970,0.5875833333333333,12,E
Uruguay,URY,South America,1978,1970,0.0695,12,E
Uruguay,URY,South America,1979,1970,0.030499999999999982,12,E
Uruguay,URY,South America,1980,1980,0.6598333333333334,12,E
Uruguay,URY,South America,1981,1980,0.45675,12,E
Uruguay,URY,South America,1982,1980,0.6376666666666667,12,E
Uruguay,URY,South America,1983,1980,0.0007500000000000284,12,E
Uruguay,URY,South America,1984,1980,-0.17233333333333337,12,E
Uruguay,URY,South America,1985,1980,0.6846666666666666,12,E
Uruguay,URY,South America,1986,1980,0.7311666666666667,12,E
Uruguay,URY,South America,1987,1980,0.27591666666666664,12,E
Uruguay,URY,South America,1988,1980,-0.32116666666666666,12,E
Uruguay,URY,South America,1989,1980,0.7633333333333333,12,E
Uruguay,URY,South America,1990,1990,0.32325000000000004,12,E
Uruguay,URY,South America,1991,1990,0.5218333333333334,12,E
Uruguay,URY,South America,1992,1990,0.13308333333333333,12,E
Uruguay,URY,South America,1993,1990,0.2840833333333333,12,E
Uruguay,URY,South America,1994,1990,0.7082499999999999,12,E
Uruguay,URY,South America,1995,1990,0.24041666666666664,12,E
Uruguay,URY,South America,1996,1990,0.5053333333333333,12,E
Uruguay,URY,South America,1997,1990,1.03175,12,E
Uruguay,URY,South America,1998,1990,0.18725,12,E
Uruguay,URY,South America,1999,1990,0.22325000000000003,12,E
Uruguay,URY,South America,2000,2000,0.35541666666666666,12,E
Uruguay,URY,South America,2001,2000,1.2415,12,E
Uruguay,URY,South America,2002,2000,0.6954166666666667,12,E
Uruguay,URY,South America,2003,2000,0.28375,12,E
Uruguay,URY,South America,2004,2000,0.6895000000000001,12,E
Uruguay,URY,South America,2005,2000,0.7833333333333333,12,E
Uruguay,URY,South America,2006,2000,0.8288333333333333,12,E
Uruguay,URY,South America,2007,2000,0.12333333333333331,12,E
Uruguay,URY,South America,2008,2000,0.8418333333333333,12,E
Uruguay,URY,South America,2009,2000,0.48124999999999996,12,E
Uruguay,URY,South America,2010,2010,0.47925,12,E
Uruguay,URY,South America,2011,2010,0.3518333333333333,12,E
Uruguay,URY,South America,2012,2010,1.1123333333333334,12,E
Uruguay,URY,South America,2013,2010,0.3689166666666667,12,E
Uruguay,URY,South America,2014,2010,1.0408333333333333,12,E
Uruguay,URY,South America,2015,2010,1.188,12,E
Uruguay,URY,South America,2016,2010,0.4579166666666667,12,E
Uruguay,URY,South America,2017,2010,1.7195833333333335,12,E
Uruguay,URY,South America,2018,2010,1.1698333333333333,12,E
Uruguay,URY,South America,2019,2010,1.05375,12,E
Uruguay,URY,South America,2020,2020,0.9834999999999999,12,E
Uruguay,URY,South America,2021,2020,1.0578333333333334,12,E
Uruguay,URY,South America,2022,2020,0.5844166666666667,12,E
Uruguay,URY,South America,2023,2020,1.564,12,E
Uruguay,URY,South America,2024,2020,0.9680833333333334,12,E
Uruguay,URY,South America,2025,2020,0.9291666666666667,12,E
United States,USA,North America,1961,1960,-0.14374999999999996,12,E
United States,USA,North America,1962,1960,0.14841666666666667,12,E
United States,USA,North America,1963,1960,0.28358333333333335,12,E
United States,USA,North America,1964,1960,-0.2960833333333333,12,E
United States,USA,North America,1965,1960,-0.1633333333333333,12,E
United States,USA,North America,1966,1960,-0.3284166666666667,12,E
United States,USA,North America,1967,1960,0.10650000000000003,12,E
United States,USA,North America,1968,1960,-0.2336666666666667,12,E
United States,USA,North America,1969,1960,-0.01316666666666666,12,E
United States,USA,North America,1970,1970,-0.11675,12,E
United States,USA,North America,1971,1970,-0.37199999999999994,12,E
United States,USA,North America,1972,1970,-0.40125000000000005,12,E
United States,USA,North America,1973,1970,0.11308333333333331,12,E
United States,USA,North America,1974,1970,0.03283333333333334,12,E
United States,USA,North America,1975,1970,-0.36308333333333326,12,E
United States,USA,North America,1976,1970,-0.18633333333333335,12,E
United States,USA,North America,1977,1970,0.4483333333333333,12,E
United States,USA,North America,1978,1970,-0.0030000000000000213,12,E
United States,USA,North America,1979,1970,-0.1889166666666667,12,E
United States,USA,North America,1980,1980,0.3426666666666667,12,E
United States,USA,North America,1981,1980,0.92075,12,E
United States,USA,North America,1982,1980,-0.2165,12,E
United States,USA,North America,1983,1980,0.17458333333333334,12,E
United States,USA,North America,1984,1980,0.07225,12,E
United States,USA,North America,1985,1980,-0.16216666666666665,12,E
United States,USA,North America,1986,1980,0.7760000000000001,12,E
United States,USA,North America,1987,1980,0.8352499999999999,12,E
United States,USA,North America,1988,1980,0.4775833333333333,12,E
United States,USA,North America,1989,1980,0.1135833333333333,12,E
United States,USA,North America,1990,1990,0.7352500000000001,12,E
United States,USA,North America,1991,1990,0.7111666666666667,12,E
United States,USA,North America,1992,1990,0.2554166666666667,12,E
United States,USA,North America,1993,1990,0.16016666666666668,12,E
United States,USA,North America,1994,1990,0.4736666666666667,12,E
United States,USA,North America,1995,1990,0.5604166666666667,12,E
United States,USA,North America,1996,1990,-0.014916666666666675,12,E
United States,USA,North America,1997,1990,0.4063333333333334,12,E
United States,USA,North America,1998,1990,1.3380833333333333,12,E
United States,USA,North America,1999,1990,0.7207500000000001,12,E
United States,USA,North America,2000,2000,0.8605833333333334,12,E
United States,USA,North America,2001,2000,0.9613333333333333,12,E
United States,USA,North America,2002,2000,1.0155,12,E
United States,USA,North America,2003,2000,0.9276666666666666,12,E
United States,USA,North America,2004,2000,0.8845000000000001,12,E
United States,USA,North America,2005,2000,1.10925,12,E
United States,USA,North America,2006,2000,1.1375833333333334,12,E
United States,USA,North America,2007,2000,1.0222499999999999,12,E
United States,USA,North America,2008,2000,0.153,12,E
United States,USA,North America,2009,2000,0.36366666666666664,12,E
United States,USA,North America,2010,2010,0.705,12,E
United States,USA,North America,2011,2010,0.7426666666666666,12,E
United States,USA,North America,2012,2010,1.3970833333333335,12,E
United States,USA,North America,2013,2010,0.5088333333333334,12,E
United States,USA,North America,2014,2010,0.7744166666666666,12,E
United States,USA,North America,2015,2010,1.5600833333333333,12,E
United States,USA,North America,2016,2010,1.9815833333333333,12,E
United States,USA,North America,2017,2010,1.5553333333333335,12,E
United States,USA,North America,2018,2010,1.2205000000000001,12,E
United States,USA,North America,2019,2010,1.029,12,E
United States,USA,North America,2020,2020,1.3053333333333332,12,E
United States,USA,North America,2021,2020,1.2480833333333334,12,E
United States,USA,North America,2022,2020,0.9845833333333333,12,E
United States,USA,North America,2023,2020,1.42975,12,E
United States,USA,North America,2024,2020,1.94675,12,E
United States,USA,North America,2025,2020,1.6165,12,E
Uzbekistan,UZB,Asia,1992,1990,0.27708333333333335,12,E
Uzbekistan,UZB,Asia,1993,1990,-0.5668333333333333,12,E
Uzbekistan,UZB,Asia,1994,1990,0.15808333333333335,12,E
Uzbekistan,UZB,Asia,1995,1990,1.3544166666666666,12,E
Uzbekistan,UZB,Asia,1996,1990,-0.11325,12,E
Uzbekistan,UZB,Asia,1997,1990,1.30575,12,E
Uzbekistan,UZB,Asia,1998,1990,0.7384166666666667,12,E
Uzbekistan,UZB,Asia,1999,1990,1.3511666666666666,12,E
Uzbekistan,UZB,Asia,2000,2000,1.4025833333333333,12,E
Uzbekistan,UZB,Asia,2001,2000,1.4645000000000001,12,E
Uzbekistan,UZB,Asia,2002,2000,1.3410833333333334,12,E
Uzbekistan,UZB,Asia,2003,2000,0.6401666666666667,12,E
Uzbekistan,UZB,Asia,2004,2000,1.94675,12,E
Uzbekistan,UZB,Asia,2005,2000,1.5261666666666667,12,E
Uzbekistan,UZB,Asia,2006,2000,1.2965,12,E
Uzbekistan,UZB,Asia,2007,2000,1.4136666666666666,12,E
Uzbekistan,UZB,Asia,2008,2000,0.81,12,E
Uzbekistan,UZB,Asia,2009,2000,1.2309166666666667,12,E
Uzbekistan,UZB,Asia,2010,2010,1.8413333333333333,12,E
Uzbekistan,UZB,Asia,2011,2010,0.6598333333333334,12,E
Uzbekistan,UZB,Asia,2012,2010,0.6685000000000002,12,E
Uzbekistan,UZB,Asia,2013,2010,1.8473333333333333,12,E
Uzbekistan,UZB,Asia,2014,2010,0.17775000000000007,12,E
Uzbekistan,UZB,Asia,2015,2010,1.66575,12,E
Uzbekistan,UZB,Asia,2016,2010,2.2007499999999998,12,E
Uzbekistan,UZB,Asia,2017,2010,1.6015833333333334,12,E
Uzbekistan,UZB,Asia,2018,2010,1.2021666666666666,12,E
Uzbekistan,UZB,Asia,2019,2010,2.1164166666666664,12,E
Uzbekistan,UZB,Asia,2020,2020,1.1353333333333333,12,E
Uzbekistan,UZB,Asia,2021,2020,2.1328333333333336,12,E
Uzbekistan,UZB,Asia,2022,2020,2.18575,12,E
Uzbekistan,UZB,Asia,2023,2020,2.811166666666667,12,E
Uzbekistan,UZB,Asia,2024,2020,1.9055,12,E
Uzbekistan,UZB,Asia,2025,2020,3.0018333333333334,12,E
Vatican,VAT,Europe,1961,1960,0.6154166666666666,12,E
Vatican,VAT,Europe,1962,1960,-0.06333333333333335,12,E
Vatican,VAT,Europe,1963,1960,0.08875000000000004,12,E
Vatican,VAT,Europe,1964,1960,0.12133333333333333,12,E
Vatican,VAT,Europe,1965,1960,-0.35208333333333336,12,E
Vatican,VAT,Europe,1966,1960,0.11808333333333336,12,E
Vatican,VAT,Europe,1967,1960,0.20266666666666666,12,E
Vatican,VAT,Europe,1968,1960,0.05591666666666665,12,E
Vatican,VAT,Europe,1969,1960,-0.121,12,E
Vatican,VAT,Europe,1970,1970,0.07233333333333332,12,E
Vatican,VAT,Europe,1971,1970,-0.2325,12,E
Vatican,VAT,Europe,1972,1970,-0.06900000000000002,12,E
Vatican,VAT,Europe,1973,1970,-0.05591666666666665,12,E
Vatican,VAT,Europe,1974,1970,-0.22524999999999998,12,E
Vatican,VAT,Europe,1975,1970,-0.07291666666666667,12,E
Vatican,VAT,Europe,1976,1970,-0.45924999999999994,12,E
Vatican,VAT,Europe,1977,1970,0.23699999999999996,12,E
Vatican,VAT,Europe,1978,1970,-0.48374999999999996,12,E
Vatican,VAT,Europe,1979,1970,-0.012416666666666668,12,E
Vatican,VAT,Europe,1980,1980,-0.8548333333333332,12,E
Vatican,VAT,Europe,1981,1980,-0.283,12,E
Vatican,VAT,Europe,1982,1980,0.5471666666666667,12,E
Vatican,VAT,Europe,1983,1980,0.1374166666666667,12,E
Vatican,VAT,Europe,1984,1980,-0.5364166666666667,12,E
Vatican,VAT,Europe,1985,1980,0.38000000000000006,12,E
Vatican,VAT,Europe,1986,1980,0.37033333333333335,12,E
Vatican,VAT,Europe,1987,1980,0.3921666666666666,12,E
Vatican,VAT,Europe,1988,1980,0.5408333333333334,12,E
Vatican,VAT,Europe,1989,1980,0.2941666666666667,12,E
Vatican,VAT,Europe,1990,1990,0.8721666666666666,12,E
Vatican,VAT,Europe,1991,1990,-0.15516666666666667,12,E
Vatican,VAT,Europe,1992,1990,0.69,12,E
Vatican,VAT,Europe,1993,1990,0.48675,12,E
Vatican,VAT,Europe,1994,1990,1.3636666666666668,12,E
Vatican,VAT,Europe,1995,1990,0.17399999999999996,12,E
Vatican,VAT,Europe,1996,1990,0.15708333333333332,12,E
Vatican,VAT,Europe,1997,1990,0.7994166666666667,12,E
Vatican,VAT,Europe,1998,1990,0.6789999999999999,12,E
Vatican,VAT,Europe,1999,1990,0.8374166666666668,12,E
Vatican,VAT,Europe,2000,2000,1.2449166666666667,12,E
Vatican,VAT,Europe,2001,2000,1.1213333333333335,12,E
Vatican,VAT,Europe,2002,2000,1.0254999999999999,12,E
Vatican,VAT,Europe,2003,2000,1.39325,12,E
Vatican,VAT,Europe,2004,2000,0.6528333333333333,12,E
Vatican,VAT,Europe,2005,2000,0.18041666666666667,12,E
Vatican,VAT,Europe,2006,2000,0.8584166666666667,12,E
Vatican,VAT,Europe,2007,2000,1.1073333333333333,12,E
Vatican,VAT,Europe,2008,2000,1.0676666666666665,12,E
Vatican,VAT,Europe,2009,2000,1.03775,12,E
Vatican,VAT,Europe,2010,2010,0.6086666666666667,12,E
Vatican,VAT,Europe,2011,2010,1.1048333333333333,12,E
Vatican,VAT,Europe,2012,2010,1.3046666666666666,12,E
Vatican,VAT,Europe,2013,2010,0.9355833333333333,12,E
Vatican,VAT,Europe,2014,2010,1.3185,12,E
Vatican,VAT,Europe,2015,2010,1.4703333333333333,12,E
Vatican,VAT,Europe,2016,2010,1.35325,12,E
Vatican,VAT,Europe,2017,2010,1.2025,12,E
Vatican,VAT,Europe,2018,2010,1.9105833333333333,12,E
Vatican,VAT,Europe,2019,2010,1.5034166666666666,12,E
Vatican,VAT,Europe,2020,2020,1.4546666666666666,12,E
Vatican,VAT,Europe,2021,2020,1.2800833333333335,12,E
Vatican,VAT,Europe,2022,2020,2.0119166666666666,12,E
Vatican,VAT,Europe,2023,2020,1.9186666666666667,12,E
Vatican,VAT,Europe,2024,2020,2.364333333333333,12,E
Vatican,VAT,Europe,2025,2020,2.338,12,E
Saint Vincent and the Grenadines,VCT,North America,1961,1960,0.28933333333333333,12,E
Saint Vincent and the Grenadines,VCT,North America,1962,1960,-0.007166666666666668,12,E
Saint Vincent and the Grenadines,VCT,North America,1963,1960,0.23358333333333334,12,E
Saint Vincent and the Grenadines,VCT,North America,1964,1960,-0.2788333333333333,12,E
Saint Vincent and the Grenadines,VCT,North America,1965,1960,-0.16966666666666666,12,E
Saint Vincent and the Grenadines,VCT,North America,1966,1960,-0.09874999999999999,12,E
Saint Vincent and the Grenadines,VCT,North America,1967,1960,-0.36741666666666667,12,E
Saint Vincent and the Grenadines,VCT,North America,1968,1960,-0.22441666666666668,12,E
Saint Vincent and the Grenadines,VCT,North America,1969,1960,0.47350000000000003,12,E
Saint Vincent and the Grenadines,VCT,North America,1970,1970,0.11683333333333334,12,E
Saint Vincent and the Grenadines,VCT,North America,1971,1970,-0.5109166666666666,12,E
Saint Vincent and the Grenadines,VCT,North America,1972,1970,-0.2065,12,E
Saint Vincent and the Grenadines,VCT,North America,1973,1970,-0.03199999999999999,12,E
Saint Vincent and the Grenadines,VCT,North America,1974,1970,-0.45566666666666666,12,E
Saint Vincent and the Grenadines,VCT,North America,1975,1970,-0.4190833333333333,12,E
Saint Vincent and the Grenadines,VCT,North America,1976,1970,-0.07366666666666667,12,E
Saint Vincent and the Grenadines,VCT,North America,1977,1970,0.030083333333333333,12,E
Saint Vincent and the Grenadines,VCT,North America,1978,1970,0.21116666666666664,12,E
Saint Vincent and the Grenadines,VCT,North America,1979,1970,0.426,12,E
Saint Vincent and the Grenadines,VCT,North America,1980,1980,0.32975000000000004,12,E
Saint Vincent and the Grenadines,VCT,North America,1981,1980,0.49608333333333327,12,E
Saint Vincent and the Grenadines,VCT,North America,1982,1980,0.11766666666666666,12,E
Saint Vincent and the Grenadines,VCT,North America,1983,1980,0.5178333333333334,12,E
Saint Vincent and the Grenadines,VCT,North America,1984,1980,0.09825,12,E
Saint Vincent and the Grenadines,VCT,North America,1985,1980,-0.2678333333333333,12,E
Saint Vincent and the Grenadines,VCT,North America,1986,1980,0.04641666666666667,12,E
Saint Vincent and the Grenadines,VCT,North America,1987,1980,0.761,12,E
Saint Vincent and the Grenadines,VCT,North America,1988,1980,0.5983333333333333,12,E
Saint Vincent and the Grenadines,VCT,North America,1989,1980,0.11841666666666667,12,E
Saint Vincent and the Grenadines,VCT,North America,1990,1990,0.5324166666666666,12,E
Saint Vincent and the Grenadines,VCT,North America,1991,1990,0.5274166666666666,12,E
Saint Vincent and the Grenadines,VCT,North America,1992,1990,0.60775,12,E
Saint Vincent and the Grenadines,VCT,North America,1993,1990,0.7205,12,E
Saint Vincent and the Grenadines,VCT,North America,1994,1990,0.7460833333333333,12,E
Saint Vincent and the Grenadines,VCT,North America,1995,1990,1.0881666666666667,12,E
Saint Vincent and the Grenadines,VCT,North America,1996,1990,0.7596666666666666,12,E
Saint Vincent and the Grenadines,VCT,North America,1997,1990,0.9855833333333334,12,E
Saint Vincent and the Grenadines,VCT,North America,1998,1990,1.53175,12,E
Saint Vincent and the Grenadines,VCT,North America,1999,1990,0.9295,12,E
Saint Vincent and the Grenadines,VCT,North America,2000,2000,0.8058333333333333,12,E
Saint Vincent and the Grenadines,VCT,North America,2001,2000,1.0909166666666665,12,E
Saint Vincent and the Grenadines,VCT,North America,2002,2000,0.9254166666666667,12,E
Saint Vincent and the Grenadines,VCT,North America,2003,2000,1.1858333333333333,12,E
Saint Vincent and the Grenadines,VCT,North America,2004,2000,0.7415833333333334,12,E
Saint Vincent and the Grenadines,VCT,North America,2005,2000,1.14875,12,E
Saint Vincent and the Grenadines,VCT,North America,2006,2000,1.0,12,E
Saint Vincent and the Grenadines,VCT,North America,2007,2000,0.8776666666666667,12,E
Saint Vincent and the Grenadines,VCT,North America,2008,2000,0.7903333333333333,12,E
Saint Vincent and the Grenadines,VCT,North America,2009,2000,0.8463333333333334,12,E
Saint Vincent and the Grenadines,VCT,North America,2010,2010,1.4709166666666667,12,E
Saint Vincent and the Grenadines,VCT,North America,2011,2010,0.9646666666666667,12,E
Saint Vincent and the Grenadines,VCT,North America,2012,2010,0.9511666666666666,12,E
Saint Vincent and the Grenadines,VCT,North America,2013,2010,1.0201666666666667,12,E
Saint Vincent and the Grenadines,VCT,North America,2014,2010,0.9765833333333332,12,E
Saint Vincent and the Grenadines,VCT,North America,2015,2010,1.1328333333333334,12,E
Saint Vincent and the Grenadines,VCT,North America,2016,2010,1.1694166666666665,12,E
Saint Vincent and the Grenadines,VCT,North America,2017,2010,1.1489166666666668,12,E
Saint Vincent and the Grenadines,VCT,North America,2018,2010,0.8203333333333332,12,E
Saint Vincent and the Grenadines,VCT,North America,2019,2010,1.1471666666666667,12,E
Saint Vincent and the Grenadines,VCT,North America,2020,2020,1.268,12,E
Saint Vincent and the Grenadines,VCT,North America,2021,2020,1.0615833333333333,12,E
Saint Vincent and the Grenadines,VCT,North America,2022,2020,0.8614166666666666,12,E
Saint Vincent and the Grenadines,VCT,North America,2023,2020,1.2824166666666668,12,E
Saint Vincent and the Grenadines,VCT,North America,2024,2020,1.9828333333333334,12,E
Saint Vincent and the Grenadines,VCT,North America,2025,2020,1.407333333333333,12,E
Venezuela,VEN,South America,1961,1960,0.03924999999999999,12,E
Venezuela,VEN,South America,1962,1960,-0.08116666666666666,12,E
Venezuela,VEN,South America,1963,1960,-0.05133333333333334,12,E
Venezuela,VEN,South America,1964,1960,-0.04933333333333333,12,E
Venezuela,VEN,South America,1965,1960,-0.08466666666666667,12,E
Venezuela,VEN,South America,1966,1960,0.12208333333333334,12,E
Venezuela,VEN,South America,1967,1960,-0.27525,12,E
Venezuela,VEN,South America,1968,1960,-0.15841666666666668,12,E
Venezuela,VEN,South America,1969,1960,0.49416666666666664,12,E
Venezuela,VEN,South America,1970,1970,0.18333333333333335,12,E
Venezuela,VEN,South America,1971,1970,-0.431,12,E
Venezuela,VEN,South America,1972,1970,-0.001666666666666668,12,E
Venezuela,VEN,South America,1973,1970,0.2680833333333333,12,E
Venezuela,VEN,South America,1974,1970,-0.295,12,E
Venezuela,VEN,South America,1975,1970,-0.26558333333333334,12,E
Venezuela,VEN,South America,1976,1970,-0.235,12,E
Venezuela,VEN,South America,1977,1970,0.34041666666666665,12,E
Venezuela,VEN,South America,1978,1970,0.2734166666666667,12,E
Venezuela,VEN,South America,1979,1970,0.41850000000000004,12,E
Venezuela,VEN,South America,1980,1980,0.5671666666666667,12,E
Venezuela,VEN,South America,1981,1980,0.3401666666666667,12,E
Venezuela,VEN,South America,1982,1980,0.27525,12,E
Venezuela,VEN,South America,1983,1980,0.7184166666666667,12,E
Venezuela,VEN,South America,1984,1980,0.06783333333333333,12,E
Venezuela,VEN,South America,1985,1980,-0.15775,12,E
Venezuela,VEN,South America,1986,1980,0.053166666666666675,12,E
Venezuela,VEN,South America,1987,1980,0.71225,12,E
Venezuela,VEN,South America,1988,1980,0.31033333333333335,12,E
Venezuela,VEN,South America,1989,1980,0.051416666666666666,12,E
Venezuela,VEN,South America,1990,1990,0.5495833333333334,12,E
Venezuela,VEN,South America,1991,1990,0.5496666666666666,12,E
Venezuela,VEN,South America,1992,1990,0.6525,12,E
Venezuela,VEN,South America,1993,1990,0.6968333333333333,12,E
Venezuela,VEN,South America,1994,1990,0.5243333333333333,12,E
Venezuela,VEN,South America,1995,1990,0.9692500000000001,12,E
Venezuela,VEN,South America,1996,1990,0.7296666666666667,12,E
Venezuela,VEN,South America,1997,1990,0.9315833333333333,12,E
Venezuela,VEN,South America,1998,1990,1.2822500000000001,12,E
Venezuela,VEN,South America,1999,1990,0.5154166666666667,12,E
Venezuela,VEN,South America,2000,2000,0.44275,12,E
Venezuela,VEN,South America,2001,2000,0.8569166666666667,12,E
Venezuela,VEN,South America,2002,2000,1.0515833333333333,12,E
Venezuela,VEN,South America,2003,2000,1.091,12,E
Venezuela,VEN,South America,2004,2000,0.94875,12,E
Venezuela,VEN,South America,2005,2000,1.1550833333333335,12,E
Venezuela,VEN,South America,2006,2000,1.0193333333333332,12,E
Venezuela,VEN,South America,2007,2000,0.9895833333333334,12,E
Venezuela,VEN,South America,2008,2000,0.83975,12,E
Venezuela,VEN,South America,2009,2000,1.2338333333333333,12,E
Venezuela,VEN,South America,2010,2010,1.3630000000000002,12,E
Venezuela,VEN,South America,2011,2010,0.9445833333333334,12,E
Venezuela,VEN,South America,2012,2010,0.9673333333333334,12,E
Venezuela,VEN,South America,2013,2010,1.2208333333333334,12,E
Venezuela,VEN,South America,2014,2010,1.2661666666666667,12,E
Venezuela,VEN,South America,2015,2010,1.5671666666666668,12,E
Venezuela,VEN,South America,2016,2010,1.54625,12,E
Venezuela,VEN,South America,2017,2010,1.2263333333333335,12,E
Venezuela,VEN,South America,2018,2010,1.1199166666666667,12,E
Venezuela,VEN,South America,2019,2010,1.6078333333333334,12,E
Venezuela,VEN,South America,2020,2020,1.627,12,E
Venezuela,VEN,South America,2021,2020,1.0794166666666667,12,E
Venezuela,VEN,South America,2022,2020,0.9970833333333333,12,E
Venezuela,VEN,South America,2023,2020,1.9425000000000001,12,E
Venezuela,VEN,South America,2024,2020,2.1605,12,E
Venezuela,VEN,South America,2025,2020,1.2421666666666666,12,E
British Virgin Islands,VGB,North America,1961,1960,0.010666666666666665,12,E
British Virgin Islands,VGB,North America,1962,1960,-0.04466666666666667,12,E
British Virgin Islands,VGB,North America,1963,1960,0.1889166666666667,12,E
British Virgin Islands,VGB,North America,1964,1960,0.0002500000000000002,12,E
British Virgin Islands,VGB,North America,1965,1960,-0.27358333333333335,12,E
British Virgin Islands,VGB,North America,1966,1960,-0.15458333333333332,12,E
British Virgin Islands,VGB,North America,1967,1960,-0.41133333333333333,12,E
British Virgin Islands,VGB,North America,1968,1960,-0.14175000000000001,12,E
British Virgin Islands,VGB,North America,1969,1960,0.3140833333333333,12,E
British Virgin Islands,VGB,North America,1970,1970,0.008749999999999997,12,E
British Virgin Islands,VGB,North America,1971,1970,-0.3199166666666667,12,E
British Virgin Islands,VGB,North America,1972,1970,-0.10591666666666666,12,E
British Virgin Islands,VGB,North America,1973,1970,0.12833333333333333,12,E
British Virgin Islands,VGB,North America,1974,1970,-0.33608333333333335,12,E
British Virgin Islands,VGB,North America,1975,1970,-0.27691666666666664,12,E
British Virgin Islands,VGB,North America,1976,1970,-0.2911666666666667,12,E
British Virgin Islands,VGB,North America,1977,1970,0.22516666666666665,12,E
British Virgin Islands,VGB,North America,1978,1970,0.15016666666666667,12,E
British Virgin Islands,VGB,North America,1979,1970,0.015416666666666676,12,E
British Virgin Islands,VGB,North America,1980,1980,0.78525,12,E
British Virgin Islands,VGB,North America,1981,1980,0.5315,12,E
British Virgin Islands,VGB,North America,1982,1980,0.10766666666666667,12,E
British Virgin Islands,VGB,North America,1983,1980,0.6454166666666666,12,E
British Virgin Islands,VGB,North America,1984,1980,0.13249999999999998,12,E
British Virgin Islands,VGB,North America,1985,1980,0.09549999999999999,12,E
British Virgin Islands,VGB,North America,1986,1980,0.09841666666666667,12,E
British Virgin Islands,VGB,North America,1987,1980,0.6551666666666667,12,E
British Virgin Islands,VGB,North America,1988,1980,0.41250000000000003,12,E
British Virgin Islands,VGB,North America,1989,1980,0.11466666666666665,12,E
British Virgin Islands,VGB,North America,1990,1990,0.43474999999999997,12,E
British Virgin Islands,VGB,North America,1991,1990,0.45516666666666666,12,E
British Virgin Islands,VGB,North America,1992,1990,0.31566666666666665,12,E
British Virgin Islands,VGB,North America,1993,1990,0.5426666666666666,12,E
British Virgin Islands,VGB,North America,1994,1990,0.6148333333333333,12,E
British Virgin Islands,VGB,North America,1995,1990,0.5635833333333333,12,E
British Virgin Islands,VGB,North America,1996,1990,0.22999999999999998,12,E
British Virgin Islands,VGB,North America,1997,1990,0.6105,12,E
British Virgin Islands,VGB,North America,1998,1990,1.0489166666666667,12,E
British Virgin Islands,VGB,North America,1999,1990,0.44849999999999995,12,E
British Virgin Islands,VGB,North America,2000,2000,0.24041666666666664,12,E
British Virgin Islands,VGB,North America,2001,2000,0.5959166666666667,12,E
British Virgin Islands,VGB,North America,2002,2000,0.7484166666666666,12,E
British Virgin Islands,VGB,North America,2003,2000,0.7969166666666667,12,E
British Virgin Islands,VGB,North America,2004,2000,0.53125,12,E
British Virgin Islands,VGB,North America,2005,2000,0.7487499999999999,12,E
British Virgin Islands,VGB,North America,2006,2000,0.7396666666666666,12,E
British Virgin Islands,VGB,North America,2007,2000,0.7925,12,E
British Virgin Islands,VGB,North America,2008,2000,0.28675,12,E
British Virgin Islands,VGB,North America,2009,2000,0.5834166666666666,12,E
British Virgin Islands,VGB,North America,2010,2010,0.7895,12,E
British Virgin Islands,VGB,North America,2011,2010,0.3354166666666667,12,E
British Virgin Islands,VGB,North America,2012,2010,0.5078333333333332,12,E
British Virgin Islands,VGB,North America,2013,2010,0.6535,12,E
British Virgin Islands,VGB,North America,2014,2010,0.7065,12,E
British Virgin Islands,VGB,North America,2015,2010,1.0109166666666667,12,E
British Virgin Islands,VGB,North America,2016,2010,0.9886666666666667,12,E
British Virgin Islands,VGB,North America,2017,2010,,10,
British Virgin Islands,VGB,North America,2018,2010,0.51925,12,E
British Virgin Islands,VGB,North America,2019,2010,0.83275,12,E
British Virgin Islands,VGB,North America,2020,2020,1.10725,12,E
British Virgin Islands,VGB,North America,2021,2020,0.87125,12,E
British Virgin Islands,VGB,North America,2022,2020,0.8160833333333333,12,E
British Virgin Islands,VGB,North America,2023,2020,1.3045833333333334,12,E
British Virgin Islands,VGB,North America,2024,2020,1.52475,12,E
British Virgin Islands,VGB,North America,2025,2020,1.1319166666666667,12,E
United States Virgin Islands,VIR,North America,1961,1960,0.018166666666666668,12,E
United States Virgin Islands,VIR,North America,1962,1960,-0.04458333333333333,12,E
United States Virgin Islands,VIR,North America,1963,1960,0.19691666666666666,12,E
United States Virgin Islands,VIR,North America,1964,1960,0.003500000000000003,12,E
United States Virgin Islands,VIR,North America,1965,1960,-0.2694166666666667,12,E
United States Virgin Islands,VIR,North America,1966,1960,-0.13841666666666666,12,E
United States Virgin Islands,VIR,North America,1967,1960,-0.40041666666666664,12,E
United States Virgin Islands,VIR,North America,1968,1960,-0.18291666666666664,12,E
United States Virgin Islands,VIR,North America,1969,1960,0.3324166666666667,12,E
United States Virgin Islands,VIR,North America,1970,1970,-0.0035833333333333355,12,E
United States Virgin Islands,VIR,North America,1971,1970,-0.32825,12,E
United States Virgin Islands,VIR,North America,1972,1970,-0.08725,12,E
United States Virgin Islands,VIR,North America,1973,1970,0.08350000000000002,12,E
United States Virgin Islands,VIR,North America,1974,1970,-0.3299166666666667,12,E
United States Virgin Islands,VIR,North America,1975,1970,-0.2986666666666667,12,E
United States Virgin Islands,VIR,North America,1976,1970,-0.3113333333333333,12,E
United States Virgin Islands,VIR,North America,1977,1970,0.21583333333333332,12,E
United States Virgin Islands,VIR,North America,1978,1970,0.1705833333333333,12,E
United States Virgin Islands,VIR,North America,1979,1970,0.005666666666666663,12,E
United States Virgin Islands,VIR,North America,1980,1980,0.7525833333333334,12,E
United States Virgin Islands,VIR,North America,1981,1980,0.5371666666666667,12,E
United States Virgin Islands,VIR,North America,1982,1980,0.08325,12,E
United States Virgin Islands,VIR,North America,1983,1980,0.6281666666666667,12,E
United States Virgin Islands,VIR,North America,1984,1980,0.11533333333333333,12,E
United States Virgin Islands,VIR,North America,1985,1980,0.05208333333333332,12,E
United States Virgin Islands,VIR,North America,1986,1980,0.11066666666666668,12,E
United States Virgin Islands,VIR,North America,1987,1980,0.64625,12,E
United States Virgin Islands,VIR,North America,1988,1980,0.42158333333333337,12,E
United States Virgin Islands,VIR,North America,1989,1980,0.11641666666666667,12,E
United States Virgin Islands,VIR,North America,1990,1990,0.43291666666666667,12,E
United States Virgin Islands,VIR,North America,1991,1990,0.42475,12,E
United States Virgin Islands,VIR,North America,1992,1990,0.3046666666666667,12,E
United States Virgin Islands,VIR,North America,1993,1990,0.53475,12,E
United States Virgin Islands,VIR,North America,1994,1990,0.5871666666666667,12,E
United States Virgin Islands,VIR,North America,1995,1990,0.5734166666666667,12,E
United States Virgin Islands,VIR,North America,1996,1990,0.20666666666666667,12,E
United States Virgin Islands,VIR,North America,1997,1990,0.6335000000000001,12,E
United States Virgin Islands,VIR,North America,1998,1990,1.055,12,E
United States Virgin Islands,VIR,North America,1999,1990,0.4438333333333333,12,E
United States Virgin Islands,VIR,North America,2000,2000,0.24016666666666664,12,E
United States Virgin Islands,VIR,North America,2001,2000,0.6296666666666667,12,E
United States Virgin Islands,VIR,North America,2002,2000,0.7825833333333333,12,E
United States Virgin Islands,VIR,North America,2003,2000,0.8261666666666666,12,E
United States Virgin Islands,VIR,North America,2004,2000,0.5179166666666667,12,E
United States Virgin Islands,VIR,North America,2005,2000,0.7521666666666667,12,E
United States Virgin Islands,VIR,North America,2006,2000,0.7365833333333334,12,E
United States Virgin Islands,VIR,North America,2007,2000,0.8165,12,E
United States Virgin Islands,VIR,North America,2008,2000,0.31716666666666665,12,E
United States Virgin Islands,VIR,North America,2009,2000,0.60025,12,E
United States Virgin Islands,VIR,North America,2010,2010,0.80025,12,E
United States Virgin Islands,VIR,North America,2011,2010,0.35474999999999995,12,E
United States Virgin Islands,VIR,North America,2012,2010,0.5376666666666666,12,E
United States Virgin Islands,VIR,North America,2013,2010,0.6315833333333333,12,E
United States Virgin Islands,VIR,North America,2014,2010,0.71075,12,E
United States Virgin Islands,VIR,North America,2015,2010,1.0143333333333333,12,E
United States Virgin Islands,VIR,North America,2016,2010,0.9660000000000001,12,E
United States Virgin Islands,VIR,North America,2017,2010,0.8430833333333333,12,E
United States Virgin Islands,VIR,North America,2018,2010,0.5391666666666667,12,E
United States Virgin Islands,VIR,North America,2019,2010,0.8360833333333333,12,E
United States Virgin Islands,VIR,North America,2020,2020,1.1264166666666666,12,E
United States Virgin Islands,VIR,North America,2021,2020,0.8411666666666666,12,E
United States Virgin Islands,VIR,North America,2022,2020,0.7908333333333334,12,E
United States Virgin Islands,VIR,North America,2023,2020,1.2994999999999999,12,E
United States Virgin Islands,VIR,North America,2024,2020,1.5655000000000001,12,E
United States Virgin Islands,VIR,North America,2025,2020,1.0694166666666667,12,E
Vietnam,VNM,Asia,1961,1960,0.1105,12,E
Vietnam,VNM,Asia,1962,1960,-0.309,12,E
Vietnam,VNM,Asia,1963,1960,-0.2445833333333333,12,E
Vietnam,VNM,Asia,1964,1960,-0.0005833333333333431,12,E
Vietnam,VNM,Asia,1965,1960,0.11233333333333333,12,E
Vietnam,VNM,Asia,1966,1960,0.5188333333333334,12,E
Vietnam,VNM,Asia,1967,1960,-0.3506666666666667,12,E
Vietnam,VNM,Asia,1968,1960,-0.0355833333333333,12,E
Vietnam,VNM,Asia,1969,1960,0.3120833333333333,12,E
Vietnam,VNM,Asia,1970,1970,0.035833333333333335,12,E
Vietnam,VNM,Asia,1971,1970,-0.588,12,E
Vietnam,VNM,Asia,1972,1970,0.07266666666666667,12,E
Vietnam,VNM,Asia,1973,1970,0.31616666666666665,12,E
Vietnam,VNM,Asia,1974,1970,-0.26258333333333334,12,E
Vietnam,VNM,Asia,1975,1970,-0.05049999999999999,12,E
Vietnam,VNM,Asia,1976,1970,-0.34225,12,E
Vietnam,VNM,Asia,1977,1970,0.010666666666666666,12,E
Vietnam,VNM,Asia,1978,1970,0.056750000000000016,12,E
Vietnam,VNM,Asia,1979,1970,0.32466666666666666,12,E
Vietnam,VNM,Asia,1980,1980,0.29541666666666666,12,E
Vietnam,VNM,Asia,1981,1980,0.318,12,E
Vietnam,VNM,Asia,1982,1980,0.09841666666666667,12,E
Vietnam,VNM,Asia,1983,1980,0.02950000000000001,12,E
Vietnam,VNM,Asia,1984,1980,-0.14608333333333332,12,E
Vietnam,VNM,Asia,1985,1980,-0.05075000000000001,12,E
Vietnam,VNM,Asia,1986,1980,0.05266666666666667,12,E
Vietnam,VNM,Asia,1987,1980,0.8497499999999999,12,E
Vietnam,VNM,Asia,1988,1980,0.2016666666666667,12,E
Vietnam,VNM,Asia,1989,1980,-0.06008333333333333,12,E
Vietnam,VNM,Asia,1990,1990,0.3898333333333333,12,E
Vietnam,VNM,Asia,1991,1990,0.5148333333333334,12,E
Vietnam,VNM,Asia,1992,1990,-0.0038333333333333275,12,E
Vietnam,VNM,Asia,1993,1990,0.14400000000000002,12,E
Vietnam,VNM,Asia,1994,1990,0.45649999999999996,12,E
Vietnam,VNM,Asia,1995,1990,0.2354166666666667,12,E
Vietnam,VNM,Asia,1996,1990,0.030833333333333348,12,E
Vietnam,VNM,Asia,1997,1990,0.41875,12,E
Vietnam,VNM,Asia,1998,1990,1.2411666666666668,12,E
Vietnam,VNM,Asia,1999,1990,0.4950833333333333,12,E
Vietnam,VNM,Asia,2000,2000,0.35733333333333334,12,E
Vietnam,VNM,Asia,2001,2000,0.5686666666666667,12,E
Vietnam,VNM,Asia,2002,2000,0.8144166666666667,12,E
Vietnam,VNM,Asia,2003,2000,0.9028333333333333,12,E
Vietnam,VNM,Asia,2004,2000,0.40491666666666665,12,E
Vietnam,VNM,Asia,2005,2000,0.7755,12,E
Vietnam,VNM,Asia,2006,2000,0.9560833333333334,12,E
Vietnam,VNM,Asia,2007,2000,0.5799166666666666,12,E
Vietnam,VNM,Asia,2008,2000,0.05658333333333335,12,E
Vietnam,VNM,Asia,2009,2000,0.8090833333333333,12,E
Vietnam,VNM,Asia,2010,2010,1.0735,12,E
Vietnam,VNM,Asia,2011,2010,0.015750000000000017,12,E
Vietnam,VNM,Asia,2012,2010,0.92325,12,E
Vietnam,VNM,Asia,2013,2010,0.6557499999999999,12,E
Vietnam,VNM,Asia,2014,2010,0.6798333333333333,12,E
Vietnam,VNM,Asia,2015,2010,1.3614166666666667,12,E
Vietnam,VNM,Asia,2016,2010,1.2365,12,E
Vietnam,VNM,Asia,2017,2010,1.0218333333333334,12,E
Vietnam,VNM,Asia,2018,2010,0.9681666666666667,12,E
Vietnam,VNM,Asia,2019,2010,1.7761666666666667,12,E
Vietnam,VNM,Asia,2020,2020,1.44675,12,E
Vietnam,VNM,Asia,2021,2020,1.1318333333333335,12,E
Vietnam,VNM,Asia,2022,2020,0.9893333333333333,12,E
Vietnam,VNM,Asia,2023,2020,1.6014166666666665,12,E
Vietnam,VNM,Asia,2024,2020,1.8213333333333332,12,E
Vietnam,VNM,Asia,2025,2020,0.9010833333333333,12,E
Vanuatu,VUT,Oceania,1961,1960,0.27225,12,E
Vanuatu,VUT,Oceania,1962,1960,0.08108333333333334,12,E
Vanuatu,VUT,Oceania,1963,1960,-0.13225,12,E
Vanuatu,VUT,Oceania,1964,1960,0.29991666666666666,12,E
Vanuatu,VUT,Oceania,1965,1960,-0.54525,12,E
Vanuatu,VUT,Oceania,1966,1960,-0.29233333333333333,12,E
Vanuatu,VUT,Oceania,1967,1960,-0.07783333333333334,12,E
Vanuatu,VUT,Oceania,1968,1960,-0.32175000000000004,12,E
Vanuatu,VUT,Oceania,1969,1960,0.09108333333333334,12,E
Vanuatu,VUT,Oceania,1970,1970,0.323,12,E
Vanuatu,VUT,Oceania,1971,1970,-0.010333333333333333,12,E
Vanuatu,VUT,Oceania,1972,1970,-0.23850000000000002,12,E
Vanuatu,VUT,Oceania,1973,1970,0.6653333333333333,12,E
Vanuatu,VUT,Oceania,1974,1970,0.13691666666666666,12,E
Vanuatu,VUT,Oceania,1975,1970,0.12083333333333333,12,E
Vanuatu,VUT,Oceania,1976,1970,0.015083333333333332,12,E
Vanuatu,VUT,Oceania,1977,1970,-0.07083333333333332,12,E
Vanuatu,VUT,Oceania,1978,1970,0.07358333333333333,12,E
Vanuatu,VUT,Oceania,1979,1970,-0.051583333333333335,12,E
Vanuatu,VUT,Oceania,1980,1980,-0.03633333333333333,12,E
Vanuatu,VUT,Oceania,1981,1980,0.005083333333333329,12,E
Vanuatu,VUT,Oceania,1982,1980,-0.13883333333333334,12,E
Vanuatu,VUT,Oceania,1983,1980,0.09941666666666667,12,E
Vanuatu,VUT,Oceania,1984,1980,-0.02783333333333334,12,E
Vanuatu,VUT,Oceania,1985,1980,,11,
Vanuatu,VUT,Oceania,1986,1980,-0.21525000000000002,12,E
Vanuatu,VUT,Oceania,1987,1980,-0.20550000000000002,12,E
Vanuatu,VUT,Oceania,1988,1980,0.5144166666666666,12,E
Vanuatu,VUT,Oceania,1989,1980,0.07841666666666666,12,E
Vanuatu,VUT,Oceania,1990,1990,0.25933333333333336,12,E
Vanuatu,VUT,Oceania,1991,1990,-0.12391666666666666,12,E
Vanuatu,VUT,Oceania,1992,1990,-0.07975,12,E
Vanuatu,VUT,Oceania,1993,1990,,10,
Vanuatu,VUT,Oceania,1994,1990,-0.2618333333333333,12,E
Vanuatu,VUT,Oceania,1995,1990,0.36191666666666666,12,E
Vanuatu,VUT,Oceania,1996,1990,0.42425,12,E
Vanuatu,VUT,Oceania,1997,1990,0.10216666666666667,12,E
Vanuatu,VUT,Oceania,1998,1990,,11,
Vanuatu,VUT,Oceania,1999,1990,,11,
Vanuatu,VUT,Oceania,2000,2000,0.6150833333333333,12,E
Vanuatu,VUT,Oceania,2001,2000,,11,
Vanuatu,VUT,Oceania,2002,2000,,11,
Vanuatu,VUT,Oceania,2003,2000,0.3725833333333333,12,E
Vanuatu,VUT,Oceania,2004,2000,0.4346666666666666,12,E
Vanuatu,VUT,Oceania,2005,2000,0.5824166666666667,12,E
Vanuatu,VUT,Oceania,2006,2000,0.35375,12,E
Vanuatu,VUT,Oceania,2007,2000,0.7313333333333333,12,E
Vanuatu,VUT,Oceania,2008,2000,0.7134166666666667,12,E
Vanuatu,VUT,Oceania,2009,2000,0.33166666666666667,12,E
Vanuatu,VUT,Oceania,2010,2010,0.9134166666666667,12,E
Vanuatu,VUT,Oceania,2011,2010,0.6436666666666667,12,E
Vanuatu,VUT,Oceania,2012,2010,0.3884166666666667,12,E
Vanuatu,VUT,Oceania,2013,2010,0.7242500000000001,12,E
Vanuatu,VUT,Oceania,2014,2010,0.636,12,E
Vanuatu,VUT,Oceania,2015,2010,0.6568333333333333,12,E
Vanuatu,VUT,Oceania,2016,2010,1.22725,12,E
Vanuatu,VUT,Oceania,2017,2010,1.0720833333333333,12,E
Vanuatu,VUT,Oceania,2018,2010,0.4701666666666667,12,E
Vanuatu,VUT,Oceania,2019,2010,0.8240833333333333,12,E
Vanuatu,VUT,Oceania,2020,2020,1.01775,12,E
Vanuatu,VUT,Oceania,2021,2020,0.9561666666666667,12,E
Vanuatu,VUT,Oceania,2022,2020,1.2529166666666667,12,E
Vanuatu,VUT,Oceania,2023,2020,0.8050833333333333,12,E
Vanuatu,VUT,Oceania,2024,2020,1.1243333333333334,12,E
Vanuatu,VUT,Oceania,2025,2020,,11,
Wallis and Futuna,WLF,Oceania,1961,1960,0.27658333333333335,12,E
Wallis and Futuna,WLF,Oceania,1962,1960,0.049916666666666665,12,E
Wallis and Futuna,WLF,Oceania,1963,1960,0.14575,12,E
Wallis and Futuna,WLF,Oceania,1964,1960,0.13691666666666666,12,E
Wallis and Futuna,WLF,Oceania,1965,1960,-0.32516666666666666,12,E
Wallis and Futuna,WLF,Oceania,1966,1960,0.02641666666666666,12,E
Wallis and Futuna,WLF,Oceania,1967,1960,-0.21033333333333334,12,E
Wallis and Futuna,WLF,Oceania,1968,1960,-0.07083333333333332,12,E
Wallis and Futuna,WLF,Oceania,1969,1960,-0.19425,12,E
Wallis and Futuna,WLF,Oceania,1970,1970,0.07216666666666666,12,E
Wallis and Futuna,WLF,Oceania,1971,1970,-0.04275000000000001,12,E
Wallis and Futuna,WLF,Oceania,1972,1970,-0.008500000000000008,12,E
Wallis and Futuna,WLF,Oceania,1973,1970,0.35633333333333334,12,E
Wallis and Futuna,WLF,Oceania,1974,1970,0.11699999999999999,12,E
Wallis and Futuna,WLF,Oceania,1975,1970,-0.03216666666666667,12,E
Wallis and Futuna,WLF,Oceania,1976,1970,-0.10341666666666666,12,E
Wallis and Futuna,WLF,Oceania,1977,1970,-0.04624999999999999,12,E
Wallis and Futuna,WLF,Oceania,1978,1970,-0.05541666666666667,12,E
Wallis and Futuna,WLF,Oceania,1979,1970,0.169,12,E
Wallis and Futuna,WLF,Oceania,1980,1980,0.24250000000000002,12,E
Wallis and Futuna,WLF,Oceania,1981,1980,0.15191666666666667,12,E
Wallis and Futuna,WLF,Oceania,1982,1980,0.08816666666666667,12,E
Wallis and Futuna,WLF,Oceania,1983,1980,0.11558333333333336,12,E
Wallis and Futuna,WLF,Oceania,1984,1980,0.046250000000000006,12,E
Wallis and Futuna,WLF,Oceania,1985,1980,0.16816666666666666,12,E
Wallis and Futuna,WLF,Oceania,1986,1980,-0.023083333333333334,12,E
Wallis and Futuna,WLF,Oceania,1987,1980,0.06908333333333332,12,E
Wallis and Futuna,WLF,Oceania,1988,1980,0.4186666666666667,12,E
Wallis and Futuna,WLF,Oceania,1989,1980,0.23991666666666667,12,E
Wallis and Futuna,WLF,Oceania,1990,1990,0.29725,12,E
Wallis and Futuna,WLF,Oceania,1991,1990,0.1755,12,E
Wallis and Futuna,WLF,Oceania,1992,1990,0.06008333333333333,12,E
Wallis and Futuna,WLF,Oceania,1993,1990,-0.10408333333333332,12,E
Wallis and Futuna,WLF,Oceania,1994,1990,0.006583333333333334,12,E
Wallis and Futuna,WLF,Oceania,1995,1990,0.48533333333333334,12,E
Wallis and Futuna,WLF,Oceania,1996,1990,0.31516666666666665,12,E
Wallis and Futuna,WLF,Oceania,1997,1990,0.2615,12,E
Wallis and Futuna,WLF,Oceania,1998,1990,0.4795833333333333,12,E
Wallis and Futuna,WLF,Oceania,1999,1990,0.23199999999999998,12,E
Wallis and Futuna,WLF,Oceania,2000,2000,0.5341666666666667,12,E
Wallis and Futuna,WLF,Oceania,2001,2000,0.73825,12,E
Wallis and Futuna,WLF,Oceania,2002,2000,0.6932499999999999,12,E
Wallis and Futuna,WLF,Oceania,2003,2000,0.3785833333333333,12,E
Wallis and Futuna,WLF,Oceania,2004,2000,0.5933333333333334,12,E
Wallis and Futuna,WLF,Oceania,2005,2000,0.6913333333333332,12,E
Wallis and Futuna,WLF,Oceania,2006,2000,0.47733333333333333,12,E
Wallis and Futuna,WLF,Oceania,2007,2000,0.8486666666666666,12,E
Wallis and Futuna,WLF,Oceania,2008,2000,0.4343333333333333,12,E
Wallis and Futuna,WLF,Oceania,2009,2000,0.3741666666666667,12,E
Wallis and Futuna,WLF,Oceania,2010,2010,0.9827499999999999,12,E
Wallis and Futuna,WLF,Oceania,2011,2010,0.73625,12,E
Wallis and Futuna,WLF,Oceania,2012,2010,0.7125833333333333,12,E
Wallis and Futuna,WLF,Oceania,2013,2010,0.886,12,E
Wallis and Futuna,WLF,Oceania,2014,2010,0.6994166666666667,12,E
Wallis and Futuna,WLF,Oceania,2015,2010,0.7793333333333333,12,E
Wallis and Futuna,WLF,Oceania,2016,2010,1.2709166666666667,12,E
Wallis and Futuna,WLF,Oceania,2017,2010,1.0098333333333334,12,E
Wallis and Futuna,WLF,Oceania,2018,2010,0.9683333333333334,12,E
Wallis and Futuna,WLF,Oceania,2019,2010,1.4575833333333332,12,E
Wallis and Futuna,WLF,Oceania,2020,2020,1.223,12,E
Wallis and Futuna,WLF,Oceania,2021,2020,1.0498333333333334,12,E
Wallis and Futuna,WLF,Oceania,2022,2020,0.8754166666666667,12,E
Wallis and Futuna,WLF,Oceania,2023,2020,1.0730833333333334,12,E
Wallis and Futuna,WLF,Oceania,2024,2020,1.4440833333333334,12,E
Wallis and Futuna,WLF,Oceania,2025,2020,1.2014166666666666,12,E
Samoa,WSM,Oceania,1961,1960,0.023500000000000007,12,E
Samoa,WSM,Oceania,1962,1960,-0.04658333333333334,12,E
Samoa,WSM,Oceania,1963,1960,0.15291666666666667,12,E
Samoa,WSM,Oceania,1964,1960,0.03474999999999998,12,E
Samoa,WSM,Oceania,1965,1960,-0.238,12,E
Samoa,WSM,Oceania,1966,1960,0.08333333333333333,12,E
Samoa,WSM,Oceania,1967,1960,-0.3219166666666667,12,E
Samoa,WSM,Oceania,1968,1960,-0.1618333333333333,12,E
Samoa,WSM,Oceania,1969,1960,0.17341666666666666,12,E
Samoa,WSM,Oceania,1970,1970,0.10099999999999999,12,E
Samoa,WSM,Oceania,1971,1970,-0.39875,12,E
Samoa,WSM,Oceania,1972,1970,-0.055499999999999994,12,E
Samoa,WSM,Oceania,1973,1970,0.09891666666666667,12,E
Samoa,WSM,Oceania,1974,1970,-0.41883333333333334,12,E
Samoa,WSM,Oceania,1975,1970,-0.26408333333333334,12,E
Samoa,WSM,Oceania,1976,1970,-0.32916666666666666,12,E
Samoa,WSM,Oceania,1977,1970,0.07491666666666667,12,E
Samoa,WSM,Oceania,1978,1970,-0.003416666666666665,12,E
Samoa,WSM,Oceania,1979,1970,0.15091666666666667,12,E
Samoa,WSM,Oceania,1980,1980,0.2760833333333333,12,E
Samoa,WSM,Oceania,1981,1980,0.02975000000000001,12,E
Samoa,WSM,Oceania,1982,1980,0.24333333333333332,12,E
Samoa,WSM,Oceania,1983,1980,0.29075,12,E
Samoa,WSM,Oceania,1984,1980,0.08966666666666667,12,E
Samoa,WSM,Oceania,1985,1980,0.1718333333333333,12,E
Samoa,WSM,Oceania,1986,1980,0.29158333333333336,12,E
Samoa,WSM,Oceania,1987,1980,0.21,12,E
Samoa,WSM,Oceania,1988,1980,0.42616666666666664,12,E
Samoa,WSM,Oceania,1989,1980,0.08750000000000001,12,E
Samoa,WSM,Oceania,1990,1990,0.54675,12,E
Samoa,WSM,Oceania,1991,1990,0.5179166666666667,12,E
Samoa,WSM,Oceania,1992,1990,0.38258333333333333,12,E
Samoa,WSM,Oceania,1993,1990,0.005666666666666671,12,E
Samoa,WSM,Oceania,1994,1990,0.31775000000000003,12,E
Samoa,WSM,Oceania,1995,1990,0.7208333333333333,12,E
Samoa,WSM,Oceania,1996,1990,0.6555833333333333,12,E
Samoa,WSM,Oceania,1997,1990,,3,
Samoa,WSM,Oceania,1998,1990,,1,
Samoa,WSM,Oceania,1999,1990,0.13058333333333336,12,E
Samoa,WSM,Oceania,2000,2000,0.5830833333333333,12,E
Samoa,WSM,Oceania,2001,2000,0.82775,12,E
Samoa,WSM,Oceania,2002,2000,1.1685833333333333,12,E
Samoa,WSM,Oceania,2003,2000,0.7188333333333333,12,E
Samoa,WSM,Oceania,2004,2000,0.45516666666666666,12,E
Samoa,WSM,Oceania,2005,2000,0.8937499999999999,12,E
Samoa,WSM,Oceania,2006,2000,0.5715,12,E
Samoa,WSM,Oceania,2007,2000,0.9980833333333333,12,E
Samoa,WSM,Oceania,2008,2000,0.5500833333333334,12,E
Samoa,WSM,Oceania,2009,2000,,9,
Samoa,WSM,Oceania,2010,2010,1.1196666666666666,12,E
Samoa,WSM,Oceania,2011,2010,0.68375,12,E
Samoa,WSM,Oceania,2012,2010,0.7937500000000001,12,E
Samoa,WSM,Oceania,2013,2010,1.098,12,E
Samoa,WSM,Oceania,2014,2010,0.8623333333333334,12,E
Samoa,WSM,Oceania,2015,2010,0.7223333333333333,12,E
Samoa,WSM,Oceania,2016,2010,1.2881666666666667,12,E
Samoa,WSM,Oceania,2017,2010,1.1215,12,E
Samoa,WSM,Oceania,2018,2010,0.934,12,E
Samoa,WSM,Oceania,2019,2010,1.2298333333333333,12,E
Samoa,WSM,Oceania,2020,2020,1.1256666666666668,12,E
Samoa,WSM,Oceania,2021,2020,1.0006666666666666,12,E
Samoa,WSM,Oceania,2022,2020,0.9714999999999999,12,E
Samoa,WSM,Oceania,2023,2020,1.0298333333333332,12,E
Samoa,WSM,Oceania,2024,2020,1.5664999999999998,12,E
Samoa,WSM,Oceania,2025,2020,0.9073333333333333,12,E
Yemen,YEM,Asia,1961,1960,0.04491666666666666,12,E
Yemen,YEM,Asia,1962,1960,0.01591666666666667,12,E
Yemen,YEM,Asia,1963,1960,0.19633333333333336,12,E
Yemen,YEM,Asia,1964,1960,-0.31958333333333333,12,E
Yemen,YEM,Asia,1965,1960,-0.5261666666666667,12,E
Yemen,YEM,Asia,1966,1960,0.08875,12,E
Yemen,YEM,Asia,1967,1960,-0.20866666666666667,12,E
Yemen,YEM,Asia,1968,1960,-0.12408333333333332,12,E
Yemen,YEM,Asia,1969,1960,0.21741666666666667,12,E
Yemen,YEM,Asia,1970,1970,0.3818333333333333,12,E
Yemen,YEM,Asia,1971,1970,-0.18533333333333335,12,E
Yemen,YEM,Asia,1972,1970,0.1795,12,E
Yemen,YEM,Asia,1973,1970,0.1965,12,E
Yemen,YEM,Asia,1974,1970,-0.18941666666666668,12,E
Yemen,YEM,Asia,1975,1970,-0.09683333333333334,12,E
Yemen,YEM,Asia,1976,1970,-0.04524999999999999,12,E
Yemen,YEM,Asia,1977,1970,0.2584166666666667,12,E
Yemen,YEM,Asia,1978,1970,0.22583333333333336,12,E
Yemen,YEM,Asia,1979,1970,0.40358333333333335,12,E
Yemen,YEM,Asia,1980,1980,0.638,12,E
Yemen,YEM,Asia,1981,1980,-0.19100000000000003,12,E
Yemen,YEM,Asia,1982,1980,-0.09008333333333333,12,E
Yemen,YEM,Asia,1983,1980,-0.06224999999999999,12,E
Yemen,YEM,Asia,1984,1980,0.18891666666666665,12,E
Yemen,YEM,Asia,1985,1980,0.357,12,E
Yemen,YEM,Asia,1986,1980,-0.24975,12,E
Yemen,YEM,Asia,1987,1980,0.07925,12,E
Yemen,YEM,Asia,1988,1980,,10,
Yemen,YEM,Asia,1989,1980,0.22524999999999998,12,E
Yemen,YEM,Asia,1990,1990,0.22441666666666668,12,E
Yemen,YEM,Asia,1991,1990,,4,
Yemen,YEM,Asia,1992,1990,,2,
Yemen,YEM,Asia,1993,1990,,5,
Yemen,YEM,Asia,1994,1990,,7,
Yemen,YEM,Asia,1995,1990,,6,
Yemen,YEM,Asia,1996,1990,,4,
Yemen,YEM,Asia,1997,1990,,7,
Yemen,YEM,Asia,1998,1990,,3,
Yemen,YEM,Asia,1999,1990,,0,
Yemen,YEM,Asia,2000,2000,,0,
Yemen,YEM,Asia,2001,2000,,0,
Yemen,YEM,Asia,2002,2000,,0,
Yemen,YEM,Asia,2003,2000,,0,
Yemen,YEM,Asia,2004,2000,,0,
Yemen,YEM,Asia,2005,2000,,0,
Yemen,YEM,Asia,2006,2000,,0,
Yemen,YEM,Asia,2007,2000,,0,
Yemen,YEM,Asia,2008,2000,,0,
Yemen,YEM,Asia,2009,2000,,0,
Yemen,YEM,Asia,2010,2010,,0,
Yemen,YEM,Asia,2011,2010,,0,
Yemen,YEM,Asia,2012,2010,,0,
Yemen,YEM,Asia,2013,2010,,0,
Yemen,YEM,Asia,2014,2010,,0,
Yemen,YEM,Asia,2015,2010,,0,
Yemen,YEM,Asia,2016,2010,,0,
Yemen,YEM,Asia,2017,2010,,0,
Yemen,YEM,Asia,2018,2010,,0,
Yemen,YEM,Asia,2019,2010,,0,
Yemen,YEM,Asia,2020,2020,,0,
Yemen,YEM,Asia,2021,2020,,0,
Yemen,YEM,Asia,2022,2020,,0,
Yemen,YEM,Asia,2023,2020,,0,
Yemen,YEM,Asia,2024,2020,,0,
Yemen,YEM,Asia,2025,2020,,0,
South Africa,ZAF,Africa,1961,1960,0.17566666666666664,12,E
South Africa,ZAF,Africa,1962,1960,0.3425,12,E
South Africa,ZAF,Africa,1963,1960,0.16,12,E
South Africa,ZAF,Africa,1964,1960,-0.14883333333333335,12,E
South Africa,ZAF,Africa,1965,1960,-0.021583333333333343,12,E
South Africa,ZAF,Africa,1966,1960,0.33849999999999997,12,E
South Africa,ZAF,Africa,1967,1960,-0.11299999999999999,12,E
South Africa,ZAF,Africa,1968,1960,-0.42241666666666666,12,E
South Africa,ZAF,Africa,1969,1960,0.2791666666666667,12,E
South Africa,ZAF,Africa,1970,1970,0.25675,12,E
South Africa,ZAF,Africa,1971,1970,-0.16308333333333333,12,E
South Africa,ZAF,Africa,1972,1970,0.1971666666666667,12,E
South Africa,ZAF,Africa,1973,1970,0.17733333333333334,12,E
South Africa,ZAF,Africa,1974,1970,-0.22133333333333335,12,E
South Africa,ZAF,Africa,1975,1970,-0.24691666666666667,12,E
South Africa,ZAF,Africa,1976,1970,-0.42216666666666663,12,E
South Africa,ZAF,Africa,1977,1970,0.22633333333333336,12,E
South Africa,ZAF,Africa,1978,1970,0.0041666666666666475,12,E
South Africa,ZAF,Africa,1979,1970,0.3555833333333333,12,E
South Africa,ZAF,Africa,1980,1980,0.18308333333333335,12,E
South Africa,ZAF,Africa,1981,1980,-0.3774166666666667,12,E
South Africa,ZAF,Africa,1982,1980,0.23066666666666666,12,E
South Africa,ZAF,Africa,1983,1980,0.6906666666666667,12,E
South Africa,ZAF,Africa,1984,1980,0.4383333333333333,12,E
South Africa,ZAF,Africa,1985,1980,0.60525,12,E
South Africa,ZAF,Africa,1986,1980,0.5429166666666666,12,E
South Africa,ZAF,Africa,1987,1980,0.6820833333333334,12,E
South Africa,ZAF,Africa,1988,1980,0.2205,12,E
South Africa,ZAF,Africa,1989,1980,0.05299999999999999,12,E
South Africa,ZAF,Africa,1990,1990,0.2973333333333333,12,E
South Africa,ZAF,Africa,1991,1990,0.3360833333333333,12,E
South Africa,ZAF,Africa,1992,1990,0.8441666666666667,12,E
South Africa,ZAF,Africa,1993,1990,0.763,12,E
South Africa,ZAF,Africa,1994,1990,0.2171666666666667,12,E
South Africa,ZAF,Africa,1995,1990,0.48608333333333337,12,E
South Africa,ZAF,Africa,1996,1990,-0.06808333333333337,12,E
South Africa,ZAF,Africa,1997,1990,0.28841666666666665,12,E
South Africa,ZAF,Africa,1998,1990,0.7685833333333334,12,E
South Africa,ZAF,Africa,1999,1990,1.1434166666666667,12,E
South Africa,ZAF,Africa,2000,2000,0.20650000000000002,12,E
South Africa,ZAF,Africa,2001,2000,0.4593333333333333,12,E
South Africa,ZAF,Africa,2002,2000,0.5659166666666667,12,E
South Africa,ZAF,Africa,2003,2000,0.906,12,E
South Africa,ZAF,Africa,2004,2000,1.0313333333333332,12,E
South Africa,ZAF,Africa,2005,2000,1.0276666666666667,12,E
South Africa,ZAF,Africa,2006,2000,0.5229166666666667,12,E
South Africa,ZAF,Africa,2007,2000,0.8293333333333334,12,E
South Africa,ZAF,Africa,2008,2000,0.9013333333333332,12,E
South Africa,ZAF,Africa,2009,2000,0.7287499999999999,12,E
South Africa,ZAF,Africa,2010,2010,1.2135833333333335,12,E
South Africa,ZAF,Africa,2011,2010,0.5546666666666668,12,E
South Africa,ZAF,Africa,2012,2010,0.7608333333333333,12,E
South Africa,ZAF,Africa,2013,2010,0.7645833333333333,12,E
South Africa,ZAF,Africa,2014,2010,0.9549166666666666,12,E
South Africa,ZAF,Africa,2015,2010,1.5693333333333335,12,E
South Africa,ZAF,Africa,2016,2010,1.5826666666666667,12,E
South Africa,ZAF,Africa,2017,2010,1.0526666666666666,12,E
South Africa,ZAF,Africa,2018,2010,1.1878333333333333,12,E
South Africa,ZAF,Africa,2019,2010,1.8788333333333334,12,E
South Africa,ZAF,Africa,2020,2020,1.0105833333333332,12,E
South Africa,ZAF,Africa,2021,2020,0.7635000000000001,12,E
South Africa,ZAF,Africa,2022,2020,1.1195,12,E
South Africa,ZAF,Africa,2023,2020,1.0325,12,E
South Africa,ZAF,Africa,2024,2020,1.6713333333333333,12,E
South Africa,ZAF,Africa,2025,2020,0.9283333333333333,12,E
Zambia,ZMB,Africa,1961,1960,0.09983333333333333,12,E
Zambia,ZMB,Africa,1962,1960,-0.16624999999999998,12,E
Zambia,ZMB,Africa,1963,1960,-0.3749166666666666,12,E
Zambia,ZMB,Africa,1964,1960,-0.29158333333333336,12,E
Zambia,ZMB,Africa,1965,1960,-0.3518333333333333,12,E
Zambia,ZMB,Africa,1966,1960,0.28825,12,E
Zambia,ZMB,Africa,1967,1960,-0.09758333333333331,12,E
Zambia,ZMB,Africa,1968,1960,-0.13583333333333333,12,E
Zambia,ZMB,Africa,1969,1960,0.21683333333333332,12,E
Zambia,ZMB,Africa,1970,1970,0.3135,12,E
Zambia,ZMB,Africa,1971,1970,-0.2353333333333333,12,E
Zambia,ZMB,Africa,1972,1970,0.006666666666666672,12,E
Zambia,ZMB,Africa,1973,1970,0.2250833333333333,12,E
Zambia,ZMB,Africa,1974,1970,-0.37866666666666665,12,E
Zambia,ZMB,Africa,1975,1970,-0.07825,12,E
Zambia,ZMB,Africa,1976,1970,-0.24549999999999997,12,E
Zambia,ZMB,Africa,1977,1970,0.5069166666666667,12,E
Zambia,ZMB,Africa,1978,1970,0.08191666666666668,12,E
Zambia,ZMB,Africa,1979,1970,0.25725000000000003,12,E
Zambia,ZMB,Africa,1980,1980,0.17841666666666667,12,E
Zambia,ZMB,Africa,1981,1980,-0.09524999999999999,12,E
Zambia,ZMB,Africa,1982,1980,0.33,12,E
Zambia,ZMB,Africa,1983,1980,0.97125,12,E
Zambia,ZMB,Africa,1984,1980,0.561,12,E
Zambia,ZMB,Africa,1985,1980,0.2383333333333333,12,E
Zambia,ZMB,Africa,1986,1980,0.07608333333333334,12,E
Zambia,ZMB,Africa,1987,1980,1.0349166666666667,12,E
Zambia,ZMB,Africa,1988,1980,0.5910833333333333,12,E
Zambia,ZMB,Africa,1989,1980,0.23883333333333334,12,E
Zambia,ZMB,Africa,1990,1990,0.8073333333333333,12,E
Zambia,ZMB,Africa,1991,1990,0.004916666666666663,12,E
Zambia,ZMB,Africa,1992,1990,0.7860833333333334,12,E
Zambia,ZMB,Africa,1993,1990,-0.003999999999999994,12,E
Zambia,ZMB,Africa,1994,1990,0.36725,12,E
Zambia,ZMB,Africa,1995,1990,0.646,12,E
Zambia,ZMB,Africa,1996,1990,,11,
Zambia,ZMB,Africa,1997,1990,0.5448333333333334,12,E
Zambia,ZMB,Africa,1998,1990,0.9815833333333334,12,E
Zambia,ZMB,Africa,1999,1990,0.30666666666666664,12,E
Zambia,ZMB,Africa,2000,2000,0.05858333333333333,12,E
Zambia,ZMB,Africa,2001,2000,0.48025,12,E
Zambia,ZMB,Africa,2002,2000,0.816,12,E
Zambia,ZMB,Africa,2003,2000,0.95275,12,E
Zambia,ZMB,Africa,2004,2000,0.39566666666666667,12,E
Zambia,ZMB,Africa,2005,2000,1.1584999999999999,12,E
Zambia,ZMB,Africa,2006,2000,0.5904166666666667,12,E
Zambia,ZMB,Africa,2007,2000,0.8584999999999999,12,E
Zambia,ZMB,Africa,2008,2000,0.3406666666666667,12,E
Zambia,ZMB,Africa,2009,2000,0.39916666666666667,12,E
Zambia,ZMB,Africa,2010,2010,1.31625,12,E
Zambia,ZMB,Africa,2011,2010,0.9985833333333334,12,E
Zambia,ZMB,Africa,2012,2010,0.8558333333333333,12,E
Zambia,ZMB,Africa,2013,2010,0.8764166666666666,12,E
Zambia,ZMB,Africa,2014,2010,0.7477499999999999,12,E
Zambia,ZMB,Africa,2015,2010,1.5295833333333333,12,E
Zambia,ZMB,Africa,2016,2010,1.2060833333333332,12,E
Zambia,ZMB,Africa,2017,2010,0.40275,12,E
Zambia,ZMB,Africa,2018,2010,0.7105833333333335,12,E
Zambia,ZMB,Africa,2019,2010,1.3993333333333335,12,E
Zambia,ZMB,Africa,2020,2020,0.8404166666666667,12,E
Zambia,ZMB,Africa,2021,2020,1.4316666666666666,12,E
Zambia,ZMB,Africa,2022,2020,0.6486666666666666,12,E
Zambia,ZMB,Africa,2023,2020,1.3989166666666666,12,E
Zambia,ZMB,Africa,2024,2020,1.5904999999999998,12,E
Zambia,ZMB,Africa,2025,2020,,11,
Zimbabwe,ZWE,Africa,1961,1960,0.17908333333333334,12,E
Zimbabwe,ZWE,Africa,1962,1960,0.16591666666666668,12,E
Zimbabwe,ZWE,Africa,1963,1960,-0.41641666666666666,12,E
Zimbabwe,ZWE,Africa,1964,1960,-0.17816666666666667,12,E
Zimbabwe,ZWE,Africa,1965,1960,-0.27175,12,E
Zimbabwe,ZWE,Africa,1966,1960,0.15408333333333332,12,E
Zimbabwe,ZWE,Africa,1967,1960,-0.12249999999999998,12,E
Zimbabwe,ZWE,Africa,1968,1960,0.11583333333333333,12,E
Zimbabwe,ZWE,Africa,1969,1960,0.11916666666666668,12,E
Zimbabwe,ZWE,Africa,1970,1970,0.5915833333333333,12,E
Zimbabwe,ZWE,Africa,1971,1970,-0.07783333333333335,12,E
Zimbabwe,ZWE,Africa,1972,1970,-0.1779166666666667,12,E
Zimbabwe,ZWE,Africa,1973,1970,0.33375,12,E
Zimbabwe,ZWE,Africa,1974,1970,-0.447,12,E
Zimbabwe,ZWE,Africa,1975,1970,-0.18766666666666668,12,E
Zimbabwe,ZWE,Africa,1976,1970,-0.3253333333333333,12,E
Zimbabwe,ZWE,Africa,1977,1970,0.39241666666666664,12,E
Zimbabwe,ZWE,Africa,1978,1970,-0.07691666666666667,12,E
Zimbabwe,ZWE,Africa,1979,1970,0.23883333333333334,12,E
Zimbabwe,ZWE,Africa,1980,1980,0.07733333333333332,12,E
Zimbabwe,ZWE,Africa,1981,1980,-0.3735,12,E
Zimbabwe,ZWE,Africa,1982,1980,0.2360833333333333,12,E
Zimbabwe,ZWE,Africa,1983,1980,1.0501666666666667,12,E
Zimbabwe,ZWE,Africa,1984,1980,0.4389166666666666,12,E
Zimbabwe,ZWE,Africa,1985,1980,0.020250000000000008,12,E
Zimbabwe,ZWE,Africa,1986,1980,0.028166666666666677,12,E
Zimbabwe,ZWE,Africa,1987,1980,1.0998333333333334,12,E
Zimbabwe,ZWE,Africa,1988,1980,0.30875,12,E
Zimbabwe,ZWE,Africa,1989,1980,0.28275,12,E
Zimbabwe,ZWE,Africa,1990,1990,0.59925,12,E
Zimbabwe,ZWE,Africa,1991,1990,0.20174999999999998,12,E
Zimbabwe,ZWE,Africa,1992,1990,1.1798333333333335,12,E
Zimbabwe,ZWE,Africa,1993,1990,0.4068333333333333,12,E
Zimbabwe,ZWE,Africa,1994,1990,0.15733333333333333,12,E
Zimbabwe,ZWE,Africa,1995,1990,0.7414999999999999,12,E
Zimbabwe,ZWE,Africa,1996,1990,-0.03958333333333335,12,E
Zimbabwe,ZWE,Africa,1997,1990,0.30125,12,E
Zimbabwe,ZWE,Africa,1998,1990,0.9129999999999999,12,E
Zimbabwe,ZWE,Africa,1999,1990,0.36716666666666664,12,E
Zimbabwe,ZWE,Africa,2000,2000,-0.19816666666666669,12,E
Zimbabwe,ZWE,Africa,2001,2000,0.2424166666666667,12,E
Zimbabwe,ZWE,Africa,2002,2000,0.7236666666666666,12,E
Zimbabwe,ZWE,Africa,2003,2000,0.6902499999999999,12,E
Zimbabwe,ZWE,Africa,2004,2000,0.11316666666666668,12,E
Zimbabwe,ZWE,Africa,2005,2000,1.2230833333333333,12,E
Zimbabwe,ZWE,Africa,2006,2000,0.14500000000000002,12,E
Zimbabwe,ZWE,Africa,2007,2000,0.1445,12,E
Zimbabwe,ZWE,Africa,2008,2000,0.3770833333333334,12,E
Zimbabwe,ZWE,Africa,2009,2000,-0.12075000000000002,12,E
Zimbabwe,ZWE,Africa,2010,2010,1.0826666666666667,12,E
Zimbabwe,ZWE,Africa,2011,2010,0.54275,12,E
Zimbabwe,ZWE,Africa,2012,2010,0.5996666666666667,12,E
Zimbabwe,ZWE,Africa,2013,2010,0.33699999999999997,12,E
Zimbabwe,ZWE,Africa,2014,2010,0.36725,12,E
Zimbabwe,ZWE,Africa,2015,2010,1.2177499999999999,12,E
Zimbabwe,ZWE,Africa,2016,2010,1.1976666666666667,12,E
Zimbabwe,ZWE,Africa,2017,2010,0.24958333333333335,12,E
Zimbabwe,ZWE,Africa,2018,2010,0.60875,12,E
Zimbabwe,ZWE,Africa,2019,2010,1.2091666666666667,12,E
Zimbabwe,ZWE,Africa,2020,2020,0.30874999999999997,12,E
Zimbabwe,ZWE,Africa,2021,2020,0.24025,12,E
Zimbabwe,ZWE,Africa,2022,2020,0.31483333333333335,12,E
Zimbabwe,ZWE,Africa,2023,2020,1.0325,12,E
Zimbabwe,ZWE,Africa,2024,2020,1.6176666666666666,12,E
Zimbabwe,ZWE,Africa,2025,2020,0.8016666666666666,12,E
